source,target
Maolah a komaen kako to lalopela'.,我喜歡吃水木耳。
O aahowiden no mita ko pasifana'ay a singsi.,教導我們的老師是值得我們感謝的。
Makesi' to ko nanom no riyar.,海水退潮了。
Sasa emel saan ko romiad a nini.,今天的天氣非常的涼爽。
Mapa'oning no tawo ko ngangan nira.,他的名譽被他人所沾污。
Pacena'en ho a taloma' miliso' to mama ato ina iso.,請暫時休息回家探視你的父母親。
Aka tomireng i fati'ian ako.,不要站在我身傍。
"Ma'icang to kora nipawalian a fodoy, nga'ay to a lidongen.",曬的衣服乾了，可以收進來了。
Ci'araparay ko nitodohan ni mama to 'asisiw.,爸爸燒的稻草散發星火。
O mademakay no mako kira sioy.,那個鍋子是被我動過的。
A siroma saw?,有差別嗎？
O naniropayan i nacila kira pi'onipan no mita a nini.,我們今天栽種秧苗的地方是昨天弄平坦的。
Mapakonling ko kapah to tayal no ilisin.,青年接受豐年祭事務的訓練。
Hafelot han ni Karo ko kafang ako a mapolin toya pita'elifnira tatihi ako.,Karo經過我旁邊時，撞到我的書包而跌倒。
Mitala kako ci Akian aci Panayan.,我在等阿基和巴奈。
O kohetingay ko sioy nifaki ako.,我叔叔的鍋子是黑色的。
O hafay ko tadamaanay a kakaenen no Pangcah i tiya ho.,在很久以前
Cowat sato ko tayal no mako a talaTaypak.,我的工作擴展到台北。
O calowayan ko safangcalay kadakawan i Taypak.,捷運是台北最好的交通工具。
Nima a tikami kora?,那是誰的信？
Matayal ci mama a mihongko to panay.,爸爸忙著風穀稻米。
Masacacakelaw ko cengel no cokor ni faki.,舅舅柺杖的顏色像雨傘節蛇。
Mayamayam ko niilohan a lotok.,火燒山的火烈火熊熊。
Falo ko widi ko kalisawotan ita.,我們集合的時間是八點鐘。
I papotal ko pisaaningan no niyaro'.,部落的舞台在外面。
O ciparokay kamo a talalotok haw?,你們有帶棉被去山上嗎？
Tarang han kira lietecay a kamay no miso.,烘暖你那隻冰冷的手。
patiyamay.,工作人員將竹子燒得堅硬後在店裡販賣。
O macekelay a maemin ko panay no mita.,我們的水稻全部都低垂著。
O maan ko cengel no cahid i kakarayan?,天上的雲是什麼顏色？
O mapatikamiay no i faleday ko niyaro' niyam.,我們部落有被上級寫信。
Maenecay no paliding ko sakatowis nira.,他腿瘸的原因是被車子碾壓。
Mararid a tayra kami i picodadan a mimali.,我們經常到學校打球。
Tadamakelec ko karariting nonini a saso'ot.,這些繩子拴得可真緊。
"Mipalimo'ot ci ina i tamiyanan to dafadafak, ""kalalok a micodad"" saan.",媽媽每天早上叮嚀我們：「要勤學」。
Cima ko mipacoenekay to hawan i tatakel.,誰在籘床上插入大刀。
"Matini ko to'as ako, halhal sato kako to pahafay no wawa.",我年邁體衰了，只望小孩的反哺。
O tanatana'an ko lotok ni akong.,阿公的山上都是刺蔥林。
Cifo'isay ko kakarayan.,天空有星星。
Saheto o Pangcah ko romadiway i dadaya.,昨天晚上全都是阿美族在唱歌。
O mi'adiyamay ko tayal no mato'asay niyam.,我們長輩的工作是採生薑的。
Tadakareteng kora wawa.,那小孩真重。
O sinofo ako i tamowanan kiraan a cepi no siri saan cifaki ako.,舅舅說那個山羊的腿是我攜帶給你們的心意。
I lotok ko 'adihayay a 'adidem.,桑樹山上比較多。
Masaefoefong ko lalan no omaomahan.,田間到處都是窪地。
O likes ko micepcepay to li'el no miso haw?.,是蚊子吸了你的脖子嗎？
O rakes kona kilang.,這是棵樟樹。
"Mato'as ko wawa, mato'as kita.",小孩長大，我們也老了。
O denga no kedang i dipot.,新生兒感染到淋球菌結膜炎。
Cima ko mi'afalangay no mita tina kasoy.,我們誰來扛這些木柴。
Aka pitapa' to tamdaw.,不要砍人！
"Maharateng ako kora demak, mararom ko faloco' ako.",我想起那件事心裏就難過。
"Kitkit han iso kora caay ho ka 'akik a doka, caay ka nga'ay kahatira.",你剝那未結痂傷口，那樣不好。
O masinangay kiraan a hawan ni faki ako.,我叔叔的工作配刀很有利。
O marenecay kako to olah no miso i takowanan.,我很滿足你對我的愛。
O faca' ko sa'ayaw a nananamen no wawa to fafahiyan.,女孩最先學習的工作是洗衣服。
Malaina kako ano roma a miheca.,明年我要當媽媽了。
Marocekay a mapafeli kiso to sapicodad haw?,你有分別拿到學費嗎？
Mafilfil kina kaying.,這個小姐很多話。
O onol ako koni.,這是我的責任。
Micedeng ciira i Taypak mikilim to tatayalan.,他在台北找工作久未回家。
Misaromi'ad ciira a mitiri' to codad.,他成天在閱讀書籍。
Monanaway kira wawa i mintang i matini.,那個孩子現在臉盆洗手。
O lafii ko picodad no mako to romi'ami'ad.,每天我都是用夜晚來讀書。
Miseked ciira a ciloma'.,他分家另起爐灶。
Sikadang a maemin ko fafahiyan nonini a loma'.,這戶人家的女孩每個都帶著手鐲。
I fangafangasan ko ekong a moko to daydayadaya.,夜晚貓頭鷹喜歡停留苦楝樹林裡。
Sa'amelasen nira tayring a miraod to ma'amelasay a kapah.,那個警察假裝風流來接近風流的青年。
O dafak ko katahiraan niyam.,我們抵達那兒的時間是早上。
O masengsengay a sifilo kiraan to tireng no miso.,那件西裝很合你的身體。
Miki'adidem ko wawawawa.,孩子們找桑椹。
Paon^on ko mama no kapah imatini.,現在青年的領導者在宣導政令。
Fahfah han no Pangcah ko pifahoy to palafoay a kawas.,阿美族稱驅逐邪魔的祭祀為fahfah。
O caleng ko dawdaw no mato'asay i tiya ho.,古代老人家以松樹當火燈用。
Aka piliyas han ni Tipos ci Kacaw a mitangic.,狄布絲祈求卡造不要離開。
Pacikafen niyam a misanga' to mangah a foting.,假的魚我們貼上魚鱗。
Malingad to kako a talapicodadan.,我出門上學了哦。
Masaecaw ko hakhak.,糯米已釀成酒了。
Matemer ko kamay no mako yo milikat to dingki.,我的手開燈時被電到。
Fangsis ko macelakay a hana no datay.,七里香的花開了真香。
O nini koya sa'idoc nira toya tomay.,他用來標射熊的就是這把長矛。
Maherek to kako a milekakawa to lalosidan.,行李我已整理好了。
"Masiwar ko kasarayaray namo, pamo^celen!",你們所排的隊伍偏斜了，請排整齊。
I satiraw haca kiso to mamang.,你再往那邊一點。
Pito ko romiad to cacay a lipay.,一個禮拜有七天。
O nipacimilan no tomok caira.,他們被頭目取了綽號。
Ma'adangen kako to ngiha' no dadacdac.,我覺得蟬叫聲很吵。
Sakahengang saan ko pising no miso ano mangodo.,你害羞時臉好紅。
O 'atikak ko sapariri' niyam to foting.,我們用蚯蚓作魚餌。
Pakaen kako to kolong.,我在餵牛。
Pacawhien ko fanaw no namo o malonanengnengan no lafang.,你們的池塘要養鱸魚好讓客人觀賞。
Mo^tepen ko fa'inayan.,男生要十位。
O rara' ko sakalafi no mita.,我們的晚餐是豆子湯。
Mi'id'id ci akong to titi no kolong i potal.,阿公在前院烤牛肉。
Lihway ko nisanga'an no mako a fodoy.,我製作的衣服很寬鬆。
Mapatireng ko salil no miciriciriay i lotok.,抓白耳畫眉鳥的網子豎立在山上。
Miconacon kora mato'asay to nanom i fanaw a mifoting.,那位老人家在池塘裡攪動水來抓魚。
Manga'ay kako a tayra haw?,我可以去嗎？
Matocirot ko cicax i Pingtong.,屏東的伯勞鳥像赤背伯勞鳥。
Calcal han ni mama ko kilang.,爸爸劈木頭。
Misa'atekakay kako to para' ako a tomireng.,我站著是要讓我的屁股硬硬的。
O sakapades no 'orip pakoyoc.,貧窮的生活使我們痛苦。
O macoliay kina tamdaw to fiyaw nira.,這個人對他的鄰居很會回嘴的。
Tatiih a mamang ko ngiro i lotok to dadaya.,在山上晚上的火烤不能很小。
O karataliay kina sapaloma.,這枝苗會長滿芋頭。
Maolah ci Kolas a komaen to foting.,古拉斯很喜歡吃魚。
Cikanoos to cikaf no foting ko fafahi.,女人穿戴魚鱗指甲。
O tanakerit ako kora mokin.,那是我所切過的年糕。
Misamadah caira a mangangihod a sowal.,她們輕輕地交頭接耳。
O kodiwis ko hacikayay to rarokoh.,兔子跑得比烏龜快。
Maladafdaf ko lotok niyam to nika ri'ri'.,我們崩落的山成為平地。
"Hapericen no maomahay ko panay, ta paroen naira i pawti.",農夫撥下稻穀後並裝進麻袋裏。
O milakisay to fana' no to'asay ko tomok no niyaro'.,部落的頭目是留傳先輩智慧的人。
Kerit han nira wawa kira pawli.,那位孩子將那香蕉割下了。
Ano hacowa marepon a patiko konini a tadah?,何時還完這個債？
Hahakeno san ko sito ano licayen no singsi.,老師問學生，學生卻一直說不知道。
Mitadimtimay ci ina i omah.,媽媽在田裏採兔兒菜。
Tosaen ko foting!,要兩隻魚！
Aday^ay ko faloco' no wawa ako a paka'araw to ki'a'amay.,我的小孩看到乞丐都會起惻隠之心。
O ciwciw no tolok konini.,這是環頸雞的小雞。
Pilatek saan ko tamdaw a mikilim to katayalan.,人各憑其志找工作做。
O mapaloay no kapot nira i honi.,剛剛被他的同學打。
Kesem saan kako to sowal nira.,我對他的話很失望難過。
Palatomok to mama ako ko finawlan no niyaro.,居民設立我的爸爸
Ifenek ciira a matayal.,他工作很勤奮。
O sasakiloen ko kolang.,芥菜是用來做鹹菜的。
Pakalaenoay ko loma no mako.,我的家是最底下的。
O rengos a maemin ko molengaway i padatengan ni ina.,媽媽的菜園裡生長的都是草。
Awaay ko pisaparokan i niyaro' no Pangcah.,阿美族的部落没有棉被店。
Kala'alofoen nira ko pawti a mikoyod.,他將麻袋當成背包揹起來。
O mala'odotay caira a malekaka i loma na ira i nacila.,他們姐妹倆昨天在她們家裡吵架。
Milidafak ci ina a mifaca'.,媽媽趁早起床洗衣服。
Maolah kiso miyakiw?,你喜歡打棒球嗎？
Awaay to ko mama no miso.,你的爸爸已去世了。
Misieday i 'a'enocan no mako ko ceka no foting.,魚刺卡在我的喉嚨。
lalongocen no mako to maanan.,我没有任何需求。
O marasrasay i sinasera ko kodasing.,花生在地上撒落一地。
O sakarihawan to kako i matini.,現在我將要聲音嘶啞了。
Kamoko' ko kimad no singsi anini.,老師今天的演說很短。
Pitengil ko citangilaay a tamdaw!,有耳朵的人傾聽！
"Ira ko cena' no tayal a pahanhan, saka minokay kako.",因為工作有短暫的休息所以我才回來。
Aka patelas saan a mifalah to kakicoh.,不要亂丟果蒂。
'Opo han no mita ko iraay a sito.,我們把學生集合起來。
Mafana' a mikingkiw ko ising to adada no tekelo.,醫生很會研究醫治人
Coleken a talalotok mikasoy!,立刻去山上砍木柴！
Opir han no mato'asay ko 'asisiw a misanawa.,老人家用稻草編製成草繩。
Masanawsaw kako to wawa ako.,我擔心我的小孩。
Pacocoen ko wawa iso to hacol no kolong!,你要餵你小孩喝牛奶。
Pamiyaten ko kakeroan no mita ano dadaya.,晚上我們跳舞的地方裝置閃亮一點。
Papicekoren ko lafang ita to kakahad no riyad.,讓我們的客人眺望寬廣的海。
O citanengay ko malatomokay no niyaro.,部落的頭目都是很聰明的。
Caay katama ako.,我没有找到。
Maroray ci ina miliyon to felac.,媽媽碾米很辛苦。
Pakiseraayen ko pisacacak to sinafel!,煮菜加點生薑！
Pakaheciden ko kafi no foting.,魚湯鹹一點。
Midipdip ci Mayaw to picodad no wawa nira i picodadan.,Mayaw去窺視他孩子在學校的讀書情況。
O nangatoan no mako a midisdis to tefos i tini.,這裡是我未完成要接續削甘蔗的。
O fangas a kilang ko nipalomaan no mama^ no mako.,我父親種的是苦楝樹。
Pasaadawang no picodadan ciira a romakat.,他朝學校的大門走。
Mafana' ci faki ako a misanga' to fakar.,我叔叔很會做竹簍。
Cicarofacof ko niyaro' no fanaw to dafadafak.,池上每天早晨都有霧氣籠罩。
Mafowakay ko nanom imatini.,水正在開。
Mikalilingay kami to ra'ra' a malafi.,我們正在用湯匙舀豆湯吃晚餐。
Mata'elif to ko kacicedeman no wirok.,柚子的甜度過頭了。
Mecmec han no ising ko coco ako a mihapinang.,醫生用手掌捏住我的乳房檢查。
Adihay ko kaloserangawan i Taywan.,台灣各個文化很多元。
"Matalaw ka'alawan tira piyang, saka ta'emod hato nira a komaen.",因怕糖果被搶，所以他就吞下吃了。
Cifangas ko talo'an ni akong iso.,你阿公的草屋有苦楝樹。
Pa'alanengen a misafa^eloh i terong no fonon ita.,請在我們的水田中央做新的田埂。
Cima no mita ko mi'edefay to paenan no soko i sarikoran no loma'.,我們當中有誰去家的後院倉庫關門。
Tada o mirafasay kina wawa a cay pimelang a mikodasing.,這個孩子真的拔花生不認真工作故意留下剩餘的。
Makapah ko fodoy no hongti.,皇帝的衣服很漂亮。
Maserser to ko sera no pipaloma'an.,要蓋房子的地基已做好下沉的工程了。
Adihay ko nitadimtiman ni ina.,媽媽採的兔兒菜很多。
Matatodong kiso cifodoy toraan.,你很適合穿那件衣服。
O solippa ko matafokoday ni kaka.,哥哥撒網網到的是拖鞋。
O ca'ca' no mita kinian.,這是我們的竹蓆。
Papiceli'en a mi'owaw ko kakeridan no kapah!,請青年領導階層帶領青年呼喊！
Noya Pangcah ko sera.,土地是屬那個原住民的。
Nawiro mari'ang kiso to tamdaw.,你為什麼對人很壞？
Karakalaw kina mato'asay.,這老人家濃眉。
O kayang to no tireng ni akong ako.,我阿公的身體已經成駝背了。
Mi'olic ci ina to patay no fa'inay nira.,媽媽哭吟追思她的先生的死去。
Pakacitingen ko pinanam to codad no holam.,漢語要從字典來學習。
Ci ina no mako ko mi'acaway to nanom nani nemnem.,是我母親從那泉水舀水的。
Rasras sato i lalan ko falwac ni kaka.,在路上姐姐的米粒撒落一地。
Kasangasawen no mita ko roma a finacadan.,我們把別的族群當成家族。
Milatlat to pala cafaki ako ano cila.,我的叔叔們明天要去田裡丈量。
Tayra i lotok ko mato'asay a mi'oway.,老人家去山上採藤。
O saka'acis no pinalomaloma ko kedal no romi'ad.,乾旱的天氣是各樣作物枯萎的原因。
Na'on hato ko rakat no namo o mato'asay a mafelec.,長輩回去就小心了。
O ciciw ho ko nirofoan niyam.,我們關起來的還是小豬。
O fawofawoan kina loma'.,這個家很多蟲。
Forifor san koya malasangay to pikayki niyam.,那位酒鬼擾亂我們的會議。
Kafokilan ko teker i lotok.,在山上的陷阱器具無法辨認。
O maparatohay to mama no kapah kita.,我們己經被青年的領袖告知了。
Talacekaceka to ko rakat no malasangay a tamdaw.,酒醉的人走路走到
Micowat nani niyaro' a talapala ko pipakoyasi no mako.,我撒肥料從部落擴展
Macowaco' ko nanom i fanaw no mita.,我們池塘裡的水被攪動。
O mipatokoay to paliding kako.,是我使牛車停下來。
"O katalawan no wawa i,o pikereng no romi'ad.",孩子最怕的是天際打雷。
Hadefeken no kapah ko niyaro no mari'angay a tamdaw.,青年將壞人的部落消滅掉。
Ocong ko nani'ol i lakelal.,河邊有很多蝌蚪。
Saroroken no Kawas kita o tamdaw itini i hekal.,上帝使我們人在世上分別有世代。
Padangen no mako kiso.,我來幫你。
O marimooday a fokeloh ko han no mako a micakay.,我要買那種整塊的石頭。
O nikar nira mato'asay a talaomah a mikaraheker to nakangtoan.,那個老人家黎明時刻就上田去接續他未完成的工作。
Colo' han no kapah ko sapisaloma' a kilang.,青年搬運建材。
Paangcohay to fali no niyaro' ko onsēng.,温泉使部落的空氣彌漫尿臭味。
Adihay ko 'adimaceng i lotok niyam.,我們山上有很多無患子。
Satarawadawen no mita a micoka.,我們要畫的像河川一樣。
Mikilidong kako i laeno no kilang.,我在樹下乘涼。
O fadic aca ko ma'araway iso saw?,你只看表面嗎？
Makawaliay a lalan ko rakaten.,從東邊的路行走。
Matomes no cacopi ko tafalahan to dateng.,廚餘桶滿是蛆蟲。
"Adihay to ko lifot no mako, aka to ka kilimen kao.",我的麻煩夠多了，請不要再找我了。
Ramet han ko kamay no mako a macokacok i lotok.,我們爬山時將我的手緊握著。
Malasofitay kako ano roma a miheca.,明年我要當軍人。
Eminen a koma'en koya hemay.,請將那飯全部吃光光。
"Mifaca' kiso to fodoy, misakaranam kako.",你洗衣服，我做早餐。
"Aka pisakaliki a komaen, ma'iyaka!",吃東西不可過快，小心會噎住。
O cokacok ita a mi'adop.,我們打獵都向上爬山了。
Pacacoroken ko sito iso a mi'asip.,叫你的學生輪流唸課文。
Manikaw to kakaenen koya parod.,那個家庭很缺乏食物。
Tata'ang ko 'adiping no tangalawan.,公雞的雞冠很大。
Ocong ko rao' niyam i lotok.,我們的山上有很多無患子樹。
Maro' kako i la'ed namo.,我坐在你們之間。
O talotalodan ko omah naira.,他們的田地長滿芒草。
Masamaan ko 'orip no Pangcah  toya makowan no Ripon?,日本統治時期阿美族的生活是如何呢？
Hedot han no kikay ko tatiihay a fali a pasadak.,機器吸出不好的空氣。
O misinafelay kami a macokacok ilotok.,我們去上山是採菜的。
O mikiskisay kako to para' no dangah ita.,我在刮我們炒菜鍋的鍋底。
O tadakacalowayan ko kingko a micaliw to pida.,在銀行借貸非常方便。
Tatayra kami i Taypak anocila.,我們明天要去台北。
Cayaten ko halafak a mafoti'!,你們要共用一條毛毯睡覺！
Dimata'en ako koni a capox.,我肩挑著秧苗。
O nitaliyokan no mako ko niyaro' naira.,我已繞行了他們的部落。
O paci^ciay ko lowad no mita a talalotok anini.,我們今天勉強上山。
"Sepat ho ko mihecaan nina wawa, macedem a caciyaw.",這小孩才四歲講話伶牙俐齒。
"O maolahay a maemin ko tamdaw to nini a ""emed"" hananay a codad.",「便宜」這個字所有的人都很喜歡。
Terik saan nani tini a tangasa i papotal ko payso ako.,我的錢從這裡彈落到外面。
"Kakoy han kora fakeloh i, saheto o kakonah i laeno.",一抬起那石頭，底下全
Misaloma' ko fakifakian i tatihi no loma' sakafiyaw niyam.,叔叔伯伯們家隔壁鄰居蓋房子。
Maolah kako to kohecalay a cengel.,我喜歡白顏色。
Malenoay ko riyar to kafaliyosan.,颱風時海水會暴漲。
Mi'atolay kami to fokeloh i copo ano dafak.,明天早上我們的工作是在河床堆疊石頭。
Hacikay ci Mayaw yo masakapah ho.,Mayaw年輕的時候跑得很快。
Makahi kiso to ninian a demak?,這件事你同意嗎？
O papana'en no mita kira makimolmolay a tipelok.,那個圓圓紙張是我
O nipacamolan to 'afih a fonga ko sapakaen no mako to foting i fanaw.,我用摻合糠粉的番薯來養池塘的魚。
Tata'ang ko soni no kereng.,雷聲很大。
"Milmil han nira ko alofo nira i, ira to a makeda kora payso.",他仔細一摸口袋，錢原來在口袋。
Caay ka awa ko fita'ol ako to sakaranam.,我的早餐總是有蛋。
Matoposi ko nika kahemaw no tiring.,身體輕巧如貓。
Fohad sa ko 'ayam a maefer to ngiha' no kowang.,鳥被槍聲嚇得鳥獸散。
Tomayi' kako i kalahokan.,中午時我有大便。
Mi'alapit kako to sinafel i cifar.,我用筷子挾盤子的菜。
O tata'angay a tarawadaw ko Siokolan a tarawadaw.,秀姑巒溪是很大的河川。
Haliki ko rakat noni tamdaw.,這個人走路很快。
Caay katalaw ko micacescesay a talalotok.,那些抓眼鏡蛇的人不怕上山。
Tanocacopi sato ko tahatiloay a fafoy.,掉入陷阱的山豬已長滿蛆蟲。
I fanaw ko pilalopela'an niyam.,我們在水池撿取水木耳的。
Milimek koya posi i cani'iw no loma'.,那隻貓躲在屋裏死角。
Karatawa ko dipot ni Osay.,Osay的嬰孩很愛笑。
Telien i moco'.,放在牆邊。
Takaw hato no wawa ita a mitodong to fana' ita a miwikwik.,我們的孩子偷偷的學了我們的編織。
Langdaw ko kakarayan i Kalingko.,花蓮的天空很藍。
O telang a maemin ko codad no mako.,我的書全部都是舊的。
"Komaen to pawli, ano makataan.",便秘時，請吃香蕉。
Mifawah ci kaka to fawahan ato sasingaran.,姐姐將門和窗打開。
O marefongay no 'ayam kinana kilang.,這棵樹是被鳥挖洞的。
TalaKalingko kako ano dafak.,明天早上我要去花蓮。
Mikolay ko koko' to panay a komaen.,雞抓稻穀來吃。
Mipaosa ci ina to sakalahok no kaka.,媽媽去送哥哥的午餐。
Enemay ko widi a lomowad kako to dafak.,我早上六點鐘起床。
Papikiskisen kira safa no miso to engaan no sioy.,請讓你的弟弟刮飯鍋的邊緣。
Hatefo san ciira a maepod nani fadahong.,他從屋頂上跳下。
Karapapah kina 'awol.,這個竹子長滿葉子。
"Haperic han ni kaka ko panay i, saka masenat ko kamay nira.",姐姐撥摘穗上的穀粒，所以割傷了自已的手。
"Kelac han ako konga I, saheto o ma'engiday ko laloma'.",我削了地瓜，裏頭都是腐爛的。
Ngingoy han nira ko cofer.,他汗流浹背。
Teratera' san ko remes naingoso' nira.,血從他的鼻子一滴一滴的掉下來。
Mocirid ko pitilid no mako to seking.,我答錯了試題。
Masanoli'ay kami a mikapot to lomaoc no niyaro'.,我們參加部落的集會有一佰人整。
Palosiden ko wawa.,給孩子穿戴豐年祭服飾。
Mi'alotoc ca fayi.,阿姨她們去撿尖尾螺。
Pasengsengan ko pisanga' to lefok i pipasanga'an.,在訂做褲子的地方要訂做要合身。
O komod no niyaro' ciira.,他是部落的頭目。
Mafetas no pacek ko taya no otofay ako.,我摩托車的輪胎被鐵釘刺破。
Cikakohkohay ko loma' ako.,我家有眼鏡蛇。
Karakoto ko caayay pilikot.,不常洗頭的容易長頭蝨。
Papiramoten kako to 'emo i lanseng.,讓我抓取蒸龍的年榚。
Aka ka halafinen ko piesa toni dateng.,這個青菜不要燙太久。
Cifita'olay kina 'ayam.,這隻雞有蛋。
Sietan ko misakacawasay anini a miheca.,今年種西瓜的人有賺。
O mamangitid no waco kira koco no miso.,你的鞋子將要被狗叼。
Cifoladay a dadaya.,有月亮的晚上。
O mamalaama to ko tireng noya fafahiyan.,那位女士即將成為祖母（外婆，奶奶，阿媽）了。
O polol ni akong ako kiraan.,那是我阿公的雞籠。
Maca'it i sa'adifan ko polol to paciricirian ni faki.,叔叔放白耳畫眉鳥的籠子吊掛在前面的走廊。
Tahepoen to pawti ko pirohem to pawli.,用麻袋蓋起來悶熟香蕉。
Macokayay ako ko fokeloh i lalan.,在路上石頭被我踢了。
Malalitomoh kora tatosaay i kayakay.,那兩人在橋上巧遇。
"Fo'enot han ako ko 'opih noni 'ayam i, podac san ko fanoh nira.",我拔這隻雞的毛時連皮也被剝下。
Padeteng aka kasaan kiso a mihifang a matayal.,你工作不要故意休假。
Patongalen to koli koni nanom!,請將這杯水增加一些冰塊！
O mamicafer kako a micakay to paya no silamalay i Fata'an.,我將要在光復順路買火車票。
Paekelen to fakeloh kora nironican a kolang.,用石頭壓那個揉搓好的芥菜。
Alacecacecay kami to nipecihan a epang.,我們一人一塊切開的麵包。
O ci'atangay kira 'afo i talo'an.,工寮裡的灰還有灰燼。
Lomowi' koya mamapacok a fafoy.,那個即將要被宰殺的豬在哭泣。
"Pacarekahen ko karomakatan no mato'asay, ta caay katilo'.",老人家的走道要粗糙一點才不會跌倒。
Koti'en han nima kiso?,誰叫你駡話該呢？
O ecaw a cecay ko epah niyam itiya ho.,我們以前只有甜酒一種酒而已。
Malifawa^ ko fihid niira.,他的甲狀腺腫起來。
O cepi' no koko' ko kaolahan ako a komaen yo kaemang ho.,我小時候喜歡吃雞腿。
Maolah ciira a palada' to pakoyocay.,他喜歡施捨貧窮人。
Matongal to ko fana' no mako.,我增加一些知識了。
Tafa'ang ko laying I kafaliyosan.,颱風時海浪都很大。
Pakacifar ko lafang tayra i Fotod.,遊客搭船去蘭嶼。
I rikor no sinaepahan ocong to ko lawla no mato'asay.,有酒意之後老人家就有多玩笑話。
Ciecaw ci ina no mako i demi'.,我媽媽廚房有糯米酒。
Tala wanan kako a tomireng.,我去右邊站立。
nafoy saho konini a wawa.,這小孩剛剛學會爬行。
O ma'efoay kako to paonol no ina a midipot to safa i Taypak.,我無法勝任媽媽交待我在台北照顧妹妹。
Cietan ko misanga'ay to lonan i Taywan.,在台灣製造船業的很賺錢。
Mapatay to ko waco niyam.,我們的狗死了。
Cikcik han ni ina ko 'adiyam a pacamol to titi.,媽媽切薑絲混進肉裏炒。
Talapicodadan a mililam to codad ko kaka.,哥哥去學校拿書。
O kaka'irayan a nengnengen ko 'onip i fonofononan.,田裡的稻株看起來很可愛。
O ma'opiray ni ina nira ko fokes nora fafahiyan a wawa.,那個女生的頭髮被他的媽媽編成辮子。
Aenem ko paliw.,有六個工作夥伴。
O maan ko sapisakani' nira?,她用什麼製酒？
Sacapa'en a misanga' ko pitelian to ta'alayan a 'awol.,要製成叉枝
O lemed nira konini.,這是他的福氣。
Tata'ang ko pinsyang namo.,你們家的冰箱好大。
"Mifetik ci faki to epah to to'as, ta misatapang a mipakongko i tamiyanan.",舅舅向祖先滴酒敬禮後，才開始講古給我們聽。
Malifawa ko faeng ni Osay.,Osay的兩頰腫脹。
Cecay ho ko tofor ni faki ako i pakolongan.,叔叔的牛舍裡只有一隻小牛。
Makapaso kami a tayra i picodadan to romi'ami'ad.,我們每天搭乘公車去學校。
Micidapay ko lamal a pakailoh to loma'.,火燒家的火是會傳連的。
Damsay ko faloco' noni fafahiyan.,這女孩很溫柔。
Mapela'ay ko ni'acaan ni ina a sinar.,媽媽買的是剖開的西瓜。
Ma'ilol kako to wawa no mako.,我很想念我的小孩。
Misato'eman to laloma' ko pikacedoan.,電影院把屋內弄暗（意即看電影時要把室內弄暗）。
Samangataay ko loma' nira nanipicodadan.,他的家最靠近學校。
Mipitosor ciira a mici'ep to nanom i nemnem.,他在井泉跪起來用嘴巴吸水。
O paposian ni kaka kinian a hako.,這個箱子是哥哥的貓籠。
Panafoyen ni ina ko safa i sera.,媽媽讓妹妹在地上爬行。
O kikay to ko misopericay to panay anini.,現在是用機器來脫縠了。
Karomadiw ko sakatosa a komi!,請第二組唱歌！
I pa'enanay a maca'it ko sacokcok.,鑰匙掛在門上。
"Ciremesay kora foting, caay ho kaecak.",那條魚有血，還没熟。
Miliyas cira to niyaro'.,他離開部落。
Mitangtang ci ina to titi.,媽媽在煮肉。
O ma'olaway ko cironironay a niyaro'.,古老的部落有刺桐。
I cowa kiso mikasoy anini?,你今天在那裡撿木柴？
Macokacokay ko lalan a tayra i niyaro' niyam.,到我們的部落是要向上爬山的。
Cikakonah ko hemay i kaysing.,碗裡的飯有螞蟻。
O maan ko mawa'ilay no miso?,你設陷所獵之物是什麼呢？
Loho han ko tireng a mimomok to dihif.,將身體蹲下鑽進洞穴裡。
Mapa'akiw ciira to adihayay a tayal.,他被委任許多工作而無任
Talaimeng ci Panay a miala to masidayay nira a mifonsiw.,Panay去派出所領取她所遺失的身分證。
Mifaca' ci ina to fodoy i lawac no 'alo.,媽媽在河邊洗衣服。
Lomengaw ko fohid mala'onanip.,乾檳榔果發芽就變成檳榔苗。
Misasinal ca Aki i lakelal.,Aki他們在河床種西瓜。
Cay kaolah ko tamdaw to okos no nimanima.,無論誰大家都不喜歡吹牛的。
Ririd han no safa ako kira paliding no wawa.,我的妹妹拖著小娃娃車走。
Misa'alaneng ca Toray to fonon.,Toray他們設置田埂。
O 'acocol ko nisalamaan niyam yo mamangan ho.,我們小時候玩的是陀螺。
Sapakoyocen ko faloco' no mita a ma'orip.,我們的心要學像貧窮的生活。（意指我們的心要謙卑。）
Cicangaw a maemin ko kapah ato limecedan i kailisinan a masakero.,青年男女豐年祭時都戴著項鍊跳舞。
Cedet han no tayring to faedetay a marad koya kokong a mipasasangi.,警察用燙的鐵來烤問那個強盜。
Maladahetalay ko 'alo'aloan i Kalinko.,花蓮的河川變成平原。
Fangcal a 'arawen ko teker ni Idek.,彩虹看起來很美麗。
Awaay ko widang no maci'emay a tamdaw.,輕視別人的人沒有朋友。
Mi'ocil ko faloco' no finawlan to patay no tomok.,頭目的死讓大眾感到不捨。
Miora^or kita a romakat.,我們要走快一點。
Liwa'ayen nora tamdaw a mipacpac ko wawa nira.,那個人從他小孩的腳一直鞭打。
Cacay moli' ko pida no mako.,我共有一百塊。
Talolong ko limit no kilang.,樹的根都很深。
Pasahetoen kako a mipatakid to nanom.,要連續給我倒水喝。
Iric san ko hecek nina 'adipel.,這籬笆的柱子扭歪了。
Mikilidong a mipahanhan kora maomahay i kalahokan.,中午時那些農忙者尋找蔭影納涼休息。
Palikaemangay han ko pipasifana'.,就選擇小的來教。
Mangodo ciira to towis no wa'ay nira.,他對他的瘸腿感到很自卑。
Palakatol no kolong kako toninian a katol no efa.,我將牛的生皮誤以為是馬皮。
Hatiped han naira ko tamorak ato roni a pataloma'.,他們把絲瓜和南瓜一起帶回家。
O tahefod no panay ko sakacicaheni no tireng ako.,稻穀的粉末致使我的身體發癢。
Toloay a facal ko nikangkangan nira.,他犁了三畦地。
Ritrit hato kira takaraw a eli' o sapisaloma'.,就把那長高了的茅草用鎌刀割了當蓋房子的材料。
Awaay ko mida'ocay a kalomaamaan.,沒有任何事是永遠的。
Pakalowid kiso toya demak saw?,你能勝任那件事嗎？
Masanengsengay kami a maemin o wawa no Pangcah.,我們所有的阿美族孩子都很帥。
Matofo'is i kakarayan a malikat.,很像星星在天空發亮。
Misafaeloh ho kako a miharateng tora demak.,重新思考一下那件事。
Caay paka'emet ko mato'asay to cefo no tireng.,那個老人無法控制膀胱。
Fo'ot han ni kaka kako.,哥哥姐姐把我留住了。
O fadatek aca ko demak niyam anini.,我們今天只做防颱措施。
Ocong ko losid no mako a tayra I Taypak.,我去台北有很多行李。
Kaeso' ko nipalomaan ni mama^ a edox i palapalaan.,爸爸在田野種的草莓很好吃。
Maapiyan kako anini to nano lasang i dadaya.,我今天因昨晚的宿醉而精神不佳。
Mimi^mi ci ina to hemay.,媽媽去擠壓飯糰。
Macani'iway to a maemin ko mato'asay i niyaro'.,部落的老人家都是視力不好的。
Mifokeloh ciira to sapisaloma'.,他在撿蓋房子之基石。
'Osalen ni ina ko nipalomaan nira a fonga i pala.,媽媽使她種的地瓜葉茂盛。
Paodo'en no ina nira kira mikikongay a fafahiyan a wawa nira.,那位母親給她嫁出去的女兒戴上玉石。
Co^co san kora sakafiyaw to omah niyam.,鄰居侵佔我們的田地。
O mati'ti'ay no kakaholol kami a maemin i pisaselalan.,我們在階層裡都被階層領袖鎚打。
O sapitamorongan kira kapah to pawti.,那位年輕人想要用頭頂扛稻榖包。
Tiwasen to ko nipalomaan iso a fila'.,你種的檳榔葉該摘取了。
Sainanengay no mako a sito ci Kingciyang.,Kingciyang是我最認真的學生。
Halafin kako a matayal i Taypak.,我在台北工作很久。
Tolo ko 'acocol ni kaka ako.,我哥哥的陀螺有三個。
Caay pitengil to sowali matolo' hanima.,不聽話跌倒活該。
Dohdoh hato ko fangec no kolong a mica'it i piringoan.,牛皮吊掛在火爐旁烤。
Mikari'ang cira to kararamod no kaka ako.,她破壞哥哥的婚姻。
Miliway kako to tolo a romi'ad.,我要禁食三天。
Karacohel kako to kaciferangan.,我夏天很會流汗。
Pato'ayaay ko sikawasay to to'as  tira fafoy.,祭司是舉目獻上祭豬的人。
Misakalopoy ko Payrang i ka'ayaw no pafilongan.,過年前冬至時漢人會製做湯圓。
Pa'afeten kora kowang!,請將那把槍裝上火藥！
Misafinawlan ko mafolaway a tayniay a tamdamdaw.,移居到此地的人們組成部落。
Angcoh san ko safadot no dipodipot.,嬰孩的襁褓通常都有尿騷味。
Adihay ko sepel i pakolongan haw?,牛舍有很多牧草嗎？
Misanga' to pana' ci mama ako i loma'.,我的爸爸在家裡製作弓箭。
O tingnaw ko kangalayan ako.,我想要的東西是電腦。
Macedas saka malakalikiday ko nanom.,因水災所以水變得很湍急。
Makenaay a milihayho kiso?,你去禮拜如何呢？
O pa'afelan niyam kiraan a talo'an i lotok.,山上那間工寮是我們放置木炭的地方。
O foting ko sakaranam no mita.,我們的早餐是魚。
Maolah mitamek to konga ci akong.,阿公喜歡烤地瓜。
Ca'edes ko romi'ad anini.,今天的天氣很炎熱。
O macaraay no rarawraw ko foti' ako i kalahokan.,中午我被吵鬧聲打擾。
Karalapot kora kongkongan.,那個地瓜園的地瓜葉很茂盛。
Maca'engaw to ko mata noya totoy.,小狗的眼已經睜開了。
Mipakilac ci faki to titi to selal nira.,舅舅分配肉給他的同級階層。
Macocok no rinon no kaketi ko kamay ni Mayaw.,馬耀的手被蜂螫傷了。
Saaday^ay sa kako a minengneng tora adadaay a wawa.,我很同情那個生病的小孩。
Sanengseng kiso cikoco toninian.,你穿這雙鞋很帥氣。
Mafana' kora wawa a mirenaf.,那小孩很會畫畫。
O 'odang ko saka peleng no kararamod naira.,犯通姦使他們的婚姻破碎。
Ni'edefan no mako ko nanom i pala i nacila.,昨天在田裡是我把水關起來的。
O sakaamoot no laloma' kira lesa'.,那個漏水使屋內有霉味。
Malafaedetay ko faloco' no mahinomay.,被安慰的人心感到溫暖。
Sarimadacen no sayho ko potal niyam a misadit.,師父將我們的庭院廣場磨得很平滑。
Karafokes ko wawa niyam.,我們家的孩子很多頭髮。
Pa'onocen a malalilid to fafoy a midadoy.,你們要用扁擔平衡扛起豬隻來秤。
Ka^so' ko nisahemayan ni ina!,媽媽煮的飯真好吃！
Kaemih ko 'aca nina tosiya.,這部車子的價格真便宜。
O pa'adifay kako to tomato i pala ano honi.,待會兒我要在蕃茄園設置圍牆。
Misakoli ci mama i Taypak.,爸爸在台北做工。
Patayraen i sa'owac a misawad kira kolang.,將那隻牛帶到溪裡放牧。
Parayrayen kami to malodemak.,請指示我們正確的做法。
O pikacikian anini a palapatan.,現在是抓旗魚的季節。
O waniwanian ko tarawadaw no Polacil.,巴西的河流滿地都鱷魚。
Caa' han ko tangal a pasafaled.,仰頭朝上。
"Ko'icaway ko li'el ako, mi'mi'en ho!",我的脖子很僵硬，幫我按摩一下！
Ocong ko parok i paparokan ni ina ako.,我母親的棉被櫃裡有很多棉被。
Malikowat ko wawawa a mitengil to kitoh ni akong.,小孩子們圍成圏圏聆聽祖父講故事。
O pisekingan anocila.,明天是考試的日子。
Paciherangen ko matayalay no miso i niyaro'.,請鼓勵為你在部落工作的人。
Mafi'ik kina mato'asay.,這個老人生甲狀線腫。
Macedemay kina wawa.,這小孩很伶牙利齒。
O ma'it'itay to no mako i honi ko titi nira 'okak.,剛剛那個骨頭的肉已被我啃了。
"Mafeso ko tiyad nira, saka pawaxen ciira a mitokad.",他的肚皮腫脹到要開刀破肚。
Tahidang han a maemin malekaka a pataloma'.,叫我們所有兄弟姐妹回家。
Hananghang ko tireng no mako saan ci faki ako.,我的舅舅說他的身體很疼痛。
O laliyawen a mirenaf konini a patih.,這面牆需要重新粉刷。
O sakaceda'ah no mako ko fokil no sito to nipasifana'an no mako.,我感嘆的原因是學生不會我所教的內容。
O nisatafilingan no mato'asay niyam kira rafar.,那個山坡地是我們的長輩開墾的。
Lekakawa no Pangcah a misaniyaro'.,阿美族的部落規章。
O kohtingay a dangka koni.,這是黑芝麻。
O palakotaan koraan.,那個是駱駝棚。
Hahayda aka kasaan to tao.,不要亂答應別人。
Aka palakeliwen ko olac a mitapid to fodoy.,不要把釣線當成針線縫衣服。
Cekok saan kami to rohroh i dadaya.,晚上的雷聲讓我們驚嚇。
Pacoleden ko payso iso i dofot.,把你的錢放進口袋裡。
Colal saan a taloma' kina kaka iso kini.,你的哥哥久違後突然出現在家裡。
Mikodiwis ci mama i nakohikohan.,爸爸在曠野抓兔子。
Sakahirahira saan ko sapilalat no milalatay.,測量人員的測量工具有各式各樣。
Malecad to mali ko kakimolmol no tiyad ni ina.,媽媽的肚子圓得像球一樣。
Nawiro malaliyang kamo a  tatosa?,你們二人爭吵什麼？
Molofic ko heci no looh anini a miheca.,今年的香蕉樹結實纍纍。
Makaph ko heci no kiwli iso.,你種的黃瓜長的很好。
O cinamalay ko sangra'ay a tangasa i Kalingko.,火車最先到達花蓮。
Kalaliyaw aka han ko tayal I pasaetip.,在西部的工作不要常常變動。
Malalok kora mi'ot'otay to semot no omah.,那些除草的人很勤勞。
Ciceka ko saripa' no mako.,我的腳掌有棘。
O ma'oyasay kira tawki niyam i katayalan.,在公司我們的老板很偏心。
Pamangahen no miso to mamang ko sowal a mipakatawa to 'alomanay.,你要開大眾的玩笑要帶一點點欺騙。
O laliyawen a mirenaf konini a cafeng.,這面牆需要重新粉刷。
O sapicadiway ni mama to foting kiraan.,那個是爸爸抓魚的三角網。
Samadah han ni ina a mingiyangi ko wa'ay ako a mipalal takowanan.,媽媽輕輕地搖動我的腳叫醒我。
Saifangat sa kako to nanopicomikayan ako.,我跑步跑得滿身是汗。
Mapafalinonoay kina facal no 'onip ita.,這塊田地是混種高莖糯米稻種的種子。
anaya ho ko rarakaten ita.,我們還要走一段路。
O tata'angay a 'orad ko sakari'ri' no lotok.,大雨是山崩塌的原因。
Toloay a facal ko nikangkangan ni mama i nacila.,爸爸昨天犛了三塊地。
Makapah a pa'alemeten ko pahanaan no miso i potal.,廣場花園種植狀年紅會更加美觀。
Maolah kako a mikongkong to tatepoan.,我喜歡打鼓。
Pasela' ho kita.,讓我們休息一下。
Macelak to ko nipalomaan ni kaka a falo.,姐姐種的花兒開了。
Palecaden to mali ko pisakimolo to kalopoy.,湯圓要揉得像球一樣圓。
Cidoka' ko faloco' ako to pisamsam nira i takowanan.,他對我的污辱使我心裡很受傷。
'Arenger ko kakorot.,苦瓜很苦。
Halifihon ciira to pising.,她很愛化妝。
Caay ho kafana' to 'olid ko wawawawa.,小孩們還不懂的談戀愛。
Mi'ariwadang to faloco' no tamdamdaw ko pacefaay a sowal.,謠言促使人心惶惶。
Makemot ciira.,他很幽默。
Miparatoh kami to mama no kapah.,我們去告知青年的領袖。
Ramot pikidofot aka kasaan to payso i lalan.,在路上撿取錢時不要放進在口袋。
Paredoen ko wakawak itiya ta fangcal ko pitapal no 'alomanay.,動作要很一致看起來才會好看。
O tata'angay ko waco no niyam.,我們的狗很大。
O mi'apesakay kiso to hemay caayay pimelang a micacak.,你煮飯不夠細心使飯水不足而缺乏黏性。
O mipacekokay kiso i takowanan a mikongkong to fawahan no mako i terong no dadaya.,你昨晚深夜敲門使我驚嚇了。
O wa'il no mi'adopay to fafoy konini.,這是獵人獵山豬的陷阱。
Sacafayen ako konini a waco a talalotok.,我把這隻狗當作夥伴上山。
"Matafesiw to ko kalahokan, awa ho tayni ko pawsaay.",中午過了，送飯的人卻還沒來。
Ocong ko rorong no 'asisiw i palapalaan i herek no pipanay.,田裡割稻之後有很多被捆綁的稻穗。
Mikayakay ciira to kawal a pasafaled.,他爬梯子到上面。
Mamoso'ay kira itisakiay a siraw iso faki.,阿公你放在袋子裡的醎肉
Dahecong han i nanom a mililoc.,就浸入水中洗澡。
O sapaco'ay kora titi no fafoy.,那個豬肉是要當回禮的。
Cikangdaway a tilid ko riko' no mako.,我的衣服染到綠色的。
Adihay ko fokes nina wawa.,這小孩的頭髮很多。
O tayal no fa'ina'inay o mi'orongay to kasoy.,我們男人們的工作是砍木材的。
O wawa nira ko tayniay anini.,今天來的是他的孩子。
Palacafeng aka ka saan to sasa'edef.,不要把門扇當成牆壁。
Lingwa han nima kiso takowanan!,誰叫你來關心我！
Matoposi ko nika kahemaw no tireng.,身體輕巧如貓。
Paysin aka ka saan a komaen to titi no kolong.,吃牛肉不是一個禁忌。
Mi'edaw to sakatalalotok a mi'adop ko mato'asay i 'ayaw.,早期老人家為著上山而去占卜。
O makolacay ko felec no mita o tamdaw.,我們人死亡後是一無所有的。
Mapolong kita a malahok.,我們一起吃午餐。
Faheka' ko kalotamdaw to fana' no nini a wawa.,人們對這小孩子的聰明很驚訝。
Papisolinga'en cira to tayal nira.,叫他徹底做好他的工作。
Matefad a materik ko alapit i sara.,筷子掉下彈落於地面。
ciira.,他手濕拔飯鍋電線，所以被電到了。
O laliw nira kolong a tahamatini awaiho a matepa.,那頭牛逃走之後到現在還沒有找到。
Malafafahi no ising ci Osay.,伍賽變成醫生的太太。
"Kaliekid ko nanom i lakelal, saka lakec han no mita mapolong.",河水很急，所以我們全部一起涉水。
Papinaay koya mipaketingan a kolong?,那拴住的牛有幾？
Demdem han ko adada no wadis.,忍耐牙齒的疼痛。
Kaninien a maro'.,請坐過來一點。
Matahidang kami a mikapot.,我們被邀請參加。
I pongkang ko pifidadokian niyam.,我們是在山淍裡抓蝙蝠。
Misaci'ci' caira i matini i pala no mako.,他們正在我的田裡開挖小水圳。
Inaneng ciira a malatomok.,他很適任頭目的工作。
Papikawcongen ko wawa no mita o Pangcah.,讓我們原住民的孩子讀高中。
Misafon ci ina a mifaca' to fodoy.,媽媽用肥皂搓洗衣服。
O nipalomaan to kolang kina facal a omah.,這塊田是種了芥菜。
Malifawa ko tosor no mako.,我的膝蓋腫起來。
"Aka parariden ko wawa a pakaen to piyang, mangohed.",不要經常讓小孩吃糖果，會長蛀牙。
O misafidacay ko tayal nira.,她的工作是採蚌的。
Micekem to saripa' no mako ko cimcim no eli'.,茅草的新芽刺痛我的腳掌。
"Mangangata ko loma' niyam, saka malacafay kami talapicodadan to romi'ami'ad.",我們家住得很近，因此我們每天一起上學。
Mifaca' ko fafahi i tarawadaw.,婦女們在河裡洗衣服。
Misayofayof ko sipalaay i Lakowa'.,田地在lakowa'地區者組成農耕作集團。
Kiso a cecay ko mipaca'ofay to sowal ako.,只有你一個人回應我。
Ni'alapitan to no kapokapot ko sinafel i sioy.,鍋子裡的菜已被同仁用筷子挾過了。
Cacacacay ko heci nora kiyafes.,那棵芭樂樹的果實很少。
O nida'cian no mama ako i nacila koni.,這是我的父親昨天採過的箭筍。
O pirayrayan niyam kinian a codad.,我們是根據這本書。
O papikenaway to matayalay i omah kako.,我囑咐工作人員在田裡採葱。
Cifanoh ko podac no kamaya.,毛柿子的皮有毛。
Cidodohay a kilang ko sapacicir to nanom.,用中空的木頭做水道。
Mipafocod ci Tomay to wawa no Payrang.,Tomay與漢族女孩私通而生下私生子。
I sarawacay kako a tomireng i matini.,我現在在竹房頂骨架站立的
O maan ko mapitaway nira?,他用鋤頭挖到什麼？
Papico'coen kami a maro' i loma' iso.,讓我們緊靠著在妳家坐。
Pakakahongen ko kafi no kalang.,螃蟹的湯加點飛魚。
Adihay ko mapawpaway a kasoy i riyar.,海上好多漂流的木材。
O sapi'id'id ni akong to kakahong konini 'eric.,這些鐵絲是阿公烘烤飛魚的工具。
O rinom ko sapicekiw ni ina i kapal no mako.,媽媽挑挖我手掌中的刺的工具是針。
Awai ko faecalay a 'orip no mi'ekakay a tamdaw.,那咒詛人的生活沒有一個是很好的。
Mahicera ko hikoki na Panay i Taypak.,Panay她們坐的飛機在台北降落。
O sakangito'an to ko wadis no mako.,我的牙齒將要斷了。
Mipaserser kako to faloco' ako.,我要穏定一下我的心情。
Kitingen ko kamay no faki a panokay!,請牽著舅舅的手帶他回家。
Ciker hato ko sa'edef no loma'.,請確實鎖住家裡的門。
Sakaepeday koni.,這個最柔軟。
Mananiwacay na Lahok i nacila.,他們昨天已採收綠豆。
Mitekep to kolafaw ci Mayaw i omaomahan.,馬耀在田裏捕田鼠。
Adihay ko nirakaran ni mama.,爸爸所下魚籠陷阱的收獲很多。
To'aya saan kira 'oner a sapitekakan i takowanan.,那隻蛇抬頭想要咬我。
O nisanga'an no mako a cofel koraan.,那是我做的刀鞘。
O sapipolinan kako to kilang.,我很想讓樹倒下。
Maco^co no 'ada ko niyaro' niyam.,我們的部落被敵人侵犯。
Awaay ko epoc no ma'anofay a tamdaw.,貪婪的人沒有好結果。
Mi'olic ci fayi to patay no fa'inay nira.,阿姨哭吟著去追思她死去的先生。
O ma'ariay no wawa ita ko cacay a dadingo no sasingaran.,窗戶的玻璃被我們的孩子打破了。
Langto to ko ringo no mita.,我們的火烤已成為灰燼。
Mi'onip kami anini.,我們今天插秧。
O karatodaay ko sa'owac no Kiwit.,奇美部落的溪流很多鰻魚。
Cecay a mihecaan kinacecay ko 'oner a mimodac to fanges.,蛇一年一次蛻皮。
Mikalic to kilang ko wawa a mikamaya.,小孩爬樹採柿子。
O masadodohay a 'awol ko sapisanga' to tiftif.,用中空的竹子製作口琴。
Miming ko mihecaan no safa.,妹妹的年紀很小。
Aka pila'om to pida.,不要浪費錢。
Simsimen i cowaay ko matatodongay i tisowanan.,去想那一個對你很適合。
O ma'ecoay kako nani faso a taloma' i pafilongan.,我過年要回家從公車被推擠下來。
O tadem to a cecay ko paherekan no tamdaw i hekal.,人在世上最後只有墳墓。
Efaw han ni Kacaw konini a tayal.,這個工作Kacaw承包了。
Lima felih ko aasipen no mita anini.,我們今天要讀五頁書。
"Lalo han ni ina ko felac, ta misahakhak.",媽媽浸泡糯米後才蒸煮。
"O maan ko ninengnengan no miso, iro pa'angcap han no miso ko hemay?",你到底在顧什麼，為何把飯都給燒焦了？
Tada o pakadohay kina demak i takowanan.,這個事情真的太吸引我。
I yofin ko papaysoan ni ina ako.,我媽媽在郵局存錢。
Papinohiren nira kaka kako i potal i dafak.,早上那個哥哥讓我們在地上塵埃處爬行。
Tadacai ko refong no 'edo i pala ako.,在我的田裡老鼠洞穴太糟糕了。
Ocong to ko malasawaday a lisin no Pangcah.,阿美族有很多祭祀消失了。
O miceroray kako to tayal ni Namoh.,我是接任Namoh工作的人。
Pakakohkohen no mari'angay a tamdaw ko lalan niyam.,壞人把眼鏡蛇放在我們的路上。
Mikayat ci kaka to waco a miondo.,姊姊/哥哥牽著狗運動。
O komoing no sifo ita cira.,他是我們縣府的公務員。
Ma'ikes ko faloco' noya wawa.,那小孩的心智很成熟。
Malalicay kita to demak no picodadan.,我們來聊一聊學校的事情。
Elo'en nira ko fafahi nira a misolol to 'odang nira.,他向他的老婆懇求原諒他的偷情。
Akex! adada ko tiyad ako.,哎唷！我的肚子好痛哦。
O rahod ko sapicacak to hakhak.,糯米飯是用蒸氣煮的。
Matalaw to renok no 'ada ko finawlan no mita i 'ayaw.,我們的部落早期最怕敵人侵犯。
Fiyacen ko kamay ato wa'ay namo a miwiawi'.,伸直你們的手和腳活動活動。
"Namapolin ko fatikar ako i, o petek no kamay ako.",當我的腳踏車倒時，我的手當場折斷。
"O nanokakahaday ko loma' niyam itiya ho, anini away to.",原來我們的家是寬廣的，現在沒了。
Cedet han nira to fadisaw kako.,他用開水燙我。
O kamay ko sapikolay no mako to kodading.,我徒手撥開花生堆撿花生。
O 'ariwadang no soni no hikoki ko saka na'ay no mako a paloma' i tini.,擾人的飛機聲使我不願意在這裡置家。
I cowa kamo a minanges?,你們是在那裡摘芒果的呢？
Nanoto'as ira ko matiniay a pinangan niyam.,我們從古代就有這樣的習慣。
Ci Kacaw kora midado'ay tora wawa.,安慰那小孩的人是Kacaw。
Ano miliso' kamo lipahak ko mato'asay.,你們若回來探訪老人家會很快槳。
Tanoolah saan a miriri' ca Saomah i omah.,Saomah他們盡情地在田裏捉蚱蜢。
Mahaenay kiso a caay pitengil.,你就是如此不聽話。
Tata'ang ko rodihang no mita i tenok no lotok.,我們在山中的回聲很大。
O mapatokitokay ko kapah no niyaro' a mapakaroray.,部落的青年被連累。
Mi'adadongacay ko tamdaw anini a mipacakay.,現在的人會抓甲蟲來賣。
Mamo^tep aca caira.,他們只有十位。
Papisokadien kira kolong to fonon a maomah.,讓水牛來踐踏水田來耕作。
Haydaen ci mama iso!,答應你爸爸吧！
I katimol nora lotok ko niyaro' niyam.,我們的部落在那座山的南方。
Paka'akok no han ko nikamaen to hemay!,為什麼吃飯要吃到哽住呢！
Damday ko faloco' noni wawa.,這個小孩的心很善良。
Kohenacen kora dadingoan a misisit!,那鏡子擦光亮一點！
Safaw enem ko Yincomin a  finacadan i Taywan.,台灣有16個原住民
Cepcep han nira wawa ko coco ni ina nira.,那個孩子吸吮他媽媽的奶水。
Mihacok a minaom ko mi'owayay i nemnem.,採縢的人在泉水處捧水喝水。
O paketeray i takowanan a tamdaw.,令我生氣的人。
O patosiyaan a loma kinian a takaraway a loma'.,這個高高的大樓是停車場。
Harengheng a tengilen ko radiw no fa'inayan.,聽起來男人的歌聲很低沉。
'Akok sato kako to pi'enocan to masa'alitaday a piyang.,那個塊狀的糖果讓我噎
Cici'im to ko panay i omah.,田裏的水稻長新芽。
Malalok ko kadafo no miso.,你的媳婦很勤勞。
Awaay ko angil no mako anini.,我今天很没精神。
O kacalemceman a demak ko mafokilay to calemcem.,不擔憂本身就是令人擔
Tadakaemihay ko 'aca no panay anini.,現在的米價實在太便宜了。
Naw^iro capo' han no miso ko pawli niyam?,你為什麼砍斷我們家的香蕉？
aray ko pidama^ no miso.,謝謝你的幫助。
Solinga' han niyam a milepon kira cacodaden.,我們確實修正那些要寫的。
Tadafaheka' ko i loma'ay niyam a pakatengil to patay no faki niyam.,我們家人非常驚訝聽到我們的伯父的死訊。
O nicocokan to rinom ko sakafetas no feso.,氣球被針刺破所以爆炸。
Palodisen no Kawas ko riray a mipa'orip to kalofoting.,上帝使海有波浪起伏使所有魚種能活著。
Ma'ongted ko tireng noya pakailohay a mato'say.,那位閙火災的老人家的身體被燒成焦屍。
Cima ko congtong no mita anini?,我們當今的總統是誰？
Masasidama kamo o malikakay.,你們兄弟姐妹要互相扶持
O kangkofu ciira.,她是護士。
Malafokes ako ko damay no riyar.,海帶當成我的頭髮。
O fafahian ko wawa ako.,我的孩子是女生。
I fafaeday no sapad ko codad.,書在桌子上面。
O tihi ako a talalotok a mikasoy kiso.,你是我的同伴去上山砍材。
Safaw to pito ko mihecaan no mako.,我已經十七歲了。
Maolah kako to langdaway a cengel.,我喜歡藍的顏色。
O falinono^ koni a panay.,這是高莖糯米稻種類。
Korahot han nora wawa ko laway no ina nira.,那個小孩抓傷她的媽媽的臉。
"Rekoh saan a mafoti' kira wawa, saka 'atipil sato ko tangal nira.",那個孩子睡覺一動也不動所以他的頭是扁平的。
O ni'ot'otan ko papatiyamen no mako.,我的商品是木雕作品。
O palafoay ciira to loma' nira to nikaodang nira.,由於他的愚昧使得家門不幸。
O kawkaw ko sapiritrit to panay i tiya ho.,從前割稻是用鐮刀割的。
Caay kakaeso' ko 'akaway no fila'.,荖葉的莖不好吃。
O nga'ayay a lihaf no niyaro' kiraan.,那是部落很好的消息。
Midisdis ko ina ako to tefos i palapalaan.,我的媽媽在田間削甘庶枝葉。
O cadiway ko sapifoting ita i sa'owac.,我們用三角手網在山谷裡抓魚。
Caay ka ca kalomowi' ko fafoy ano lepelen.,豬被抓一定會尖叫。
O sasafaay kako.,我是最小的。
Awaay ko heci no nanges anini a miheca.,今年的芒果樹没有結果子。
Macidal anini.,今天艷陽天（太陽高照）。
I tamiyanan ko kapah a masakero.,青年在我們家跳舞。
Minanam ko Pangcah a misarakes  i kariponan.,日據時代阿美族開始學習榨取樟腦油的技術。
Mokoay kami i tapangan no kilang a mitala i tisowanan.,我們停留在樹底下等你。
Pa'aroriren no mato'asay i 'ayaw ko pisafel to da'eci.,從前老人家放燕子煮箭筍。
Inget san ciira to ina nira.,他對他的媽媽生氣。
Lekahirahira saan ko fiting ni kaka.,姐姐的耳環樣式真多。
Cifasiyaway kina loma' to kahengangay.,這戶人家有紅色的風箏。
Midadiwal ca mama i 'alo.,爸爸他們在河中抓蟋蟀。
Masasipafeli kami to sapatelong.,我們互相交換禮物。
Hawikid han to ko fonos ni mama iso ano talaomah kiso.,你若要去田裡就順便把爸爸的番刀帶去。
O ma'aletay no masasetolay a paliding i lalan ko rakat niyam a talapicodadan.,路上車禍的車輛妨礙了我們去學校的行程。
Paaro'en ci Kacaw i kaikor no miso.,請Kacaw坐在你的後面。
Caay kaiyof nira a mifeso kora kikoya.,他吹不漲那個氣球。
Raheker ko faloco' no mako a ini kiso.,你在這我心裏很踏實。
O maliyangay kako a wawa.,我是個不聽話的小孩。
O ma'idiay a tamdaw cira.,他是個吝嗇的人。
Pasanga' ci mama to paliding nira.,爸爸把車送去修理。
Silsil han no niyam ko nafi no finawlan pakilac to titi to fafoy.,我們排列部落的小鍋子來分發豬肉。
I saetipan ko pilecepan no cidal.,太陽在西邊消沈。
Cekel saan kira wawa a mangodo.,那個孩子很害羞一直低頭。
Pohpoh han ko wawa ta mafoti' to dadaya.,撫摸孩子晚上才會睡覺。
I lidong no kilang ko pipasela'an no mita.,我們休息的地方就在樹下。
Adihay ko camahaw no sowal nira.,他的話贅言很多。
Malasak ko nanom no 'orad nanifadahong niyam toya kafaliyosan.,颱風那天雨水從我們家屋頂漏下來。
"Tangasa i loma' kira wawa, o tefad nira to codad a misalama i sakafiyaw.",那個孩子回家後就放掉書到鄰居家玩。
Masekak ko koko' i kanikaran.,凌晨起床時間公雞會啼叫。
O mamalepel no tayring ko misa'afetay.,警察會抓製造火藥的。
Aka kalaymay kiso!,妳不要多嘴！
Ocong ko ronong i tarawadaw no Siykolaki.,在秀姑巒溪有很多鯉魚。
Citofor to kira fafahian a kolong to nisawadan i lotok.,那個放牧在山上的母牛有小牛了。
O kahengangay ko cengel no fodoy nira.,她的衣服的顏色是紅的。
Ci Kasiraw ko cimil no ngangan ako.,我的綽號叫Kasiraw(好吃鹽肉的)。
O ceror no mako ciira.,她是我的接任者。
Ci ciira ko mifalicay to sowal no mipapeloay.,由他來負責翻演講者的話。
O sapiideng no kapah to kaying ko datok i tiya ho.,口琴是古代阿美族青年傳情給小姐的用具。
Ma'edef ko yofin.,郵局關了。
O maan koyaan?,那是什麼？
Pakatomayi'en kira wawa namo.,讓你們的孩子上廁所。
Makapah kora kaying a cifiting.,那女孩戴起耳環真漂亮。
Sicikil ko kamay nira.,他的手多出手指。
Iyoyen ho ciira!,呼叫他一下！
Mitangtang ci ina to sakalafi.,媽媽在做晚餐。
O nicaworan a hakhak ko sakalahok niyam anini.,我們今天吃的午餐是炒過的糯米飯。
Macofel a maemin ko hawan no makeroay haw?,所有表演的配刀都有入鞘嗎？
Anako' saan to adada no tireng ci Toyaw.,杜耀因身體疼痛而發出呻吟。
Makapah a pa'apocoken no Wama ko lotok no Taywan.,上帝使台灣的山巒有漂亮山的尖頂。
O misahowakay ci mama nira.,他爸爸是養鴨人家。
Kodic san kako to 'a'owangay!,我好久没吃海膽，真是想念！
Mifotfot ci ina to semot no padatengan.,媽媽拔菜園的雜草。
Mitakaw cira to payso no ina nira.,他偷他媽媽的錢。
Kaacekan ko wayway nira mi'odang to fafahiyan.,他對女性輕浮的態度令人討厭。
Milopas caira.,他們採挑子。
Karaolat ko siraw naira.,他們的醃肉多筋。
Mamang ko cikeng niyam.,我們的水缸很小。
Fangcalay a kitoh konian.,這是一部很好的小說。
I kakarayan ko tadakitakit no Kawas.,上帝真正的國度在天上。
Mangalay kako a pasowal tisowanan isaw!,我是想告訴你！
Mikalic kako to kilang a midadacdac.,我爬樹抓蟬。
O niresresan no mako kira sinafel i fakiciay.,那在桶子裡的是被我切絲的。
O cititiay ko tafo no mako a talapicodadan anini.,我今天去學校的便當有豬肉。
O kapot no mako ko mi'afangay i takowanan.,我的同學搭我的肩。
Mitapid ci Sawmah to foday no tireng.,Sawmah去縫補自己的衣服。
Pahanhan caira i fatad no lalan to tosa tatokian.,他們在路上休息兩小時。
Cai palipida kira tawki saka o felot niyam a taloma'.,那個老板不發薪水，所以我們不經同意就回家。
Layap hato ko nipaeferan no mako to sinafel.,我郵寄的菜到時就接收了。
Misalisin ko loma' niyam to tato'asan ano dafak.,明天早上我們家要祭祀祖先。
kira waco.,那隻狗被雞抓過，所以那隻狗再也不會靠近雞。
O pada'eciay ko 'orad anini.,今天的雨會使箭筍長出。
I kalahokan ko katahinian no singsi.,老師到達那兒的時間是中午。
Cidadayday ko lotok no pasawali.,東邊的山有蟬。
Mipalo ci mama to nanom a mifahoy to foting.,爸爸打水趕魚。
O pakahemaway to roray no faloco' ko widang ako.,我的朋友使我勞累的心放輕多了。
O cadada ko pi'id'idan no kapah ato limecedan to titi i palapalaan.,青年男女在野外用烤肉架烤肉。
Ma'adop ni akong ko mangcel.,外公獵到山羌。
Takaraw ko 'adiping nira ma'inayan a 'ayam.,那隻公雞的雞冠很高。
Tadakatelang a nengneng kiraan a fodoy.,那件衣服看起來真的很舊了。
Mikayki ko tapatapang i 'adawang.,部落領袖在集會所開會。
O nika'otoyan nira ko saka ci wawa nira to focod.,她因風騷所以生了一個私生子。
O mi'edaway a maemin ko to'as no mako.,我的祖先都是會卜卦的。
O fahedil ko cofel ni mama ako.,我的爸爸的刀鞘是檜木做的。
Pasa'opoen ko ci'iliday a loma a somowal to pipalasapodan.,請召聚有棄物的家庭一起說明集中場地。
O kining no mita kiraan a siyasing.,那個相片是我們的紀念。
So'edac han no mita ko 'saowac a macokacok i lotok.,我們從溪流逆向爬上山去。
Ocong ko 'adicaw i Kalinko.,花蓮有很多大理石。
Pafelien kako to mamangay a foting.,請給我小一點的魚。
O lapot ko sapakaen to fafoy.,用地瓜莖葉餵豬。
Mi'id'id ci mama to kowaw.,爸爸在燻烤飛魚。
Pakakasolingen kora otofay a talaTaypak.,請把摩托車以汽油列車托運到台北。
Mamapatapatay aca kita o tamdaw.,我們人類必有一死。
O sakamoraraw no tamdaw ko tano 'adifat sanay a lalan i lotok.,在山上有許多交叉的路使人會迷路。
"Ayi, ora i kamayay no miso a dateng, palada'en kako!",請把你手上的菜分一點給我。
Adihay ko datong i lakelakelalan.,河床地上有很多漂流木。
Ci'edoay ko wa'ay no mako.,我的小腿很有肉。
"Dado' sa ho ci ina to safa, tanolesa' sato a tomangic ci safa.",媽媽一安慰妹妹，妹妹即刻滿臉是淚地淘淘大哭。
Adihay ko faniw i pisakodasingan.,花生園中生長很多草菇。
Cidemen ni mama ko 'idoc nira.,爸爸磨尖他的茅槍。
O nanosaikoray kako a malingad a talapala.,原來我是最後一個出發到田裡的。
Makapahay ko niyaro' niyam.,我們的部落很漂亮。
Inaaw! Mikadafo to kako.,媽媽啊！我要出嫁了。
O maedoxay to no tao i tira.,那邊的草莓已被別人採過了。
O micengelay to kiradom ko tayal no mako i Taypak.,我在台北的工作是染布的。
O nirimoodan no mako to kilang a misanga' kira sapad.,那個桌子是用整塊的木頭做成的。
O lamlam niyam o fa'inayan ato fafahian a malacecay ko kero.,跳舞時我們男生和女生都一起。
Malokotay ni ina kinian a lotok.,這座山的山蘇已被媽媽採過了。
Micohong ko malainaay anini a romi'ad.,今天親戚一起造訪故人的住處。
Lada' han ko mamang a cinah i fiyaw!,去跟鄰居借一點鹽巴！
Cecayay a tadek ciira.,他是獨生子(女)。
O ma'atipilay ko tangal no wawa ako.,我孩子是扁頭的。
Tadakadirangan ko sowal pakokotay a tamdaw.,陷者的話是令人非常生氣的。
"Ano masalaw ko 'orad i, manga'ay kako a masadak?",如果雨停了，我可以出去嗎？
Misaloma' ko kakonah i fonafonakan.,螞蟻在沙子裏築屋。
"Siwaren kora sapad, ma'etengay ko lalan.",調整那張桌子的位置，因為擋到路了。
O roma a komi caira.,他們是別的小組。
Maranam kita.,我們吃早餐。
Pacedamen to acinomoto ko sinafel sakalafi no mita!,我們晚餐的菜餚請加點味料！
I herek to no lahok ko lingad niyam a talapala.,在午後我們才出發到田
Cipoyapoyay ci Aniw to fisac a wawa nira.,Aniw懷頭胎孩子。
NaniTafalong ko lowad nira anini.,他今天是從太巴塱起程的。
Sidaydam ko kohaw no foting.,魚湯加了辣椒。
O piadoan niyam a micodad ci Namoh i picodadan.,Namoh是我們學校仿效的典範。
Sa'aciyosen no mipamaay ko fokes no safa ako.,理髮師將我妹妹的頭髮做成髮旋。
Nirekenan to fokeloh kira kiro.,那個酸菜是用石頭壓住的。
Papicepcepen kora tofor to coco no tawinaan!,讓那隻小牛吸母牛的奶！
Malamicokaay kako ano mato'as to.,我長大要當畫家。
Sakomien a miwasil ko kasafinacadan!,將族人分類成一組一組的！
Papikamecen to kamay iso kako a macakat to 'ongcoy i tarawadaw.,請讓我握住你的手來攀爬河邊的盤石。
"Cekos sahaca, awaay to ko toki no mita.","還要折返,我們沒有時間了。"
Kalomowad mapolong!,請大家起立！
Kadkad san kiso a mimaan to no i 'ayaway ho a demak!,你何必重提往事！
"Pamoecal a romakat, aka a mi'ikong.",直走不要轉彎。
O maan ko milangiwngiwan no miso?,你在嘮騷什麼呢？
I lawit nira lotok ko ocongay a dongec.,在越過那山林就有很多籘心。
Matama nira koya masidayay ako a papaysoan.,她找到了我那遺失的錢包。
Paceno'en ko wa'ay a misokic.,把腳浸入水中來清洗。
Mananginang kira wawa a pamocirid to wayway nira a pakatelii to mama ato ina nira.,那個孩子常故意做偏離的行為使父母親生氣。
"Pa'angsawen no mita ko talo'an a mihodhod, tamatalaw ko fao.",我們來悶燒烤工寮讓蟲怕煙燒味。
Papicelem saan i tamiyanan ko sakakaay a papinanam a mifoting.,長官叫我們練習潛入海裡抓魚。
Macarekah no tahefod ko kafoti'an niyam.,我們的睡房被灰塵弄成粗糙。
Maolah kako to pelo no mato'asay.,我很喜歡老人家講的道理。
Colek han no mita a palafang.,我們立刻去拜訪。
Makapah ko cinco a cangaw i 'a'iloc ni Osay.,Osay脖子上的珍珠項鍊很漂亮。
Malacoyoh no wawa ita kita o malainaay no loma'.,我們家庭婦女要變成子女的天使。
"Kameleng sato koni kina sasofin, nanay faca'en to!",這條毛巾都已滑溜了，該洗一洗了！
Ti'ti' han nira kaka ko safanira.,那個哥哥鎚打他的弟弟。
O oh^oh no fafoy koraan.,那是豬的咕嚕聲。
Emin han a miala!,全部拿走！
Cerenoh ko fanoh no mako to talaw.,我害怕所以毛骨悚然。
Fawaaw ita ko tayal no tomok a mipo^po to niyaro'.,我們要支持頭目治理部落的事務。
Rohoday ko demak ano malalok.,勤則易。
Papina ko kapot no mita?,我們的同學有幾位？
O safa ako ko mipa'alofoay tira kapah.,是我的妹妹為那青年背背袋。
Makapah ko nisafakaran nira.,他製作的竹簍很漂亮。
Ci'em han noya kay^ing koya kapah to 'osi nira.,那個小姐
Midakaw kako to paso a talapicodadan.,我搭公車上學去。
Mipa'orip kita to serangawan no mita.,我們要振興我們的文化。
"Ifor san ko tofor, takaraw ko hemot.",小牛興緻跳躍時，屁股翹得很高。
Sadihekoen ko ringo no miso.,你的烤火要很暖和。
O tatakaraw ko karawa'ayay a wawa.,大腳孩子一定長得很高。
Mailohay ko loma' naira.,他們家被火燒。
Poni' sako ko pawli naniroheman ni fayi ako.,我阿姨催熟的香蕉已經軟了。
O samatiyaay ni faki nira ko kakawaw nira wawa.,那個孩子的行為很像他的叔叔。
Sanga'ay sa ko tireng ano mayatayat.,筋骨動一動之後真舒爽。
Tanam hato kira nicacakan no mako a sinafel.,就嚐嚐我煮的菜。
Maolah to so'or ko kalodi.,泥鰍很喜歡泥沼。
Mapadingki to ko saco'edan no loma' ako.,我家房間最昏暗的角落有燈了。
Mikilang a misaloma' ci mama.,爸爸砍樹蓋房子。
O cira'itay ko fodoy no mako.,我的衣服有魚鈎。
Cidafdafay a mapaloma^ ko fonga.,地瓜被種在平地。
Pecih han ni ina ko epang a pafeli to wawa nira.,媽媽擘開麵包分給她的小孩。
O marorongay to no niyam ko 'asisiw i pala.,我們已經捆綁好田裡的稻穗。
Mikilalidec ko Pangcah a mikasoy.,阿美族選砍九芎樹當柴火。
Misafel ci ina to sakalafi.,媽媽在煮晚餐。
Malaklak ko codad no safa i sapad.,妹妺的書本散亂於桌上。
Cima koya macefoay a wawa i kafoti'an?,尿床是那個小孩？
Parorangen niyam kira kodiwis a mipakaen.,我增加了構樹餵養兔子。
Macefos to no mako to nanom kira padatengan ni ina.,媽媽的菜園我已經用水澆過了。
waco.,那隻狗被雞抓過，所以那隻狗再也不會靠近雞。
Papimetmeten to carekah no kamay no mama iso kira sona.,讓你的孫子握住你爸爸粗糙的手。
Madenga no  tata'akay a adada ciira.,他被很嚴重的病傳染。
Mamirmiray ko faloco' nina a pakatengil to tatiihay.,媽媽聽到壞的就發抖。
Pasaira i timol ko rakat naira.,他們朝南走。
Karafaliyosay kita o Taywan a kitakit.,我們台灣這個國家颱風頻繁。
"Kedec han ni kaka ko tatelecan nira, ta nga'ay a sariko'en nira koya kafer.",姐姐緊縮她的腰，才能穿上那件褲子。
O maan ko pinaro no 'alofo iso?,你的袋子裝什麼東西？
Sakomeced saan ko tireng nira.,他的身體很結實。
O mapohaway kako saka i loma' sato kako.,因為我瞎了所以一直待在家裡。
Matorinom ko rapor no 'oway.,黃藤葉刺像針一樣尖。
O sapaiyo to makefingay konini.,這是痲疹患者的藥。
O mapalifonay to i honi ko matayalay.,剛剛已經支付工作者的薪水了。
"Ano matekek no facacenal i, tadacaay ko adada.",若被黃蜂叮咬痛疼是無法忍受的。
Mapetek ko rayaray saka o kefoh to niyam i tarawadaw.,橋斷了所以我們就掉入河流。
Mi'ot'ot ca Osay to pa'arirayan naira.,Osay她們除玉蜀黍田的雜草。
Kaisasingaran a mica'it koya fodoy.,把那衣服掛在窗戶。
Mamiyatay ko niyaro' no 'Olalip i tosaay ko safaw a folad.,'Olalip部落的十二月分是閃亮的。
Midamay kami i riyar.,我們在海邊採水草。
Macowat a talaTayliko ko tayal niyam.,我們的工作更擴展到大陸。
Saringasa'en ni mama ako i makalaeno no omah niyam.,我的爸爸在最下面的水田製作田埂放水處。
Pakocima kamo i takowanan?,你們認為我是誰？
O nitefadan no ina ako kira payso.,那個錢是我的媽媽提領的。
Malaafo ko faloco' ako.,我心灰意冷。
Cacayen ko piala to tamorak!,請你拿一粒南瓜就好！
I Posong ko kamaro'an na Osay.,Osay她們住在台東。
Afasan ni kaka ko tasalaman ako.,哥哥搶了我的玩具。
Tadakaeso'ay ko sakalahok niyam i piilisinan.,豐年祭時我們吃得很豐盛。
Pakapal!,請舉手！
Cadiwen ko hawan no miso!,要磨你的刀！
O singsi no mita ci Panay.,巴奈是我們的老師。
I tisowanan kami a malafi.,我們在妳家吃飯。
Mihafelot kira palidin to waco ni akong ako.,那個
Miong^ongay kina loma' a mihinaaw to patay no to'as naira.,這個家庭為了他們的老人家的去逝而哭泣。
O kami ita a mipatikami to sinsi.,用我們的紙張來寫信給老師。
Mihelong ciira to riko'.,他脫下衣服。
Maefer kira koko'.,那隻雞飛起來。
Maliti'ay to kora waco.,那隻狗已被閹割了。
O cimaraday ko tireng no mako nani ka setolan no paliding.,我被車撞之後我的身體就有鐵了。
O defong niyam a mikihatiya to 'alomanay a mifoting.,我們跟著很多人下水去抓魚。
Cima ko sakaretengay no namo?,你們誰最重？
"Ano matawa ci ina haw i, mangalef ko nikafangcal nira.",媽媽若笑起來，特別美。
Pa'afo anini to panay ci mama.,爸爸今天施肥。
I sakacowaay ko pimaloneman iso?,你是在那邊獵鹿的呢？
Pakaong^ong han nira mama a miti'ti' ko wawa nira.,那位父親抽打他的孩子到哭泣。
O tomato ko sinafel no tafo ako.,我便當的菜是蕃茄。
O cidal ko sapipawali niyam to panay.,我們靠太陽曬乾稻穀。
O semot a maemin ko papalomaen itini.,這邊全部都要種草。
O apeaped ko pising no miso.,你滿臉是粉末。
Maliyaw ko pinangan nira.,他的行為有改善。
Kohepicen kako tonini a fodoy.,我覺得這件衣服太薄。
Saaraaw sa cira to sakacifafahiaw.,他渴望著娶到美嬌娘。
O makonayatay ko kaolahan ako a kafel.,我喜歡有伸縮性的褲子。
Kararoman ko 'olic nina radiw.,這首歌詞真令人哀傷。
Malakoli ko nanom.,水變成冰。
Fahalen a mimaan to pipacekok tamiyanan?,突然嚇我們做什麼呢？（意指「別大驚小怪！」）
Ora ma'oningay ko pising ko sona no mako.,我孫子就是那位臉上有污垢的。
O sanay kako a pasifana i tisowanan.,我就是如此教導你。
Siwa ko widi a mafoti' kako to dadaya.,我晚上九點鐘睡覺。
Mamidotoc ci Kacaw to tayal ni mama nira.,Kacaw將要繼承他爸爸的事業。
Ca'edesen kami to sowal ni faki a mikitemel i tamiyanan.,我們對舅舅對我們的勉詞感到很嚴厲。
O ma'osalay ko nipalomaan i pala.,田裡種的地瓜葉很茂盛的。
Mapatireng a maemin ko fihekac no kapot a mapolong i rarem.,所有同伴抓燕子的陷阱都豎立了
Matefad ko nisekingan ako to ninian a salifet.,我這次考試不及格。
Adihay ko kiyam nira.,他的欠債很多。
Midahepayay ci kaka to fodoy i papotal.,姐姐正在外面曬衣服。
Tengilen ko sowal no singsi!,聽老師說的話！
Ca'efas sato ko nanom i omah nanikoray no faliyos.,颱風之後田裡的水溢出來。
Patitien ko tamana a mikeling.,炒高麗菜時加點豬肉。
Macapo' no palalanay ko 'awol niyam.,我們家的竹子被開路者砍伐。
"Adihay ko nanom nora dangah, kerahen to mamang.",那鍋子裏的水太多，請排掉一些。
O karorayan ko koling hananay i kalahitayan.,軍中的訓練是最辛苦的。
Makedal ko niyaro' toya mihecaan.,那一年部落發生旱災。
O tasaay ko parod ni ira.,他的家庭有兩個。
Matali'enang a maemin kami i kafoti'an.,我們都在床上躺下來。
Karakalang ko sa'owac no Tafalong.,太巴塱的山溪很多螃蟹。
Saomelaen saan to kikay to sakamawmah ci mama ako.,我爸爸非常珍惜工作用的機器。
O tangkoy ko nipalomaan no mako.,我種的是冬瓜。
Awaay ko safohat nonini a saciker.,這個鎖頭没有鎖匙。
O ma'atimay no sapad ko kamay no mako.,我的手是被桌子挾住的。
O ma'engiday kina karo' no mita saka mafadi ko papah.,我們文旦樹葉會枯萎是因為內部被腐蝕的。
Pa'afalangen ni fayi kako to tefo' a panokay i loma'.,我的嬸嬸將竹筍掛在我的肩上叫我帶回家。
Carekah ko fanges no kamay no miso.,你手的皮膚很粗糙。
Mikifelac kiso i fiyaw!,你到鄰居那裡借米！
O mamapades ko 'orip no mita a malapakoyoc.,我們的生活將貧窮受苦了。
"Parakaraken kira waco no miso i palapalaan, tamafana' a mi'adop.",讓你的狗在田裡跑來跑去才會狩獵。
Kaedah koni kacipa'.,這個生薑很辣。
Cai pakatoor kita to lalok nira mato'asay.,我們跟不上老人家的勤勞。
Cilica'es ko fokes nina wawa.,這孩子的頭髮有蝨卵。
O maka'amisay ko pala niyam.,我們的田地是最北那一塊。
Pakatolakoen a micolo' to tefos.,用卡車載運甘蔗。
Misaikaikang i ka'ayaw ako ciira.,她在我面前炫耀。
Mifahoy to 'ayam ci mama i omah.,爸爸在田裏驅趕小鳥。
Liteng sato kiso?,你怎麼那麼老了？
Mifolaw ko kapah no niyaro' to 'ada.,部落
Madimokos no Kawas ko hekal tahatolas.,上帝攝理世界直到永遠。
Pakamaro'en kira sinsi no miso.,請讓你的老師坐下。
O tadakamoko'ay kira keliw no miso.,你的線太短了。
"Fetasen no ising koya malifawaay a doka' ako, saka kaliki a ma'adah.",醫生將我那腫起的膿瘡擠破，所以才很快好起來。
Rahid saan to ko panay tinana mihecaan.,今年稻米比預期的還要多。
Cima ko malacongtongay saw?,誰當上總統呢？
Tanolalangaw saan ko salawacan no lakelal.,河邊很多蒼蠅。
Cay kaeca o nanaw ko 'ayaway no kaen.,吃東西前一定是先洗手。
Pacoli ci inaan ciira.,他對媽媽頂嘴。
Cicih han noya wawa ko codad nira.,那個孩子撕裂了他的書本。
Cima ko mipaor^oray?,誰是唆使者？
Mafariw to nira ko semot no 'alaneng.,他將田埂的草砍完了。
O pawti ita a mipanay kinian.,這是我們割稻用的麻袋。
Ci kaka ako ko mirahekaday to sakalahok ita.,我的姐姐來蒸煮我們的午餐。
O pipaco'ongan no hana kiraan.,那是花要長新芽的地方。
Micoraf ko ringo no fiyaw niyam a tayni i tamiyanan.,我們鄰居的爐火延燒到我們這裡。
Kacipitaw a mitali!,要帶鋤頭挖芋頭！
O tomok no niyaro' ko misa'opoay i tamiyanan.,是頭目把我們集合起來。
Cima kora cafay iso?,你那伙伴是誰？
Adihay ko kadangaway i tini.,這裏有好多蚊子。
Adihay ko losay nonini a lotok.,這座山有很多果樹。
O mipalamalay ci fayi ako i matini to singasif.,我的姨媽為了燒開水而起火。
O sapakadoh ita kira titi to waco no palapalaan.,那塊肉是我們用來吸引野狗的餌。
Papicakcaken to tawho ko kaka iso!,請你姐姐把豆腐切成大塊的。
Matoka to kako to kararaayan no katayalan no mita.,我已厭倦於我們工作地點的距離。
I tokayen a patireng to kosi.,公司在都巿裡。
"Pa'angsawen no mita ko talo'an a mihodhod, ta matalaw ko fao.",我們來悶燒烤工寮讓蟲怕煙燒味。
Lakowit han no mita i 'ayaw no kalahokan kira lotok.,我們就在中午前越過那座山。
Karakakicoh koni kida.,這棵釋迦的果子真多。
Kaepod to kiso.,你請下來。
O maresapay to ko sowal no mako i kiokay a nini.,今天在教會我話已撒播開來。
Ridrid han no kaka ako kako a micodad.,我的姐姐引導我讀書。
Matofa'inayan ko tayal nora fafahyian micawor to fonak.,那個女人的工作很像男人在攪拌砂土。
O sakacikadangaway ko so'oso'ol.,雨水灘使蚊子滋生。
O piliyas namo ko ka'iwilan no faloco' ako.,他們的離開讓我感到寂寞。
"Aanayaen ho ko rarakaten no mita, ta tangasa i loma'.",我們還有一段路程才能到家。
O misa'eletay ci mama no mako kawos no tafokod i matini.,我爸爸正在打結抛網的繩索。
Caay piati caira i tamiyanan a papitahka.,他們沒有邀請我們上桌。
Malalok a patado ci Kacaw a miceris to lipot ni faki nira.,Kacaw殷勤地為他的舅舅點火煙卷。
Pangasawen no kawas ko finacadan no mita o Pangcah.,上帝使我們原住民有氏族。
Minanam ko Pangcah a misasinar.,原住民學種西瓜。
Tosaay ko linay ako.,我有兩把傘。
Cecay a melet ko keter nira.,她生氣只有一下子而已。
Mangernger no atolay ko loma'.,房屋被地震震動。
Ma'imeray kami to demak niyam i picodadan.,我們在學校的行為都很謹慎。
Mikayakay a mi'afinong kira lotong.,那隻猴子爬椰樹採椰子。
Tekep han no niyam kira 'oner a milepel.,我們用捕捉器來抓蛇。
O fadil koni a mataringay a kasoy.,這些堆起來的木材是流木。
Adada ko fitoka ni ina ako.,我媽媽有胃病。
Mapacek no pacek ko kamay no mako.,我的手被釘子釘到。
"O mi'oliday kako i matini, saka salipahak saan kako to romi'ami'ad.",我正在戀愛，所以每天都很快樂。
O ma'otoyay a fafahiyan ciira.,她是風騷的女人。
Pacilahen ko pikeling to kodasing.,炒花生要加鹽巴。
O cipisingay ko kakitaan.,頭目很有尊嚴。
O ciyolokiyokay caira.,他們是長老會信徒。
O nipetekan no mako kira kilang.,那個木頭是我折斷的。
Kacisioy a talapala maomah saan ci mama.,爸爸說去田裡工作要帶飯鍋。
Masiday no mako ko sapikalic to kasoling a kippo.,我遺失了搭乘火車的票。
"Ano mililoc kako i, caay ka eca a milikot kako.",我洗澡就一定會洗頭。
Micakay to hara ci ina.,媽媽去買岩鰍魚。
Dotocen ko tayal no to'as iso!,要繼承你先祖的事業！
Papiso'edacen kami to tarawadaw a misalama to nanom.,讓我們在河邊逆流而上玩水。
Pinaay ko widi anini?,現在幾點鐘？
Papina ko tatayni a finawlan?,有幾位族人要來？
Mafana' ciira a mikesip.,他很會吹口哨。
O ado no sapisanga' to 'emo konini.,這個是年糕的模版。
Maparo to i dodang ko kodih noya mapatayay a tamdaw.,死屍已裝在棺木裡。
O malasaikoray a mafekac ci Tomay i piondokayan.,杜邁在運動會時跑最後。
Mipela' ci ina toya sinar.,媽媽剖開那顆西瓜。
Masofoc ciira to focod.,她生下私生子。
Mafihfih no fali ko talip nira.,她的裙子被風擺動。
O maan ta laymay sakiso i takowanan.,是什麼你認定我是多嘴的。
Hitefo aka kasaan I takaraway a 'alaneng.,不要從很高的田埂上跳下。
O lahod ko sakarakat no silamalay itiya ho.,以前的火車是以蒸氣為動力。
Mafiyok no fali ko kafong nira.,他的帽子被風吹掉了。
Mapaloma to hana ko liyok no loma' ako.,我家的周邊都種花。
Pacedien no mita mapolong a mikakoy tona kilang.,我們一起用力抬舉這條木頭。
Molesa'ay to ko kopo nifayi i sapad.,姨媽桌子上的杯子龜裂漏水。
Pakakahaday a papineneng to finawlan.,使部落住民的視野寬廣。
O tadamaanay a kosi ko misa'enoray.,做船錨的公司很了不起。
Ma'anangay to no mako ko hawan i soko.,我已將刀收藏在庫房。
Mipacok ca Sawmah toya nipahafayan naira a fafoy.,掃瑪他們宰殺他們所豢養的豬。
Li'akongen no mako ko marad a misalimolo.,我要使鐵彎曲變成圓型的。
Maropira'ay kina kapah nani katayalan nira tahanini a o epah ko ni'afofoan nira.,直到現在這位年青人抱著酒是因為他從工作的地方失敗了。
O ci'im no mami' kinian.,這是柑桔的嫩芽。
Matalem ko cikaf no foting.,魚的魚鱗很銳力。
Tadafangcal ko folad anini.,今晚的月亮分外美麗。
Pasinofoen ni faki kami to nicacakan nira a hakhak a taloma'.,阿公將他蒸煮的糯米讓我們攜帶回家。
"Makingsa no ising ko tiyad noni wawa, sifasal.",醫生檢查出這小孩的肚子有蛔蟲。
Ilang han to koya panay!,記得要將稻子碾磨哦！
Patodaen ko fanaw no miso.,你的池溏要養鰻魚。
O pakikaemangay ko pikakilac to kasi.,發糖果要從最小的。
Patangasaen i picodadan ko pipadongos.,要送到學校去。
Raod a sato kira waco a mikalat to 'ayam.,那隻狗將要靠近雞來咬。
Liyasen ko namal.,離火遠一點。
Mapaloma^ ko fata'an I taliyok no loma' niyam.,我們家四周種有樹豆。
Kako ko miis^isay to waco a patayni a pakaen.,是我吹口哨叫狗來吃的。
Karatangila kina kodiwis.,這隻兔子耳朵很大。
Mifoyol kira 'alomanay a mi'adopay to fafoy no lotok.,許多獵人將山豬一起推到一個角落。
Mafafalic kita to tayal.,我們互相交換工作。
Pa'alenengen na Mayaw i terong no kakahaday no facal naira.,Mayaw他們在寬大的田畦中設置一條田埂。
Madopoh kora wawa a micodad.,那個小孩很用功讀書。
O picaferan no lafang ko loma' niyam.,我們的家是客人暫歇的地方。
Caay kaifenek ko ma'amitiray a tamdaw a micawaw to loma' nira.,很風騒的人不會專心照顧家人。
O maan ko kakeseman iso?,你為何難過傷心？
Pakisalaen ko nicacakan a sinafel.,煮好的菜放在盤子上。
Hinalasang kako a komaen to epah.,我喝酒很容易酒醉。
Matapa' no fonos ko wa'ay no mako.,我的腳被番刀砍傷。
Tikelo han to kora papa'acaen ita a foting.,要將我們要賣的魚區分一下哦！
O tedi' no maan koriraan?,那是什麼光？
O kolac to nira mato'asay i niyaro.,那位老人家在部落一無所有。
Misaciciway ko to'as no niyam i kaRiponan.,我們的祖先
Imacen ni kaka ako ko waa' no kolong niyam.,我哥哥將我們的牛角削尖。
Aday^ayen ko ising midipot to karetengay ko adada a tamdaw.,醫生很憐憫地照顧病重的人。
O ma'olaway a niyaro' ko Tafalong.,太巴塱是古老的部落。
Sakakaya'en ko pisanga' to talip no mako!,我的裙子做長一點！
O polong no finawlan no niyaro' kinian a tomirengay i matini.,現在站著的全體都是部落居民。
Paceno' han ako ko wa'ay i nanom a mifaca'.,我用腳泡水在水中洗衣服。
Mifafa ci kaka to wawa nira.,姐姐揹她的小孩。
O kohetingay ko fadahong no loma' niyam.,我家的屋頂是黑色的。
lali'op hato naira ko cohel a matayal.,他們工作流汗將汗當成水來洗臉。
Misakalitang ci faki ako i rafar.,我叔叔在山坡地的菜園種植四季豆。
Fihfih han ko wawa.,幫小孩子搖扇。
"Ma'etot ci mama, alalalilaliw san kami a miliyas.",爸爸放屁時，我們紛紛跑開。
'Alaw han no mako cikaka ako to tatayalen i loma'.,在家裡我跟姐姐搶工作做。
O sakatodoh no loma' iso kira misalamaay to ringo a wawa.,那個在玩火爐的孩子將使你的房屋燒掉。
Misafiko ko pilomaloma'.,每一戶都在釀酒。
Lomengaw to ko cengo' no nipalomaan niyam.,我們種的長出嫩芽了。
Panawen no mita a misanga' to kamo no sasekingen no wawa ita.,我們在考試卷加放為什麼讓我們孩子考試。
Mihadi^diay ko singsi a pakafana' i tamiyanan.,老師很有耐心地教導我們。
Wata ko lowi' nora mamatokad a fafoy.,那個要被宰的豬的叫聲真響亮。
O cisolipaay maemin kami.,我們都有穿拖鞋。
Ci mama ko misanga'ay to tatenoonan ni ina.,媽媽的織布機是爸爸做的。
Makadit ko lali'elan no fa'inayan.,男人的衣領很髒。
Paconohen nora mari'angay a tamdaw kako to raraw nira.,那個壞人把他的過錯推卸給我。
Caay kahapinang ko co'ay no 'ada.,敵人的復仇無法認清。
Aka pipacefa a somowal.,不要隨便亂講話。
Dipdipen ko kaitiraan no 'ada!,去探查敵人的住所！
Kalah saan ci ina a micacak to sakalafi niyam.,媽媽急急忙忙地煮我們的晚餐。
Mitopelak kako to totang i fadahong no loma ni faki ako.,我去叔叔家的屋頂剝掉鐵皮。
Mapacamot to kolang kora pisakakorotan amapaloma'.,那個苦瓜園混種著芥菜種植。
O holol aca ko kafana'an nira.,他只知道玩。
Halicakay ciira to fa^lohay a fodoy.,她很喜歡買新衣服。
Papicapo'en to lidateng koya mifariway.,請砍伐者砍掉咬人狗樹。
Mimali kita anini.,我們今天來打球。
Mahenotay ko lalan no sakatalapicodadan i tiya ho.,從前上學的路是泥濘不堪
Tedal hato no miso kira wawa.,你就救那個孩子。
Kahengang ko lodi' no kakarayan i picereman no cidal.,黃昏時刻天空呈現晚霞。
Ma'atal to no mako ko hemay no miso.,你的飯已被我盛的。
Cima koya mici'epay a tamdaw to epah i paetang?,誰在木桶直接用口吸酒？
Pakayakay ko matayalay i sa'owac.,工人在溪上架橋。
Papiselalen no mita ko kapah a wawa no finawlan.,我們要使部落的青年參加年齡階級。
Aso' a kaenen kora mapa'acicimay a kohaw.,那個加了酸的湯真可口。
Macedet no fadisaw ko kamay nira.,他的手被開水燙傷。
Masa'asolo ko pi'ot'ot to sariri.,雕塑柱子像木杵。
O makafafaway a pida ko sapicopo to omah.,建堤的資金是上級政府補助的。
Milepel ko wawa to facacido'.,小孩追逐著蜻蜓。
O macepa'ay no kafi a hemay ko kaolahan no waco a komaen.,狗喜歡吃
Conacon saan ko nanom i pipatikedan no mako.,我釣魚的地方的水被攪動。
"Aka tengilen kora sowal, o likaf aca kora.",不要聽信那個話，那只是個閒言閒語。
Tatahini to ko singsi namo anohoni.,你們的老師待會兒就要到了。
Cilamit i faloco' ako ko sowal no singsi.,老師的話根植在我心中。
Misakoko' ko koko' i kanikaran.,公雞在凌晨啼鳴。
Siwaay ko tefon no Tafalong.,太巴塱有九座井。
Saheto saan o tefo' ko sinafel ita tina cacay a lipay.,這個禮拜我們的菜幾乎都是竹筍。
O malakaemihay ko simal no mita.,我們的油價變成便宜的。
Maherek to kako a malafi.,我吃過晚餐了。
O misafila'ay ko tayal ni fayi ako.,我的舅媽的工作是疊荖葉的。
Liked han no masay ko lalidec.,爬騰將九芎圈住。
O malokafer no wawa ako a micodad.,當做我孩子上學時的褲子。
Kemkem han no mako ko copelakay a 'icep.,我咬了顆苦澀的檳榔。
Miyat saan ko dingki no tamina i riyar to daydaya.,每天晚上海上船隻的燈火閃亮。
Pakamisi'en to terong no dadaya ko wawa iso.,讓你的孩子在深夜起來尿尿。
Adihay ko nina'angan ni Panay a odo'.,Panay收藏很多玉石。
Malafinacadan no Pangcah ko Taywan.,漢人變成原住民的族群。
Rokrok sato ko nanom i dangah no miso.,你鍋子裡的水沸騰了。
Makalisin ko tamdaw i 'ayaw.,以前的人很常祭祀。
Politi han to fokeloh kira 'oner.,用石頭丟那隻蛇。
O pisananiwacan no niyam kiraan a pala.,那塊田地是我們要種植綠豆的地方。
"Ma'opic ko ceris ni mama ako, saka caay ka likat.",我爸爸的打火機濕了，所以點不著。
Pakamaro' ko kapah to mato'say i pisoraratan.,青年讓耆老坐在集會所。
Mifohat to paenan koya wawa.,那小孩在開門。
O miciwiay to kakawaw no niyaro' ko wayway nira.,他的行為是偏離部落的規範。
Di'ien no ina ko dipot nira a padiheko.,媽媽睡在她的嬰孩身旁給他溫暖。
Pakaneneng ko mata no lidep to foting i nanom.,老鷹的眼晴看得到水中的魚。
Makakalat ko waco ato posi.,狗貓互咬。
Kiso ko micawiay to longec no mato'asay i kasa'opoan no niyaro'.,部落聚會所老人的要求要負責回應的是你。
Matawal ako a miala ko epip anini.,孩子們帶笛子上學。
O sakapinaay to a rorok i matini ko parod no mita.,我們現在的家族是第幾世代了。
O mamalacafeng konini a sapad.,這塊木板將要做成牆壁。
O tapang no loma' no mita kinian.,這是我們家族的根源。
Fetik saho kora tangki malasikawasay to ko caciyaw niira.,那位乩童一滴酒敬禮他馬上就神言神語。
Fariw han ni kaka ko semot.,哥哥將草砍掉。
Patarimasa'en ko pilaliwan no nanom i pala.,在田裡要設置引導水流的水溝。
Cidafdafay a mapaloma ko fonga.,地瓜被種在平地。
"Tadafa^det ko romiad, fetak san ko sera.",天氣炎熱使得大地龜裂。
Katalawan ko karacanemay a lalan to dafak.,早晨常常霧氣彌漫的路最可怕。
Matamorak to no niyam i nacila.,昨天我們去採南瓜了。
Talaolat sa ko singsi a maketer i tamiyanan.,老師粗著脖子責罵我們。
I 'a'ayaw no siri a romakat ko pasiriay.,牧羊人走在羊前面。
Tanotopi saan i palapalaan.,田野裡很多鴿子。
O 'acefel no mitodohay to lakaw ko ko mida'atay i tamiyanan.,那燒垃圾的煙使我們嗆住。
Patatootooden ni ina ko sona nira a paliloc.,媽媽讓她的孫子一個接著一個洗澡。
Caay ka o halifotingay kami mapolong.,我們全部不喜歡吃魚。
Adapaw saan kira 'oner a mitala to fitakola.,蛇在埋伏等青蛙。
Mala'afas caira tatosa to mali.,他們兩人互相爭球。
Halilingkiw ciira.,他很愛吃辣椒。
Ma'atiliec no Aycipot ko finawlan no Iserail.,以色列百姓被埃及人虐待。
O malacingkiay caira a tatosa.,他們兩個是親家關係。
A modac ko wa'ay no mako to kasienawan.,我的腳冬天會蛻皮。
Aoto' ko pasela' nira.,他很容易生氣。(字面義：他的氣很短。)
O ma'akonalay cafaki ako a malekaka.,我舅舅的兄弟們都是禿髮的。
Pa'adiyocen no kawas ko pitena' to pi'ada'ada.,神用漩風阻擋所有的敵人。
Malalok a minanam kako to sowal no Pangcah.,我很勤勞地練習阿美語。
Micacak to titi no fafoy a misasimal.,煮豬肉來製造油。
Misafalinono ci ina ako.,我媽媽製作蔴糬（糍粑）。
O mipaypayay ko loma' no mako.,我的家是拜拜的。
Pakakowad to tilifi kora wawa.,那個小孩抬得動電視。
Rimadac saan ko lalan ita i noetipan a lotok.,在西邊山上我們的路很平滑。
A no cai ka nga'ay ko kalaholol no mita o eked ko paherekan.,我們若沒有好的交往只好以分離來結束。
Likaten ko losok ano awa dingki.,没電時請點亮蠟燭。
Folod san ci Tomay to nafaloco'an ni mama nira.,Tomay順著他爸爸的意思行動。
Oya ciadipelay ko loma' niyam.,我們家是那間有圍牆的。
O makakaenay to kaedahay ko Pangcah.,原住民很能吃辣的。
Mala'ada ko widang.,朋友變成敵人。
O tenas ko pitenasan naira to da'eci.,他們沾鹽水吃箭荀。
Cecay a lafin kako i tira.,我在那裡過一夜。
I lotok ko pimangcelan ni akong.,外公在山上獵到羌。
Papikomimiten nira kako to tangila no miso.,他要我擰捏你的耳朵。
"O micolalay kako a taloma', o nokay ako a masasiyor ano honi.",我突然出現但一會兒我也要回去。
Mapakaso to kiraan a kalong.,那瓦斯桶已被充滿瓦斯了。
Maolah ko Pangcah a misaniyaro' i lawac no riyar.,阿美族人喜歡在沿海一帶形成聚落。
Tata'ak ko cawang no hakama nora fafahiyan.,那位女士的裙子開叉開得很高。
O pinganganan no mako ko ngangan ni faki ako.,我的名字是根據叔叔的名字命名。
Misakaciw ci faki i palapalaan.,伯父在田裡養鵝。
O ni'owidan no mako kira fokeloh a mipasadak.,那顆石頭是我用鐵槓挖出來的。
Malisawot kita i loma' no singsi.,我們在老師家集合。
"Kohecal sa ko pising iso, adadaay kiso haw?",你的臉色很蒼白，你生病了是嗎？
Papirangien kami a miconga.,讓我們畫得很相似。
O ni'edawan ko sakalingad naira a mi'adop.,他們是依據占卜結果出門打獵。
Cimangta' han naira koma'en ko 'atay no fafoy toya pitokadan.,他們殺豬時將豬肝生吃。
Rakam sato kako a cay kananam a mihadasi.,我己經不習慣赤足了。
Talafitoka ko sa'ayaway a nikaenan no mita.,我們吃的食物先到胃裏頭。
Mi'icepay kira lotong.,那隻猴子吃檳榔。
Ma'anglis to kora foting.,那條魚已經不新鮮了。
Cikapatay ko wawa no mita a taloma'.,我們的孩子有同伴回家。
"Namatefad i tepad kira mato'asay i, o lefot no sasela'an itiyato.",自那老人家從懸崖掉下來當場就斷氣了。
Lahedaw sanay ko paso iso to pikakaenan to epah.,你的錢都花在酒上
Masofoc to fa'inayan ci Piyaw.,比耀生下男孩。
Awaay ko rinom i parinoman.,針線包裏根本就没有針。
"Celak han no mako koya linay, macicihay aca.",我撐開那支雨傘，原來是破的。
Aro' saan koya singsi a pasifana'.,那位老師坐著教學。
O sapaloma no kowa' konini.,這是木瓜的種子。
"Sidsid san ko panay naipawti, caacaay ka fana ciira.",稻子從麻布袋
Mifaca' to fodoy ko fayifayian i tarawadaw.,嬸嬸們在河川邊洗衣服。
Mieli' ko sakatolo a komi anohoni.,待會由第三組來割茅草。
Mila^dis kita i kalitosa no lima a folad.,我們在五月中舉行捕魚祭。
Kaeso'ay ko nitangtangan ni ina.,媽媽煮的菜真好吃。
Cima ko siimpicay?,誰有帶鉛筆？
Aka paladafdaf to mari'ri'ay a pala.,不要把會崩落的田當平地。
"Macepet ako ko kiro, ta mipawali i potal.",我將酸菜扭乾才拿去曬。
Papiringeren to kikay kira wawa.,讓那個孩子旋轉機器。
O maedengay saan cima?,誰認為足夠呢？
Hacok han ni Panay nani caykeng pataladangah.,Panay從水缸舀水倒在圓鍋中。
O mami'aca to loma' ko sakaifenek nira.,他努力工作不間斷的原因是想要買房子。
Pacafayen ko wawa no mako a talaTaypak!,請陪伴我的孩子去台北。
Mifitelak to fitaol ko ciwciw.,小雞破殼而出。
Pasararem ko 'alol no tamina.,船向下游流走。
Sorar han to no mako ko nika cay katatodong no miso.,我就原諒你的不是。
I koyomien a mitilid ko fangko no tingwa nira!,把他的電話號碼寫在日暦上！
O 'amelikay ko kalotayal nonian a kaying a miherek.,這個小姐的任何工作都
"Maleflef ko lalan, likaten ko dawdaw no tosiya!",路上都是霧，請將車燈
"Namafaliyos i, o dicadic to no omah ako.",自從颱風之後，我的田就成了水鄉澤國。
Limelaen ko 'orip no miso.,要珍惜你的生命。
O hinac niyam a mi'adop i nowalian a lotok.,我們在東邊的山打獵一無所獲。
Mipakitoh ci akong to sona nira.,阿公說故事給他的孫子聽。
Masadak ko rarikah to kafaedetan a romi'ad.,蜈蚣會在很熱的天氣出沒。
O 'awol ko liyok no loma'.,我們家四周是竹子。
Pacofayan no mako ko codad ni Saomah.,我歸還了Saomah的書。
"Milonok a dademak ko nga'ay, talaen ho cima.",與其等人來幫忙不如自動自發地來做的好。
Madayom iso han a mikakoy kora sapad?,你能搬得動那張桌子嗎？
I cowa kira cariwciway a soni.,那個吱吱喳喳叫的聲音在那裡。
'inorong patala'afala ni Kacaw.,那個人扶持把重擔抬到Kacaw的肩上。
Talaloma' no kapot kako a miholol.,我到同學家玩耍。
Ocong ko lotong i lotolotokan.,森林有很多猴子。
Misikeliw ko fafahiyan i pipacarcaran to tayal a misaomah.,婦女們在農閒之際製剝麻繩皮。
O pakaeso'ay to sinafel ko cilah.,鹽巴是會讓菜好吃的。
O sotasota'an ko nowalian no tarawadaw.,河的東岸都是泥土地。
matateki' kora talid saka ma'ari.,那些瓶子因碰撞而破裂。
Mikiyot ciira to 'apol i tangtang.,他在石灰盒裏挖石灰。
Malecad a masariwang ko pisanga.,建造的房間都一樣。
O maan ko sowal no malitengay ita?,我們的老人家說什麼？
Misaciciw ko fiyaw no niyam.,我們的鄰居養小豬。
Makakoring koni wawa.,這小孩屁股很大。
Maitoh ko panay.,稻子熟透了。
O asip ato radiw ko ninanaman niyam i dadaya.,我們昨晚所學的是朗讀和唱歌。
O rapic niyam kira pipakaen to fafoy to romi'ami'ad.,每天養豬連累我們。
Tadamakalim ciira to sapidafo a makakiing.,他躍躍欲試去競選議員。
Limek sa ho kiso i kafoti'an ano tayni cira.,如果他來時你就先躲到房間。
Mari'an kira tawki saka o sawad niyam a matayal i Taypak.,那位老板很壞所以我們立即放棄台北的工作。
Matokatoka ko wawa nora tamdaw.,那個人的小孩個個都很懶惰。
O lalok no mako a micodad ko sakalatayring ako.,我努力讀書使自已當上警察。
Rarid sanay kako a matira haw?,我經常那樣嗎？
O to'as ita ko nimatangay tonini a omah itiya ho!,很久以前這塊田的開墾者是我們祖先。
O wawa iso ko mirasrasay tira naniwac i sefi.,是你的孩子在廚房將綠豆撒落一地。
Awa ko kihar no wawa han?,小孩子没有煩惱嗎？
Masarayarayay to kira 'awol a masanga' no kapah.,青年人已經將竹子製作成橋。
"Piko'en to mamang i terong no keliw, a pasakawili.",中間的線向左邊彎一點。
Ma'alopalay to no niyam kinian a pala.,這塊田園的杮子我們已經採收了。
Aka kapawan to nitolonan no ina!,不要忘記媽媽的叮嚀！
O mapato'ayaay to niyam i honi to epah ko mato'asay.,剛剛我們已經將酒獻祭給祖先。
O soemetay ko romi'ad anini.,今天的天氣很潮溼。
Madakaway niyam ko saikoray a paso.,我們有搭到最後一班公車。
Cikalapiyat ko kakarayan i no walian.,在東方的天際有閃電。
O fila' ato 'icep ko paro no 'alofo no mato'asay i tiya ho.,從前老人家的背袋裏裝的是檳榔和荖葉。
O tomok kora pakongkoay.,那位講故事的人是頭目。
Pafidangen a maemin ko mitanamay a komaen to wirok.,要給柚果之一瓣來試吃柚子。
"“Ati, malahok to kita” saan ci ina to widang no mako.",媽媽對我的朋友說：「來，我們吃午餐」。
Pararikahen no mato'asay ko epah a misengel.,老人家在酒裡裝蜈蚣來泡。
han to ko ngisngis iso haw!,早晨記得刮你的鬍子！
Palakakeridan i takowanan ko finawlan.,部落住民推我當領袖。
O midimokosay no mama ako ciira.,她是我爸爸的看顧者。
Fo'oten ni kaka ci Mayaw a malafi i loma'.,姐姐留住Mayaw在家吃晚餐。
Mi'ading koya tawinaan to ciwciw.,那隻母雞保護小雞。
Maolah a mihimed to kakaenen kora wawa.,那個小孩喜歡將食物隱藏起來。
Mitiwas ca Panay to sinar naira.,巴奈她們摘取她們家的西瓜。
Mianako' ci Osay to picocok no ising i kamay nira.,醫生在伍賽手上打針時發出疼痛的呻吟。
Caay pakaala kako tora i fafaeday a safon.,我拿不到那上面的香皂。
Si'atongolay kira nito'to'an nira a kilang.,他雕的木頭是有凸出的。
Pakakolacen nira mato'asay ko wawa nira.,那位老人家使他的孩子一無所有。
Kapahay ko nikimadan no miso.,你的演說很棒。
Maolah ko kapakapah a masasipatelaw.,年青人很喜歡互比肌力。
Paco'ongay to kora hana no mita.,我們的花都長新芽了。
Ocong ko lokot o nipalomaan no niyam i pala.,我們在田裡種了很多的山蘇。
Farasi' han ni faki to epah kami a milaplap to tatiihay.,舅舅對我用口噴酒以驅除邪氣。
Tata'ang ko paenan no loma' namo.,你們家的門好大。
Caay kaala a faca'en ko cica' no kilang i fodoy.,衣服上的樹脂不容易洗乾淨。
Mafafelih ko pipateli no miso to tilid.,你把書放顛倒了。
O mipacomoday i takowanan a pakatayal ciira.,他是讓我進去工作的人。
Kamec aka han ko kamay nira wawa.,那孩子的手不要握太緊。
O citadahay ko papinapina i takowan.,有幾個人有欠我債的。
"Cedam san ko kafi no dongec, pesi'en to 'atikiway.",藤心湯摻入小辣椒味佳無比。
Hodocen ako ko fonos nani cofel.,我把刀拔出鞘。
Padaydamen ko pikeling to katacomoli.,炒蝸牛要加辣椒。
O mipa'afatay i pipasirian ci faki ako.,我的叔叔送乾草去羊舍。
"Kalahokan to, sapipaosaan kako to hakhak tora malapaliway.",中午了，我很想送糯米飯給換工的伙伴。
Manengneng no mako ko pipalo no miso to wawa.,你打小孩被我看見。
Milaheci kako to picodad i Tasiy.,我一定要完成大學教育。
"Cacay lipay , pitoay ko romi'ad.",一個禮拜有七天。
Midahecong ko cecay a wa'ay ako i faedetay a nanom.,我另外一隻腳浸入熱水中。
Losimeten ni ina ko sakalingad ni mama a matayal.,媽媽整理備妥爸爸上工要用的工具。
O kolismas no niyaro'.,部落的聖誕節。
Mikiyafes a miemin ko pakaenay to kolong.,所有放牛的都採番石榴。
Karatomay ko lotok no pasaetip.,西邊的山很多熊。
A cima to to rocok ninian a ngasaw.,這個氏族會有誰來繼承。
O miki'eciway i pilisinan ciira.,他是豐年祭時的領唱者。
Sa'afesa'en ko sikaen no adadaay a tamdaw.,病人吃的東西要淡而無味。
O patiyamay to towami ko ina ako.,我的媽媽是開店賣麵的。
Cecay aca ko piala ni Osay to tomorak.,Osay只拿一粒南瓜。
Maleneng ko tamina noya mifotingay i riyar.,那艘漁船沉没大海中。
Hetec han to ko nanom nira kiro.,將酸菜的水瀝乾。
O micacakay to hemay kako i sefi.,我正在廚房煮飯。
O cirot ko misatikolacay a masoni i honi.,剛才發出竹雞聲的是赤背伯勞鳥。
O mironiay ci ina ako i pala.,我媽媽去田裡採絲瓜。
Halhalen naira kami a misalafang to tolo a romi'ad.,他們接待我們三天。
Mapacedi tato ko picokeroh no miso.,你推的太用力了。
Hinafadi' ko nipalomaan no mako.,我所種植的很容易枯萎。
Papisacawka i tamiyanan o kapah kira loma'.,那一家叫我們年青人為他們造廚房。
amoto misapotal.,攪拌沙子和水泥鋪成曬穀場。
Tosaay ko pacek i taya no otofay ako.,我的摩托車輪胎有二個釘子。
I tiraw ko picodadan niyam i nowalian.,我們的學校在東邊的地方。
Mikadom ko pi'ada'ada to ilisin no mita a lipahak.,其他諸部落參與我們的豐年祭分享快樂。
O pipato'ayaan to to'as anini.,今天是祭祖的日子。
Pakafana'en ni mama ci kaka a mitafokod.,爸爸教哥哥拋網。
Cacay folad kinacecay ko lisawot no niyaro'.,一個月一次部落集會。
Sicepo'ay ko tayal nira i Taypak.,他在台北的工作有成
O setek niyam a malekaka tira mifalatay a 'aol i lalan.,我們兄弟就把橫在路上的竹子切斷。
Kara'etot ci Toyaw.,Toyaw愛放屁。
Miceno' ci ina to wa'ay i nanom.,媽媽把脚浸泡在水中。
Pakacinas aka kasaan to katelangay a riko'.,舊衣服不要穿到撕破。
Renec sato kako to titi no fafoy.,豬肉吃得很滿足。
"Tada ocong ko pipananam, saka masa'a'amay ko hemay no mita.",水放太多了，所以我們的飯變成稀飯。
Caenget ko dacidac no mako.,我的白癬很癢。
Hemhem sa ho ko hemay.,飯才剛煮好並保溫著。
O ma'angliway ko sakaranam nira pakoyocay a tamdaw.,那位貧窮的人吃的早餐已經有過期飯味。
Micinas ciira to tipelok.,他撕紙張。
O fa'inayan a kakakaka caira.,他們是哥哥們。
Mapalananowang ko pinengneng no mako kora kilang.,我把那棵
O cokor ni mama ako konian.,這是我爸爸的拐杖。
Itiri' han no 'alomanay kira nipafelian no hoing a codad.,很多人讀了法院給
Nga'ayay a malosasanga'en to papaysoan ko falako no wani.,鱷魚皮可以製成錢包。
Parafasen nifayi ko pipitpit to wirok to sakino cila.,姨媽採收文旦剩餘留給明天。
O takaraway a maemin ko loma'i pasaetip.,西部的房屋都很高。
Papici'epen no mama no kapah kami to epah a mitefoc.,部落領袖懲令我們用口吸酒。
O 'adingo no mako kiraan a kohetingay.,那個黑色的是我的影子。
Mikarkar ci mama to 'alaneng.,爸爸挖田埂。
Naw tomangic kiso?,你為何哭泣？
Aka pinanom to kietecay a nanom ano malalisan.,感冒時不可喝冰冷的水。
Mi^mi han to kamay kira malifawaay a wa'ay iso.,請用你的手指壓你腫大的腳。
"Iyoy han no singsi kora sito,tangsol a mipaca'of ciira to singsi nira.",老師一喊叫那位學生，他馬上回應他的老師。
Tosa polo' ko tamdaw i kasacefang.,每隊有20個成員。
O tadakatalawan ko cacesces i pala.,在田裡眼鏡蛇最可怕。
Paricaricen no kolong i kilang ko tiyad.,那隻牛使肚子靠樹搓揉。
O macedengay ko 'orip nina mato'asay i niyaro.,這位老人家在部落的生活是慢條斯理的。
O maan ko nipayakayakan nira tisowanan?,她對你說了些什麼謠言？
Pakipaso kami a minokay.,我們搭公車回家。
Maolah kako a komaen to fitawngi'.,我喜歡吃木耳。
Pacakayen kiraan a nida'ecian namo anini!,賣掉你們今天所採的箭筍！
Tada mato'aya ko dingki no fatikar no miso.,你腳踏車的燈太向上仰。
O soto no foledi' ko paca'engetay i takowanan.,漆樹的汁使我的身體發癢。
Misapeti' to kolong.,鞭打牛。
I ngata no cacodadan ko loma' niyam.,我們家在學校附近。
O kohetihetingay aca ko cengel nora kiradom.,那布料的顏色原本就是黑色的。
O pitatokeman ni fayi kinian.,這裡是嬸嬸採龍葵菜的地方。
Marekenay no kilang kira waco i lotok.,那隻狗是被木頭壓住的。
Maadah to ko doka' ako.,我的傷口癒合了。
O 'odo no fidac ko sapaamid ni Mayaw ci Osayan.,Mayaw贈送給Osayan的禮物是珍珠。
O manayatay a koseta ko nicakayan no mako.,我買的靴子是伸縮的。
Sanengseng a nengengan kira fa'inayan a wawa iso.,你那個男孩子看起來很帥。
Matolokedaw a nenengen kina posi.,這隻貓看起來很像豹。
Disdis o hahaenen kira folo'.,那些箭竹必需削掉枝葉了。
Pakawananen ko tayal!,請協助導引工作！
Sasalama saan koya wawa to tingnaw.,那小孩一直玩電腦。
Adada ko koring no mako.,我的屁股好痛。
Sakietec sa ko kamay iso.,你的手冰冷。
Mikalang ko wawa i 'alo'aloan.,小孩在河裡抓螃蟹。
Hiko hato no tao i matini kira totok ita.,我們那個山上別人已重新開墾。
Maolatek ko pipalo nira to wawa.,他打小孩打得很過份。
O pohaw to no mato'asay a cayto pakaneneng to codad.,那是老人瞎了所以不能看書了。
O 'oway ko sapisanga ni akong to 'anengang.,阿公做椅子的材料是籐。
O misafa^loh kami a malama a misa'apilis.,我們父子倆重新開墾山坡地。
Kifetol ko canem i kakarayan.,天空的霧氣很厚。
Miasip to codad kako i kafoti'an.,我在房間閱讀。
O sakilangseng kina kilang.,這棵樹是要用做蒸籠。
Malopilimekan no widang nira ko nipicakay nira tonini a loma'.,他買這間房子是要用來他朋友的藏身之處。
Matomay ko kakawaw ni Toray a komaen to epah.,Toray醉酒後脾氣像熊。
Kakaya ko ngangoso'an nira.,他的牛鼻環很長。
O sini'ada no ina iso kinian a nihawikidan no mako a sowal.,我帶來的這席話是你媽媽的同情。
Cietan ko misinaraay anini a miheca.,今年採西瓜的人很賺錢。
Pa'afangen nira fafahian ko fa'inayan a widang nira.,那位女生讓她的男朋友搭肩。
Cifohetay kira lotok.,那個山有松鼠。
Talakawili ko adada.,疼痛轉移到左邊。
Cedem san i faloco' ko kimad no foksi.,牧師的講道深入我心。
Mipaetah kako to hana.,我要為花施粗糠肥料。
Mificin kako to felac i pipatifekan.,我在碾米廠買米。
O marina'ay to no mako ko sapicodad no wawa ihoni.,剛剛我已經在孩子上學的證明單上蓋章。
O cicir no fiyaw niyam konini.,這是我們鄰居用竹槽製成的水橋。
Adihay ko sasingaran no loma' namo.,你們家的窗戶好多。
Paca'edesay a maemin ko sowal no tomok.,頭目的每句話都是令人覺得嚴酷。
Milatak ci mama to omah anini.,爸爸今天在田裡打土。
Pafiwfiwen naira ko hata a pakafana' to nikatangasa naira.,他們揮動旗幟告示他們已抵達。
Renaf han no wawa ako ko cafeng no loma'.,我的孩子在牆上畫圖。
Mahecep no sawa'eran a facel ko nanom.,引來的水在頭一張水田裡就被吸盡了。
Ko^tem sa ko fokes iso.,你的頭髮真烏黑。
Cinganganay to no Pangcah kako.,我有原住民的名字。
Malikat ko hemot no 'alopaynay to lafii.,夜晚時螢火蟲的屁股會發亮。
Kadoh han nora kay^ing kako.,那位小姐吸引我。
Mapaceka no tawo ko mama noya Holam.,那外省藉的父親被別人棘傷心。
Ma'okak kina wawa to fafahiyan.,這小女孩很瘦小。
Cicengo' to ko nipalomaan no mako a kilang.,我種植的樹已發芽。
"Lalangiwngiw saan kiso, o maan ko epoc?",你一直發牢騷有什麼用呢？
Matayal ano dafah ko niyaro' saan ko tengil no mako.,我聽到的是明天早上部落全體要一起工作。
Mafaliyos ko romi'ad no mita o Taywan.,我們台灣正在刮颱風。
O milicica'ay ko tayal nira i Malaysiya.,他的工作是在馬
Cadi'ci' ko doka' a mapaiyo.,塗藥時傷口很痛。
Cariwciw saan koya ciwciw i dipong.,小雞在鳥巢中吱吱喳喳地叫。
Namimaan kiso iro 'angsaw ko fodoy no miso.,你做了什麼，為何你的衣服有烤火煙味。
"Fangsis a pa'adien to mamang ko hemay, ano o kasoy ko sapicacak.",用木材煮時會讓飯被煮到有鍋巴會很香。
Mapa'adingo no lamal ko kero niyam i lakelal.,火使我們在河邊跳舞有影子。
O mi'akikay to pinaloma kina kakedalan a cidal.,這乾旱季節的太陽使所有作物枯乾。
Parifowasen ko nanom i mintang iso.,使你臉盆的水滿出來。
Talakofaw a misakalahok ci ina.,媽媽去廚房煮午餐。
Ira ko sapaiyo ni faki.,叔叔有藥。
Aka ka pipalafo kiso i takowanan!,你不要嫁禍於我。
Mipaci^ci saan ko tomok to finawlan a miilisin i kafaliyosan.,頭目勉強部落在颱風天舉行豐年祭。
O lofa ko mi'orong to losid ita.,由驢子搬運我們的物品。
Pacaliwen ho kako toya kamoko'ay a impic.,那支短的鉛筆借我一下。
Kapido^do kamo to niketonan ako.,你們要遵守我所規定的。
Halihepol ciira to raraw no tawo.,他很容易寬恕別人的過錯。
O mafana'ay a misa'asoloay ko mama no mako.,我的父親專門製作木杵的。
O ma'eng'engay caira a malama a tatosa.,他們父子倆是口吃。
Pacipaten i kokofang ko saparatoh to finawlan.,請將部落的消息黏在公佈欄。
O marofoay a tamdaw.,被關的人。
Lima ca'or ko dafong nangra.,他們有五兆財產。
O ngota to i narikoran no faliyos ko tarawadaw.,在颱風過後河流的水都很混濁。
Mikangkang ci mama i omah.,爸爸在田裏犁田。
Mapaamoot no soemet ko fodoy i kafoti'an.,床上的衣服因潮氣而生霉味。
"Sato'eman saan ko romi'ad, mato mama'orad.",天好黑，好像快下雨了。
Cima ko kahemaway namo tatosa?,你們兩人誰比較輕？
Pakalahoken ko wawa iso!,給你的小孩吃午餐！
O sakapatelac no niyam kinian.,這就是讓我們犯罪的。
Cefos han ni Mayaw kako a mi'opic to fodoy.,Mayaw潑水使我的衣服濕透。
Menek sa kora wawa to romi'ami'ad caay ka cinglaw.,那個小孩整天靜靜地不說一語。
Kamo o kapah ko macakatay a masanga' to rawac no loma'.,你們年青人爬上去來做竹房頂骨架。
Mikawcong to ko wawa no mako.,我的孩子已讀高中了。
Ciposak ko pising ni Panay.,Panay臉上有飯粒。
Papataen ako ko manto a komaen.,我將饅頭加上奶油吃。
I wali ko cidal a masadak to dafak.,早上太陽在東邊出來。
O tadakacalowayan a micaliw to pida ko kingko.,銀行是最方便借貸的地方。
Kapido^do kita to limo'ot no to'as.,我們要遵守祖訓。
O mifotingay ko tayal no mama ako.,我父親的工作是漁夫。
"Awa ko kaliling i, maanen a mikohaw?",没有湯匙要怎麼喝湯？
O karasini'adaay to pakoyoc ci mama nira.,他父親對窮人常樂善好施。
O ni'opican no mako kiraan a sasifin i sapad.,在桌上那毛巾是我弄溼的。
Matakaway ko otofay ako.,我的摩托車被偷。
O makececay ko mata no miso i matini haw?,你現在的眼睛有在眨眼嗎？
Mirmiren nora kaying ko tatirengan nira a makero.,那個小姐跳舞讓身體抖動。
Pa'aresingen no Kawas to dafadafak ko semot.,每個早晨上帝都使草有露水。
Paketingen ko lofa i palofaan!,牽繫驢子到驢棚裏。
Tata'ang ko telii no mako i tisowanan.,我對你生了很大的氣。
O matelangay to kira kaysing.,那個碗已經陳舊了。
Kifetol ko filfil noni wawa.,這小孩的嘴唇很厚。
Kacifonos han ko kapah.,叫年青人帶刀。
Paangpaw ko ina ato mama i takowanan i pafilongan.,過年媽媽和爸爸發紅包給我。
O maan ko okosan iso?,你高傲什麼呢？
Fihfihen nira ko riko' nira.,她搖擺她的衣服。
Ohot san kiso?,你發什麼呆呢？
Kakaya' ko 'orip no rarokoh.,鱉的壽命很長。
O lomowa ko mi'ariwadangay to kayki niyam i dadaya.,流氓搗亂我們昨天晚上的會議。
Ma'orad to!,下雨了。
Hadi^di san ko singsi a pasifana' to maliyangay a sito.,老師很有耐心地教導不乖的學生。
O maokosay a tamdaw kirawan tomirengay i lalan.,那位站在路上的是很會吹牛的人。
Sepaten ko sariri no talo'an iso.,你的工寮要有四根柱子。
Mihalhal to lafang ko niyaro' i kailisinan.,部落豐年祭時會宴請來訪的客人。
Edoedoxan ko pasaetip.,西部都是草莓園。
Kakahad ko fonon naira.,他們家的水田很寬廣。
Misalinalinah ko adada no tiyad ako.,我肚子的疼痛移來移去。
Papicokerohen no mako caira to paliding.,我請他們推車子。
O 'acefel ni akong i lotok a miiloh kirawan.,那是阿公在山上燒的煙。
Ci'adipangpang ko hanahanaan.,花園裡有蝴蝶。
Masafitoka no fafoy ko faco nora kowa'.,木瓜的形狀像豬的胃。
Nanay malahongti ita ciira.,真希望他是我們的皇帝。
I papotal no loma' kita a malafi.,我們在前院吃晚餐。
Misimed cira to raraw nira.,他隱藏他的過錯。
O ni'osawan niyam kira hemay no niso.,你的飯是我們特別留下的。
Ci Cakay ko ngangan niira.,他的名字叫Cakay。
Mi'emetay kako to sakaso^soaw no tireng ako.,我是控制我身體逐漸肥胖。
Reko han no mita kira papitpiten anini.,我們就來完成採收的工作。
"Copelaken kako to 'icep, saka caay pi'icep kako.",我覺得檳榔太苦澀，所以我不吃檳榔。
Awa to ko hinang noni sakalatim.,這把剪刀已不利了。
Icowaen no miso a miteli ko 'iwas ako?,你把我的划槳放在那裡？
O patamohongay kira ina to wawa nira.,那位母親為她的孩子戴帽子。
Papirameten to kalodi ko wawa ita i lakelal.,在河邊讓我們的孩子抓緊泥鰍。
O kasoling ko pikalican ako tayra Taypak i ano cila.,明天我去台北的交通工具是火車。
Karalawla ciira.,他很喜歡開玩笑。
O singsingsi ko picodadan.,學校很多老師。
Masenat no folo' ko kamay nira.,他的手竹被箭竹劃傷。
No mita a todong kirana tayal.,那個工作是屬於我們的份。
Sakahecid saan ko kafi.,湯太鹹了。
Cofcof saan ci Mayaw to nitayalan no safa nira.,Mayaw白白享受他弟弟所賺的利益。
Howad han no 'alomanay a tamdaw ko tamina i Fotod.,在蘭嶼很多人將船舉起。
Pakalilingen ko patafoan.,便當盒中請備湯匙。
O macodahay a maemin ko kapah no Pangcah.,阿美族的青年都很勇敢。
Ciherang kako itini a matayal.,我在這裡工作很受尊重。
Lima a kofo ko omah na Payrang.,Payrang家的田有五公頃。
Komoden ko kapah a mikayki kita!,去將青年們集合起來，我們要開會！
Micacak to sakalafi ci ina.,媽媽在煮晚餐。
Malemed kako citatodong to demak.,我很幸運能負責這件事。
O likat no folad ko lakelaw no mato'asay a mitalakal to mangcel i tiya ho.,從前老人是藉月光設陷捕山羌的。
Koesan ko kani' ni fayi ako i niyaro'.,在部落我嬸嬸的糯米酒很甜。
Makakinih ko pisawkit nona tamdaw.,此人的評論不公正。
Korahot han no lotong ci ama no mako.,我的祖母被猴子抓傷。
O tarimasa' no kengkeng kiraan a soni.,那個聲音是水溝滴水的聲音。
I fafaw no Poseko ko kayakay no sinamalay.,鐡路橋樑在玉里的上游。
Mingohah ci kaka ako to dadayadaya.,我的哥哥每天忙著約會。
O esang no mako konini.,這是我的奬賞物。
Malatarawadaw kina sa'owac a talararem.,這條溪流下游變成河川。
O rekrek no finawlan i pinenengan to ika.,在電影院裡居民齊聚人多。
Mafaking no mato'asay ko ma'esosay a kapah.,老人懲罰放屁的年青人。
Pacomoden i dofot ko payso no miso.,將你的錢放去口袋。
Maolah ko kolong a misaronang i mangota'ay a nanom.,牛喜歡在污濁的水中翻滾。
nanicicilitan a kakaenen.,基改食品(基因改造)
O nirekadan no kakeridan ko kalahitay no fa'inayan.,男人當兵是被長官命令分梯次。
Pacofelen kora raraya'ay a hawan no miso!,請將你那支長刀配上刀鞘！
O sapihapinang no mi'adopay a konis konini a konis.,這個記號是獵人回家的記號。
O 'osaw no kinarigo koni a falah.,木材燒完後剩下灰燼。
Tatiih a awaay ko ondo no mato'asay i loma'.,在家裡老人家不能沒有運動。
Corah han ni mama ko katelang a tarokan.,爸爸將陳舊的雞舍給焚燒了。
Marataratar a lomowad ko wawa no Pangcah.,阿美族的小孩個個都起得很早。
Maolah kako to cidofotay a fodoy.,我喜歡有口袋的衣服。
Makerid kako ano cila a talariyar mifoting.,明天我會被帶去海邊抓魚。
Misalafii a matayal ciira.,他整夜工作。
Anocilaen a miherek a miamoto.,但願在明天完成打水泥的工作。
Misaoh^ooh^oh kina tiyad ako.,我的肚子咕嚕咕嚕地叫。
Roroh han no kapot kako i katayalan.,在工作的地方同事嫁禍於我。
Mala'anengang no mita kira kasoy.,那個木材變成我們的椅子。
Tastas sato ko fatikar ako.,我的單車已壞掉了。
O fafahiyan ko micekcekay to amoto i pisaloma'an.,女性在建築場地負責擠填水泥的工作。
O kakeroan no finawlan ko potal.,廣場是部落跳舞場所。
Pasefien ko fa^lohay a talo'an iso.,你新的工寮要有廚房。
I imeng ciira a matayal.,他在派出所工作。
Kalasangra'ay ho a lomowad to dafak.,早上要成為最先起床的。
Cikadit ko fodoy no mako.,我的衣服有髒污。
Papikececen no isin kako to mata a mihapinang to adada no mata.,醫生讓我眨眼來觀察眼睛的病變。
Pangoseten nira wawa ko fodoy i kakamayan.,這個孩子在他的手袖上沾染了鼻涕。
Ci Acin ko ngangan no 'ali ako.,我的弟妹的名字叫做Acin。
Mifihon to pising kora kakikongen no mita anini.,今天舉行婚禮的人在化妝。
O lafi to ko sakataloma' niyam nani pala a maomah i nacila.,昨天我們在田裡工作已經是晚上時間才回家。
Aka palakolong to tamdaw!,不要奴役人如牛！
Makapahay a tengilen ko mangatowa'ay a romadiw.,那張開嘴巴的唱歌很好聽。
Tanodahetal saan ko pasaetip.,西部很多平原。
Hakowa ko dadahal no kanatanatal.,世界有多寬。
"Tongalen ko safadot, ta mahemhem ko 'inafa.",添加襁褓以保暧背上的小孩。
Macahiw ko mimaliay.,打球的人滿身大汗。
Tata'ang ko telaw nira fa'inayan.,那位男士的手臂很粗。
O mi'enafay kako to lakaw i potal no mita.,我是在廣場焚燒垃圾。
"Fetiken ko mato'asay, ta mipalemed i titanan!",向祖靈祈求祝福！
Kala'anengang han nira ko fakeloh a maro'.,他將石頭當作椅子來坐。
I kakereman ko pinokay no mako.,我會在傍晚回家。
Conoh aka ka saan a pakaroray to ina iso.,不要把責任推卸給你的母親。
I pafafoyan a micacak ci ina to fonga.,媽媽在豬舍煮地瓜。
a wayway koraan a tamdaw.,那個人是以壤行為影響別人的人。
Kifetol ko canem i lotolotokan.,山嶺的霧氣很濃厚。
Parefongan ni faki ako kinian o sapiteker to fafoy no lotok.,這是我的舅舅挖洞用來陷獵山豬的。
"Mato'asto ko tamdaw i, ongang sato ko pinangan.",越老所有的作為都笨拙了。
Kara'oneray kina sa'owac.,這條溪很多蛇。
Cima ko caayay kaolah to fodawan?,誰不喜歡黃金呢？
O malakahemaway ko tireng no mako.,我的身體變輕了。
O hawad nira wawa a micodad to ngangan nira i pisekingan.,那個孩子在考場放棄了寫自己的名字。（放棄考試）
O micokeray a maemin ko paro no loma' niyam ci Kolasan.,我們全家人都是Kolasan的支持者。
Mamicakay kako to fa^elohay a koco.,我要去買新鞋。
Mafangafang ko i loma'ay to tayal no omah.,家人忙著田裏的事。
Malatamdaway a 'oner.,變成人的蛇。
Papikaykien ko niyaro' a miketon to tatayalen.,讓部落開會決定工作項目。
"Cepa'en ko sapisisit to sapad, ta makorac ko sapad.",請將抹布弄濕擦桌子，桌子才會乾淨！
Mapacofay no yofing ko tikami ako.,我們的信被郵差退回了。
Maminaw ko sowal ni Dawa.,達瓦說話口齒不清。
O maan ko mamalien no mita?,我們要打什麼球？
Hetecen kora miilangan a 'oled.,把研磨好的米汁榨乾。
O kafi no foting ko mico'afay i ciraan.,他是被魚湯悶塞的。
Kareteng ko 'inorong no faloco' nira.,他心裡的負擔很重。
Enep sanay kako tora fafahiyan.,那女生很迷惑我。
Mapetek ko saasik nira.,她的掃把斷掉。
O hacol no kolong ko sakalahal no mako.,我是喝牛奶長大的。
Palaposi saan kako to waco.,我把狗看成是貓。
"Caheni ko tireng no mako i matini, saka mililoc kako.",我現在身體很癢，所以我要去洗澡。
Mi'ad'ad to maamaan ko mitakaway a tamdaw i loma' ako.,小偷就在我家掘翻東西。
Paringien to ni'ot'otan no mako kira kongko.,故事要和我雕刻的相像。
Palacayna han ni fayi ako ko fakici niyam.,姨媽把我們的水桶當成菜籃。
Papiciwien ko wawa to katalawan a lalan.,讓小孩閃避危險的道路。
Kalacawka hanto naira kora 'ariri.,他們把倉庫當作廚房用。
O taloc to ko demak ako a maomah.,我農事工作已經延遲了。
Matokalapiyat ko cikay no pa'oliday fo'is.,流星的速度像閃電一樣。
Mararid madoit kako talapicodadan.,我上學常常遲到。
Cedo' san kora waco i nanom a mililoc.,那條狗跳進水中洗澡。
I cowa ko da'oc no tamdaw hakini?,人的終點在哪裡呢？
Tahira saho kako i katayalan.,我剛到那兒工作的地方。
Kahemot san ko wawa ako to fafahiyan.,我的女兒屁股很大。
Maopoh ciira a dademak.,他做事勤快又迅速。
Keting san ko fafahiyan tora kapah.,那女的黏著不離那位青年。
"Henot sa ko lalan to nikararid no 'orad, talahenot san a romakat.",天氣一直下雨馬路都一片泥濘難行。
O piyang ko sakasied no 'a'enocay nira.,是糖果使他的喉嚨卡住。
Falic han koni a codad.,把這本書換掉。
"Mamangay to ko paro nora tangtang, saka kiyot han ni ama to tarodo' ta maala koya 'apol.",石灰盒裏頭的石灰很少了，所以阿嬤必須用小姆指挖取才拿得到石灰。
O cayna ni ina ako kinian.,這是我媽媽的菜籃。
Raraen niyam ko tayal i misalingkaay.,在做紅磚的地方我們工作慢慢的。
I cowa kamo a milalopela'?,你們是在那裏撿水木耳的？
Mimaan a ingeten ko wawa?,為什麼要責駡小孩呢？
Adihay ko kilac no mako to nipafelian no singsi a 'odax.,老師分給我很多糖果。
Sokadi han no waco kira nipawalian a panay.,那曬太陽的榖子被狗踐踏了。
Makapah ko nikolitan nira.,她畫的圖很漂亮。
Ira ciira a tomireng.,他在那兒站著。
O sasapalaen no niyam kina nahikoan.,這個開墾地我們要當做田地。
Kalalo'op kiso!,你要洗臉！
"Idengaw, nga'ayay kiso anini han?",親愛的啊！你今天可好啊？
O siparoday to kira tamdaw.,那個人已經有家庭了。
Mitipelak ci mama to sapad no cafong.,爸爸剝開房子的牆壁。
Ka'osian ko micoliay to ina a tamdaw.,對母親回嘴的人是最令人討厭。
Raraya ko kaos no koco no miso.,你鞋子的繫繩真長。
Aka patelas sa a mifalah to lakaw.,不要亂丟垃圾。
Miekor kako ano mafoti'.,我睡覺會打呼。
Tolo ko fita'ol no 'ayam i dipong.,鳥窩裏有三顆鳥蛋。
Pacefa han no wawa a mifahekol ko ni'arian a kofoc.,小孩子隨便將打破的碎酒瓶丟棄。
Mifohad to fokeloh a mikilim to kalang i lakelal.,在河邊翻開石頭找螃蟹。
Mararitingay kira heci no kowa' iraw i faled.,在上面木瓜的果實相連結的。
Caengar han ni ina ko fonga a micacak.,媽媽用大鍋水煮地瓜。
Dopoh saan kora kaying a misadateng.,那小姐殷勤種菜。
I sarikoran no loma' ko pipakodiwisan niyam.,我們的兔子籠就在家的後面。
"I 1895 a mihecaan, misatapang a mikowan ko Ripon to Taywan tangasa i 1945 a mihecaan.",日本自1895年開始統治台灣至1945年。
O tata'angay ko loma' no mako.,我的房子是很大的。
Pawalien ko parok.,請去曬棉被。
Misa'osi ci mama to lifon no matayalay.,爸爸在計算工人的薪水。
Fangsis ko sanek nina hana.,這朵花聞起來真香。
Ki^tec ko nanom no pidangoyan.,游泳池的水很冰。
Maolah ko safa a midi'i ci inaan a mafoti'.,妹妹喜歡和媽媽依偎著睡覺。
Misi'ayaw ko loma' niyam to loma' na Kacaw.,我們家面對著Kacaw他們家。
Falihenaw sa ko faloco' a pakatengil toni a ratoh.,聽到這個消息心中非常驚慌。
"Matocacopi ko kamadikmik no wawa, caay kamenek.",小孩像蛆蟲一樣蠕動個不停，一點也不安靜。
Sacoyohen ko wayway ita.,我們的行為要像天使。
Caay ka eca a milaecer ko fafahiyan a masofoc.,女性生產時必定要使力才能生出小孩。
Adihay ko porang no lalidec i tatihi no lalan.,路邊有很多九芎樹的落葉。
Mi'ariray ci mama i omah.,爸爸在田裡採玉米。
Malakapah ko tayal no mato'asay.,耆老的工作像年輕人。
Mapacangaw ni Kacaw to ekim ko malofafahi nira i pipatapangan.,訂婚時Kacaw為未婚妻戴上金項鍊。
Fola san ciira a matawa.,他傻傻地笑。
Malapawirowirokan ko pala no 'Olalip.,屋拉力(鶴岡)部落的田變成柚子園。
Malopihen nora wawa ko saasik a maefer.,那小孩將掃把當成羽毛來飛。
I dafdaf a mipaloma to fonga kami.,我們在平地種地瓜。
Marafrafay ko lamal i saikoran no loma' ita.,我們家後院有熊熊的火燄。
"Masongaliw to ko nikacacak, saka panayen to.",（稻子）已熟過頭了，所以也去收割。
Paciciren i fafaed no 'alo a patayra i omah to nanom.,在河谷上架設水橋引水到水田中。
Mamang ko rihi i omah niyam.,我們的田埂很小。
Pakawkaw hanto ko 'awol a mi'adawis to 'icep.,把竹子接上鐮刀割下檳榔。
Ocong ko talod i lawac no lakelal.,河邊很多芒草。
Mariparipay ni kaka ako to koris kira fiher.,那個輪胎被我哥哥塗抹了黃油。
Talacowa ko rakat no mita?,我們要走到那裡？
Lileng sato ko tangal nifaki i kafotian i matini.,阿公現在在床上頭暈眩。
Maolah kako to katayni namo.,我歡迎你們到來。
Kaliyalaway ko cengel no pawli ano marohem.,香蕉成熟時顏色是黃色的。
O kefing ko sakalalisan nira.,他發燒的原因是患了痲疹。
Misakiemel kako a micodad.,我要用功讀書。
Pakilingen ni ina nira ci Osay i omah.,烏賽的媽媽在田裏給她戴上遮陽（雨）具。
Maherek to a sanga'en no Talo ko tata'angay a 'acer.,大陸已經完成了巨大的水壩。
Malafiyafiyaw caira.,他們互為鄰居。
Parihongen ko kafi.,湯要加紅豆。
Sacacay aka ka saan a talalotok.,不要獨自一人去山上。
Mipaosa to sakalahok no matayalay kako imatini.,我現在要送工人的午飯。
Picaa' a mitolon to Kawas.,請仰首向上帝禱告。
O kalifotan a tamdaw cira.,他是一位麻煩人物。
Papatayra kako to nifotingan ni mama ako i loma' namo.,我要送爸爸所捕獲的魚到你們家。
O nisaepahan ni ina koni.,這是媽媽製作的酒。
O pacarofacofay ko 'orad no dadaya.,晚上的雨會帶來霧氣。
"Aciya, loci' sa kiso ano malasang!",哇塞！你酒後容易吐真言。
Mikikasi ko wawa i patiyamay.,小孩去商店買糖果。
Efeng han ni mama ko fakeloh a mipolo ci kaka.,爸爸投石打哥哥。
Ekel han ni mama kora nironican nira a kolang to fakeloh.,爸爸用石頭壓他所揉的芥菜。
Caay kanga'ay a tefingen ko pacala'an no mi'adopay.,獵人放置顎骨的地方不能輕易碰觸。
Miliso' kami to akong i nacila.,我們昨天去探望阿公。
Diheko ko romi'ad anini.,今天天氣很暖和。
Macelcelen ci mama to kasoling saka pakafaso ciira.,爸爸因火車很
"Komimiten no singsi ko tangila ako, nawhani caay pitengil kako to sowal nira.",老師捏我的耳朵，因為我没聽她的話。
Malecaday ko picodadan no mako aci Kolas.,我和古拉斯是讀同一所學校。
"Pikohaw ko miso tina kohaw no foting, ka^so'ay!",你來喝這魚湯，真好喝啊！
"Fiwfiw san ko fali, matefad ko papah no kilang.",風輕輕地吹著，樹葉片片落下。
"Maliyangay kami o sito anini, mangalef ci Angah.",我們同學們今天很不聽話，特別是安卡。
O howak ko i fanaway a midangoy.,鴨子在池子裡游泳。
Madimokos ni ina ko wawa ako.,媽媽照顧我的孩子。
Aka pipakaroray to ina.,不要煩媽媽。
Masa'ika'ikay ko nikangkangan ni Tomay a sera i fonon.,Tomay犁的田泥形成一塊一塊。
Tanopara' saan ko pisanga' no mako to 'atomo.,我製作陶器的底部非常大。
O masangasaway ko Pangcah a finacadan.,原住民是有家族的組織。
Safaw tosaen ko pawti.,有十二包米袋。
O micekerohay kami to kelakela' a macokacok i pala.,我們在上坡的田裡推牛車。
Kaeso' ko kafi no foting ano pacamolen to 'adiyam.,如果魚湯加點生薑特別好吃。
O 'okak no waco kinian.,這是狗的骨頭。
Mala'atang to ko kasoy.,木材變灰燼。
Defit san kora wawa a sowalen no ina nira.,那小孩被他的媽媽一說就嘔起氣來。
Rahekad han to ko hakhak malo sakalafi no mita.,就蒸煮糯米飯來當我們的晚餐。
Fotfot han no kolong ko salipata'.,牛將繫牛草拔掉了。
Lopisak san ko posak i pising nora wawa.,飯粒散布在那小孩的臉上。
O sapimaanan konini a koreng?,這個陶器是要用來做什麼的呢？
Tangasaen i tolas no 'orip ko pihadi^di.,要忍耐到生命的終了。
"Masasiolah, mapapadang kami.",我們相親相愛互相幫助。
"Sakohenac sa ko fokes iso, o maan ko sakalolo iso?",你的頭髮真滑順，你是用什麼洗髲的呢？
Awaay ko pinang ako tona demak.,我對這件事不清楚。
Ranam hato han ko mama iso i pitoay ko toki.,在七點時就叫你爸爸吃早餐。
Papicepa'en ci Toray to pipalomaan to hana a sera.,請Toray弄濕花圃的泥土。
O paseka'ay caira a misakawas to dadaya i tamiyanan.,他們在晚
Ma'akik to maemin ko nifariwan a kilang ato semot.,砍伐的草木都已乾燥了。
Aloman ko tamdaw i patademan anini.,今天墓地好多人。
Makadohay nora kay^ing kako.,我被那位小姐所吸引。
Mikedec ci mama to saketing no kolong.,爸爸繫緊牛栓。
Micorah ci ina to lakaw i potal.,媽媽在庭院燒垃圾。
Pangawa'en kira ca'ca' o pilaliwan no foting.,讓竹簾有缺口可以使魚逃走。
"Malawit ko cecay a mihecaan, na patatikolay ko tamina niyam.",我們的船要過一年才會回來。
Na'onen ko damay no fakeloh!,小心石頭上的水草！
Lalima ko fafoy niyam i sakoray no loma'.,我們家後院有五隻豬。
O fadas ko nipalomaan ni ina i pala.,媽媽在田裡栽種菜豆。
Miefaw kako to tayal a misakilang i lotolotokan.,我在深山裡承包種植林木的工作。
O pecih no siping ko sacocop ni ina to wawa nira.,媽媽以半塊喜餅為禮物帶回家給孩子吃。
Aka pisimed to raraw.,不要隱藏過錯。
O kaacekan ko 'otoy a kakawaw no tamdaw.,最噁心的是人的私通行為。
Cietan haw a misa'ayam?,養雞有利潤嗎？
Ngerngeren ni akong ko kilang a palaslas to heci.,阿公搖動樹以利果實落下。
Tolo' a sato ko wawa ita a tahefikod tirana fokeloh.,我們的孩子可能會因為踢到石頭而跌倒。
Sipasip han to sopa' maadahay to.,用口水塗一塗就會好了。
O nasi ko nipalomaan noTaloko i lotok.,太魯閣族在山上種梨子。
Dokdok han nira a miala ko payso ni ina nira.,他偷偷地拿了他的母親的錢。
I dofot a mapateli ko payso no mako.,我的錢放在口袋裡。
Mo^tep ko wawa I potal a misalama.,現在有十個孩子在廣場玩。
Kara'o'ol ko kakarayan i kasienawan.,冬季天空多雲。
Halipayciay ko a wawa nira.,她的小孩愛要錢。
Paamid ci Kolas to ekim ci inaan nira.,Kolas送黃金給他的母親。
Koesan ko sowal nira.,她說話很甜。
Tadaimpacekem to pising no mako ko kietec no romi'ad i kasienawan.,冬天的冰冷天氣真的使我的臉感到很刺痛。
Macaloh ci kaka ako to sakacifafahiaw.,我哥哥急著想要娶老婆。
O kakahemekan ko picodad i takaraway a picodadan.,在最高學府讀書是值得欣賞的。
Cisioyay a mapateli ko cilah.,鹽巴是放在飯鍋處。
Kara'alic ko lomaloma'an.,住宅區很多麻雀。
Mafaca' to ni ina koya fodoy?,那件衣服媽媽已洗過了嗎？
Siroma ko lifot noni demak.,這件事情特別麻煩。
Pasalaenoen ko kapal namo.,請將你們手掌向下。
O mapangkiway ko picodad no mako.,我讀書讀一半。
O rarekoen ho kira cacodaden no mako ta manga'ay a miholol.,我先來完成我要寫的功課才可以玩。
O roma ko hanahan no waco.,狗的喘息很特別。
"O dadawdawen kira fodoy a mitarang, ta ma'icang.",衣服用火烤才會乾。
Cai kangodo kira mikahotay to kodasing a wawa.,那個一手握抓花生的孩子不會不好意思。
Mapadiheko ko faloco' ako to sahinom nira.,我的心因她的安慰而感到温暖。
Matastas ko koliciw ako.,我的單車故障。
Cilalipana' kinian a papah no kilang.,這棵樹的葉子有毛毛蟲。
Mapalamitakaway cira?,他被誤認為小偷？
O pilipayan i nacila.,昨天是禮拜天。
Laliniken a miteli.,放裏面一點。
Ana! O wawa ako!,危險啊！我的孩子！
O ciwcika no kiyokay.,教會的十字架。
"Fohat han ho ko sasingaran, ta malahedaw ko sanek no kaso.",暫時開著窗，瓦斯味才會消失。
Misafelafelat ko fo'is i kakarayan.,天上的星星一閃一閃地發亮。
O sasalongaen ni akong konini a 'awol.,這些竹子是外公要製作籃子的材料。
Matorarokoh ko nafoy pinafoy.,小孩像鱉匍匐前進。
Laecaan ko safa ako i kafoti'an.,我的弟弟生病不起。
"Macepa' ko kamay nira a mihodoc to satingki no hemay, saka matimel ciira.",他手濕拔飯鍋電線，所以被電到了。
O takaraway ko nga'ayay to poeneray.,高的比矮的好。
Mama'akik to ko doka' no wa'ay ako.,我腳的傷口快要癒合了。
Pawikolen kina fasiyaw!,使這風箏掛上長尾巴！
"Koni faedet no romi'ad, nga'ay to a miecak to fita'ol i lalan.",天氣熱得可以在馬路上煮雞蛋。
Kangodo kita to mato'asay.,我們要尊敬長輩。
O kaka ako ko mi'is'isay I takowanan i nacila.,昨天是我的哥哥幫我理髮的。
O soni no silamalay kira tarektekay.,那個陣動聲是火車的聲音。
O mirotarotay to kilang ko tayal ni faki ako i lotok.,在山上我的叔叔的工作是鋸木頭的。
Misakalafiay ci ina i demi'.,媽媽正在廚房煮晚餐。
Ci adada ko fala' no mako.,我的肺發炎。
Malalahod ko nanom ano makerah.,水蒸發為氣。
Palokelongen ko kolong i lawac no 'alo a mipakaen.,讓牛走下坡到河邊餵食。
Sailalek sa kiso a mililoc?,你洗澡怎麼洗得那麼久啊？
O ni'efecan ni fayi ako kiraan i tangalay nira wawa a sasifin.,那孩子頭上的毛巾是我阿姨綁的。
Pina'on to rafraf a mi'enaf to 'asisiw i pala.,在田裡燒稻草注意熊熊火燄。
Milipida ci mama anini.,爸爸今天領錢。
Sadamsayen ko kakawaw.,行為要很溫柔。
'Adapaw saan kira 'oner a mitala to fitakola.,蛇在埋伏等青蛙。
Maolah ciira a mikomimit i takowanan.,她很喜歡捏我。
Kalakaka to ko kakawaw no miso.,你的行為可以成為哥哥（或
O mamikapot to kalokayki ko tapang no niyaro'.,部落頭目必須參與各樣會議。
Micofcof ko safa nira to nitayalan nira a lifon.,她的弟弟白
Orat sa kako to sowal iso.,我對你說的話摸不著頭緒。
Capet han ko nitekolan ako a mali.,要接我投擲的球。
Makalim ko wadis ako.,我的牙齒酸痛。
I picengelan caira malikaka a matayal.,那個兄弟在染色工廠工作。
Cengaw saho ko mata no totoy.,小狗的眼睛才剛剛睜開。
Pakafosen a micacak ko tangkoy.,煮冬瓜時加點蝦子。
Micakay kako to cilah i honi.,我剛剛去買鹽巴。
Karasalopiko ko lalan no niyaro' niyam.,我們部落道路到處都是叉
Adihay ko kolas no panay.,稻子的間苖很多。
O pakaciwan kina talo'an.,這個是養鵝的草屋。
"Maherek a mikofit to saowal ko tomok i,  awaay to ko miliyaway to somowalay.",頭目下結論之後就没有人敢再提出異議。
Madefit a sowalen no singsi ciira.,他很嘔老師說他。
O misakoko'ay ko loma' niyam.,我們家是養雞的。
Ma'imacay a maemin ko hawan niyam o kapah.,我們青年的刀都很尖銳。
Macolok no mi'adopay kona fafoy no lotok i nacila.,這條山豬昨天被獵人用槍矛刺穿。
Mi'adimaceng ko mato'asay i 'ayaw to sapifaca' to fodoy.,以前老人
"Ikang san koni tamdaw, awa ko kafana'an nira to ngodo.",這個人很高傲，一點都不懂得含蓄。
O taneng iso ko kaimahan no mako.,我羨慕的是你的智慧。
Masoni ko dadayday i 'ayaw no kalafian.,晚餐之前蟬有叫聲。
Mapato'ol ko faloco' no wawa ano micerem to ko cidal.,太陽下山後容易使小孩心中產生孤獨感。
Pasolinen ko sowal no mako.,請相信我的話。
O tatefaden no salikaka ako ko pida i yofin.,我的姐妹將郵局的錢提領。
Lowid a hato no mari'angay a tamdaw kita.,壞人可能擊敗我們。
Fahekol han koni a dofang!,這個東西丟掉！
O fangcalay a rayray no niyaro' ita kinian.,這是我們部落最好的秩序(傳統)。
Cima ko mihelopay to walay i kaysin ako.,誰將我碗裡的麵一飲而盡。
Halamham sa kako to nikatayni ni Panay.,我很期待Panay的到來。
Pakayofin han ko pipaower to tikami iso.,你的信經郵局寄出。
"itini a matayal, nawhani ira ko kaka ako a mikerid i takowanan.",我在這裡工作很放心，因為有哥哥帶領我。
Pa'afiliden ni ina kami a malekaka to sapatisod a fodoy.,媽媽讓我們姐
Kayat han ni kaka ci mama a panokay.,哥哥牽爸爸的手。
Maolah ko aniniay a kaying to ngiriw sanay a tireng.,現在的小姐都很喜歡苗條的身材。
Falah han to koya maponi'ay a lingko!,把那腐壞的蘋果丟掉吧！
Adihay ko cekiw niyam i dadaya.,晚上我們挖了很多螺貝。
I 'adawang kita a matatala.,我們在集會所會合。
Miingid kako ci Panayan a maro'.,我要靠近Panayan而坐。
Mapiyok ko hakama noya kaing a masakero.,那小姐的裙子隨著她的舞姿飄動。
Lasak han to kora nisalinikan a demak!,公開那秘密的事情吧！
No dingkiay a sapihpih.,電風扇。
Foheci han nira koya kodasing a misalama.,她剝花生皮為樂。
Pasipasipen ko kangkoho to doka no miso!,請護士幫你的傷口塗藥。
O kotem ko romi'ad a no cila saan ko sinpong.,新聞報導說明天將是陰天。
Pakingsa ciira to fadowac nira i isingan.,他給醫生檢查他的肋骨。
Cecay a kahot ko nialaan nira a piyang.,他拿一把抓的糖。
Mitahepo to pising ko fafahian no Arapo.,阿拉伯的女性都會蓋住臉龐。
Cangray sato to kilang kako to roray no tireng.,因為身體的疲累，我就依靠著樹了。
"Maco'ay no tao ciira, saka awa sato a taloma'.",他們被別人復仇所以都沒有回家。
Pi'iw sato cifayi ako a misinafel i pala.,我的姨媽嚴重跛腳在田裡撿菜。
O pi'adideman no misakaykoay kinan a 'etal no lotok.,山上這塊地是養蠶的人採集桑樹的地方。
"Kowaden ko hemot no miso, miliyas ho, mi'asik kako.",將你的屁股抬起來，離開一下，我要掃地。
Didisen ko ca'ang no kilang.,請把樹枝削除。
Fanohongay ko nisasirawan ni ina ako.,我媽媽做的醃肉很香。
O pikenawan ni fayi kiraan a padatengan.,那個菜園是嬸嬸採葱的地方。
I tokayay ko loma' no mako.,我的家在都市。
Mifowi' ci ina toya sinar.,媽媽剖開那顆西瓜。
Ocongen ko pihawikid to felac.,帶多一點白米。
Epec han no kapot ko wawa iso i picodadan.,你的孩子在學校被同學瞧不起。
Tata'ang ko fali i pariyar.,海邊風吹的很強。
O maseka'ay kira mato'asay i loma'.,那位老人在家裡休克的。
Serser sato ko faloco' no finawlan.,部落心已經下降了。
O ma'akong ko lalan a talafakong.,往豐濱的路是彎彎曲曲。
Siceka i kawili a saripa' no mako.,我的左腳板有刺。
O halikaedahay ko 'Amis a tamdaw.,阿美族很喜歡辣的。
Macekcek ko niparoan niyam to kiro i kofoc.,我們把乾酸菜硬裝進瓶子裡。
"Reponen ho no mita konini a tayal ta, pahanhan kita.",我們先完成這個工作才休息。
O dadahalay a sala ko pipatelian to nikelingan a sinafel ita.,我們要用很寬大的盤子裝炒過的菜。
Cidadacdacay to dafadafak ato dadayadaya.,大清早和傍晚都有蟬聲。
O pasaririan no loma kira helong.,那個洞是主柱子的位置。
O adada no mama ako ko kasanawsawan no mako.,我所擔心的是我爸爸的病情。
Cima ko nipatikamian no miso?,你寄信給誰？
Papingitiden ni kaka kira waco to sinfon.,哥哥讓狗嘴咬新聞報紙。
Falo ko wa'ay no felalotong.,蜘蛛有八隻腳。
Malalen ko co'ong no sinafel i omah.,在這裡所有的菜都一致長了嫩芽。
O mifakongay ci Ina no mako a mipaloma i kasala'ed no loma'.,媽媽去採螫蟹花種在家與家的中間。
Pawadis kina waco.,這隻狗張牙露齒。
O cong ko lakis no to'as I taliyok no mita.,我們周邊有許多是祖先所留傳下來的生活。
Mitarang to kocoseta cira.,他在烘暖靴子。
O sakapapito kako.,我排行第七位。
O mi'isalay kako to panay namo a tayra.,我去是要去分得你們的稻榖。
Ma'iwil kako to wayway nira.,我厭惡他的行為。
Awaito ko simal no otofay no mako.,我摩托車的油沒有了。
talalotok.,那位老人家去山上不穿鞋子已經不覺得赤足疼痛了。
Kiningen ko kalodemak nira to finawlan!,請紀念他為族人所做的事！
Mitengil kita to sowal noya tamdaw.,我們來聽那個人說的話。
Limaen ko kaysing.,要五個碗。
Fanetfet a ca'dongen koni a fodoy.,這件衣服穿起來不方便。
awa ko maan itini.,這裡沒有什麼。
Maadah to ko doka' no miso?,你的傷口痊癒了嗎？
Cangra ko romadiway ano dadaya.,今晚輪到她們唱歌。
O 'anglisay kako to nano pifotingan no mako i fanaw.,我現在有魚腥味是剛剛我在池塘抓魚的。
Padetengan a milawa saw?,又不是故意遺漏的？
O sakatatosa a kaka ako ci Sawmah.,掃瑪是我的第二個姐姐／哥哥。
Masakawili ko demak noni wawa.,這個小孩的行為偏差。
Miasik ci Panay to potal.,巴奈掃外面的庭院。
O maeferay a facacido' o mamangitid no 'ayam.,會飛的蜻蜒會被鳥叼吃。
O sapicacak to hakhak kina langseng.,這個蒸籠是用來蒸糯米飯的。
Hatocepi' ko tata'ak noya nifotingan ni mama i dadaya.,昨晚爸爸捕到的魚像腿一様大。
O mi'adidemay caira a talalotok anini.,他們今天上山採集桑樹。
Mifarasi' ko Pangcah i kalilisian.,阿美族趁洪水暴漲時在河岸撈魚。
Cadok han a patalakadac ko capox.,把秧苗鏟起放在插秧籃中。
Papitahka kami to miki'a'amayay.,我們宴請乞丐吃飯。
Talasa'owac a mifoting ci faki.,舅舅去河邊捕魚。
Keton han to ko sowal no mita.,就將我們的談話作個結論吧！
Mimaan kita i matini?,我們現在做什麼？
Malonenay ko Kalinko anini.,今天花蓮有地震。
O icah a cecay ko faloco' nira.,她心裏只有愛慕虛榮。
Mikakawangay ci faki to sa pasifana' nira sito to faco no kakawangay.,舅舅抓螳螂以教授學生認識螳螂的形體。
O macawcaway no wawa kiraan a  fadisaw.,那個開水是被孩子攪過的。
Ngitid han no waco ko fafiya no mako.,狗嘴叼著我的脫鞋。
Aka pakocira a takowanan.,不要把我當作別人。
O co'is niyam a mapolin i sitingsiya.,我們從腳踏車上倒栽下來。
Paca'elayen to cangaw ko masakeroay a wawa.,讓跳舞的孩
O sapoeneray kako to kapokapot.,同學當中我最矮。
I Kalingko ko kasofocan no mako.,我的出生地是花蓮。
Awaay ko ngala'.,没有空隙。
O rafac to no fanol i kakarayan a maefer.,鴿子自由自在的在天空飛。
Maceled to a maemin ko niketosan a falinono.,所有割好的糯米穂都已綁束好了。
Matomay ko kakawaw no kapah a koma'en to epah.,青年人醉酒後
O ciringasa'ay a maemin ko pisafononan no Pangcah.,阿美族的水田裡都有田埂放水處。
Marohrohay ko romi'ad no mita anini.,今天我們的天氣是有雷聲的。
Kakawang san ciira.,他一絲不掛。
Misasiemel ko matayalay i lidong no kilang.,工人在樹蔭下乘涼。
Acaw aka han ko niradoman no mako hana!,不要在我剛挑的水中舀水好不好!
Lalangan ako cira a masadak.,我禁止他出去。
Matalaw ko tamdamdaw to kacedasan a romi'ad.,人們都很怕水災。
Cikciken ni fayi ko sasimi a mipatata i tamiyanan.,阿姨切生魚片招待我們。
Malalolalok ko sito no miso.,你的學生個個都很勤勞。
O ma'ifowas ko ngangan no  niyaro' no mita i taywan.,我們部落的名聲被撒播到全台灣。
O piritosan to picodadan a romi'ad anini.,今天是抽選學校的時間。
Hepik sato ko 'afala nira kapah a fa^keten to 'inorong.,那個年青人因負重肩膀已下垂。
O mamimami'an ko lotok anini.,現在的山都是橘子園。
Arik'ik ko safa ako a mi'asik to loma' ato papotal.,我的妹妹輕巧動作迅速的清掃家與廣場。
Masakalopoy ko mata nira.,她的眼睛像湯圓。
Fowi' han ko tiyan nira fitakola a miala to tinai'.,剖開青蛙的肚子取出內臟。
Mito'oray kako i tisowanan a romakat.,我跟隨着你走路。
Maresresay to no mako kira kiro.,那個酸菜已被我切絲了。
Midimata' ko kaka to capox.,哥哥肩挑秧苗。
Ci'icelay ko kamay ni Idek.,Idek的手很有力。
Palodaken no kawas ko lotok no Paywan.,上帝使排灣族的山有百步蛇。
Masiday ko papaysoan ako.,我的錢包遺失了。
Fangto a saneken ko lodak a 'oner.,百步蛇聞起來有發霉的味道。
O katepoan no foting.,魚掉下來的地方。
"'Ading han no carapong ko cidal, sato'eman sato ko romi'ad.",雲遮蔽了太陽，白天呈現陰暗。
Malicad ko ngito' no wadis ita anini.,今天我們牙齒同時斷。
Kasasorar kamo a malikaka.,兄弟要懂得互相退讓。
'Angtol a saneken ko mapatayay a kakaka'ay.,已死的癩蛤蟆聞起來有肉腐爛嗅味。
O kongkong no rakes konini.,這是樟腦樹幹。
O siraw ko sakaso'aw no mako.,我口渴的原因是醃肉。
Tosa ko cikil no kamay nira.,他多出兩隻手指。
To'em sato ko romi'ad i palaho kita.,天已經黑暗了我們還在田裡。
Mica'edong maemin ko fafahiyan to losid i kailisinan.,每位女生都穿上豐年祭舞衣。
Tada palokesay kiso to loma'.,你使家人丟盡顏面。
Mifitakola ko wawa i palapalaan to dadaya.,小孩晚上在田裡捉青蛙。
"Ata, lomowad to kita!",走，咱們動身吧！
O mariri'ay ko lotok i rikor no lonen.,在地震之後山都崩塌。
Hatini aca ko pipaini no mako.,我的分享到此為止。
'Ocil saan kira wawa i takowan a tomangic.,那個孩子哭著緊跟著我。
Pasakakarayan ciira a mito'aya.,他向天昂首。
O misa'akiway a tamdaw ciira.,他是自私自利的人。
Tanodadacdac a misoni i lotolotokan.,山上很多蟬的叫聲。
O macikeray ko paliding no miso haw?,你的車子有被上鎖嗎？
Coracor saan i takowanan caira a papisadak to payso.,他們催促我把錢拿出來。
Misa'imer kami a minanam to kero no pangcah i picodadan.,我們在學校很謹慎練習原住民的歌舞。
Kohepic san koni tipelok.,這張紙真薄。
O ngangan no mako ci Kacaw han.,我的名字叫Kacaw。
O mi'onocay a patalapala to tafo ci kaka ako.,我的姐姐擔著飯包扁擔帶去田裡。
O tadamaanay a misatekaay ci Ayingsetan.,愛因斯坦是個偉大的發明家。
O ringo ko sapifadisaw ita to nanom.,這開水用火烤來燒。
Cokay han no wawa ako ko kafang a mafoti'.,我的孩子睡覺時用腳踢棉被。
O kohetingay ko waco no mako.,我的狗是黑色的。
Olatek sa ciira a pasowal ci inaan nira.,他母親說話很没禮貌。
Tata'ak ko coco nora kay^ing.,那小姐的乳房很大。
Masamaan ko romi'ad anini?,今天的天氣如何？
O patingwaay ko tayal nira i kalahitayan.,他服役期間是通訊兵。
Maminaw ko sowal nira wawa.,那個孩子口齒不清。
O pipacofelan ni faki ako i tini.,這裡是我伯伯放置刀鞘的地方。
Madengaay a mapadacidacay no kapat ciira i picodadan matiya.,好像他是在學校被感染白癬的。
Away ko lidong no mikodasingay i pala no mita.,拔花生的人在我們田裡沒有遮蔭處。
O macoca'ay no tahefod cira saka matiya sato o tomangicay a cilosa'.,他被塵埃進到眼睛中，所以他好像在哭一樣掉眼淚。
Paca'iten ko si^oy i cafeng!,將鍋子掛在牆上。
O sapiocoran kako to matayalay a talaomah.,我很想差派工作者至田裡。
Tangasaen i tolas no 'orip ko pihadidi.,要忍耐到生命的終了。
Matowayway no to'as nira ko pinangan nora wawa.,那個孩子的行為很像他的先祖。
Nanomamangan kako a ma'akonal.,我從小就禿頭了。
Malakakeridan ko kaka no mako i kalahitayan.,我們的哥哥在軍隊裡當領袖。
"Matanamay to no mako kora papah no kakorot, ka^soay!",我嘗試過那苦瓜葉，真好吃啊！
Sakacecay a cefang konini.,這是第一章。
O marimadacay ko sinasera ninian a loma'.,這個家的地皮很平滑。
Malaliw no mako saka neneng hato ko loma' ako.,我將要離開所以我的家就隨時看看。
Tomangic to kira miceli'ay a tamdaw.,那個責備人的人哭了。
Coenek han ko po'ot i cafeng no loma'.,將小刀插在家的牆角上。
O misanasiay ko mato'asay niyam i 'ayaw ho.,很久以前我們的祖先有種植梨子。
Mi'ala ci akong no mako to 'owal i soko no niyam.,阿公在我家的倉庫拿橇。
O malakakahaday ko omah niyam.,我們的田地變成寬闊的。
Halionih ko 'ayam a komaen.,鳥喜歡吃毛毛蟲。
Talatelong no riyar ko tamina a mikaciki.,船到海中央抓旗魚。
Malangto no namal koya loma'.,那間屋子被大火燒成灰盡了。
"Ano cilimaw i, 'isaf hato ko nisasapalan a 'oway i pala.",若有空就將田裡培育的黃藤疏苗。
Aka pacefa a misopa'.,不可隨便亂吐痰。
O macakcakay a saytaw kiraan i fakiciay.,水桶裡的是被切成大塊的蘿蔔。
O sapacek ko han no mako.,我要的是釘子。
Misakani' ko pilomaloma'.,每一戶都在釀酒。
Milicay kako ci Panayan to kafokilan no mako.,我請教巴奈我不懂的問題。
Macengel no remes ko fodoy no mako.,我的衣服被血染到。
Patingwa kako to singsi.,我打電話給老師。
Mirasit kako anohoni i Tafalong.,我待會要在太巴塱挨家挨戶報喜。
Mainget ciira i takowanan.,他對我發脾氣。
Pakaemihen to mamang kira 'aca.,讓價錢便宜一些。
Ngohed sato ko wadiwadis no wawa ako yo kaemang ho.,我的孩子小時候所有的牙齒都蛀牙了。
Matenten no fokeloh ko wa'ay no safa ako.,我妹妹的腳被石頭壓住。
Fa^eloh ho ko fodoy ni mama^ ako.,我父親的衣服還很新。
Matawal no mako konini a demak.,我忘了這件事。
Paresapen ko nga'ayay a ratoh no Kawas i hekal.,將上帝美好的信息撒播開來。
Karalodakay ko lotok na Kacaw i no walian.,Kacaw他們在東邊的山有很多百步蛇。
"Ondoen ko tireng, ta tanoktok.",身體要運動才會健康。
Mifison ci ina to fafisonan.,媽媽搖動搖籃。
Maraekeday ko finawlan a misakowan i niyaro'.,在部落居民全員一起去出席工作。
Awai ko lokedaw i lotok no walian.,東邊的山上沒有豹。
Diheko ko faloco' ako a pakatengil to sowal iso.,我聽到你的話很溫暖。
Halipacefa to sowal kora wawa.,那個小孩愛亂講話。
Matepo kira wawa nani kafoti'an.,那個孩子從床上掉下來。
Maolah kako to naso.,我很喜歡茄子。
"Hayda, manga'ay kiso masadak a misalama.",好啦，你可以出去玩。
El^el san ciira a tomangic.,她哽咽地哭泣著。
O malakampiwtaay ko fana' no anininay wawawawa.,現在的孩子的知識都像電腦了。
Adihay ko nikotay nira.,他的領帶很多。
O kikay to anini ko sapiliyon to felac.,現在都用機器碾米了。
Lata'ang sato ko faloco' no mita a malateloc no pangcah.,我們成為阿美族的後代很驕傲。
Matokitakit no Amilika.,很像美國。
Minengneng kami to tilifi imatini.,我們現在正在看電視。
"Tala Taypak kako,cilimaw liso' hato ko mato'asay ako i loma'.",我要去台北，有空就去拜訪我家的長輩。
O picomodan a pa'enan kirawan.,那個門是入口。
I ringoen pawali to koco.,在火烤處火烤鞋子。
"Pacedo'en i fa^detay a nanom ko 'ayam, ta mifodoc.",把雞放進熱水裡後，再來拔毛。
Masafiko ko hakhak.,糯米已釀成酒了。
Tala a hato no mita caira i pitalaan to fase.,我們就在公車站等他們。
O pitefok to kolong ko sapicamol ako i tamowanan.,我參與你們是因為要宰牛。
Cinowas saho cangra i nacila.,他們昨天才分離。
Maolah to acang ciira.,她很喜歡參加宴會。
Mafasaw to ko keter ako.,我的氣已經消了。
O maan kora ni'orongan ni Mayaw?,Mayaw扛的是什麼東西呢？
Matefad a materik ko alapi i sara.,筷子掉下彈落於地面。
"Kahengan ko laway noni wawa, mato lingko.",這小孩的臉紅得像蘋果。
Ko^sanay ko kowawi anini a mihecaan.,今年的龍眼很甜。
Pakalasen ni kaka koya tosiya nira to fa^lohay.,哥哥將他的車子裝上新的玻璃。
Hamedacen ko dateng!,把菜吃完！
O malokelongay kita a tala'alo mifoting.,我們要走下坡到河邊抓魚。
Adihay ko cawhi i fanaw niyam.,我們的池塘很多鱸魚。
O kahengangay ko heci no tadakiyafes.,原生種番石榴的果子是紅色的。
Adihay ko lisin no sicala'ay a loma'.,有放置顎骨的家庭很多禁忌。
O ma'olaway a nengnengen kina kilang.,這個木頭看起來是被煙燻黑的。
O sapicacak to hakhak koni mahod.,這個蒸籠是用來蒸糯米飯的。
Nawiro macepa' ko sinasera no mita?,我們的地板為什麼這麼濕呢？
Ka^so' ko nisafelan ni ina.,媽媽煮的菜很好吃。
Karaekor ciira a mafoti'.,他睡覺很會打鼾。
Do^do han kira moecelay a lalan a romakat.,順著那條直直的路走。
Mararimaay to ko kapot ako a matayal to romi'ami'ad.,我的工作伙伴每天工作都很疲倦的。
Calay ko dingki koni.,這是電線。
Sakapahen ko harateng namo a tanektek.,希望你們的思想要像年輕人一樣有力。
Teli han ako ko codad I parad.,我把書放在桌子上。
O ma'atipilay ko tangal niyam a malekaka.,我們弟兄姐妹的頭是扁平的。
Ala han nira ko tefo' malodateng naira malafi.,她採取竹筍當她們晚餐的菜餚。
Minokay ko kalo'ayam i dipong nira i kalodi'an.,傍晚時分鳥兒會歸巢。
Midateng ci Panay to lapot.,巴奈採集地瓜葉。
Cima namo ko mi'emekay to pitaw no mako i lakelal.,你們當中是誰在河邊把我的鋤頭沉落水底的。
Misorar cira to karari'ang no wawa nira.,她原諒孩子們之間的不和。
Hecep han ni safa a mihemin ko hacol nira.,妹妹將她的牛奶全部吸光光。
O cirawangay ko talo'an niyam i pala.,我們田裡的工寮有隔間。
Malowid ci Mayaw.,馬耀被打敗。
Pafelien kako to dawmi'ay a 'onoc.,請給我柔軟的扁擔。
Cima ko pakatopelakay to fadahong no loma.,誰可以撬開房子的屋頂。
"Ketonen ko wikol no 'alotoc, ta nga'ay a cohcohen.",尖尾螺的尾巴要剪掉，才好吸。
Misacalascas ko nanom no tarawadaw i kafaliyosan.,颱風時大河的流水聲隆隆作響。
O kasamo no wa'ay nira kora sakainain nira.,他走路一瘸一拐的原因是他的腳有缺陷。
O ama ni Rengos ci Osay.,Osay是Rengos的阿媽。
O likat no kalapiyat kora.,那是閃電的光。
Pakacoperasen a mikeling ko kodasing.,花生要炒酥一點。
Ma'akik no cidal ko nipalomaan niyam a kodasing.,我們種植的花生被太陽曬乾了。
O tartar no paliding iso kiraan.,那是你牛車的木柱。
Mana liway sa kiso?,你為什麼要禁食呢？
'Onipen ko 'omah niyam saan ko fiyaw niyam.,我們隔壁鄰居說要幫他們去播種秧苗。
Cicohelay kako a mafoti' to dadayadaya.,每天晚上睡覺我都有流汗的。
Awaay ko mamalacongtong no Pangcah.,阿美族人没有將要當總統的人才。
Malawawa ko faloco' niira.,他的想法很幼稚。
O cidap no nisanga'an to kalokilang ko malocafeng no loma' niyam.,用各樣的木材製成木片建造我們家的隔牆。
Mikapot kako to cefang no mimaliay.,我參加球隊。
Idahi to ko nika ira no panay ako tinana mihecaan.,今年稻米的收穫聊勝於無。
O cifar ko pidakawan no sofitay talaKimmong.,軍隊搭船赴金門。
Halikangdaway ko tamdamdaw.,人人都很喜歡綠色的。
Palahedaw han iso ko sapicodad iso a pida saw?,你怎麼把讀書要用的錢花掉呢？
Misatokitok a mikadkad to malosapaiyo no H1N1 ko ising.,醫生們加緊腳步研究H1N1的用藥。
"Maroray kako, saka cangray sato kako to kilang a pasela'.",我筋疲力盡，所以我背就倚靠著樹休息。
Pa'adawangen no mita itini.,我們在這裡設置門口。
Nanay mikihar to ko miso to demak no niyaro'.,希望你能關心參與部落
Halilafang ci mama no mako.,我的爸爸很好客。
Samaanen a miseter to titi konini mangici'ay a po'ot saw?,這把有缺口的刀子要如何用來切肉呢？
Adihay ko naliti' i tokos no lotok i nowalian.,東海岸山頂上有很多芒草心。
O maan ko sapitahepo ni mama to paliding nira?,爸爸用什麼覆蓋他的車子？
Mihai kako to sowal nira.,我贊成他的話。
O cowaco' no namoh i paliding no mita.,我們牛車上的水攪動著。
O ma'onipay to niyam ko cecay a facal i pala.,我們已經播種了一分地的秧苗。
Nga'ayay ko takolaw a komaen to fiwa'.,吃批杷對喉嚨很好。
Milopisak ci Laway a papisawad  to matayalay nira.,拉外遺散他的工人。
Rohoen a mita'elif itini.,經過這裡要彎腰。
Mipana' ca Tomay to fafoy.,杜邁他們去射野豬。
Kales han to ko fokes ni safa haw!,記得梳妹妹的頭髮哦！
"Dihdih han ni Mayaw kora waco, mafireng.",那隻狗被Mayaw一撫摸就發怒。
Papikicayen ko wawa no mita.,讓我們的孩子懂得節儉。
Malakangkofo ko wawa nira.,他的孩子當護士。
Paloserangawan aka kasaan to tatiihay a demak.,不要把不好的行為當作文化.。
O sapipaypay kira titi.,那個肉是用來拜拜的。
Ma'akik to ko doka' no wa'ay ako.,我腳的傷口乾癒了。
I ingid iso kora impic.,那鉛筆就在你的旁邊。
Mafelin ko tamina.,船翻覆。
"Do'eng san kiso, awaawa ko nitenglan iso hani?",你真是聾了嗎，怎麼一點也没聽進去呢？
O farihenaway kako a cecay i lotok to dadaya.,晚上我一個人在山上很恐懼。
Kako ko micokerohay to safa no mako.,是我推弟弟的。
Madicadic ko paniyaro'an no roma a finacadan i Posong.,台東別的族群的部落被水淹沒。
Paini kako to sakanga'ay no tireng a sapaiyo.,我要建議對身體最好的藥物。
O maamaan ko malakelaway naira?,他們捕獲些什麼呢？
O ni'olawan ni faki ako kinian a kawil no pitaw.,這個鋤頭的柄是我叔叔用煙燻黑的。
Adihay ko falalotong i kilakilangan.,森林中有很多的蜘蛛。
Falah han to ko matiniay a makamelengay a sasofin.,這種滑溜的毛巾該丟了。
I dangahay a micacak to sinafel cira.,他在大圓鍋煮菜。
Mikerit ho kako tora titi.,我切一下那塊肉。
O cong ko mapatirengay  a dipi a fokeloh i lotok.,在山上有許多被立起來當避難用的石頭。
O mala'olalay ko wawa ita i niyaro'.,在部落裡我們的孩子是同學。
O fidadoki kira maeferay to dadayadaya.,每晚上飛的是蝙蝠。
Pahongko ci mama i fiyawan to panay.,爸爸在鄰居那風穀稻米。
Aanayaen ho ko nananamen ako to sowal no Pangcah.,我的阿美語還需加把勁努力才行。
Cirid saan koya wawa a miliyas to kapot nira a micodad.,那孩子偏離他的同學上學。
Ocong ko rawang no loma' ita i kakarayan.,我們在天堂有很多隔間的住處。
Mafafelin to kora dipot.,那個嬰孩會翻身了。
Padangen no finawlan kami a misademi' anini.,今天部落居民幫我們做廚房。
Aka kaapac a talapicodadan.,上學不可遲到。
O kokang ni kaka koni.,這是哥哥的竹琴。
O celedan no hafay ato falinono ko mapateliay i 'amanaw.,放在爐灶架上的是小米束和糯米束。
O marahemeday to ko kafang tonani pawalian to romi'ad.,白天曬了棉被所以很柔軟。
Mitanam a koma'en kako to papah no kakorot.,我嘗試吃苦瓜葉。
Pasafaken ko pipakaenan to kakiw i talokan.,在雞舍餵食鵝的盤子裡裝滿沒有米粒的空穀米。
Omela no mato'asay to silsilan a fana' a miwikwik.,老人家很珍
Naw^iro inain saan kiso a romakat?,你走路怎麼一瘸一拐地呢？
"Lepel han ko wikol no fafikfik, tangsol mapoton.",抓壁虎的尾巴立刻會斷掉。
Ciferangen ko tamdaw a micomod to loma' iso.,別人進到你的家都感到很熱。
O misacopoay ko tayal naira anini.,他們今天工作做堤防。
Pato'ayaen ci Wamaan ko faloco' no miso I kiwkay.,在教會將你的心獻祭給神。
Micohcoh to do'es nira ko ising i matini.,醫生現在在為他穿刺腰椎。
Tihtihen kora posak i fodoy no miso.,請抖落你衣服上的飯粒。
Mi'anang to fodoy ci ina.,媽媽收藏衣服。
Caay ho kaecak ko hemay.,飯還没熟。
Hepol hato ko tatiih no hanghang no miso.,就原諒你的好朋友的不是。
O ci'alemay kina fesol.,這個洞有穿山甲。
Awaay ko misafadisoso'ay i niyaro' no 'amis.,阿美族的部落沒有人種葡萄樹。
O marasmasay to ko romi'ad ita anini.,今天我們的天氣是毛毛雨的。
Moso' ko nialaan no miso a koli.,你賣的冰塊滴水了。
Naicowaay a 'oning kira i fodoyay no miso.,你衣服上的污垢是從那裡來的。
Maladi'i ko mararamoday a mafoti'.,夫妻同床而眠。
Maacang ko tayniay anini.,今天來的人都很享受快樂。
Papisetolen no singsi kami to fonak.,老師叫我們撞擊砂包。
Misahakhak ci ina.,媽媽做糯米飯。
Awai i 'orip no mako ko doit hananay a demak.,在我的生活裡從來沒有遲到這回事。
I pala ko paciciwan no niyam.,我們的小豬舍在田裡。
O tawal to no mako i tisowanan.,我真的是把你給忘了。
Cifalohang ko singsi milayap to coli no tawo.,老師有雅量接受人的謾罵。
Fawa han nora tamdaw ko 'inorong patala'afala ni Kacaw.,那個人扶持把重擔抬到Kacaw的肩上。
O maloneloneman ko lotok no Takoliyaw.,高寮的山上很多水鹿。
O tafiling a maemin ko omah no pangcah.,原住民的土地都是山坡地。
Kiso to ko mi'afalaay a mirayray to tayal no safasafa.,由你來肩負傳承教育晚輩的使命。
Rorongen ko eli' i lotok o sapisaloma' no mita.,請捆綁茅草用來蓋我們的房子。
Kalidkid ko nanom no ceporan to kaciferangan.,秀姑巒溪的水夏季時很湍急。
Talakawili ko rakat nira malasangay.,那酒醉的人走路偏向左邊。
Cedeten nora wawa ko fawo to fadisaw.,那小孩用開水燙昆蟲。
O mamicolo' to tipos kona tolako a tayni.,這部卡車來這裡是要運送稻穀的。
Fanohongay ko nisasirawan ni fayi.,阿嬤醃的豬肉很香。
Masapi'ay no faliyos ko lengac.,颱風將月桃樹吹倒。
Malaymay cira.,他很多嘴。
Do^do han ko rakat ako!,請跟從我的腳步！
Misafola cira to fafahi no tao.,他調戲別人的妻子。
O misa'acocol kami a mapolong yo kaemang ho.,我們小時候全部都會製作陀螺。
"'Icangen ko katol malafalako, nga'ayay sapisanga to koco.",生皮曬乾後，製成皮革可以做成皮鞋。
O malafongohay no niyaro' kita.,我們變成部落的智囊團。
Misafa^loh to lalan no silamalay.,更換新的鐵軌。
Awaay ko limaw no mako anini.,我今天没有時間。
Papica'oren no mako ci Mayaw to kalingad na Osay.,我叫Mayaw要及時趕上Osay她們出發的時間。
Mikodasing ko tayal niyam anini.,我們今天忙著採花生。
O dama ako ciira.,他是我的助手。
Mato kalatim ko kamay no kakawangay.,螳螂的手像剪刀。
Cecay safaw ko mami'.,有十一個橘子。
O nimetekan nira kora romadiway a tayal nano mamangan.,她從小就一心一意想當歌星。
Paor^or cira to widang a mitakaw.,他唆使朋友去偷東西。
Ditdit han niyam a komaen kira kasi.,那個糖果我們一點一點的吃。
Miesa'ay kako to dateng.,我正在燙青菜。
O efa ko hacikay to kolong.,馬跑得比牛還快。
"O faedetay konini a nanom sa kako, ceno' han to kamay ki^tecay aca.",我以為這水是熱的，用手探入水才知是冷的。
O kaacangan na Panay aci Foting anini.,今天是Panay和Foting的大喜之日。
Molofic ko heci no nanges.,芒果樹結實纍纍。
Paca'ca'en i potal malo kamaro'an no mita.,外面要鋪竹蓆當作我們的座位。
O marao'ay to niyam inacila itira.,昨天在那裡我已經採了無患子了。
Paleneken no mita I faloco ko tatiih no kalo tamdamdaw.,所有人的不對就掩埋在我們的心裡。
"Kiso a ina ko mi'asicay i takowanan, awaay ko sanay a wawa to ina nira.",沒有一個孩子會說是媽媽讓我成為不孕症的婦女。
Longecen nora wawa ko ina nira a micakay to taiyofan.,那小孩要求他的媽媽買吹泡泡玩具。
Paower kako to tikami anohoni.,等一會我出去寄信。
Sepat ko palapatan no cecay a miheca.,一年有四季。
O ecak to no panay i omah.,田裡的稻子即將成熟。
Ketonen no mako ko kaloca'aca'ang no kilang.,我要將所有的樹枝砍斷。
Tekol hato ko fafoy ni fayi iso.,要餵你嬸嬸的豬。
O macokeray no kapah ko tayal no niyaro'.,部落的工作被年青人支持的。
Ngalef sato ko adada nira faki i ising.,在醫院那位老人家的病加重了。
O lowan nimama ako to 'inorong nira a talalotok.,我的爸爸二話不說就背扛的重物減少重量去了山上。
Tosaay ko icifa i niyaro' niyam.,我們的部落裡有兩間巿場。
Madawa kami anini a mimali i picodadan.,今天在學校打球打輸了。
Mipacalay ko kapah no Pangcah i kaRiponan.,日本時代阿美族青年從事拉電話線的工作。
O rarong ko loma' niyam i 'ayaw.,從前我們的房子是茅草做的。
Mafaheka' kami to nikatayni no miso.,你的前來令我們驚奇。
"Sakenikeni' sa to mata kora kapah tora kay^ing, mato mipainiay to olah nira.",那青年一直對那小姐眨眼，好像在示愛。
O misacekemay ko nonol no mako i matini.,我的膝蓋現在有陣陣刺痛的感覺。
Ma fana' a misakoreng ci ama ako.,我的阿嬤很會製作陶器。
Pakafilo kiso tonini a demak haw?,你能勝任這件事嗎？
"Miketon ci mama i tamiyanan, “kangodo to mato'asay” saan.",爸爸規定我們，要尊敬長輩。
Samatiyaen o no fa'inay ko faloco' a milifet to karetengay a tayal.,粗重的工作要像男人的心一樣挑戰。
O kakaya' ko wikol nina kolong.,這頭牛的尾巴很長。
Mapafi'ikay no to'as kina wawa tahanini.,這孩子得甲狀線是源自遺傳。
O miyakiway ko tayal nira.,他的職業是打棒球的。
O lihwayay ko fodoy a mafoti.,要穿寬鬆的衣服睡覺。
Adihay ko foting i kalo'alo'alo no Kalingko.,花蓮各條河流都有豐富的魚類。
O 'amelikay ko kalotayal ninian a kaying a miherek.,這個小姐的任何工作都很快速完成。
Tada'arenim ko pipatenas ni kaka to sinafel.,姐姐菜中放醋太多太酸了。
Mipatahka kami to lafang anocila.,我們明天要宴請客人。
Copcop han no ina ko pising no dipot nira.,媽媽吻她嬰孩的臉龐。
Karafawo ko nipalomaan a sinafel.,種植的菜容易長蟲。
I cowa ko pipatiyaman nira?,她的店面在那裡？
Mafohad no waco ko tolok i nakohikohan.,雉雞在曠野被狗嚇而飛散。
Cepet hato ko foday.,請將衣服扭乾。
O safak a maemin ko panay niyam tinana mihecaan.,今年我們的稻縠都是沒有米粒的空穀米。
Malamatelangay ko fodoy ano masa'ero.,衣服天天穿不更換就
O citirengay ko sowalen.,要告訴自己本身。
Pitosoren a mitolon!,請跪下來禱告！
Piliyas to masakefengan a lalan.,請讓開。
Mi'aca ci kaka to nanges.,姐姐去買芒果。
Komimit han nira ko tangila no fa'inay nira a mikapo'i.,她捏著她丈夫的耳朵責罵。
Maolah kako a misoped to payci.,我喜歡收集硬幣。
Halikamaya kako yo kaemang ho.,我小時候很喜歡吃毛柿子。
Misamelemelet to mata kora wawa i takowanan.,那小孩對我眨眨眼。
"Fangcal ko kimad no fokesi anini, macocok ko faloco' ako.",牧師今天的道非常生動，使我非常感動。
O citolakoay ko ci kaka ako.,我哥哥有卡車。
Ci'adingo kako i laeno no cidal.,我在太陽底下有影子。
Papiceleden ni ina ci mama to niketosan a hafay.,媽媽囑咐爸爸綁束收割的小米穗。
'Acaw han nira mama ko nanom i tefon.,那個長輩在水井裡汲水。
Maenep kako a mitengil to radiw ni Langih.,我被Langih的歌聲迷住。
Da'ad mato sanay kako to tamako iso.,我好像被你的菸嗆住。
Macicih no waco ko koco ako.,狗弄壞我的鞋子。
"Ciker han no miso ko loma' i, maan hanto no mako a micomod?",你把家裡鎖住
Nani tini o lokelon to ko rakat no mita a taloma'.,從這個地方起回家的路都是走下坡的。
Colcolen a papicakay to nanom i patiyamay ko fafahi iso.,去使喚你的太太去商店裡買水。
O ma'alaway no kapah ko katayalan no mato'asay.,老年人的工作都被年青人搶走了。
Mafangad ni mama ko nipalomaan ni ina a falo.,爸爸將媽媽種的花連根拔起。
Matofelalotong ko kalang a nenengen.,螃蟹看起來很像蜘蛛。
Adihay ko kapaysinan no 'Amis.,阿美族有很多禁忌。
Tosa ko 'aciyos nira fafahiyan.,那位女生有兩個髮旋。
I dangahen mi'id'id to 'ayam!,在大圓鍋鍋裡烤雞！
Maolah kako a mi'ocekoy a misafaloco'.,我喜歡低頭思考。
Sacidalan saan ci mama a maomah.,爸爸曝曬在大太陽下作農。
Minanam ko safa no mako a minafoy.,我妺妺在練習爬行。
Tadacai ko lengaw no rorang i pala ni mama ako.,構樹在我爸爸的田裡亂長。
I Tayto ko kalasofitayan no mako.,我在台東入伍。
Matayo cira a dademak.,她做事很散慢。
Papicadiwayen ni mama nira ci Kacaw a mifoting.,他的父親吩咐Kacaw三角網抓魚。
O cakil a maemin ko lalan ita i lotok.,我們山上的路都是險陡小徑。
Ciraheker ko faloco' ni Toray a malaising ko wawa nira.,Toray的小孩當醫生他感到心滿意足。
O ni'ad'adan no safa no mako ko nipatelian a siyasing i hikidasi.,抽屜裡的相片被妹妹掘翻過。
Papikoracen ko salikaka no miso to faloco' naira.,請你們的弟兄姐妹潔淨心靈。
Micodaday ko safa i matini.,妹妹現正在讀書。
Papicepcepen to sapaiyo ko wawa iso.,讓你的孩子吸吮藥水。
O misa'adipelay ko tayal ni mama no mako ano cila.,明天我的爸爸的工作是建置籬笆。
Caay ka cikoco ciira a comikay.,他没穿鞋子跑步。
Papidadimawen ni ina kako a papi'afofo to safa ako.,媽媽請我推動搖籃輕搖促使妹妹睡覺。
Kara'esos ko halikaenay to fonga.,愛吃地瓜的人很會放屁。
Pa'afalaen no mako ko kapah a mikowit to pawti i omah.,我協
O dodoh no 'awol to sapisolot ni mama to nanom.,爸爸用竹管引水。
O masa'opoay kami i kiyokay a milihay.,我們在教會裡聚集做禮拜。
Nanay tahada'oc ko kalawidang ita.,但願我們的友誼直到永遠。
O pisasota'an no niyam itira.,那裡是我們造土之地。
Mi'asisiw kita anocila.,我們明天撿收稻草。
Loloden ko sikal!,請把竹蓆捲收起來！
Nani tokos kita o lokelong to ko rakat ita.,我們自山頂之後就走下坡了。
Ma'amelas kina tamdaw yo kapah ho ciira.,這個人年輕時很風流。
Mipodac ci ina to lingko.,媽媽在削蘋果皮。
O dengan ci Panay ko mafana'ay to 'imi no kesip nira.,只有Panay知道他口哨的意涵。
O misanga'n to falako koni a cokap.,這個鞋子是皮革製成的。
Tenged san kiso a maro' i tini saw?,你這麼一人坐在這裏發呆呢？
Mico'a'ang ko rakat no lonan ita i matini.,我們的船現在是逆向行駛。
Safangsis sa ko focacing no 'icep.,檳榔蕾包剛解開的嫩檳榔香味撲鼻。
Cikamaro'an kako a madakaw to cilamalay.,我坐的火車有位子。
I lawac no riyar ko pikasoyan no mako.,我在海邊撿木柴。
Tamorong han ni fayi ko 'atomo i tangal.,阿姨把水陶甕扛在頭上。
Mifonga a pakaen ci mama to fafoy.,爸爸挖地瓜養豬。
Mayasiyas ko remes nora masontolay no tosiya a tamdaw.,那個被車撞的人血流如注。
Tata'ang ko lamal i parod.,爐灶的火太大了。
Wata ko hemek ni mama to pinokay ni kaka.,爸爸是多麼高興哥哥回到家來。
Miliyok a minengneng ci mama to omah nira.,爸爸環繞田看察。
Malepel iso ci Kolas haw? Hacikay ciira i!,你能追上Kolas嗎？他跑步跑得那麼快！
O malali'opay to kako I honi.,我剛剛已經洗臉了。
O papamatangen ho konini a sera.,那是即將要開墾的地。
Pa'araparen no wawawawa a misalama to lamay i palapalaan.,孩子們喜歡在田裡玩火來散發星火。
Kohepicay kona codad.,這本書很薄。
Lolod han to ko miso to sikal no safa haw!,你要捲收妹妹的睡蓆喔！
O pisoraratan no Tafalong kinian.,這是太巴塱的聚會所。
O cimaciay ko kitakit no Taywan.,台灣是有城巿的國家。
O nisanga'an to oway ko kakoyodan ni ina.,媽媽揹的籮筐是用藤做的。
Tatahira to kami.,我們也將到達那裡。
Sanga' hato no mita kinian a 'anengan.,我們就來製作椅子。
Tosa ko fohet ma'araway ako i kilakilangan.,我看見樹上有兩隻松鼠。
Mapatayay to kora cacakelaw.,那條雨傘節已經死了。
PasiPosong ko rakat niyam.,我們朝台東的方向去。
O miramotay kako to tawho nani fakici.,我從水桶裡撿取豆腐。
Tangasa i kakeletan ko 'akong no tireng ko ta'ong nira wawa.,那個孩子的敬禮身體姿態彎到腰部。
To'as sa a nengneng ano malofa ko tireng.,如果肌肉鬆弛人看起來會很蒼老。
O ringi no pising nira kaying ato ina rira.,那位小姐和他媽媽的臉很相像。
Mafohid to koni a kilang.,這棵樹已腐壞了。
Pakanien i sapad no sito.,在學生的桌上放個紙張。
Mitatoy caira to exiw a mita'ong to liteng nira.,他們拿香拜他們的祖先。
Ci fayi ako ko mi'adawisay to kamaya i sarikoran no loma'.,我的阿姨在家裡後院摘取紅毛柿子。
Papinanam ci ina takowan to sowal no Pangcah.,媽媽叫我去學阿美語。
Aloman ko ngasaw no mita i niyaro'.,部落裡我們有很多氏族。
Sowalen ko harateng no miso!,把你的想法說出來！
Micamol kako to sa'opo no kapah no niyaro'.,我參加部落青年的聚會。
Cafool kako i matini.,我現在感覺尿急。
O nipacofelisan nira to inaan nira konian a tikami.,這封信是他回給他母親的信。
Himedan iso ko codad ako haw?,你藏了我的書嗎？
Caay to pakapa'pa' ko wadis ni akong to titi.,阿公的牙齒再也嚼不動肉了
O pa'acefelay kira misalinkaay i fiyaw ita.,我們鄰居那個磚廠是有放煙的。
Adihay ko pacefaay a kokot nira i tayring.,她向警察提出很多不實控告。
Mala'odot ca Mayaw ato kapot nira i picodadan.,Mayaw和他的同學在學校打架。
O patefoc no mato'asay i tisowanan kinian.,這是老人家對你施的小惠。
O iyo maemin ko paro no 'alofo ni ama.,阿嬤背袋裏全都是藥品。
Masadak to ko cidal.,太陽出來了。
O palalangaway ko anglis no foting.,魚腥味引來蒼蠅。
Caay kahapinang ako ko cawi nira i honi.,她剛才的回答我没有弄清楚。
O sapipatala to lafang konini.,這些是準備要招待客人的。
Macopa no kaka nira kako i honi.,剛剛她姐姐有挨近我的耳旁。
Simed han no mako ko rarom ako.,我將我的傷心處隱藏起來。
Pina'on to likelon no lalan anohoni kita.,我們要小心待會下去的路途。
Fotek sa ci faki a maro' i 'anengang.,舅舅坐在椅子上閉著眼睛(閉目養神)。
O amel nira ko ka'osian no mako a mimetmet to kamay nira.,我很討厭他握手的時侯偷偷用力或搞鬼。
Pa'afofo to 'ilo koya singsi to sito nira.,那老師把自己的過失嫁禍給他的學生。
Caenget ko tangal no mako.,我的頭很癢。
Aka pitoka to colcol no mama iso.,不要怠惰你爸爸的使喚。
Awaay ko pisacapoxan i niyaro' niyam.,我們的部落沒有育苗場。
Keped ko sowal nira.,她說話很溫和。
Taringen ko ni'al'alan no mita a fokeloh i la'ad no pala ita.,我們開挖出來的石頭堆疊在我們的邊界上。
Matekop na Mayaw ko kolafaw nora omah.,馬耀他們將田裏的田鼠一網打盡。
Iricen ko satahaf no talid!,瓶蓋要扭緊！
Papaliw a mipanay ko finawlan.,部落互相當幫工收割稻子。
Hinefa san kora wawa i sera a misalama.,那個小孩趴在地上玩。
Papicokacoken to lotok ko wawa mapolong i pihifangan.,休假時帶孩子們向上爬山。
Mamaaw! Sololen kako!,爸爸啊！原諒我吧！
I ciiraan a masiday ko payso.,錢在他那裡遺失。
Mifayo' to tamdaw kora 'icep.,那顆檳榔嚼了之後使人胸悶並冒冷汗。
Parafiyasen ako ko nanom i fanaw.,我要使池塘的水滿溢出來。
Ngatowa' saan ko foti ni mama ako.,我爸爸睡覺時張開嘴巴。
Kalamkam ciira a milicikaf.,他去魚鱗的動作很快。
O ci'afadeng ko fokes niyam a mapolong a miringo.,我們烤火時滿頭都是燒炭灰。
Macidem ko sowal nira.,他的話很尖銳。
O mapetekay ko kamay niira.,他的手是斷掉的。
Honihoni tomangic kora wawa.,那小孩經常哭泣。
Mareda' ko foti' nora wawa i fafisonan.,那小孩在嬰兒床睡得很沉。
Faeloh koni a fodoy.,這是新衣服。
O facidocidolan ko paniyaro'an no Pangcah.,阿美族的部落麵包樹林立。
O ma'alepaday ko mato'asay no mita naninaloma'an a mafolaw a tayni.,我們的祖先成群結隊的遷徙來到這裡。
Pa'angtolen no mari'angay a tamdaw ko fanaw niyam.,那個壞人去使我們的池塘有肉腐爛臭味。
Misano'alotipal a masoni ko cirot.,赤背伯勞學像烏頭翁的聲音鳴叫。
Awaay ko lakota i Taywan.,台灣没有駱駝。
O tamohong no fayifahi kiraan.,那是女生的帽子。
O mangah to ko sowal nira i matini.,他現在說的是謊話了。
Kalacoyoh no wawa iso kiso!,你要成為你的孩子的天使！
Malileng ko fongoh ako.,我頭暈。
Cidadipis ko pakaysingan no miso.,你的碗廚有蟑螂。
Em'em han nira ina ko rarom nira.,那位媽媽一直將她難過的事忍受著。
O no wawa kira mafaloday a folo'.,那個被綁起來的箭竹是孩子。
Micekiway to kadit no tangila ako ko ising.,醫生在我的耳朵裡挖取耳垢。
Mafotos ko tireng noni tamdaw.,這個人患有水腫。
Celcel han ni Mayaw koya miki'araway a tamdaw tala'a'ayaw.,Mayaw硬是闖過圍觀的大眾衝到前面。
Paropira'en kira wawa tamafana' to caayay katatodong a demak.,讓那孩子失敗才會知道什麼不對的行為。
"Ma'oningay ko fodoy no miso, faca'en hana!",你的衣服很髒，該洗了吧！
Takaraw ko 'adiping nira fa'inayan a 'ayam.,那隻公雞的雞冠很高。
Fohecalay ko cengel no cahid i kakarayan.,天上的雲是白色的。
"As, kofel sato kiso hani?",吔，你怎麼都有皺紋了呢？
Malasangay  ciira.,他喝酒醉了。
Mikalitang ci ina i padatengan.,媽媽在菜園裡採四季豆。
Ciodo'ay kira makapahay a kaying matayal.,那位漂亮的小姐戴玉石去上班。
Mafolad kira fafahian.,那位女生來月經了。
Mahaperic maemin ko panay.,所有的稻穀都被剝落了。
O aning ato radiw a cecay ko kaolahan nora wawa.,那小孩唯一感興趣的是表演和唱歌。
Saheto o makakawangay kora midangoyay i riyar.,那在海邊游泳的都是全裸的。
Aka palica'ang han ko pikasoy no miso.,砍材不要只選樹枝。
Mafohat ko sasingaran.,窗戶是開著的。
"Fa'edet ko romi'ad, kara'angliw ko hemay.",天氣很熱，飯容易發酵變臭。
O ninanayan ni Sawmah yo ka^mangan ho konini miyakiway a demak.,打棒球這件事是掃瑪小時候的期望。
O mi'angsaway to foday no mako kira ringo ni akong.,是阿公那個烤火爐使我的衣服有煙燒味。
Mitefo' ko kapah no finawlan i lotok.,部落的年青人去上山採竹筍。
O mararamoday caira.,他們是對夫妻。
Mikitata'ang to loma' ko pawirokan no 'Olalip.,屋拉力的文旦庫房比房子還大。
Papiki^ciwen no mato'asay ciira.,長者要他領唱。
Awaay matengil no mako ko mi'adetengay a tayal i Taywan.,在台灣我沒有聽過有取樹汁的工作。
Folod han kami a misakatawako a matayal.,就跟著我們一起作板模工作。
Palapaso aka kasaan to paliding no katayalan.,不要將公司的車子當成公車。
Cafi' han no mako ciira a micodad.,我迎頭趕上了他的成績。
"Mikining kita tora kapah, nawhan mapatay ciira i pipa'orip nira toya ma'alolay a wawa.",我們要紀念那位青年，因為他為了救溺水的小孩而失去生命。
Tadaadihay ko impic nora sito.,那位學生的筆真是多。
Makaen ni Aki ko foting ato hemay.,阿基吃了魚和飯。
I talokan a madiko kira waco.,那隻狗在雞舍窩著。
Loengel ko co'ong no kalokilang.,所有的樹木的新芽都很嫩。
Malafaedetay ko faloco' no mahinomay a tamdaw.,被安慰者的心感到溫暖。
I kaciferangan ko kalofican no lingking.,夏天是龍眼結實纍
Cifocod ciira to wawa no Padaka.,她有白種人的私生子。
Sienaw ko romi'ad saka 'okot saan kira mato'asay.,因為天冷所以老人將身體緊縮。
Matomes no lipahak ko faloco' no mako.,我的心充滿著快樂。
O sapirodom konini a fakici.,這個水桶是挑水用的。
Halipata ko wawa no mako.,小孩喜歡吃奶油。
Mifelih ciira to harateng no 'alomanay.,他反對眾人的想法。
Maolah micocop to nitenasan a 'adiyam ci ina.,媽媽喜歡吮吃沾盬水的生薑。
Malepel ni Mayaw ko tolok i nacila.,Mayaw昨天捉到雉雞。
Caay ka dayom ako kora demak.,我無法勝任那件事。
"Micipoh to pising kora ama, ta talakiyokay a milihay.",那祖母化完妝後才去教堂做禮拜。
Hadefek han no Amilika ko sofitay no Ilak.,美軍把伊拉克軍隊全滅。
Saromi'ad saan koya wawa a misalama to tingnaw.,那小孩整天在玩電腦。
Makapah ko 'olic no radiw no pangcah.,阿美族歌詞很優美。
Misanga' ci ina to kayap no kaka.,媽媽為哥哥製作一件豐年祭的短圍裙。
O maan kora ma'angcepay?,那個燒焦的東西是什麼？
O mamaladadipis kora fao i tira.,那隻蟲在那裡會變成一隻蟑螂。
Mapaising a maemin kora mada'atay a tamdaw.,全部被煙嗆住的人都送去就醫。
Tomireng ci Panay i tatihi ako.,Panay站在我旁邊。
Caenget ko tireng ako ano komaen to kafos.,我只要一吃到蝦身體就會癢。
Talakawcong a miseking ko wawa no mako anini.,我們的孩子今天到高中去考試。
Halikiay ko picomikay ni Kacaw.,卡照跑得快。
O tipelok kinian.,這個是紙張。
Marasmas ko 'orad anini.,今天下毛毛雨。
Hadimelen ko pidipot to wawawawa!,好好照顧孩子們！
O samatokaay ci Aki.,阿基是最懶惰的人。
Mararaway ko nisa'osian iso.,你計算錯誤。
Madiko ko waco i pa'ayaman.,狗在雞舍裡蜷曲身子伏著。
Madademak ko fenfenan no wawa.,嬰孩的頭蓋骨會動。
Malalakelal ko lawac no nanom narikoran no cedas.,洪水過後河的兩旁
Pawa'ayen kinian a 'anengang.,要製作這椅子的腳。
O sapiri'angan a macongedis ko waco.,狗曝露牙齒時就是很凶。
I sefi a micacak to hemay.,在廚房煮飯。
Kimoloay ko tilid no malonem.,鹿的紋路是圓的。
O cironongay ko fanaw no mako.,我池塘裡有鯉魚。
Liyang han nora wawa ko singsi nira.,那小孩反駁他的老師。
O nilakisan no mato'asay kinian a sowal no mita o pangcah.,我們這阿美族的話是祖先留傳下來的。
Cicokor kako talalotok a macokacok.,我有帶拐杖去爬山。
I moetepay ko lalikid no pangcah i 'ayaw.,阿美族以前的豐年祭是十月舉行的。
Fiteki sa ko kolong a komaen to rengos.,牛吃草吃到撐了。
Mipacedas ko 'orad no faliyos.,颱風的雨帶來水災。
Micalap ko fiyaw ako to omah ako.,我的鄰居越界侵佔我的土地。
O yakiw a cecay ko kaolahan no niyam a mineneng.,我們只喜歡看棒球。
"Eror han to sinpoki kora lamal, ta malaflaf.",用電風扇吹那個火才會火旺。
Tanokoco saan cira a tayni i Taypak.,他只穿鞋子來台北。
Misa'anekak kora wawa a pangiha'.,那孩子學像烏鴉鳴叫。
O latak ko kaolahan no mako.,我喜歡的是楊桃。
Macinas no pacek ko lefok nira.,他的褲子被鉄釘撕裂。
O cara ko adihayay a piliso' nira i tamiyanan.,他來拜訪給我們麻煩多。
O kalalok nira ko sakalemed nira.,他之所以很幸運來自於他很勤勞。
Hodhod hato kira ma'opicay a fodoy i parod..,用爐灶來烘烤那濕濕的衣服。
O 'oway ko sapifalod to kasoy.,用黃藤綁木柴。
"Safaw lima ho ko mihecaan nora wawa, karacoco a nengnengen.",那個孩子才15歲乳房看起來就很大。
Nga'ay to a kiwlien koya kiwli iso?,你的黃瓜可以摘了嗎？
Ngito'en no ising ko mangoheday a wadis ako.,醫生將我的蛀牙拔掉。
Pa'is'isen cimama iso a patayra i pi'is'isan.,帶你的爸爸去理髮店理髮。
Hinamen ko picodad no wawa ita I picodadan!,去察看我們小孩在學校求學的狀況！
Cai kao kakafana'an ko lahad no da'ci I lotok.,山上箭筍的成長是無法得知的。
O mapodekay ko safa ako to fa'inayan.,我男人的弟弟眼皮掉下來。
Cima ko misoniay to la^pa no paliding.,是誰開車子的喇叭聲。
Ciferang ko romi'ad anini.,今天的天氣很熱。
"Sacodahen ko faloco' namo, ta pakalowid to tawo.",你們要勇敢才能夠勝過別人。
Cikippoay kiso?,你有票嗎？
O faketaw no sayho^ konini.,這是師傅的墨線具。
O nikidaan sa ho kina pala.,這個田才剛採收過釋迦。
Parao'en no mato'asay ko pifaca' i 'ayaw.,很早以前老人常用無患子洗衣服。
Ci'icel a tomireng kina adadaay.,這個生病者有能力站立。
Mikakilim ci Idek toya nipana'an nira a 'ayam.,依塞克尋找著他那所射中的鳥。
Cekok saan kami to roroh i dadaya.,晚上的雷聲讓我們驚嚇。
Pasemoten ko pimalian ita.,讓打球的地方長草。
Kohenac san ko toda a cepeten.,鰻魚抓起來真滑。
Tangasa i tatelecan ko tangongol no nanom no 'alo.,河水深及腰。
Papitoen aca ko minanamay.,只要七位學生。
Kara'orang ko riyar.,海裡很多龍蝦。
Patapiden i mamitapiday kira mapicihay a foday.,將破損的衣服送去縫補店縫補。
"Fesoc san ko Piyoma a silamalay,caay picafer i ciyataw niyam.",普悠瑪號直行，不停靠我的車站。
"Caay kahakowa ko nipaliwalan a dateng, nikaorira, adahi to nika awa.",今天賣的菜没多少錢，但是比沒有收入好多了。
O ka'a'alaw to impic ko lengad no kacacengang naira.,互相搶筆是引起爭執開瑞。
Soped han a maemin ko nipafelian no mako a codad.,我給你的書全部收集起來。
O micidekay ko tayal niyam to no 'alomanay.,我們和大眾的工作是分開的。
O sakalapakoyoc ko maloyaay a tamdaw.,浪費會讓人貧窮。
Likoko'en ni ina ko safa ako a misapeti'.,媽媽專打弟弟的腳。
Pacawien ko licay no singsi iso.,請回答你老師問題。
To'or han to no mita ko nga'ayay a kakawaw no mato'asay.,我們就要來跟隨長輩好的作為。
Macepcep no widi ko wa'ay nira.,他的腳被水蛭吸住。
O dita' ko sapisanga' to koreng ato 'atomo.,甕與陶器是用黏土製成的。
Ta'angay ko ofang no ngoso' nira.,他的鼻孔很大。
Kiso ko mi'iwasay i rarikor no lonan anohoni.,待會兒你在船尾划槳。
Papi'adawisen ni akong ako kako to fila'.,我的阿公叫我摘取荖葉。
Ciongang! Mimaan a tayni kiso?,笨蛋！你來做什麼？
"Kalangangan kina wawa, caay kamenek.",這孩子不安靜令人煩。
Papiondokayen ko mato'asay a papiyatayat to tireng.,讓老人家參加運動會來伸展身體。
O malatoloay to kinian.,這個已經分成三個。
Mapasilosi ko koror no fafoy.,豬的背後有做記號。
Malakamoko'ay ko panco no miso.,你的內褲變短了。
Arayen ko singsi no miso.,去向你的老師道謝。
O kaciherangan no mako kiso a mikihatiya i tamiyanan a matayal.,你跟我們一起工作讓我感到很安心(踏實)。
Cinasoay ko tafo no mako a talapicodadan.,我去學校的便當有茄子。
Masaromi'ad ko pitenged no mako anini.,我一整天都在發呆。
Pafasiyaw ko wawa.,孩子放風箏。
Malatosa a mapecih koya epang.,那塊麵包被剝成兩半。
Papito'oren ko wawa iso i takowanan a talalotok midongic.,讓你的孩子跟隨我上山去採藤心。
Papicipohen kora kay^ing no mita!,請我們的小姐化妝！
Awa ko sinang nonini a po'ot.,這把刀已不利了。
Alaen kona macadokay to a capox!,請搬走這些被鏟起的秧苗！
Hacowa a eminen ko rarakaten?,何時才能走完呢？
Ngiyangi han no niyam a mitefad ko kamaya.,我們用搖的使紅毛杮掉下來。
Tarakaw ko ngoso' nira.,他的鼻子很挺。
O kacelakan no hana i matini.,現在是開花的季節。
"Ano laliwen iso kira wawa, o tilo' nira a mito'or i tisowanan.","如果你要離開那孩子,他就會因追你而跌倒。"
Sasienaw saan ko romi'ad i Alisan to kasienawan.,冬天在阿里山感覺很冷。
Awaay ko yofin i niyaro' niyam.,我們部落沒有郵差。
Cietan ko misawaniay a payrang i pasaetip.,西部飼養鱷魚的漢人很賺錢。
Pa'aceren no ripon i 'ayaw i takaraway a lotok.,以前日本人在高山上構築水壩。
Mipatala kami to kakaenen no lafang.,我們在準備招待客人的食物。
Ma'arawraw ko folad i pisakaro'an.,中秋時分月亮圓滿。
Cacay eli' ko payso.,錢是一百。
O mali konian.,這是球。
Micekel to tangal kami a mimomok to pongkang.,過山洞時我們每一個人都低頭。
Micawor ci faki to 'afo sapadamek nira to panay.,舅舅攪拌肥料施水稻肥。
Caay  ka eca cikocosita ano cikoco.,穿鞋子一定要穿襪子。
Makemot nira kako.,我被他愚弄。
Maco^co a mapatalamoco' kora wawa.,那個小孩被擠到牆邊去。
Makapahay ko cora' i tangal no limecedan a wawa.,那個戴在少女的頭上的花冠很漂亮。
Pataloc to ko pi'onipan to capox niyam.,我們插秧的時期已過遲了。
O da'ci ko sapatiyam ni faki ako.,叔叔的商品是箭竹筍。
Palonok han no singsi kami a miconga.,老師任由我們自由發揮地畫畫。
Yamayam san kora lamal no lotok.,那火燒山的火烈火熊熊。
Mainain kora maso^soay a romakat.,那個胖子走路一瘸一拐地。
Ci Kacaw ko sarikoray a midodadoc to hemay.,Kacaw是最後一個把飯一口氣吃完的人。
Likot san ci ina i toro' no 'orad.,媽媽用雨水洗頭。
Awaay ko epoc no 'orip no ma'odangay a tamdaw.,犯通姦罪的人的生活沒有好下場。
"Awaay to ko piyang, nawhan alakahokahot saan ko wawa a miala.",没有糖了，因為小朋友個個都一把抓糖來拿。
O maan ko kaolahan no miso?,你喜歡什麼呢?
O paciwciwan kiraan a polol.,那個籠子是放置小雞的。
Misakolang ca Mayaw i kasienawan.,Mayaw他們冬天種植芥菜
O sapi'adetom niyam kiraan a rarar.,那小鋤頭是我們用來挖莎草的。
O dadaya ko kalisafonan no kasaselal.,年齡階級在晚上聚會。
"Kangdaw ko tatirengan no kangdaway, saka caay kahapinang ita ano caay ka tatefin caira i kilang.",青竹絲很綠，所以牠們在樹上靜止不動時我們很難注意到。
O ma'acisay kira nipalomaan no mako a tomato.,我種的蕃茄枯萎了。
O sapadofot nira to kaimahan nira a kapah konini.,這是她贈送給愛人的情人袋。
Mafiwfiw no fali ko hata.,旗幟被風吹得飄揚起來。
Mafana' kiso a mitikelo to fangcalay ato tatiihay han?,你會分辨好與壞嗎？
Layapen ko sapakaolah no mako.,請接受我的贈禮！
O maan ko kolit no foday nira?,他衣服是什麼顏色？
O fi'ik ko adada nira.,他得甲狀腺腫。
Midenga ko 'engid no fala' a adada.,肺結核病會傳染。
Fafaloen ko paliw anini.,今天要八個工作夥伴。
Macacayat ko malikakaay to kafafang a mafoti'.,兄弟共蓋一條棉被睡覺。
Cisilosiay kira kilang i lakelal.,河床的木頭是有記號的。
O misa'afelay ko tayal no to'as niyam i 'ayaw.,從前我們的祖先是從事製造木炭業者。
Pakacinamalay caira a talaTaypak.,他們搭火車去台北。
Aka kaapac a talapicodadan!,上學不可遲到！
Minanowang to fafisonan no wawa.,去搖動孩子的搖籃。
"Tado o lalok nira wawa a micodad, 'araw han i, papipakaenen no mato'asay to kolong kira wawa.",真可惜，那個孩子這麼認真讀書，結果大人叫那孩子去放牛。
Fetas han ko kaliwates masadak ko fena'.,刺破疔瘡膿就出來了。
O fonos ko sapaamid ni mama to kaka.,爸爸贈給哥哥的禮物是一把番刀。
Caay kafilo ako cira a somowal.,我說不過他。
Ketonen kira kilang a malokasoy.,切段木頭當柴燒。
O lalengawan no Pangcah ci Sera aci Nakaw saan ko sowal no mato'asay.,老人家說色拉和拿高是阿美族的始祖。
Pawacoen ko 'adawang no loma!,在門口置狗看守！
Lalimaay ko widang ako.,我有五個朋友。
O pi'adapawan no 'ada kira sacomod nora lotok.,那座山的入口是敵人埋伏的地方。
Mitana' ci mama ako.,我的爸爸採刺蔥。
Misaecaw ko pilomaloma'.,每一戶都在釀酒。
Pakalawac a romakat.,靠邊走路。
Kapapadang kamo.,你們要互相幫助。
Tayra kako i icifa a mi'aca to dateng.,我要去市場買菜。
Awaay ko lawad no mako a minengneng to kacedo.,我没有時間看電影。
Cekem san ko adada no tosor ako.,我的膝蓋一陣陣刺痛。
Aka tawalen ko likisi no to'as.,不要忘記祖先的歷史。
Adihay ko masay i rakerakesan.,樟樹林長滿了蔓藤。
Patalawen kira waco.,嚇一下那隻狗。
Aya! masapelaw aca nira koya foting!,哎呀！那隻魚從他手上逃走了，真可惜哦！
Mipacaengar ci ina to mahod misahakhak.,媽媽用蒸桶煮糯米飯。
Tikeloen kora rihom ato fata'an!,請將那紅豆和黃豆分開來。
Narikoran no faliyos matomes ko sota' i lalan.,颱風之後馬路填滿了污泥。
Macacak ni mama ko dadiwal.,爸爸將水蟋蟀煮了。
Mililocay kako.,我正在洗澡。
Misamsam ko kapot takowan.,同學欺負我。
Taniay ko militadahay i pitiposan.,要債的在割稻時會來。
Fison han nira ko fafison matefad aca koya wawa.,她一搖動搖籃孩子就掉下來。
Ifangat sa ko romi'ad anini.,今天天氣真悶熱。
Elik hananay ko panay itiya ho.,從前是用腳板摩擦稻子脫殼的。
O faco no loma' ko mirenafan.,所畫的是家的形狀。
Mapi'iw ko rakat nira.,他蹣跚地走路。
"Ko^sitay kona titi, caay pakafilo kona wadis ako.",這塊肉很硬，我的牙齒咬不動。
O ciwikolay to nawa kina fasiyaw.,這個風箏有草繩尾巴。
"O 'adepetay kora mato'asay, caay kakahi palada' to pawli.",那位老人家很吝嗇，不肯分享香蕉。
Kaeso' ko 'adi no nikelingan a 'emo.,用炒的年榚鍋巴很好吃。
Pacofcof han ni Toray ko widang nira to epah.,Toray強灌酒給他的朋友。
O maan ko ”matang” saan a milicay ko wawa ako a somowal.,我的孩子問我什麼叫做未開墾地。
Mikilim ci fayi ako to sapaloma to kalitang.,我的祖母在找長豆的種子。
So'elinay caay kahemhem ko roray no malasofitay.,阿兵哥的苦真的很難忍受。
Kasarorok no tamdaw ko pi'arawan to likisi no to'as.,祖先的歷史可以從形成世代來看見。
O tadakasini'adaan ko pakoyocay a loma'.,窮人家實在令人感到可憐。
Halipakangic ko mipaypayay a tamdaw to sariri no efiyo.,拜拜的人喜歡在廟的柱子上裝飾龍。
O rihaw to ako i rikor no lalisan.,感冒之後我聲音就嘶啞。
Raraya' ko kanoos ni kaka.,姐姐的指甲很長。
Singsiaw o kakangodoan niyam kiso.,老師啊！您是我們最敬愛的人。
O pakahengangay to nanom koni.,這個會使水染紅。
O 'opic no ngalay kira masanekay.,那是口水弄溼的味道。
Mafecolay to kami maemin.,我們全都吃飽了。
O mi'adipelay ci akong no mako i matini.,我的阿公正在做圍牆。
Pa'adifaten no tawo to kilang i karomakatan niyam a talalotok.,別人用木頭為障礙物阻擋我們上山的路。
O fiyaw no mako ciira.,他是我的鄰居。
Mingingoy kako i tarawadaw.,我在河裡洗澡。
O ma'efecay ko nafaloco'an no niyaro' no mita.,我們部落想要的被阻止
Paka'afesen no matayalay a mitodoh to 'awol ta mipacakay i patiyamay.,工作人員將竹子燒得堅硬後在店裡販賣。
Hakelong sato kako ca ciiraan.,我就跟他們去了。
Pasadaken ko nicacakan a sakalafi i matini.,現在將煮好的晚餐端出。
Mangta' ho kira nicacakan no miso a hemay.,你煮的米飯還是生的。
O es^es ko sakafana' ako to tahaloma' ni mama.,我是以口哨聲知道爸爸到逹家裡。
Cifaco to no waco.,有狗的形狀。
Komimit han no mako kira caiyay pitengil a wawa.,我擰捏了那個不聽話的孩子。
Sasiwaen ko tamdaw.,要九個人。
Ca Panay kora pikadafoan ni Mayaw.,Mayaw入贅的是Panay她們家。
Lacinowas sato caira a maramod tona macacoli.,他們夫婦爭吵後就分開了。
Hinapataloc ci Panay.,巴奈經常遲到。
Malafo'is ci ina no mako i kakarayan.,我的媽媽在天上變成星星。
Mi'adidemay kako i palapalaan.,我在田野採桑椹。
PasaKalingko ko 'ingay no rakat naira.,他們行進的方向是花蓮。
Pako'icawen ko lali'elan no riko' ako a misanga'!,請將我衣服的領子做硬挺點！
Caay katayni caira alatek.,也許他們不會來了。
Caay ka kapah a macacolicoli ko malafiyaway.,鄰居互相吵架是不好的。
Niditekan no Kawas ko 'orip ita.,我們的生命是神註定的。
Citolas ko fana' no mita.,我們的知識有限。
Mihakelong kako cairaan a misalama.,我跟他們一起玩耍。
Citatodong ko mama no kakaph a mikonling to kapah no niyaro'.,青年階級的
Patodongen ni akong kako to no mako kilac.,阿公有配我的份給我。
Maroray ci ina a matayal.,媽媽工作很辛苦。
O maan hakini ko cacinglawen to tatiih no tao?,別人的壞事有什麼好說的呢？
Paco'isen a pateli ko katopih a mi'icang.,讓瓶子倒著放來曬乾。
Corok saan kita a misakoli.,我們輪流賺錢。
Pakocoen ko safa!,幫妹妹穿上鞋子。
O letep no mihecan ko sakacani'iw no mata no mato'asay.,老人家
Parara'en ko kafi a micacak.,煮湯要放點紅豆。
Karahekeran no finawlan kiso a malakiing.,你當選議員是眾望所歸。
Ocong ko 'adeteng no facidol a kilang.,麵包樹有很多樹汁。
O maan ko cacahoken to makerahay a tefon?,乾涸的水井有什麼水可舀取？
Tada o pacalemcemay ko demak no miso.,你的行為使人擔憂。
Halies^es ko mama ako.,我的爸爸很愛吹口哨。
Camol hato no mita a mikapot a makero.,我們就加入一起跳舞。
Sakangdaw saan ko pising no tomok ano matelii.,那頭目生氣時臉好綠。
I sakalima liyad ko aasipen no mita anini.,我們今天要讀的是第五課課文。
Miparakar ci mama i 'alo.,爸爸在河谷下魚籠陷阱。
Mipamatang a misadadahal to omah ko akong i tiya ho.,很久以前阿公開墾擴
Malolod kako tora tatiihay a demak.,我被捲進那件壞事。
Pakappaen ni mama ko tosiya nira.,爸爸披上防雨布在他的車子。
Tadafangcal a nengnengen kora coka.,那幅畫看起來真美。
"Momi'ay no ina ciira, orasaka olatek sa ko pinangan nira.",他被母親寵壞了，所以他做事很過份。
Malalolalok ko wawa nora manikaway.,那貧窮人家的小孩個個都很勤勞。
Falahen ko ci'akawayay a sina'osal.,帶莖的刺筧就丟掉。
Nima a loma' kira cifadahongay to kahengangay?,那屋頂有紅色的是誰的房子？
Padaydamen ko kafi no foting.,魚湯放點辣椒。
Mikicayay to 'orip ko kadofahay a tamdaw.,富有者是節儉的。
Latek cai kafaliyos tinamihecaan.,也許今天不會有颱風。
Kangodoan kamo to nikaapac no mako.,我因為遲到對你們很抱歉。
O patangkoyan no niyam kinian.,這裡是我們放冬瓜的地方。
Cofay saan kami nanipala.,我們從田裡折返回來。
Malakowit nira ko lotok.,他越過一座山。
Pakaferen cira to papah no pawli.,給他穿上香蕉葉的褲子。
Masari'edoc ko faloco' nira a mamalasi ano ta'angay cira.,她一心一意長大要當老師。
Malaaped ko faloco' ako.,我心灰意冷。
Ecer sa ko isi' ni Ngayaw to dafak.,早晨Ngayaw的尿如水
I Satefo ko cepo' no kicon no Posko.,玉里的水圳末端是下德武。
Padadingoen i tatihi no paenan no mita.,我們的門旁邊要安裝玻璃。
Ci'o'ol ko rengorengosan to dafak.,清晨草叢有露水。
Pakaikor a mito'or to kolong ko wawa.,小孩從後面追牛。
Miyatayat to tireng kako.,我活動筋骨。
Karakimaday a tamdaw ci Namoh.,那摩好很會說故事。
Mihamham ci ina to lafang.,媽媽招待客人。
Cima ko mipacekay to 'anengan no mako?,是誰釘了我的椅子？
Mapolong a o marahiday ko wirok no mita tinana a mihecaan.,我們全部栽種的文旦今年比預期的還要更多。
faliyos a loma.,部落的青年一起將颱風吹倒的住屋合力扶正。
Leneng sato ko paliding no mako i lakelal.,我的車子在河邊快沉沒了。
Haloakoen a pakilac to titi!,請也分給我肉食吧！
Cipatelaw ko halifekacay a tamdaw.,會跑步的人很有肌肉。
Kimolmolay ko pising ni ina.,媽媽的臉圓圓的。
Pacepo'en ko kayki no mita anini.,請下今天會議的結論。
O edong ni mama.,爸爸的手套。
Fangcal a nengnengen ko piyok nora kaying.,那小姐的舞姿很好看。
O cokis no loma niyam kiraan.,那是我們覆蓋茅草屋頂的支架。
Aka patelas a mikonis to patih!,不亂劃牆壁！
Nanay lahedaw to ko lafo nira.,但願他的厄運能消除。
Adihay ko fihon nora kay^ing.,那小姐有很多化妝品。
Mafana' mitenoon ci Panay.,巴奈很會織布。
Kako ho ko micalcalay to kasoy i saikoran.,讓我來在後院劈木頭。
Milihacol ko pahoting to dafadafak.,養牛者每天早上擠牛奶。
Micikcik to tamana ci ama malosapakaen nira to howak.,阿嬤切高麗菜要給鴨子吃的。
Karaekong ko fangas a kilang.,苦煉樹上很多貓頭鷹。
Cikawas kina lotok.,這個山有鬼。
Mahatefo ko hikoki i pahikokian.,飛機在飛機場降落。
Alapacaliw han no mita to felac ciira.,我們就分別借米給他。
Ocong I kitasi ko kasi no wawa.,抽屉裡有很多孩子的糖果。
Repon hato no mita kira cacodaden.,我們就把功課完成。
Mica'it kako to hawan i hecek.,我把刀掛在柱子上。
Pakalilid kora tatosaay wawa to karetengay a 'anengan.,那兩個小孩抬得起重的椅子。
Aanini a paka'araw kako to tadapising no miso.,今天我才真正看到您的真面目。
Tadafangcal a nengnengen ko lodi' no kakarayan.,天空上的晚霞看起來真美
Calohen ko tayal a miherek.,趕緊將工作完成。
"Makali'elay ko ama ako, saka ci Kali'el ko cimil nira.",奶奶的脖子很長，所以她的綽號叫做Kali'el。
O mifakongay ci Ina no mako a mipaloma i kasa'aed no loma'.,媽媽去採螫蟹花種在家與家的中間。
Sikomu ko kamay nira.,他手上有橡皮筋。
Koheting ko para' no sioy.,鍋子的底部是黑的。
Nipacakilan a maemin ko lalan i tonotono'an.,陗壁上的路幾乎都是被開鑿的險陡小徑。
Mafatad ko pinanam.,學習到一半。
Milimek kako tora tamdaw.,我要避開那個人。
Sisit han nira wawa ko ngoset no safa niara.,那個孩子擦了他弟弟的鼻涕。
O nga'ayay a kamok ko ninengnengan no wawa haw?,我們小孩看的節目是好的嗎？
Macoracor no mako ko wawa ako a miseking to fa^elohay a katayalan.,我已催促我的孩子去考新的工作。
Nga'ayay sasirawen ko tangal no foting?,魚頭可以醃漬嗎？
O ropay to no pi'onipan.,插秧的田地很平坦了。
Sakaota'an saan kako.,我很想吐。
Awaay ko co'ay nira wawa to tao.,那個孩子沒有報復別人。
Kalona han nora ta'angayay a waco kora mimingay a waco.,那隻大的狗逗樂那隻小的狗。
Patalokanen kira mamasofoc to a 'ayam.,請為那個將要生蛋的雞蓋雞舍。
Malahedaw to ko roray no faloco' ako.,我心裡的重擔消失了。
Karakosiw ko tosiya ni mama.,爸爸的車子很常常故障。
Adihay ko nisopedan nira a payso.,她節了不少錢。
Mafana mikorkor to kadikoan ko waco i lotok.,狗在山上很會挖掘巢穴。
Parihien kira dadahalay a facal.,在寬廣的方塊田地做田埂。
Maolah ko kolong a mironang i henohenotan.,牛喜歡在泥沼地打滾。
Mihengaday kini wawa a mikolay to kilang.,這孩子撥開樹木捉甲蟲。
"Pakacakil no tono' ko rakat ita, ta tahenay a tangasa i katayalan no mita kita.",我們要從峭壁的險陡小徑走，我們才能到達我們的工作場所。
Patomoken kira mamangay a niyaro.,很小的部落也要設置頭目。
Angcohay ko sanek no onsēng.,温泉的味道有尿騷味。
Cingosetay kita a maemin i mamag ho.,我們小時候都有鼻涕。
Ma'awasay nira a miasip ko codad.,他跳頁式地讀書。
Misaliyaliyad ko adada no tiyad ako.,我的肚子一陣一陣的痛。
Pakalonan kako tayra i Fotod.,我搭船去蘭嶼。
Mitekol ko wawa to mali.,小孩投球。
O maan ko pamataan no mita a tayni?,我們來的目的是什麼？
"Koli san kiso, o maan ko sapikoli iso to tatirengan?",你瘦了，你是用什麼瘦身的呢？
Cikcik han no mako ko titi no fafoy.,我把豬肉切成一塊塊。
Ma'araw no mako kiso inacila.,我昨天看到你。
Cifelalotong ko moco' no loma' namo.,你們家裡的角落有蜘蛛網
Cikoliciw kako anocila a talapicodadan.,我明天要騎單車去學校。
Fangcal ko romi'ad anini.,今天的天氣很好。
Alamicohcoh to toko kami a malafi i honi.,剛剛我們吃晚餐都在吮吸田螺。
Maolah kako mitengil to kimad.,我喜歡聽故事。
Mararamod ci Panay aci Toray.,Panay和Toray結婚。
O sakalaecaan to kina mato'asay i kafoti'an.,那個老人家在床上將生病不起。
Pa'alenengen na Mayaw i terong no kakahaday a facal naira.,Mayaw他們在寬大的田畦中設置一條田埂。
O maan ko tatolonen no mita?,我們要禱告什麼？
Fafelin saho ko dipot nira.,她的嬰孩才剛剛會翻身。
Milingkiw ci fayi i lotok.,阿姨去山上採辣椒。
Mipamatang i lotok o pisasinafelan.,為了種菜在山上開墾。
Mimaanay kiso to dadayadaya?,每個夜晚你都在做什麼？
Do^doen ko rakat ako!,跟著我走！
Milokot ci mama i lotolotokan.,爸爸在山林中採山蘇。
Mafolaw kami talaTaypak.,我們遷居到台北住。
O nisapalaan no mato'asay niyam kinian.,這是我們的祖先開墾的地。
Nanodafak tahadadaya ko picodad noya wawa.,那小孩從早上讀書到晚上。
O mi'awasay kita to katelangay a mihecaan.,我們要跨越舊的一年。
Damihmih san kora totoy kaolahan no nimanima a mi'afofo.,那隻小狗毛茸茸的令人愛不釋手。
Mafowak ko nemnem i cikaw no lalan.,路邊的泉水湧出。
So'ot hato no tayring kira mikoliniway.,警察就把小偷捆起來。
Mico'co caira to paliding niyam.,他們緊靠著我們的車子。
Marohem to ko kowa'.,木瓜成熟了。
Ma'ari ko kalas no tosiya ni kaka.,哥哥車子的玻璃破掉。
Ma'esos kira tamdaw.,那個人放屁。
Aka kangawi' a somowal!,說話不可口不擇言！
Awaay ko nga'ayay a demak no mico'ayay.,復仇者沒有一個好下場。
Fetir han ni kaka ko tangila ako to komu.,哥哥用橡皮筋彈打我的耳朵。
Mahemek ko mato'asay to pipafatis no kapah.,老人家很高興青年分享獵物。
Malaheciay to ko tayal no mako.,我的工作完成了。
Mitolon kita.,我們來禱告。
O cepo' no Siwkolan a tarawadaw i tini.,這裡是秀姑巒溪的出海口。
O cofelis no safa ako to tikami kinian.,這是我妹妹回我的信。
O ka'akokan no tamdaw ko 'a'enocan.,人的喉嚨最容易噎到。
O lasang ko adihayay no 'orip nira to romi'amiad.,他活得醉生夢死。
Nakaepeday kina fodoy yo i sangara'ay a safodoyen.,剛穿這衣服時還很柔軟。
Kiemel ko wawa no mita a mimali i picodadan.,我們的孩子在學校打球贏了。
O mapacamolay no mako to kakorot no Pangcah ko sinafel no mita malahok.,我們午餐的菜餚我混合一些原住民的苦瓜。
Pakocositaen ko safa!,幫妹妹穿上襪子。
Madoka' ko ciko no miso.,你的手肘受傷了。
ko maloyohay no faliyos a loma'.,被颱風吹半倒的房屋已被部落青年扶正了。
Sacopelak sa a kaenen ko sasengeren a alopal.,還未浸泡的柿子吃起來很澀。
Maolah ciira a misalikaf to tao.,她喜歡講別人的壞話。
O fokelokelohan ko pala no Pangcah.,阿美族的田地都是石頭。
O mipacengo'ay kira kilang imatira.,那棵樹正在長新芽。
Awaito ko mifihekacay to 'arorir tinamihecaan.,這個年頭沒有人設陷阱抓燕子了。
Falah han no fainay ko fafahi.,先生拋棄了太太。
Away ko ca'of no mama to sapipatapangaw i takowanan.,我的父親沒有回答有關我訂婚的事宜。
O 'arik'ik ko tayal no maokikay a tamdaw.,瘦小的人工作起來動作輕巧快速。
Maolah ciira a palada' to kakaenen to fiyafiyaw.,他喜歡分享食物給鄰居。
O ma'okakay ko kaolahan no kaying anini.,現代的小姐喜歡瘦的身材。
O mipatrkatay to lonan ci mama ako.,我的父親是開輪船的。
O hahoding a cacay ko nisafaloco'an no wawa ako.,我的孩子一心只想到競賽。
Ma'apoh ko ngiha noni laciw!,這收音機的聲音很模糊。
Dadahalay kora nicakayan nira a loma'?,他買的房子很寬敞嗎？
Tadatata'ang ko omi' no mama ato ina to wawa saka caipitengil kira wawa.,因為父母太寵愛孩子，所以孩子不聽話了。
O di'i nira cira.,他是她的性伴侶。
Maapac ko 'orip no Pangcah i tiya ho.,過去阿美族的生活水準很落伍。
Misacekecekem ko macocokay no ceka' i saripa' no mako.,我被荊棘刺傷腳掌一陣陣地刺痛。
"Kofit saho ci faki to sowal, awaay to ko pacoliay.",舅舅一下結論就没有人敢再回嘴。
Pato'aya kami to to'as i pala.,我們在田裡為祖先獻祭品。
"Porpor san to koni po'ot, hacowa a renafen saw?",這把刀如此不利了，何時才要磨呢？
Misacikeng ko mato'asay ano cila a romi'ad.,明天老人家要製作水缸。
Malalikid kita mapolong anini.,我們今天全體一起跳舞。
Tadacilamit i faloco' ako ko limo'ot ni mama.,父親的教誨根植我心。
Makapah ko ngohah no widang ako.,我朋友的情人很漂亮。
O fonga ko tafo no niyam i 'ayaw saan ci ina.,媽媽說很早以前的便當是地瓜。
Cifaliyos to kaciferangan.,夏天常有颱風。
Nawnaw saan ko faloco' ako.,我的心浮澡。
O pipanemnem no kawas i titaanan.,這是上帝賜給我們的湧泉。
"Caay kalecad ko picodadan no mako aci Nakaw, saka macinowas kami.",我和拿高就讀不同的學校，所以我們分開了。
Misalama ciira to kampiwta to romi'ami'ad.,他天天玩電腦。
"Lalileng saan ko fongah ako, awa ko naadahan no sapaiyo.",我的頭一直暈眩，藥一點效果都没有。
Malapifowahan kira kilang.,那個木頭成為門把。
Paronironen i potal no miso.,在你的廣場種刺桐。
Samacien ko niyaro' no Kalingko saan ko tapatapang.,很多高官認為把花蓮的部落改變成城巿。
O kamoraw ato pawli ko kaolahan no mako.,我喜歡的是柚子和香蕉。
Pawaa' kina kolong a mica'edong to taro'odan no paliding.,這隻牛用角勾上牛車的軛。
O 'odot ko adihayay nora wawa to picodad.,那個孩子打架比讀書多。
Maca'owaway ko kero no kapah i kailisinan.,豐年祭時青年的舞蹈是跳躍
Awaay ko epoc no mala'afihay ko tayal.,工作如同糠粉者（四處紛散）沒有用。
O tera' no 'orad ko pasoniay tira todang.,是雨滴使鐵板有聲音。
Misa'efit cira to singsi.,他欺騙老師。
Papisingasifen kira wawa iso.,請你的孩子燒開水。
'Iwasen a patalaterong no fanaw ko tamina iso.,去把你的船划到池子中央。
Rofo hato no tayring kira mikoliniway a tamdaw.,警察就把那個偷竊的人關起來。
Ciraay to ko mialaay to codad ako.,一定是他拿走我的書。
Dawmi' ko tireng nora kaying a masakero.,那小姐的舞姿很柔軟。
O Misafodawanay ciira.,他是個金匠。
Pacefcef ko mama no kapah to sasa a selal to epah.,領袖階級強制後輩青年喝酒。
Kitosor saan kira wawa a tomangic i lalan.,那個孩子在馬路上跪下來哭泣。
Setol han no otafay kira romakatay a ina.,那個走路的媽媽被摩托車撞了。
Manikar ci Osay misakaranam.,五賽晨早起床做家事。
Epod sa ho!,下來一下！
O mado'engay kora tamdaw.,那人是聾唖人士。
Hinokop san ci Mayaw a misaali to payso to inaan nira.,Mayaw俯伏在地向她的母親要錢。
So'oten koni i tartar!,把這個捆在柱子！
Misaciciway ko to'as namo i kariponan.,你們的祖先日本時代是養小豬的。
Maorat kako tonini a demak.,我對這件事摸不著頭緒。
Kaleto han to ko patiyaman a mi'aca to simal!,順路經過商店買油！
Kahian to ako ciira.,我已經同意他了。
Away ho i 'ayaw ko hoso saka on^on nihanan ho no kapah.,很久以前還沒廣播器時就由年青人以喊叫的方式傳達。
Mifolod ci Tomay to kaka nira a talaTaypak.,Tomay跟隨他的哥哥去台北。
"Hakeno, caay kafana' kako tora demak.",不知道，我不了解那件事。
O mica'engaway kako mineneng to sadak no cidal a pasawali.,我抬頭觀望東邊剛昇起的太陽。
Karacahid ko kakarayan to kalafian.,黃昏時刻天空多雲。
Makaleng ko soni no ap^ap i pala.,田裡田雞的聲音很低沉。
O homong ko tadatayal no malafokesiay.,當牧師的重要的工作就是訪問。
Kofiten ko sakofit no fodoy iso!,把你衣服的鈕扣扣起來！
Cekok saan kako a pakanengneng toyaan a 'oner.,我看見那條蛇時嚇一跳。
O misacacakay ko tayal nira.,她是位廚師。
Pacamahawen nira ko piparatoh.,他的報告廢話很多。
Maisaw kako anini.,我今天没有胃口。
Sakomeced sa ko tireng nira.,他的身體很結實。
Misatalokan ci mama ako anini.,我的爸爸今天要蓋雞舍。
Maseka' kora mikaketiay.,那捉毒蜂的人休克。
Aka pahacikay a miparakat to tosiya.,不可開快車。
I paisingan kako i matini.,我現在在醫院。
O nisa'apilisan no mato'asay niyam kinian a pala.,那個山坡地是我們的長輩開墾的。
O kaketeren no kaka ko matokaay a safa nira.,懶惰的弟弟是哥哥要責備的。
O mipaosaay kako a talapala.,我去田裡是要去送飯。
Pakocoen ko wawa no mita.,讓我們的孩子穿鞋子。
O cifanohay kina kamaya.,這個紅柿子有毛。
O maan ko milalingan no miso?,你因何呻吟呢？
Maolah kako a mineneng to ika.,我喜歡看電影。
O malaapetay caira a tatosa.,他們兩個成為連襟。
Masacanglah to ko romi'ad no mita.,我們已到了春天。
"Maci'em no kapot ciira, saka awaay ko widang nira.",他被伙伴輕視，所以没有朋友。
Toloen a sapad ko tahka no lafang ita.,我們客人的飯桌要三張。
O pakoyocay kina mato'asay.,這個老人是很窮的。
Tahcerem to ko romi'ad opoh sato ko tayal niyam i pala.,太陽快下山了我們就迅速的將田裡的工作做好。
Pasifana'en no mama no kapah caira a papica'owaw a makero to dadaya.,在晚上的時候青年領袖教他們跳躍的舞蹈。
O tefotefosan ko pala no Fata'an.,馬太鞍的田都是甘蔗園。
O nimaay a kolong kinian?,原本這隻牛是誰的？
Ca kanga'ay kako komaen to koesanay.,我不可以吃甜的。
Sisiten ko dinget no wawa iso!,你孩子的鼻涕擦一擦吧！
O fokaw hananay koninian a kilang.,這種樹叫做筆筒樹。
Kalikiday ko nanom no tarawadaw.,大河的水很湍急。
Mipacarcar ho kako a pasela'.,讓我暫時休息。
Tanocohel sa ci ina a mitifek to felac.,媽媽舂米時滿身大汗。
Malaliyas ci ina aci mama ako.,我爸和媽離婚。
O naripa'an no tomay kinian.,這是熊的腳印。
O misa'odaxay ko parod niyam.,我家是製造糖果的。
Ma'osi kako to acefel no tamako.,我討厭煙味。
"Is^is han ko waco i, o tangsol a tayni i ka'ayaw iso.",向狗吹口哨，就會立刻到你面前來。
O impic aca ko lalengatan noya sito a mala'odot.,小朋友打架的起因只
O paicifaan no Fata'an kinian.,這是光復的巿場。
Ngito'en kira mangiyangiay a wadis.,請將搖動的牙齒拔掉。
Liwal han nira ko pipacakay  to fodoy i piliomaloma'.,他挨家挨戶的賣衣服。
Awaay ko lalongocen no mako to maanan.,我没有任何需求。
Papiceli'en ko kapah tira mari'angay a tamdaw.,叫
Adihay ko lonen no Kalinko.,花蓮有很多地震。
Macahiw kako.,我肚子餓。
Matalaw a makofel ko pising no mako.,我很怕臉上起皺紋。
O maan ko nikiliman no miso?,你在找什麼？
Sakasadakan kira koko'.,那隻雞想要出去。
O sakacecay a liyad ko niasipan niyam i nacila.,我們昨天讀第一課。
Ceno' aka han ko nanom.,不要浸入水中。
Cedet han no mako i faedetay a nanom ko caengetay a wa'ay.,我用水燙我那發癢的腳。
O ma'inal ko finawlan to nika cietan no miso.,部落住民很羨慕你賺大錢。
I kawili no loma' ko cawka naira.,他家的廚房在屋子的左邊。
Kalopaliw aka kasaan i takowan.,不要把我當作是工作夥伴。
Palingkoen ko picacak to wa'ay no fafoy a mitenger.,燉豬腳時要放蘋果。
Pafafelin to harateng a palisomad.,改變思想。
O maricaricay no mako kira piyang.,那個糖果被我搓揉了。
Nga'ay hasapisanga' to koco ko nisamodacan no 'oner haw?,蛇的蛻皮可以製成鞋子嗎？
O cifala'ay ko tamdaw.,人是有肺的。
O pakanoosay kira posi ano matelii.,那隻貓生氣時會張爪。
Caay kafasaw ko cahcah niyam a macakat to lotok.,我們爬山的喘氣沒有和緩。
Kaomela kita to sowal no mita o Pangcah.,我們要珍惜我們的阿美族語。
A ilalek kako i loma' na fayi.,我會在阿姨家很久。
Cilokedaway ko lotok no Yosan.,玉山上有豹。
Citatekohay kina kilang.,這棵樹有虎頭蜂。
O tomok no niyaro' niyam kirawan a mato'asay.,那個老人家是我們部落的頭目。
Cokaen to langdaway a cengel kora  kilang i coka!,那圖畫上的樹請塗上藍色！
Na o misafafoyay ko tayal ako i roma miheca.,我去年原本的工作是養豬的。
O ngawa' to no mato'asay niyam kina mihecaan.,今年我們的老人家掉牙是時候了。
"Papidemaken ni ina ci safa, langiwngiw saan cira.",媽媽叫妹妹做事情，她一直抱怨。
O fasaw ko sakalahok ita.,我們的午餐是剩飯剩菜。
Cikamilaay ko tamdamdaw a nini.,現在的人都有相機。
Pakacitingen ko pinanam to codad no Holam.,國語要從字典來學習。
O nipadetengan naira a pakatelii.,是他們故意惹人生氣。
Tepo saan i ka'ayaw ako ko fafoy.,豬從我的前面掉下。
Palata'ang ko singsi to fana' ni Mayaw.,老師稱讚馬耀的知識。
Lotac hato kira lapot a misafel.,煮菜時要揉搓地瓜葉。
Katalawan ko kakohkoh.,眼鏡蛇真可怕。
Dadotosen iso kako!,你要繼承我！
O pinangan no foti' nira kora a piekor.,打呼是他睡覺的習慣。
Maponi' ko niroheman ni kaka i pafelacan a kida.,哥哥放在米缸待熟的釋迦腐壞了。
Pakakasoling kami a minokay.,我們搭汽油列車回家。
O tomok no niyaro ko mipanganganay i cairaan.,部落的頭目為他們取名。
Misakemot ko tata'angay a wawa to mamangay.,大的孩子欺侮小的。
Cicamahaway a maemin ko sowal nora tamdaw.,那個人的話全是誇張的。
O saocongay ko foting no mako.,我的魚最多。
O ringer no tangal no mako i dadaya a cay kanga'ay a romakat.,昨晚我的頭旋轉不方便走路。
Poener kami a kalekaka.,我們弟兄姐妹都很矮。
O pisakamian i Kalingko kinian.,這是花蓮的紙漿場。
Papimilmil ko singsi takowanan to kafang ako.,老師要我仔細檢查書包。
Awaay ko olat noni a titit no kolong.,此人做事不經大腦。
Keriden nira ciira i pafesocay a lalan.,衪帶領他走直路。
O cikampiwtaay ko tamdamdaw anini.,現在人人都有電腦。
O ka'efoan no wawa ako ko piseking i picodadan nira.,學校的考試是我的孩子無法勝任的所在。
O sarareem ni Kolas kami.,我們是Kolas的晚輩。
Tali'enang sato to roray caira.,他們累的躺下來了。
Caay ka safonen nira ko tireng a mingingoy.,他没有用肥皂洗澡。
Mala'afih ko nitifekanni Hongay a panay.,何愛把稻子舂成糠粉。
Pacokisen no mako ko loma' no miso.,我要在你的家覆蓋茅草屋頂的支架。
Kaeso' a pacamolen to tana' ko kafi no foting.,魚湯加刺蔥很好吃。
Maolah ko wawa a mifacacido'.,小孩喜歡抓蜻蜓。
Madoka' ko koko' no safa ako.,我妹妹的腳受傷。
O kosi ko misarinomay.,是公司製作針的。
Adihay ko 'adadongac i kilakilangan.,森林裡有很多甲蟲。
"I tini i sa'opo no mato'asay i , malasasafaay a selal kako.",在老年人的聚會裡，我成為最小的階級。
Kiso ko mi'afofoay to waco a madakaw to faso.,坐公車時由你來抱狗。
O katawaan ko pisalona nifayi ako.,我的祖母逗弄人很好笑。
I Pisirian ko tadaloma' ako i 'ayaw.,從前我家住在三仙台。
Polongen ko paro no loma' a masaopo.,讓全家人都團聚。
Comod han to niyam ko loma' no miso.,我們就進到你的家裡。
O mamapades ko finawlan ano malalood ko kitakit.,若國家發生戰爭，人民將受苦。
O kaeso'ay ko lafi ita.,我們的晚餐是好吃的。
Macacak to ko dateng no mita i dangah.,我們鍋子裡的菜餚已煮熟了。
O pala ko niterekan no mato'asay i takowanan.,這田地是長輩留給我的。
Piyak saan cira a maro'.,他張開雙腳而坐。
O tokitok no kapah a misalafii a mikasoy.,年青人連續連夜砍木材。
Mitedal to ciraraway a tamdaw.,解救有罪的人。
Paoronen ko wawa iso i tamiyanan ta taloma' mikoyni.,先使你的孩子懷念我們過年才回來。
Papidongecen no mama ko wawa nira.,爸爸叫他的兒子去採藤心。
"Ano misawsaw kiso to felac, pili'en ko langkes!",你洗米切記挑出裡頭的小石子!
Malatahefod ko fonak no pariyar a mafiyok no fali.,海邊的沙子被風變成沙塵暴。
Pakaca'emot to sowal no tomok kako.,我可以領悟頭目所說的話。
O kasoling ko sakarakatay a cilamalay i tiya ho.,從前最快的列車是汽油車。
Romot sanay kinian a nicakayan a loma' i tokay.,在都巿裡買的房子很狹窄。
Asipen ko ko cecay a liyad.,請朗讀第一課。
"Micofel ciira to hawan, nawhan matalaw to katafalan no wawa.",他把番刀插回刀鞘，因為怕孩子們被刀傷了。
O cingoyosay ko mapipapelo.,讓名嘴來演講。
O nipalomaan no niyam kira datay.,那棵七里香是我們種的。
Moraraw ko sowal ako.,我說錯了。
Tomesen ko piparo.,裝得滿一點。
Cirarikahay ko kafotian no mako i dadaya.,晚上睡房有蜈蚣。
Panani'olen ko fanaw no mita ta adihay ko fitakola.,我們的池塘放些蝌蚪將來才會有很多青蛙。
"Tatata, miliangpaw kita ci fakian.",走走走，我們去向舅舅要紅包！
Mipapah ko wawa a mipakaen to kodiwis.,小孩採地瓜葉養兔子。
Konon han no wawa nira a miasik ko lalinik no kafoti'an.,他的孩子跪著清掃床底下。
O pafidadokian nima kira dofot?,那個袋子是誰的蝙蝠袋？
O pasirisirian aca kinian a talo'an.,這一定是放羊的工寮。
I takowanan a mapaherek.,在我這裡結束。
O pipapataan konini kangkang.,這個罐子是裝奶油的容器。
O maan ko loya saan a mihapinang ko wawa ako.,我的孩子想要瞭解浪費是什麼。
O micepetay to mali ko kaka ako.,我哥哥正在接球。
Awaay ko pitolasan no olah.,愛永無止盡的。
Celem han no fitakola i laloma' no nanom.,青蛙潛入水中了。
Masasiromaroma ko tenoon no kasafinacadan.,每一個族群的織布都不一樣。
O karafitakolaay to kacanglahan.,春天很多青蛙。
Saromaen ko picacak to hemay.,煮飯要變化。
Akaa pacikay to tosiya!,千萬不可開快車！
O maan kora miketingay i riko' iso?,那個黏在你衣服上的是什麼？
O misafa^lohay kami a malowama a misarafar.,我們父子倆重新開墾山坡的田園。
O parad no safa ako konini.,這是我妹妹的桌子。
Mamecmecay to ako ko coco ako a mikinsa.,我己經用我自己的手掌捏住乳房檢查。
Tanokakohkoh saan i soemetay a pala.,很潮溼的田地有很多眼鏡蛇。
Siwa ko widi ira ko pangkiw a mafoti' kako to lafii.,我晚上九點半睡覺。
Caay pisamadah a mipalo to wawa cira.,他打小孩一點都不輕輕地打。
O sakayat no mama ako kiraan.,那是我父親的指示。
Ira ho ko ciiraananay a 'osaw no payso.,他身上還有餘錢。
'Odawis aka hanen ko caayay ho karohem a kamaya.,那顆還沒有熟的紅毛柿不要採。
Kacipida a talapicodadan anocila.,明天要帶錢上學。
Tata'ang ko ngoyos nira.,她的嘴巴很大。
Makefing ko wawa nira.,她的小孩患了痲疹。
O icowaay ko rahodayay a tayal?,那一個工作比較容易？
Malecad ko kalo'aca no kalosapasifana' a codad.,所有教科書的價錢都是一樣的。
Milipayci kako i tawki.,我要去跟老闆領工資。
Parocekan ni mama kako to sapicakay to sakaranam a payso.,爸爸有給我
O marorohay kako saka talahoingay kako i nacila.,我被嫁禍了所以昨天我到法院了。
O ma'opicay ko fodoy no mako a talapicodadan.,我穿淋濕的衣服上學。
Talatimol kako a mipalafang.,我到南邊做客。
Aka celi'en a mikapoyi' caira.,不要大聲怒罵他們。
I katimolay a mapateli.,放在南邊。
O mikeriday kiso anini.,今天你是引導者。
'Afilid han a micolo' kina codacodad.,把這些書單手夾起來搬運。
Miceli' ci ina i tisowanan.,媽媽在大聲喊叫你。
Mala'adipangpang ko lalipana'.,毛毛蟲變成蝴蝶。
Hinapec ko faloco' ako to pinangan noni wawa.,我對這小孩的行為感到憂心。
O 'osaw no mako kinian a payso.,這錢是我剩下的。
Mangalefay ko adada nira.,他的病更加嚴重。
Pakawananen ko tayal nira!,請協助指導他的工作！
O mi'alemetay kinian a tawki a taynian i niyaro' no mita.,這位老板來我們部落是要採集狀年紅的。
Sarayarayen kira niletekan a kilang no 'icep.,檳榔樹砍下來做成橋。
Kohetingen kako tora cengel.,我覺得那顏色太黑了。
Masiday ako ko sacokcok no loma'.,我把家裏的鑰匙遺失了。
Micipat koya tatipelok i cafeng.,那張紙黏在牆壁上。
O tikami ni kaka ako nani Amilika.,我哥哥來自美國的信。
Mifiyac to kapal ciira a misaali to pida ci inaan nira.,他伸手向他的媽媽要錢。
O fa^elohay a panco ni kaka ako kiraan.,那是哥哥新買的內褲。
O etah ko sapatamek ni ina to dateng.,媽媽用粗糠為菜園施肥。
Papirenacen ci mama iso tora malinotay a po'ot.,請妳爸爸磨一磨那支鈍的刀子。
Ta'ongen ko singsi.,向老師敬禮。
Caay ka nga'ay ko kicay no mita.,我們的經濟不好。
Micodad to i kawcong ko wawa ako.,我小孩讀高中了。
Tata'ang ko cedas i no timolan a niyaro'.,南方的部落發生大水災。
Makapahay ko niyaro' ita.,我們的部落很美。
Mi'alotipalay kira tamdaw.,那個人是要抓烏頭翁的。
Cima ko micowaco'ay to nanom i tefon?,是誰攪動井裏的水？
O kaedahay ko sowal nira.,他的話很辣的。
O fa'inay ako ciira.,他是我的丈夫。
Losimet hanto ko loma' haw!,請整理家務哦！
"Mafoti'ay kiso haw na sa kako, hilam han aca macengaw to ko mata no miso.",我以為你在睡覺，然而你的眼睛是張著的。
Paroen i lofoc ko mami'!,將橘子裝進袋子裏！
O pawlipawlian ko Rinahem anini.,現在壽豐都是香蕉園。
Mi'aca kako to kamacal.,我去買草莓。
Sied han no kahkah ko 'a'enocan no mako.,我的喉嚨被糯米飯噎住。
Parekohen ko paliding no miso i lawac no lalan.,使你的車子在路邊停止。
Maratar a talalotok ci faki a misemot to kakaenen no kolong.,阿公一大清早去山上砍牛要吃的草。
Fo'not han ni ina ko salipanay.,媽媽把稗子拔起。
Tano ngoset saan ko wawa no miso i papotal a misalama.,你的孩子在外面玩都是鼻涕了。
O pipatelian to sacocok konini.,這是放置鑰匙的位置。
"Tata, midateng kita i tira i dahetal.",走吧！我們去那邊那個平原採野菜。
O mifelotay kami a pacarcar to tayal a masa'sa' i matini.,我們現在並沒有經過同意暫停工作休息。
Palata'ang to tatiihay a kakawaw no tireng.,使自己的壞行為擴大。
nira.,我姐姐把珍珠藏在衣櫃的珍珠盒裡。
Fahoy han ko howak a patalafanaw.,把鴨子趕到池塘。
Pakawkawen ko 'awol a mi'odawis to 'icep.,把竹子接上鐮刀割取檳榔。
O 'osaw niyam a malafi kiraan a titi.,那個豬肉是我們晚餐剩下的。
O makalonaay a fafahiyan ciira.,她是很放蕩的女孩。
O mala'apiay kira tasosaay a wawa ako.,我那兩個孩子是雙胞胎。
Pacofelen ni faki ko 'idoc nira.,舅舅將他的標槍套上套子。
Mihalaka kako to sakatayra i Ripon ano roma mihecaan.,我計畫明年要去日本。
Misafadic to fadas ci ina.,媽媽剝取菜豆的外殼。
Sengseng saan kira fodoy a ca'edongan nira wawa.,那孩子穿上衣服很合身。
O cisafakay ko felac no miso.,你的米堆摻有空殼米。
Pa'emekan a misenger ko kawil no kawkaw ta faecal a sakawilen.,把鐮刀的手柄浸至水底後才會很好做把柄。
Sepat ko wa'ay no fanani'ol.,蝌蚪有四隻腳。
O sapato'aya niyam kiraan a titi.,那個肉是我們要獻祭的
Mafongfong to semot ni mama i paliding nira.,爸爸以草覆蓋他的車子。
Pitosor a mitolon ci Wamaan.,請跪下來向上帝禱告!
"Dada picomod, kamaro' i laloma'.",請進，請裏面坐。
Karaficekot ko wa'ay no comikayay.,跑步健將的腳很容易抽筋。
kalapingsiyang han no Aysokimo a tamdaw ko soreda.,愛斯基摩人把冰塊當成冰箱。
O faki no mako kora romakatay.,那位走路的是我的舅舅。
Awaay ko paherekan no 'anof no tamdaw.,人的貪婪念頭永無止境。
'Epoden ko 'enor ta caay ka likid ko tamina ita a talalawac no riyar.,放下船錨船才不會被波浪推到海邊。
Copcop han no sikawasay ko adada no tamdaw.,巫師用吸吮的方式幫病人治病。
Tolo a romi'ad ko pikali naira.,他們挖水溝挖了三天。
Maceda'ah kako to nika awa no pietanan.,我找不到工作而感嘆。
Micadok to sinafel nani dangah ko compo a patalasala.,總廚師用鏟子將菜從鍋中盛到盤子上。
Malilid no kapah a micolo' koya ta'akay a kilang a milinah.,青年人共扛大木材搬移。
Cikafong ci ina a masadak haw?,媽媽出門有戴帽子嗎？
O kafong nonini a faki konini.,這是這位叔叔的帽子。
Saemelay haw ko fali nora tingpih.,那個電風扇吹的風涼快嗎？
Sipasipen to sapaiyo ko doka na maadah.,傷口要塗藥才會好。
wawa.,今天賣的鋁製空瓶没多少錢，但是買個小朋友的糖就聊勝於無了。
"Adada ko tangal no mako, saka mihifang kako anini.",我頭痛所以我今天請假。
Mipacena' koya ina pacoco to dipot nira.,那母親利用短暫的時間餵她的嬰孩喝奶。
O marihadayay a emin ko nisawawaan ako.,我的徒弟每個都很和氣。
Mifitawngi' ca ina i lotok.,媽媽她們在山上採木耳。
Malawa'ay no mako kiso.,你將成為我的脚（意即為我代跑負責）。
Ci'ingay to tanektekay a pakayraan ko 'orip nira.,他有堅定的人生方冋。
Minaliti'ay kami i dafak a talalotok.,我們早上去山上是去採集芒草心的。
O nipatikamian no widang ako kamo.,是我的朋友寫信給你們。
O sapiringo no mato'asay kinian.,這是老人家火烤爐具。
Tanoposak san ko parad noya wawa.,那孩子的桌上掉滿飯粒。
Papiceleden no pasifana'ay kami to 'oteng i wa'ay a mafekac.,教練讓我們在腳上綁束鉛塊跑步。
Cokiwat han no mako a miala ko tamohong ako i nanom.,我用竹竿勾起水中的帽子。
Mametek cira a malaromadiway ano mato'as.,她一心一意長大要當歌星。
O cipana'ay ci kaka ako.,我哥哥有弓箭。
Milikakicoh ci ina a micikcik to lingko.,媽媽將蘋果蒂去掉並且切好。
O rararay ko sakamaomah niyam to pisakodasingan.,我們在花生園使用小鋤頭工作。
O sapatalaw to 'ayam ko kangkang i palapalaan.,鐵罐在田裡是用來嚇走鳥的。
Macocok no rinon no tatekoh ko kamay niira.,他手被虎頭蜂螫傷了。
Kiso ko micopaay i takowan.,你挨近我的耳旁。
Kiso ko padihekoay i takowanan.,是你給我溫暖。
Macawang no pacek ko sokon ni Osay.,Osay的腰裙被鐡釘勾破開叉。
O waa' ko sakadat ni Ohay.,Ohay的梳子是牛角做的。
O nidopohan niyam saka malipida tinadadaya.,今晚之所以可以領錢是因為我們迅速的工作。
Pina'on a docoh a sato kira  fiher no paliding i lalan.,請小心車子的輪子在馬路上鬆脫。
Ma'akiw nira ko roray.,他獨承難關。
Maremes ko kamay ako.,我的手流血。
Ngernger han no kolonog ko talo'an a pakiskis.,我們的牛抓養使工寮草屋搖動。
Sakahirahira saan ko tokitoki noni patiyaman.,這家商店的鐘錶各式各樣都有。
'Owalen no 'alomalay a kapah kira fekeloh a 'adawang no loma' niyam.,很多年青人一起去用鐵撬挪開我家門口的石頭。
Paminatoen i fakong saan ko 'alomanay.,很多人要求在豐濱設置港口。
O ri'ang no tamdaw ko saka'adepet no faloco.,之所以會有吝嗇的心是因為人很壞。
Cekem saan ko adada no nicocokan no ceka i kamay no mako.,荊棘在我手上刺得我陣陣地痛。
Adihay ko ta'akay a tamina i minato.,港口裡有很多大的船。
Cima kora kaingiday iso?,你旁邊那位是誰啊？
Madadengadenga ko adada no 'ayam.,禽流感蔓延。
Ko'esit a sowalen ciira.,他很難說動。
Halikorahotay kora tamdaw ano mafirang.,那個人生氣時很愛抓傷人。
Makapah ko celak no kalohanahana.,各樣的花開了很漂亮。
O tangso ko pacincoan ni kaka ako misimed to cinco a cangaw nira.,我姐姐把珍珠藏在衣櫃的珍珠盒裡。
Mawarak no sapaiyo no 'edo kira tamdaw.,那個人被老鼠藥中毒。
'Aw'aw saan ko waco ako a pasatimol to dadaya.,晚上我的狗朝著南邊叫。
O nisanga'an no mako a cofel kiraan.,那是我做的刀鞘。
Malamama kako anocila.,明天我要成為爸爸了。
O masatamdaway a wawa kako saan ko sowal no singsi niyam.,我們的老師說我是乖巧的小孩。
Maolah ciira a mikales to fokes.,她很喜歡梳頭髮。
Mapa'edilay kako saka manga'ay ko rakat no mako.,我被光照所以好走路。
Ci Aki ko miceli'ay a mikapoyi' ci Kacawan.,大聲怒罵Kacaw的人是Aki。
Masakalaw ko folad a matawa.,月亮如眉毛在微笑。
O tomeli'ay a dadingo ko han no mako a mi'aca.,我要買那個透明的玻璃。
Cirihiay ko omah niyam.,我們的田有田埂。
O idang ni kaka ci Panay.,Panay是哥哥的朋友。
"Papingatoen ci kaka iso, ta tangsol a maherek ko sakamaomah.",請你的哥哥來接續工作才會很快結束田裡的工作。
Kakahad ko cawang no hakama nira.,她裙子的開叉很寬。
Acicim kina minowad.,這顆李子很酸。
Nga'ayay todohen ko katol no kolong a komaen.,牛的生皮可以烤來吃。
I saco'edan a mapateli ako ko 'alofo ako.,我的背包放在房間昏暗角落。
Paranikayen ko fekac no kikay i palapalaan.,在田裡讓機器跑快一點。
Pinato ko mihecaan no miso?,你今年幾歲？
"Adada ciira, saka komaing sa ko tireng nira.",他生病，所以他很柔弱。
I cidemi'ay a mapateli ko siraw.,鹹肉放在廚房。
Mapakadit no sito ko pinanaman a riwang.,教室被學童污染。
O maririday to ni ina ako kira sonan ako.,我的孫子被媽媽拖著走。
O ropira' to no mita a malalifet a masasolot ato kapah.,我們和年青人拔河注定失敗。
Patirengan ko mato'asay i 'a'ayaw.,讓年長者在前面站立。
Mipadadoy to kodasin kako anini.,今天我去秤重花生。
O sasifin ko sakalalo'po a wawa.,孩子啊！要用毛巾洗臉。
O lecep to no cidal i pasaetip ta taloma' kita.,太陽從西邊消失時我們才回家。
O kidakidaan ko omah no pasawali.,東海岸都是釋迦園。
Pacadi'ci' to faloco' no mako ko sowal nira.,他的話很刺傷我的心。
Peco' o sanay a cecay ko tayal no fayifahi i 'Olalip to dadayadaya.,屋拉力部落的婦女鄰舍們的工作每個晚上都只有摘檳榔的。
Pawan sato kako i tisowanan a caay ka'araw to mihecaheca.,每年都看不到你所以差點忘記了。
Fongfongen ni kaka to papah ko kamaro'an no otofay nira.,姐姐用樹葉覆蓋她摩托車的座椅。
"Ko maanen aca, o micaraay i tamowanan ko nikatayni no mako.",很對不起，我來真是打擾你們。
Kacipo'ot kiso a malingad!,你出門要帶刀！
I cila saho kako a micakay to tosiya no mako.,我昨天才去買我的車子。
Kako ko mi'adiay to hemay a caay kasikol ko pisacacak.,煮飯時沒有看好所以使飯有鍋巴。
O ratar niyam a tala lotok a mikasoy idafak.,清晨一早我們就去山上砍材。
I tamiyanan ho ko sa'opo.,先在我們家聚集。
Panikotayen ci mama iso!,去幫爸爸打領帶！
O kiradom ko patafoan no mato'asay i 'ayaw.,從前老人家用布包便當。
O pacengelay to tatiihay a wayway koraan a tamdaw.,那個人是以壤行為影響別人的人。
Ciremes ko nisopa'an nira.,他吐的口水帶有血絲。
Malokatol to ni faki ako kiraan.,那個牛皮就給我的叔叔了。
Mico'koy a maemin kami a mararom ko faloco'.,我們每一個人都垂頭傷心難過。
Talakatomayi'an a misakananes.,上廁所蹲。
"Ci Kolas ko nipohayan no singsi, ano eca ci Mayaw.",老師叫的是Kolas，要不然就是Mayaw。
O sicimilay a maemin ko tamdaw no 'Amis.,北方的族人都有綽號。
Matokinih kora dangah.,那個鍋子傾斜一邊。
Cakcak han ni ina ko tamorak a misafel.,媽媽把南瓜切成大塊大塊地煮湯。
"Ocong ko facidol i lotok, o nipalomaan ni mama iso.",山上有很多麵包樹，是你爸爸種的。
Mafetak ko fokeloh to pisowa' no lamit no kilang.,樹根把石頭裂出一道縫隙。
Palatlaten ko mafana'ay a matayal to sakisera.,就讓善於規劃土地的人來丈量。
Caliw han ho ko cilah i sakafiyaw.,暫時先跟鄰居借鹽巴。
Adihay ko faliyos i kaciherangan.,夏天有很多的颱風。
Pina ko yosang no miso a miaca to fa^lohay a riko'?,你買新衣的預算是多少？
Milowi' ci mama a mayoing i tamiyanan.,爸爸大聲謾駡我們。
Patikoen ko kaka no miso to nicaliwan no miso a pida.,請歸還你向姐姐借的錢。
Adihay ko faliyos i kaciferangan.,夏天很多颱風。
Tangasa kako i 'ayaw no lahok i tisowanan.,我在中午以前會到達你那裡。
O cifangesay to no tomay kina tamdaw.,這人的皮膚如熊。
Pacokoran a maemin kora matakonolay a mato'asay!,讓那彎腰駝背的老人全部帶拐杖！
Macefis no waco ko 'alangad noya wawa.,那個小孩手上的飯團被狗搶奪。
Pa'apilisen no kawas ko lotolotok.,上帝創造山坡地。
Kako kora mikakoyay to sapad.,抬桌子的人是我。
Mitalacay kina fafahian.,這個女人採鳳梨。
Micomod i loma' no tao kora waco.,那隻狗進到別人的家裡。
Pa'engen kako to fidang no wirok iso.,請給我你那個柚果之一瓣(片)。
Sako'icaw sa ko miso a dademak.,你很不會做事。(做事很僵硬。)
O fafayien no miso ci Panay.,你該稱巴奈為嬸嬸。
Awaay ko 'icel no wili a kamay no mako.,我左邊的手沒有力量。
O nikaw no mato'asay i 'ayaw saka tayra i pasaetip a mikilim to katayalan.,早期老人因為貧窮所以到西部找工作。
Kakaya' ko fatac noni 'awol.,這竹子的竹節很長。
Pasayra i timol ko rakat naira.,他們朝南走。
O misingasifay kako to pililocan ni mama.,我是在燒爸爸要洗澡的開水。
Pedoc san ci Piyaw a milaliw.,比耀一溜煙走了。
Sikiyamay kako ciiraan to lima a ca'ol.,我有欠他五萬元。
Iraan i kawananay a kamaro'an ko no miso.,你座位是右邊的那一個。
Micopcopay kora totoy to coco no ina nira.,那隻狗正在吸吮牠的母親的奶。
O ripa' no paliding a talalalan ko wawa iso.,你的孩子若到馬路上就會被車子壓。
Mipatada i koror no kolong.,墊子放在牛的背脊上。
"Kari'angen no tawo ciira, pahater san ciira, terep san ciira.",別人迫害他，但他逆來順受，他一言也不發。
Macidem ko 'idoc nira.,他的矛槍很銳利。
O sapitekep ni mama to kolafaw koni.,這是爸爸要捕捉田鼠的器具。
Aloman ko cifi'ikay a tamdaw i 'ayaw.,以前很多人得到甲狀線腫。
Maolah a mi'afofo ciira to posi.,她喜歡抱貓。
Midawa ko maomahay to 'alic i 'ayaw no pipanayan.,農夫割稻
Tosa ko kowan I niyaro' no Tafalong.,太巴塱部落有兩個管理單位。
Yatayat han no mato'asay ko tireng to dafadafak.,每天早上長者都暖身運動。
Milafin ko kapah no niyaro' i pikacawan.,部落青年在瞭望台過夜。
Mateliiay kako tisowan.,我很氣你。
"O edeng to no tayal nira, saka o felec to nira.",他的工作足夠了，所以他就回家了。
Midongec ko kapah.,年青人採藤心。
Pakaretengen to mamang ta caay kaiyof no fali.,使其增重加壓才不會被風吹掉。
O makatimolay ko dakawen a faso.,要坐從南邊來的車子。
Pararid ko faloco' niyam a minenrneng to kacodo.,我們一致同意去看電影。
Mipadang ci Panay to ina a misawsaw to felac anini.,Panay今天幫媽媽洗米。
Micakay to citing no wawa i patiyamay kako.,我去店裡買孩子的字典。
O Tafalong ko ngangasawan no mita.,我是太巴塱氏族。
Maolah a payakayak ciira to demak no mako.,她很喜歡到處散播有關於我的事情。
Patingalawen ho ko nemnem ta miradom.,先讓泉水清澈才去舀水。
O mingiroay kami i kasienawan i papotal no loma a malekaka.,我們兄弟姐妹冬天時在外面廣場火烤。
Koreced ko patelaw ni Tomay.,Tomay的手臂很結實。
Cefosen to nanom ko nipalomaan a hana!,請灑水給剛剛種的花！
"I tiya ho i, o karahay ko sapi'ading no fafahiyan to 'orad ato cidal.",從前婦女用竹製遮陽(雨)具遮雨和太陽。
Cikcik han ni ina ko adiyam a pacamol to titi.,媽媽切薑絲混進肉裏炒。
O asik ko sa'ayaway a tatayalen no micodaday to dafadafak.,學童每天早上到校最先的工作是打掃。
O mi'adetomay ci ina ako a mipitaw i pala.,我的媽媽在田裡用鋤頭挖莎草。
Mi'alopaynay kita ano dadaya haw?,我們今晚去抓螢火蟲好嗎？
Kaliyalaw ko cengel no papah to kasienawan.,冬天時樹葉變得很黃。
Misahemay ci ina to romi'ami'ad.,媽媽天天煮飯。
Pasilosien no mita ko lalan i lotok.,我們在山路上做記號。
Malikelon ci mama naifadahong.,爸爸從屋頂上下來。
Seka' saan kako a mapacekok no miso.,我被你嚇到休克。
O pakadangaway ko semot i taliyok no loma'.,家裡周邊的雜草滋長蚊子。
O maan koraan?,那是什麼？
Damsayaw ko kalodemak a minanam to tayal.,用溫柔的心來學習工作。
Pina'on tora waco!,小心那隻狗！
O maan ko kacangalan no miso i takowanan?,你對我有什麼不滿意？
O pikeridan no wawawawa a talalotok.,孩子們跟隨上山的領隊。
O demak no wawa kiraan.,那是孩子的行為。
O aped no konga kinian.,這個是地瓜粉。
Kara'alongdas kina lotok.,這座山有很多錦蛇。
Malopisak ko siri i semosemotan.,羊分散躲在草原上。
O ci'apolay ko kamay no mako.,我的手有石膏。
Cawcaw han nira wawa ko nanom a mililoc.,那個孩子攪著水洗澡。
Felinen ko foting!,把魚翻過來煎！
O teka to no mita a miilisin ano cila.,明天就是我們豐年祭的開始。
Fiyac han ni Tomay ko kamay nira a milalac to 'awol.,Tomay伸直他的手量竹子的長度。
O cikay ko han nira a ondo.,他喜歡賽跑運動。
"Tanamen kiso, o tefoc ni mama iso ano honi i tisowanan.",你就試試看，待會兒你的父親就懲罰你。
Mihatefo ko okang nira to no mako.,他的公牛脫韁襲擊我的。
O saliming ko sapikitkit nira to 'akik no ngoso'.,他用小姆指剝開鼻屎。
O sakalapakoyoc no tamdaw ko apa.,胡作非為會讓人貧窮。
Pakokahemaway to pawti a mitamorong.,肩起麻袋看似輕省的。
O cicawhiay kina 'alo i rikor no kalilisian.,水災之後這條溪有鱸魚。
Ka i satiraw haca kiso to mamang.,你再往那邊一點。
Ciotofay kako talakatayalan.,我騎摩托車去工作地點。
Mapacekil no kimad iso ko faloco' niyam a mapolong.,你的講道讓我們都覺醒了。
Ca'or han no mako ko kalafi no namo a tayni.,我及時趕上你們的晚餐。
O mangayaway ko niyaro' no Pangcah i 'ayaw to mafolaw.,以前阿美族的部落被古戰爭影響所以遷徙。
O marokitacay ko tireng no katacomoli a romakat.,蝸牛走路時身體會伸長。
Cayat han a miteleng ko kiradom!,請拉著布匹整平！
Tanokangkofo saan i pipaisingan.,醫院裡面許多護士。
Mapacangray no mako ko kasoy i moco' no loma'.,我把柴火置放在家的左(或右)牆靠著。
”Dopohen a matayal! ” saan ko tawki.,老闆說：「工作要勤奮！」
Makakalona ko waco a misalama.,小狗們互相逗弄玩耍。
O pisawkitan to ciraraway konini a riwang.,這一間是審判犯人的地方。
O mirengosay i palapalaan kami.,我們在田野間砍草。
Aka kasadak i kafitili'an a romi'ad.,雷電交加的時候千萬不要出去。
Pa'adipelen ni fayi ako ko talokan a mitaliyok.,我的姨媽把雞舍圍起籬笆。
I roho no mato'asay ako a ma'araw ko roray.,從我老人家的駝背樣看到他的辛勞。
Tada o ciwaa'ay ko caedes no sowal no wawa anini.,現在的孩子講話猶如長角很傷人。
Tahepo hato ko pawti kira pawli.,那香蕉就用麻袋覆蓋起來。
Paci^ci saan kami tina tata'akay a 'orad a talalotok.,我們冒著大雨去山上。
"'Aloman ko mipanayay no loma' anini, fangafang san kami a misakalafi.",今天割稻的人很多，我們晚餐煮得快忙不過來。
Matedalay no hoing ko patelac nira kapah.,法院解救了那位年青人的過失。
To'eman ko leflef to dafak i Pa'ilasan.,在富源地區早上的霧很濃。
Palalokedaw aka kasaan to posi!,不要把貓看做豹！
O ci'aresingay ko romi'ad no mita i dafak.,早上我們的天氣是有露水的。
Misaloma' kami i tini.,我們要在這裏蓋房子。
O cala' no fafoy no lotok kiraan.,那是山豬的顎骨。
Awaay ho ko faloco' no mako a malaakong.,我還沒有準備當祖父（外公，爺爺，阿公）。
Adihay ko mahoracay to a 'okak no tamdaw i tira.,那裡有很多枯乾的骸骨。
Ngowi' saan kora kolong ilakelal.,那隻牛在河邊不斷的叫聲。
Kakapakapah ko falo i tira hakiya?,那裡的花都很漂亮，不是嗎？
I cowa kiso a malahok anini?,你今天在哪裡吃午餐？
Awaay ko sakasasowal no mako.,我没有談話的對象。
I Taypak ko pisakolian ni mama.,爸爸做工的地點在台北。
O faedetay a nanom koni.,這是熱水。
Karatastas ko tosiya ni mama.,爸爸的車子很常常故障。
O cicokapay anini ko tamdamdaw i lalan.,馬路上的所有人都穿鞋子。
O capa' no lalidec ko mamalotartar no 'adipel.,用九芎樹的樹枝作為籬笆的木樁。
Maranikayay ko tayal naira nani katayalan.,他們在工廠的工作很快。
Pacoeneken ko hawan i cofel.,請將大刀插置刀鞘裡。
Pina ko yosang no miso a micakay to  fa^elohay a paliding?,你買新車的預算是多少？
Maratar ci mama talalotok.,爸爸一大早去山上。
O mapaca'ca'ay no wawa ita i honi.,我們的孩子剛剛已經鋪好竹蓆了。
I ci'apilisay a mapateli ko pitaw.,鋤頭放在山坡地。
O calecalengan ko lotok no pasaetip.,西部的山都是松樹林。
Ocong ko lalipana' i papah no 'adidem.,在桑樹葉上面有很多毛毛蟲。
Mifacidolay a talaomah ci fayi.,嬸嬸去田裡採麵包果。
O nipamatangan no mato'asay niyam kina omah.,這塊水田是我們的祖先開墾的。
O maan to ko malawaay no miso anini?,今天你遺漏的是什麼啊？
Molesa' ko caykeng ni akong ako i sefi.,我阿公廚房的水缸龜裂漏水了。
Adihay ko maymay nipakaenen ni Ina ako.,我媽媽養了很多的鴨子。
Mihimaw ko kangkoho to adadaay.,護士照顧病人。
Tatiih ko tireng ano mitamako.,抽菸對身體不好。
Milakelaw ca Diway i dadaya.,Diway他們昨晚去捕獵。
Makakitikiting to kamay a minokay kora kalikakaay a tatosa.,那兄弟二人互相牽著手回家。
Maraay ko pikamacalan no mako.,我摘草莓的地方很遠。
Karacinglaw to sakipayso ciira.,他很愛講錢的事情。
O tayring ko mama ako.,我的爸爸是警察。
Co^co saan i takowan kira posi a madiko.,那隻貓緊靠著我窩藏。
Mafana' ci mama ako a misanga'to fasiyaw.,我的爸爸會做風箏。
O mirametay to toda kira wawa i matini.,那個孩子現在正抓緊鰻魚。
"Ower saan ko tikami tangasa ci mamaan, todongay o ratoh no wawa nira.",信飛到爸爸手裡，讓他知道他孩子的現況。
Akong han noya wawa ci Mayaw a mipohay.,那小孩叫喊Mayaw為阿公。
Sisiten ko 'oning no pising no miso.,把你臉上的骯髒擦掉。
Talem sato ko hawan no mako.,我的工作配刀很銳利。
Mimaan a miiyoy ciiraan?,他做什麼？
Mapaekel no kilang ko loma' naira.,他們的房子被大樹壓毀了。
Mahidefong no pi'ada'ada ko niyaro' no mita.,我們的部落被敵人入侵。
Samadahen to a mipalo ko wawa.,打小孩還是要輕輕地打就好。
O maan kiyaan a malikatay?,那發光的是什麼？
O toron ko ma'alangaday nira limecedan a wawa ita.,被我們的少女端在手上的是糯米榚。
Alapakpakpakpak sa to kamay ko mitengilay to radiw ni Panay.,聽巴奈唱歌的人個個都拍起手來。
Minokay to ci mama aci ina.,爸爸和媽媽回家了。
Nayat han nira wawa ko kakamayan no foday nira.,那個孩子將衣服的手袖拉來伸縮。
Tosa ko 'aciyos nira fafahian.,那位女生有兩個髮旋。
Pa'angsiten no safa ako ko kapot nira.,我的弟弟去使他的同學有臭蟲味。
Samaliemi saan ko 'adingal no paliding ni mama ako.,我爸爸的車子閃閃發亮。
Macedas ko mingataay to tarawadaw a niyaro'.,靠近大河的部落氾水災。
I sawali masadak ko cidal.,太陽從東邊出來。
Licayen ko singsi to kafokilan.,不懂的去問老師。
Mina'ang to fodoy ci ina.,媽媽收藏衣服。
Pakayingen to ko kapah a wawa no miso.,請讓你的孩子認識小姐！
Keling keling saan a masoni ko tingwa.,電話鈐鈴作響。
Sali^tec sa koni nanom!,這水真冰冷啊！
Mirina' kako to sapilikel to safon i sonkanci.,我要去村幹事那裡蓋章領取
Padeteng a misa'ariray i kafaliyosan kami.,我們冒著颱風種植玉米。
Malasawad kora niyaro' toya lonen.,那部落被無情的地震消滅。
Losimet hanto ko sakalingad no fa'inay iso!,將你丈夫的出門行囊準備好。
Cifanaw kami i tatoro'an no loma'.,我家門前有小池塘。
O fitay koni.,這是篩子。
Misadipong ko 'ayam i kilakilangan.,鳥兒在樹林裏築巢。
Mieson ko nanom ano marokrok.,水沸騰前發出的聲音。
Malosimet to  ko sakalingadto no miso haw?,你已準備好出門要用的器具嗎？
Pa'akiw ko sowal nira i tamiyanan.,他對我們說的話有一點過份。
Katayra i pipaisingan a mipaadah to adada iso!,去醫院治療你的病！
Parorohen no awaayay a ma'araw a Kawas ko kakarayan.,那個沒有看見的上帝使天空有雷聲。
Cikaysingay ko finawlan a mikapot to sa'opo.,部落集會時都帶碗。
O 'opo no panay kora ma'araway no mita i potal na Mayaw.,在Mayaw家的庭院我們看到的是堆積如山的稻穀。
Makapaliding kita a tayra i Kalinko.,我們要乘坐車子去花蓮。
Talakitakit no Amilika ci Tomay a micodad.,杜邁赴美國留學。
Mafaloco' kina tamdaw i takowanan.,這個人對我很有心機。
Maonic ciira to kakaenen.,他對食物很挑剔。
Paolien kira wawa a micakay to simal.,讓孩子去買油。
Nga'ayay haw?,好嗎？可以嗎？
O fa'inayan kako a wawa niira.,我是她的兒子。
"O piporangan to, o karoheman to no mami'.",秋天到了，是橘子成熟期
Alaen ko ta'angayay a kidong!,請拿大的湯瓢！
Adah saan ko doka' ano caay pasipasipen to sapaiyo haw?,傷口若不擦藥會痊癒嗎？
O fohefohetan to ko i pasaetipay a lotok.,西邊的山都是松鼠。
"Malangkes kona dateng a kaenen, cowa ka songilaen iso a misawsaw haw?",這道菜吃起來有砂，難道你没有洗乾淨嗎？
Ma'esam ko faloco' a mitengil to calascas no cascas.,聽到流水聲心裏好煩躁。
O padadipisay kora waco a milaklak to hemay.,那隻狗使那些飯打散引來蟑螂。
Makaen no lotong ko 'alopal.,杮子被猴子吃了。
O karong no kapah no niyaro a mifotiing I tarawadaw kiraan.,那個是部落年青人在河邊捕魚的標誌。
Nacima ko somowalay?,是那一位說的？
"O fayang a sasingaran ko loma', ta caay picomod ko likes.",家裏設罝紗窗，蚊子才不會進來。
Sololen ko 'ada no miso.,請原諒你的敵人。
O milingkoay ko tayal naira a talalotok.,他們去山上工作是要採蘋果的。
Mangowi'en to ko fiyaw ako a mayoyang i tamiyanan.,我們的鄰居受夠了牛鳴叫的聲音而罵人了。
Awaay ko aefengen.,没有可投擲的東西。
O malala'ay ci kaka ako i matini a adada ko tiyad.,我姐姐現在是月經期所以肚子痛。
Aka kaeca a minokay a misakalafi.,一定要回來煮晚餐。
Nisawkitan no hoing kora ciraraway a tamdaw.,那些犯人被法院審判。
Talakawanan ko polin no paliding.,車子偏向右邊倒。
O malokesay a tamdaw cira.,他是個差勁的人。
Kalimela kita to sowal no mita o Pangcah.,我們要珍惜我們的阿美族語。
Makalah kako a minokay a mitangtang to sakalafi.,我急著要回家煮晚餐。
O mamiseking kami anini a romi'ad.,今天我們將要去考試。
O ma'akik ko doka no wa'ay ako.,我腳的傷口乾癒了。
Fa^esis ko linalo ni ina ako i sefi.,我媽媽醃漬的(菜)很香。
O mirakarakay ko tayal no kaka iso i tokay.,你哥哥在都巿的工作到處流浪的。
Facfac han ni Mayaw fari'akar ko kolong nira.,Mayaw用帶葉樹抽打他的牛。
Nanowang saan ko kilang mafeliw no fali.,樹被風吹動著。
"Kiri' han ni ina nira kora wawa, kekeke' sa a matawa.",那小孩被他的媽媽搔癢便咯咯地笑著。
Maolah ko howak a misalama i fanaw.,鴨子喜歡在池塘裏嬉戲。
O ma'osaway to niyam ko sinafel no i rarikoray.,我們已預留後來的菜了。
Lawa han iso kako saw?,你怎麼把我給遺漏了呢？
"Irari, macowa to ko nikaherekan no miso, rahker kiso?",瞧！你努力的成果如何，滿意嗎？
"O aped kora sota', saka nga'ay a safononen.",那塊地是個泥濘地，很適合開耕為水田。
Karafirang ko fa'inay nira.,他的丈夫很會發脾氣。
Mafana' a misaaning kora wawa to fafahiyan.,那女孩很會演戲。
I pisacerisan a matayal ci kaka ako.,我哥哥在火柴工場任職。
'Emek han no wawa ako i tefon ko picadiwan to hawan.,我的孩子把磨刀石沉落水底。
O kesi' to no niriyar ano honi.,待會兒海水就會消退了。
Pasawali a miliyoc ko rakat no tosiya na Panay.,Panay她們車子向東轉向而行。
Palacefangen kami itiya ta masarocod ko nikaromadiw.,分組唱歌才會讓我們盡心。
Liso'en ko mato'asay no miso!,去探望你的長輩！
Miiloh to 'asisiw no omah ci mama.,爸爸焚燒田裏的稻草。
Pacopoen i sawalian no omah ita.,請在我們田的東邊做堤防。
O mawacayay kira wawa a talapapotal.,那個孩子脫光外出。
I laenoay no codad a ma'ading kora impic.,筆在書的下面被遮蔽了。
O nikotay ko sapanocay ako ci mamaan.,我送爸爸的紀念品是領帶。
Maladadingoen ako kiso.,你變成我的鏡子。
Mipakaos ci ina to kafong no safa.,媽媽在妹妹的帽子上繫上帶子。
Maketer ciira to wawa no tireng.,他罵自己的小孩。
I ecah sa ko sowal nira.,他的話很容易明白。
Maolah ko Ripon to toda no Taywan.,日本人很喜歡台灣的鰻魚。
Pisilsil to tatayalen no tireng.,請排定自己的工作。
"Caay karanikay a mipanay, saka itoh sa to ko panay.",收割太晚了，所以稻穗超過收割時期。
O halafinayto ko lengaw no roniron i Tafalong.,這個刺桐在太巴塱已經生長很久了。
Hakowa to ko aanayaen a rarakaten ita?,我們還有多少路要走？
Pacikoen nira ko pipalo to tao.,他用手肘打別人。
Pata'moden to siraw kira malalokay a kapah ita.,我們要使那些勤勞的青年吞下鹹肉。
O kilang no nanges kinian.,這是一棵芒果樹。
Maolah ko tamdamdaw to rahemed no masamaamaanay a kakaenen.,人都很喜歡吃所有柔軟的各種東西。
O sinsi ako ko micoracoray i takowanan a pataloma'.,催促著我回家的人是我的老師。
Marawisay no mako kira kamaya i sarikoran no loma'.,庭院後面的紅毛杮被我伸長的手抓取。
Midihdih ciira to tangal no wawa nira.,他撫摸他的小孩的頭。
Mikafos ko wawa i sa'owac.,小孩在溪裡抓蝦。
Makadit no miso ko fodoy no mako.,我的衣服被你弄髒了。
O kahengangay ko kaolahan no mako.,我喜歡紅色的。
Adah saan ko doka' ano caay kasipasipen to sapaiyo haw?,傷口若不擦藥會
I kawaliay no loma' niyam a tefon.,我家東邊的水井。
Lalidelalidecan ko lotok no Tafalong.,Tafalong的山全是九芎樹。
Dahepay han to ko fodoy haw!,記得要曬衣服哦！
Malalacal kako aci Mayaw nanomamangan tahanini.,我和馬耀從小時候到現在都還有在聯絡。
O patadoay i takowanan a maroray ci ina.,是媽媽替我勞累的。
Pakafiten ko riko' i patih.!,將衣服掛牆壁上。
Pacomoden i rarong ita koya nikilidongay.,請那避雨的人進入帳蓬。
O tadah ko sakarofo no mako.,債務是我被關的原因。
Fetesen ko kolong pangangoso'an.,穿牛洞套牛鼻環。
Halaka misatomadaw to niyaro'.,部落更新計畫方案。
Ca'oren a paca'of ko licay no tayring.,要立刻回答警察的質問。
Takaraw kako ci Panayan to mamang.,我比Panay高一點點。
Misasienaw i potal koya wawa.,那小孩在外頭受風寒。
O rihong ko sakalafi no mita.,我們的晚餐是紅豆。
O patefo'ay kina 'orad.,這個雨會使竹筍長出。
Rokitac han ko sema a mihinac to waneng i sapad.,伸長舌頭把桌上的糖給黏住。
O ocor no mato'asay i takowanan a patala Taypak a matayal.,是長輩的差遣叫我去台北工作。
Miilang to panay kako.,我去碾米。
I etip ko loma no faki ako.,我的叔叔的家在西邊。
Lalang han no kaka ako kako a tayra i 'alo a midangoy.,我的哥哥禁止我去河邊游泳。
Cinikalatan no ciwadisay a fafoy kina tali.,這芋頭有豬咬過的齒痕。
Ocong ko riwang i loma' no mama ita.,我們的爸爸家裡很多房間。
Matatodong koninian a cangaw i li'el no miso.,這條頂鍊很適合妳戴。
'Opic en ko sapisisit ta manga'ay a misisit to sapad.,要弄濕擦布才能把桌子擦乾淨。
Karafaniw ko omahomahan no Pangcah i tiya ho!,從前阿美族的田園很多草菇。
Nikamenek nira nga'ay to pirawraw nira kitaanan.,他靜靜地總比吵鬧我們的好。
Marohem to ko pawli hay?,香蕉成熟了嗎？
O mamiketon a pacepo' to sowal ko tomok.,頭目是最後下結論者。
O maso'otay no tayring ko mikoliniway.,那偷竊的被警察綁起來
O salama ko sa'ayaway a nisafaloco'an no wawa ita.,我們的孩子第一個想到的就是玩耍。
O sapatiko naira kiraan a tipos.,那個在來米是要還的。
Ca'edong han ni faki ko tangsoy a talaomah.,舅舅披上蓑衣去田裏。
O kakaya'ay ko wikol no kolong.,牛的尾巴很長。
O micelemay i riyar ko tayal ni kaka ako a miyosice.,我哥哥的工作是潛入海裡銲接的。
Mikadafo ci Mayaw ci Panayan.,Mayaw入贅到Panayan家。
Maco'af a micoco kira wawa.,那個孩子吸奶哽噎了。
Kasini'adaan kora matowisay a tamdaw.,那位瘸腿的人好可憐。
Kakahad ko lo'oloohan niyam.,我們家的香蕉園很廣。
Maomah ci mama i omah.,爸爸在田裏工作。
Mapakafosay no misacacakay ko sinafel.,煮菜的人放了一點蝦子。
Ricaric han a pacamol to cilah ko tafedo' no lalidec a komaen.,把九芎的嫩葉和鹽巴搓揉在一起來吃。
Parihadayen ko kitakit niyam.,讓我們的國家和平。
Papicokapen ko wawa iso a talapicodadan.,叫你的孩子穿鞋子去學校。
Liyon sato ko tangal no mako i matini.,我現在的頭在轉。
Mala'ikay i nonol no mako kira nisetolan no paliding i lalan.,我的膝蓋在馬路上被車子撞到的地方變成塊狀的。
Yo lomowad nani kafoti'an o lalo'op ko sa'ayaway.,起床之後第一件事就是洗臉。
O so'aw to nira wawa a 'ok'ok saan to nanom.,那個孩子真的渴了就將水大口喝了。
Malakayakay namo kako.,我做你們的媒人。
Malacilah ko nanom no riyar.,海水變成鹽。
O maoronay to fayi kako saka talaniyaro' ho kako.,我懷念我的舅舅所以我先回去部落。
Ta'ang ko lifawa no kamay ako.,我的手腫大。
Sakomaingen ko tireng a miroho!,彎腰柔軟點！
Cemet sa ho kako tahini to kiso.,我一眨眼你就到了。
Milalang ci ina to pisalama no mako to tingnaw.,媽媽禁止我玩電腦。
Mifalod to kasoy ciira.,他在綁木材。
Kaedah koni daydam.,這小辣椒很辣。
Mapiyak ko wa'ay nira a mita'ekod.,他張開雙腳跳躍。
Malanimaay kinian a pala?,這個田變成誰的？
Honihoni adada ko tiyad ako.,不一會兒我的肚子痛了。
Mafori'ak ko faki ako i dafak.,早上我舅舅癲癎發作。
O maan ko mikidongan no miso i dangah?,你在鍋湯裏舀什麼東西啊？
Makicay ko 'orip no mita.,我們的生活很節儉。
Pakasoen ko pirohem to pawli.,用瓦斯來悶熟香蕉。
Maairic ko lamit noni kilang.,這棵樹的根互相扭捏在一起。
O hoso ko sasolot naira to nanom.,他們用水管引木。
O ekim a cangaw ato kadang ko amid nira a patapang to malofafahihi nira.,他訂婚送給未婚妻的禮物是黃金項鍊和手鐲。
Misalama a micefos kako to nanom i tangal no kapot ako.,我們遊戲將水往我同學的頭上灑水。
Milafin kako i loma' no kapot.,我要在同學家過夜。
O titi no lawal ko sakalahok niyam.,我們的午餐是飛鼠肉。
Papitefocen ko mama no kapah to caayay pitengil a kapah.,讓青年領袖懲罰不聽話的青年。
"Ano cai pina'on to lamal i, o todoh to no lama' ita.",如果不小心火，我們的家就會被燒。
"""Aka kadoit, maliwa no kerah. "" saan ko sowal no mato’asay.",長輩說：「準時(不要遲到)是做人做事的基本道理。」
O ci'adipingay a maemin ko 'ayam ita.,我們的雞都是有雞冠的。
Paisin a mihawang i ka'ayaw no misalisinay a sikawasay.,在祭司行祭儀前面跨越是禁忌。
O nilawalan ni mama i nacila konian.,這是爸爸昨天獵的飛鼠。
Lomahad to kora wawa.,那小孩長大了。
Misafadisoso' kita.,我們釀葡萄酒。
O nicaholakan ako i dasidas kina toda.,這條鰻魚是我在河水湍急處用螺形竹籠抓到的。
O lotongay ho ko wawa no mako.,我的孩子還是嬰兒。
Karafelalotong ko pala niyam.,我們的田裡很多蜘蛛網。
Makoli ci kaka ako.,我的姐姐很瘦。
"Hales, hatiraay ko pinangan nora tamdaw.",就是啊！那個人的習慣就是那樣。
Papicafi'en to Payrang ko wawa ita o Pangcah a micodad.,鼓勵我
O patelac no kakawaw ita kira.,我們的那個行為是錯誤的。
Aka patefaden ko losa' iso!,不要讓你的眼淚掉下來！
Wa'ilen ko 'a'adopen i lotok!,請去山上設陷獵獲！
Tada o mirapicay kira wawa to 'orip no mama nira.,那個孩子真的連累了他爸爸的生活。
Moho a misa'alaneng ci ina ako i pala.,我的媽媽在田裡彎腰建田埂。
Misilsil to tatayalen kira mama no kapah.,那位部落領袖在排列要作的工作。
"Kaliki san ciira misakalafi, nawhan tataloma' to ko maomahay a malafi.",她很迅速地煮晚餐，因為作農的將要回到家吃晚餐了。
Malalikisiay to ko 'orip no mato'asay I 'ayaw I tini I niyaro' no mita.,我們的老人過去在部落的生活都變成歷史了。
Tomireng ci ina i fawahan a mitala tamiyanan a taloma'.,媽媽站在門口等我們回家。
Ni'efecan no niyam ko ratoh no safasafa i pisaselalan.,我們在階層阻止了弟弟們的建議。
O pakoyoc ko 'orip ninaloma'.,這家人的生活是貧窮的。
Cecay ko tiyam i niyaro' niyam.,我們的部落只有一個商店。
Awaay to ko papodacen.,没有東西可削了。
I tiya pilalikidan a manganga'ay kami.,我們是豐年祭舞蹈時合好的。
Pacadaen to fakici kora lesa'.,請用水桶接漏水。
O macicihay ko fodoy nora wawa a talapicodadan.,那個孩子穿了破爛的衣服上學去。
Malaising kako ano ta'angay.,我長大要當醫生。
O ci'ci' no finawlan kiraan.,那是部落的小水圳。
Faloen ko enged a misanga'.,要做八個墊環。
Tekop han a pakinacecay a milepel kira 'ayam.,那些雞作一次就一網打盡。
Makafit i kilang ko kafong nira.,他的帽子被鈎在樹上。
O ma'akongay a maemin ko lalan no mita a talalotok.,我們去山上的路幾乎都是彎曲的。
"Mapacarofacof ko panay no fanaw, saka kaeso' ko hemay nangra.",池上的水稻被霧氣滋潤，所以他們的飯好吃。
Ci Hongay ko ngangan ni fayi ako.,我阿姨的名子叫做Hongay。
Pacaliwen ho kako to sasisit no miso!,你的橡皮擦借我一下吧！
O maparahoday ko kafoti'an nira adadaay.,使那個病人的床有蒸氣。
Milietan ci mama i tawkian nira.,爸爸去向他的老板領薪水。
Ci mama ako kira mi'odawisay to kiyafes i sarikoran no loma'.,我家的後院那採笆樂果的人是我爸爸。
Hacoken ko nanom i 'alo.,到河裡打水。
I kofaw ci ina.,媽媽在廚房。
Ci Saomah ko ngangan no fofo ako.,我外婆的名字叫做Saomah。
O mikaro'ay ko tayal niyam imatini.,現在我們的工作是採柚子的。
Maolah kako i karasmasan a romi'ad a mikatacomoli.,我喜歡在下毛毛雨的天氣撿蝸牛。
Mapolong ko kapah no niyaro' a palalan anini.,部落青年今天全體出動修路。
Wata ko 'adetom i pikodasingan.,在花生園裡有很多莎草。
O mamicoker kako i tisowanan.,我要支持你。
O sakatosaay to a rekad kinian a faliyos.,這個颱風是第二批次了。
O ma'iringay ko rakat nira faki i lalan.,那位叔叔在路上走路時是歪頭的。
Kopit han ko mata a misaharaterateng!,閉上眼睛想一想！
O kahengangay ko cacelakan ni Dakoc.,Dakoc的陽傘是紅色的。
Cifohid ko loma' naira.,他家有老檳榔子。
Anini a paka'araw kako to tadapising no miso.,今天我才真正看到你的真面目。
Saheto o ko^sanay ko nifiwa'an ni ina a fiwa'.,媽媽所採收的枇杷都是甜的。
O nipeco'an niyam kira 'icep.,那個檳榔是我們摘的。
Telien i kafotian ko fodoy!,請將衣服放在房間。
O mari'angay a tamdaw cira.,她是一個壞人。
Tahacepo'en ko kakodayit no faloco' a micodad.,讀書要堅持到最後(讀書要有恆心)。
Pa'pa' han niama ko hemay a mipacoma to safa ako.,阿媽嚼飯餵我的弟弟。
Tanofadowac saan ko kolong no miso.,你的牛瘦得只見肋骨。
Paco'ay ciira to nipipaliw ako.,他是為報答我而去的幫工。
Riparip hato no fiyaw ako ko sanga' a misoka.,我的鄰居在牆上塗抹作畫。
'Eco saan ko tamdaw nani taypak a madakaw to kasoling.,從台北上火車的人很擠。
O kadang ni kaka konini.,這是姐姐的手鐲。
O nohir nira malasangay i lalan inacila.,昨天那個酒醉的就在路上塵埃處爬行。
Mikadom kami to pipamatang naira to omah.,我們一起參與他們開墾田地。
Mifangad ci mama to talod i pahanaan.,爸爸在花園裏拔草。
Mapawan ci Toray a mitelec to tapad nira.,Toray忘記綁他的褲子的腰帶。
Micolo' ko sofitay to kakaenen nora niyaro'.,軍隊搬運那個部落的食物。
"""Aka kaosoy, maliwa no kerah. "" saan ko sowal no mato'asay.",長輩說：「準時(不要遲到)是做人做事的基本道理。」
O misafongaay ko Pangcah i 'ayaw.,早期的原住民種植地瓜。
O nika cepa' no fodoy i nacila ko sakaadada no mako.,我生病是因為昨天淋濕了衣服。
Na'ayen ko pikayhid nira!,請拒絕他的誘惑。
O piap^apan no mita i tini ano cila.,這裡是我們明天抓田雞的地方。
"O sapisenger to felac i, nga'ay malalo o sanay.",浸泡米的理由是為了軟化。
Kararamod to kamo.,你們去結婚吧。
Pakayapen ko kapah a malikoda.,讓青年人纏腰布跳豐年祭舞。
Maokah a mifelih to podek ci Kaniw a milawla to wawa.,卡紐很喜歡翻上眼皮逗小孩子。
Masakawili ko niyaro' namo.,你們的部落很不方便。
Tada o pacikemay to pising no mako ko kietec no romi'ad i kasienawan.,冬天的冰冷天氣真的使我的臉有刺痛感。
Akaka foraw ko faloco' talaen ho.,不要著急等一等。
O ma'ikakongay ko wa'ay nira wawa a tomireng.,那個孩子站立腳是彎曲的
Tapangaw! Palemeden kako!,頭目啊！請賜福予我！
O cidafongay kina tamdaw.,這個人很有錢。
Patatiko kako to codad ni Mayaw.,我歸還Mayaw的書。
"Fa^det ko romi'ad, helong han no mako ko fodoy.",天氣熱，我就把衣服脫下來。
Milifet ci Sera to faloco' ni Kaniw.,色拉考驗卡紐的心意。
Cinani'olay to ko omah niyam.,我的田裡有蝌蚪了。
O pakakonahay ko matefaday a kasi i sinasera.,掉在地上的糖果引來螞蟻。
Cidadingo ko pililocan naira.,他們的浴室有玻璃。
I tokay ko to'as no mako tahanini.,直到今天我是在都巿長大的。
"Pakacahcahen a pakacicohel ko tireng a mafekac to dafadafak, ta manga'ay ko tireng.",每天早晨要讓身體跑步喘氣流個汗，身體才會健康。
O misa'aceray ko tayal ni faki ako i Domong.,我舅舅在銅門做水壩的工作。
Makapahay kiso.,你很漂亮。
Fohecal sa ko fokes no miso.,你的頭髮變白了。
Loloden ko tipelok namo!,將你們的紙張捲起來！
O warak to no epah kira wayway nira.,他的行為已經是酒精中毒的現象。
"Ano mato'as kako, mangalay kako a malasingsi.",我長大想當老師。
Cokerohen kako a pacakat!,把我推上去！
Adihay ko dafong ni mama ako.,我的爸爸有很多財產。
Papikahoten ko wawa ita to hakhak i mahod.,讓我們的孩子一手握抓蒸籠裡的糯米飯。
Maraoday to ko mihecaan iso to tosaay a polo'.,你的年齡將靠近20歲了。
O maan kira ma'ikayay i 'a'enocan no miso?,你脖子上的塊狀是什麼？
Adihayay ko omah no to'as ko sakakadofah naira.,他們家富有的原因是祖產很多。
Mi'angtolay to pasinafelan kira mapatayay a waco.,那隻死去的狗使菜園有肉腐爛嗅味。
O sakacakat no parod ko riharay no loma' ita.,家庭的和氣可提昇我們家。
ko 'adiping nira fa'inayan a 'ayam.,那隻公雞的雞冠很高。
Patedien  to olah no miso ko faloco' ako.,請用你的愛來照亮我的心。
Wata ko celi' nira ina to wawa nira.,那位媽媽用很大聲來責備她的孩子。
Masadak ko fasal i tayi'.,大便中冒出蛔蟲。
Mikakoy kako to kamay.,我舉起手來。
Makayang ko kolong niira.,他的牛牛背成弧型。
Makaepeday ko faloco' nina kaying.,這位小姐的心很柔軟。
I satimol no pala ako ko loma' nira.,他的家在我家田地的南邊。
O sakasiwa kinian a 'ayam.,這是第九隻雞。
Madodadoc kako to nicakayan ni ina a talacay.,媽媽買的鳳梨我一口氣吃盡。
"Ideng, tadamakapah kiso anini.",親愛的，你今天真美！
Pakakoroten ni ina ko sinafel a misaangrer.,媽媽把苦瓜摻合在菜中使菜餚有苦味。
"Kongkongen ko fawahan ta, micomod.",進門前請敲門。
Misaenged to falo malocalok a masakero.,製作圓形花環做為跳舞時戴的花冠。
Mana'ay ko tamdamdaw to malalooday hananay i kitakit.,在國家裡群眾最不喜歡戰爭。
Ca'it han ko fodoy a mipawali ano honi.,待會兒要把衣服掛起來曬。
Tati'ih a fo'enoten ko fanoh no howak.,鴨子的毛很難拔。
O pacarofacofay to dafak ko 'orad no dadaya.,晚上的雨會帶來翌日的霧氣。
Araaw cira to tatayalen.,他非常渴望謀得一份工作。
Tomera' ho ko nanom naitepecan iso a fodoy.,你擰過的衣服還有水一滴一滴的掉下來。
Macahcah ko tamdaw a macokacok to takaraway a loma' i tokay.,在都巿爬高樓的人都會喘氣。
malafi a fayi.,阿姨吃晚飯/阿姨晚安。
Caay pakapaceror ko mato'asay to tadah i 'ayaw.,早期老人家付不起債務。
O mirara'ay ca ina ako i pala anini a romi'ad.,今天我母親他們去田裡採紅豆。
Micopcop ko 'odal to salang no falo.,蜜蜂吮吸花的蜜汁。
Cilimaw kiso anini?,你今天怎麼有空？
Katalawan ci Kacaw ano mafirang.,卡照發脾氣時令人害怕的。
Mifeso ci kaka to kikoya.,哥哥吹氣球。
Satata'ang sa ko ngiha' no ekor ni mama.,爸爸的鼾聲很大。
Kacitafo a pakaen to kolong anini a romi'ad.,今天放牛要帶便當。
Adihay ko riri' i papanayan.,稻田裏有很多蚱蜢。
I cacingkian a malafi kita ano dadaya.,今晚我們要在親家的家裡吃飯。
Kadofah ko sakilafang anini.,今天招待客人的物品非常豐富。
O papaleslesen ko pi'icang to panay tina romi'ad.,我們的穀子今天要一直曬。
O fafahian a kaka no mako ci Lahok.,拉荷是我的姐姐。
Makapah kina palosokan namo.,你們家的蠟燭台很漂亮。
Pa'acaen no mita!,我們要付錢！
O pinangan no 'amis ko la^dis a lisin.,捕魚祭典是阿美族的習俗。
O cikasoay kira kalong.,那個瓦斯桶是還有瓦斯的。
Saicifaen no finawlan i terong no niyaro'.,部落居民在部落中間蓋巿場。
Liyocen itini.,在這裡轉向。
Takaraw ko copo no mita.,我的堤防很高。
Matirtir kira wawa to patelac niira anini i picodadan.,這孩子為今天在學校犯的過錯緊張了。
O fekac ko tood no komolisay a kapah.,參加河祭的青年行動都是用跑的。
O simal ko mi'adingalay to pising no miso.,油膩使你的臉皮發亮。
Pa'adiyamen ko picacak to foting.,煮魚放點生薑。
Pa'adipelan to na Kacaw ko loma' naira.,Kacaw他們家築起圍牆了。
Matofaelohay ko nifaca'an ni ina a fodoy.,媽媽所洗的衣服好像新的。
Kacidalan a romi'ad kacitamohong a masadak.,天氣晴朗出出去要帶帽子。
Malayap to no miso ko nipatikamian no mako haw?,你接到我寄的郵件了嗎？
Co'koy sa ko mama ako a romakat.,我的爸爸垂著頭走路。
Kiskisen to tawasi ko kadit no dangah!,請用刷子刮除鍋子的髒污！
O cerenoh ako to talaw.,我害怕所以毛骨悚然。
Felihen ko fodoy iso!,將你的衣服翻過來！
Mahepikay ko sapikpik no siminsiw i honi.,剛剛火雞的翅膀下垂了。
O misaediday ko loma' niyam.,我們家是種麥的。
Mipakotay ci kaka to tatiihay a dawdaw to fa^lohay.,哥哥將壞掉的燈換上新
O papalata'angen no niyaro' ko piilisin to mihecahecaan.,部落每年讓舉辦豐年祭更加獲得稱讚。
O kodoh nima konini?,這是誰的手套？
Maca'emot to noya sito ko nipasifana'an no singsi.,學生已領悟了老師所教的內容。
O malefotay to ko sasela'an nira kolong itira a mapolin.,那隻牛在那裡倒下氣斷了。
O faedet no romi'ad ko sakawacay no mako.,是天氣悶熱讓我的衣服脫光。
Aka a pi'adiwis to caayay ho ka rohem a kamaya.,那顆還沒有熟的紅毛柿不要採。
Papicekosen kira ma'iwawa a miala to 'alofo no mato'asay i talo'an.,請孩子們拆返工寮拿回老人家的背包。
Rasmas saan ko romi'ad ita to kasienawan.,冬天我們的天氣會下毛毛雨。
Madahecong to no wawa kira nanom i fakici.,那水桶的水已被孩子浸入了。
"Ano caay pakadangen ko efa i, caay pihakelong to tamdaw.",若不給馬裝上鼻環是不會跟人走的。
O rarem a selal kami.,我們是下階級。
Mifekot ciira to tireng a mitolon.,他彎下身體禱告。
Madicoh ko mata no kolong.,牛的眼睛被挖。
Matedi' ko lokat no folad anini.,今天月亮佷皎潔。
"Mato mama'orad anini,cilinay ano masadak.",今天好像會下雨，出門要帶雨傘。
O pa'adingay ci kaka ako to raraw no mako.,我姐姐袒護了我的過失。
Mapaso'oray no hacikayay a paliding kako.,那奔馳車子使我被濺到積水。
Sakohecal han noya kaying ko pising a micipoh.,那小姐將臉化(裝)得很白。
Milawop kami toya milaliway a fafoy.,我們去圍捕那隻跑掉的山豬。
Samsam han no kapot ciira.,他被同學欺負。
Melemeleten ko mata a miarayom ko lafang!,請眨眨眼跟客人說再見！
Mikonoc ci ina to 'ayam.,媽媽拔雞毛。
Tata'ang ko eson nora nanom a marokrok.,那水的沸騰聲真大。
Caay kasanga' ko onic no wawa no mako.,我孩子的挑剔行為無法改進。
Tadamafana' midipot to wawa kora tamdaw.,那個人很會照顧小孩。
"Hodoc han nira koya fonos, sapitapa' nira toya kawas.",他拔刀，用來砍妖怪。
O satarakaway ko kakarayan.,天空最高。
"Ari, kiso ho ko romadiway!",請，你來先唱！
O karafilfilay a tamdaw maala ko sakatatiih.,多話的人容易壞事。
Micokcokay kako to talo'an i matini.,我現在正在鎖工寮。
O sasaririen kira ni'orongan a kilang.,那個扛回來的木材當作柱子。
Matolo' ci kaka i lalan.,哥哥在路上跌倒。
Potonen ni ina ko tefos a micikcik.,媽媽將切甘蔗切成一段一段的。
Lalima kami o sofoc niina ako.,媽媽生了我們五位。
Cekcek han niyam ko panay a miparo i pawti.,我們將稻米硬是擠裝在卡麻袋裏。
Mapalemed no Kawas kita.,我們被神賜福。
Mapoliti no fokeloh ko paliding ako i lalan.,我的車子在路上被丟石頭。
Kahot han nira koya piyang.,他一手抓那些糖。
O nihololan ni kaka ako ko pada'emohay to faloco' nira.,我姐姐的愛人使她的心柔軟。
Kasini'adaan ko adadaay.,病人真可憐。
Mifotek kako to mata.,我閉上眼睛。
Pakicoroken no singsi kako a mi'asip to codad.,老師叫我有順序的唸書。
Tayra ci Kolas tora lotolotokan.,Kolas去那座山。
Malakaro' ko mami.,橘子變成柚子。
O nirawisan no miso kira maca'itay a pawli i cafeng.,那個掛在牆上的香蕉被我伸長的手抓取。
Nga'ayay to tireng no fafahiyan ko fadisoso'.,葡萄對女生的身體很好。
O mirangiay to kakawaw no faki kiso.,你的作為跟叔叔很相似。
Masadafdaf ko sera i tongroh no lotok.,山頂上形成一個平原(台地)。
"Minanom kiso? Hay, minanom kako.",你要喝水嗎？是的，我要喝水。
Macedas ko Takaw i roma miheca.,去年高雄發生水災。
O patadoan no mako kiso i nacila.,昨天是我為您代勞的。
Kaolatan ko sowal iso?,你說的話真令人模稜兩可吔？
O tosaay ko fongoh a 'oner ko ma'araway nira i lalan.,他在路上看見的是條兩頭蛇。
O malafacoay no siri ko pianing no miso.,你要演像山羊形狀的戲。
Em'em han ko pades a militemoh to karorayan i papotal.,在外地碰到勞累的事時請忍受痛苦。
Mafedfed no masay ko wa'ay ako.,我的腳被爬藤纏住。
'Adepet kira wawa to ina nira.,那個孩子對他的媽媽很吝嗇。
Ci'oneray i palapalaan.,田裡很多蛇。
Pinaan iso ko paro no angpaw?,你紅包包多少？
Patanektekan no mita ko kapakapah i niyaro.,我們來使部落的年青人堅強。
Ira aca ko sorarat no ma'olaway a niyaro'.,古老的部落一定會有聚會以解決某事。
Molesa' ko nanom naifalahong.,水從屋頂一滴一滴地流出來。
O sapicacak to hakhak koni langseng.,這個蒸籠是用來蒸糯米飯的。
Miselal ko falo^hay a pakarongay anini a miheca.,今年新的年齡階級入級。
I hoing ciira a matayal.,他在法院上班。
O kafaheka'an ko tayal no wawa ita.,我們孩子的工作令人驚奇。
O mi'efecay a ma^min ko mato'asay i pipanayan.,在割稻的地方老人全部都用毛巾綁頭。
O maan ko kafi ita anini?,我們今天喝什麼湯？
O talayofinay kako a mi'anang to payso.,我去郵局存錢。
Misaparok to opih kadofahay a tamdaw.,有錢人把羽毛當棉被。
Li^tec ko nanom i kasienawan.,冬天的水很冷。
Kangdaway ko cengel no lotok.,山是綠色的。
I Ciwidian ko niyaro' no mako.,我的部落在水漣。
O nemnem ko kalali'opan no niyam a talalotok.,我們在山上用泉水來洗臉。
Kotay hananay to nira koya tayal iso.,他取代你的職務工作了。
O mamiparayray to 'orip no Pangcah.,原住民生活的傳承者。
Awaay ko palakawan nonini a niyaro'.,這個部落沒有垃圾場。
I laenoen no sapad a miteli.,放在桌子下面。
O 'oway ko satelec no Pangcah i tiya ho!,阿美族以前的腰帶是藤製。
Ira i Ilan ko misasolipaay.,宜蘭有製作拖鞋的。
O maan a niyaro'an ko kahiceraan no mita?,我們要去的地方叫什麼村落？
Pakangiyangi kiso to faloco' ako.,你讓我心動。
Misawad kako a mimali.,我不再打球了。
Salongan ko tireng no fa'inayan a makakawang.,男生赤膊的身體很好看。
O widang ako ko mimetmetay to kamay ako.,是我的朋友握住我的手。
O maan kira waco?,那是什麼狗？
Mapaysinay ko matiraay a demak.,那種行為(事件)是很犯禁忌的。
Malaawaayay ko epoc no nitayalan no miso.,你的工作成果
Maolah mielo' kora wawa to ina nira.,那小孩喜歡向他的媽媽撒嬌。
Talaomah a mikamacal ci ama.,阿嬤去田裏摘草莓。
O samaso^soay ci Panay.,巴奈是最胖的人。
Hinatakaway kora tamdaw.,那個人是一個慣竊犯。
Mapaterik ci Mayaw naiotofay toya kasasontol nira to tao.,馬耀在他和別人撞車時從摩托車上彈落下來。
Patarodo'en a mimi^mi to hakhak!,用手指頭壓緊糯米！
Matefoc ko mi'adaay a tamdaw.,襲擊之人坐食其惡。
Pa'adifen ko taliyok nopadatengan no mita.,我們要設置籬笆圍菜園。
Datengen ko kakorot ni ina iso!,去採收你母親的苦瓜！
Kowad han niyam kira matomesay a pawti.,我們將滿滿的麻袋舉起來。
Tapay hananay kira kimciam.,那金針是用烘乾的。
Foteken ko mata no miso.,閉上你的眼睛。
O pita'ongan a romi'ad anini.,今天是敬拜上主的日子。
Ma'akonalay ko fa'inay no mako.,我的老公是個禿頭。
O pacpac hananay ko pipanay no i 'ayaway ho.,從前收割稻米時是用鞭打的方式脫穀。
Ma'afes ko manto a patelien i pinsiyang.,饅頭放在冰箱裡會很堅硬。
Pipatelac awaay ko sanay itisowanan.,沒有人叫你去犯錯的。
Liloc han no kolong kira lonalon.,那隻牛在洗泥濘的澡。
Macokcok ko paenen no kafoti'an no mako.,我房間的門被鎖住了。
O malakahahodingan no pilomaloma' i Taypak.,變成台北各住家的操場。
O 'oipc no ngalay kira masanekay.,那是口水弄溼的味道。
Maolah a makakalona kora waco a tatosa.,那兩隻狗很喜歡互相逗樂玩耍。
O tamorak ko sakalafi naira.,他們的晚餐是南瓜。
Macara no rarawraw ko foti' ako i dadaya.,昨晚我被吵鬧聲打擾。
O pasinafelan ni fayi kinian.,這是阿姨的菜園。
O mihedotay to nanom i matini kina mota.,這個馬達正在抽水。
Patongoden a misacicir i tini i katefadan no nanom.,在這水落之處接上水橋。
Madoka' ko wa'ay.,腳受傷。
O maan ko nipalihafan no tilifi?,電視傳播報的新聞內容是什麼？
Matoeco ko fitoka no miso.,你的胃很像大象。
"Namalasang a taloma' i, o polin nira i kafotian.",自他喝酒醉回來就倒在床上。
Midafo' to panay nani'ariri.,從倉庫舀稻穀出來。
Falod han nora kapah ko kasoy a patalaloma' nora kaolahan nira a kay^ing.,那青年捆綁木材送到他所喜歡的女孩家。
O kemot a demak nira kiraan.,那是他開玩笑的事。
Mikayat ci kaka to safa^ a romakat.,姐牽著妹妹走路。
Hinengen nira pakangala' ko i papotalay a tamdaw.,從壁繨裡偷看院外的人。
Karafitonay kora pisa'adecian niyam.,我們種植箭竹的地方長滿刺竹。
Papisepelen ci Nakaw i pala.,叫Nakaw去田裡砍牧草。
Parinomen ko mising iso.,你的裁縫機要掛上針。
Mitadem to mapatayay ko finawlan no mita anini.,今天我們的部落居民埋葬死人。
O kahengangay kira felalitic.,那隻牛蠅是紅色的。
I Taypak ko hecra no mita a no honi.,待回會兒我們就在台北落腳。
Karadadiwal koni 'alo.,這條河有很多蟋蟀。
O maloci'ay to kira kapot ita nani kaliepahan nira.,我們的朋友自喝酒的地方後話很多了。
Angcohen ko singsi tina wawa.,老師嗅覺到這小孩有尿臭味。
Safelot saan kira wawa a midangoy i tarawadaw.,那個孩子一意孤行到河邊游泳。
O ma'engiday kina karo' no mita saka mafadi' ko papah.,我們文旦樹葉會枯萎是因為內部被腐蝕的。
Mahepol to ko raraw nira.,他的罪被赦免了。
"Haloya kapot iso, katayni aca i loma' a malafi.",連那個你的同學也一起來家
Masongaliw ko radiw naira.,他們唱歌參差不齊。
O mikitangkoyay kira paliding a tayni.,那個車子是要採冬瓜的。
O cafay no mako ko wawa no miso.,你的孩子是我的同伴。
O miringiay ko pising nira wawa to faki nira.,那個孩子和他舅舅的臉很相像的。
Cikiling a maemin ko kaying a talaoamah.,小姐個個帶遮陽（雨）具上工。
Mangohed ko wadis ako to pikakaenan to piyang.,我的牙齒因愛吃糖而蛀牙。
O rocod no harateng niyam a miala to saseking i picodadan.,我們全神貫注取得學校的好成績。
Fowak saho ko nanom.,水才剛沸騰。
Kahengang san ko pising ni Panay a komaen to epah.,Panay喝起酒來臉紅紅的。
Mikolafaw ci mama i omah.,爸爸在田裏抓田鼠。
Iloh han no kapah ko pala na Osap a mi'adop.,青年燒獵Osap家的土地。
O cingiha'ay to kako i matini.,現在我已經有聲音了。
Maolah ci Saomah a misalama to fawo.,Saomah喜歡玩蟲。
O pikakereman to ko romi'ad i matini.,現在是傍晚時刻。
"Mahafelot no rengos ko wa'ay ako, saka mapolin kako.",我的腳被草捲到而讓我跌倒。
Hima hato ko parod no kaka iso.,安慰你哥哥的家人。
O fonga ko sakalahok ako anini.,我今天的午餐是地瓜。
Pacemet a pahanhan.,休息小睡片刻。
Mihadimel ci Osay a miasik to potal.,Osay小心地掃庭院。
Pasinangen ko hawan a talalotok a mikasoy.,上山時要使工作配刀很有力。
Malaso'or to ko soda.,冰塊溶解了。
Matocepi' no kolong ko kaci'icel no cepi' no kapah.,青年的腿力像牛腿一樣有力。
Aciya! Tadafangcal a tengilen ko radaiw no miso.,哇嗚！你的歌唱得真是好聽啊！
Helop han no kapah ko kafi no foting.,青年人將魚湯一飲而盡。
O no mako kiraan a foday.,那件衣服是我的。
Na'onen a romakat i lalan.,路上走路要小心。
Haliefong to fakeloh cira i 'alo.,他很喜歡丟擲石頭到河裏。
Awaay ko sapatenas no Pangcah i tiya ho to sinafel.,從前阿美族没有醋加味。
Pa'atayen ko masamisiay ko faloco' a salikaka.,給予沒有信心的弟兄姊妹多鼓勵。
Mikikay caira a mipanay.,他們使用機器割稻。
Naw^iro maolah ko roma a tamdaw a komaen to kangic hani?,為什麼有些人會喜歡吃鱷魚呢？
Wata ko karaaraay no kaciloma' no Pangcah i tokay.,都巿原住民
"Malecad ko nikaenan ita a felac, nikaorira, masasiroma ko pinangan ita.",我們吃一樣的米，卻有各式各樣的脾氣。
Mico^co ko Payrang to kaliomahan no Pangcah.,漢人侵蝕阿美族的生活領域。
Safel han kirana roni nipeco'an no miso i honi.,剛剛你採的絲瓜就煮起來。
Co'a'ang han niyam ko fali nani waliay.,我們向東逆風而上。
Mikida kita i pala.,我們在田裡採釋迦。
O wacowacoan ko loma' no mi'adopay.,獵人的房子都是狗群。
Papangkiwen a mitolang ko naromi'adan no mako.,我的薪水請增加一半。
Mikiskis ci mama to cikaf no foting.,爸爸刮魚鱗。
Cima ko pararitingay to 'ariray a mipawali.,是誰將玉蜀黍連結曬太陽的。
O palosayan niyam kora.,那是我們家的果園。
Aka pa'afofoen kako to tadah namo.,不要讓我承擔你們的債。
Lakaliyaliyaw saan ko papah to kasienawan.,冬天時樹葉片片都變黃了。
Mafali anini.,今天刮風。
O patamorongay to karetengay a maamaan ci faki i takowanan.,叔叔使我用頭頂扛很重的東西。
Enem ko toki kima a malingad to dafak.,我們早上六點鐘出發。
O nisanga'an ni mama a rakar konini.,這是爸爸做的魚籠。
Tatiih ko tireng no mi'owakay to epah a tamdaw.,那一口喝完酒的人的身體很不好。
Maridriday no singsi kako a minanam to sakalatamdaw.,我被老師引導成為有用的人。
Malamatayalay kora tawki.,那位老闆變成工人。
Cingangoso'ay ko aniniay a wawawawa.,現代的孩子有鼻環裝飾。
Maringeray kira mota i matini a mihedoc to nanom i fanaw.,那馬達現在在池塘裡抽水。
Caloway a mihawikid to tafo ko ci'alofoay.,有帶背包的人輕鬆帶便當。
Macekeroh no fali ko tamina niyam i riyar.,在海中我們的船被風推的。
Pa'atolen i lakelal a misefed pacomod to nanom i omah.,請在河邊堆疊築牆讓水引進水田。
Mafedi' ko saripa' nira.,他的腳底裂了。
Lepel han ko koko' 'iyok saan a masoni.,捉雞，雞咕咕地叫。
Namikayakay to kilang kako i nacila.,我昨天曾經爬過樹。
Pakefohen i nanom kira posi a paliloc.,把貓丟入水中洗澡。
Ciepocay a tamdaw ci Mayaw.,Mayaw是很有價值的人。
Kalat han no wadis ako ko sema ako.,我的牙齒咬了我的舌頭。
Maolah kako minanom to cikoliay a nanaom.,我喜歡有冰塊的水。
"Paca'efasen ko nanom i fanaw, tamilaliw ko tatiihay a nanom.",池塘的水要溢出來才會將污水流走。
Karadefit ciira.,他很愛生氣。
Fangcal ko tinayi' ninian a tamdaw.,這個人的心腸很好。
O sapasapad to pa'nan no loma' kinian.,這個是裝潢我們家地板的木材料。
"O cangal no mako to lifon, saka misalafii kako a matayal.",我對薪水嫌不足，我熬夜加班。
Pasairaen i papotal ko mata namo a minengneng to kangdaway a lotok.,把你們的眼睛朝向外面看綠山。
Maolah kako a mitengil to kongko.,我喜歡聽故事。
O 'imer ato korac no faloco ko sakarahoday no 'orip ita.,我們的生活和諧就是靠著潔淨和珍愛。
Lipahak ko malawawaay ko faloco' a tamdaw.,心像小孩的非常喜樂。
Malahok han ci akong iso.,跟你的阿公講吃飯了。
O maan ko tamataan no tayal ita?,我們工作的注意事項是什麼？
Koracen ko kadit no pising iso.,潔淨你那骯髒的臉。
Malaidangay kora tatosaay.,那兩人是朋友關係。
Cowa ka kiharen ako ciira.,我没有理會他。
Piliyas to masakefengay a fitawo'.,請避開窟窿的積水。
"Caka cikafong to ancingmaw ciira, saka mafaking no tayring ciira.",他未帶安全帽，所以被警察開罰單。
O sako'orip no tamdaw ko parod.,爐灶是人唯生的器具。
O marihaday to kako saka caito karomadaw kako i matini.,我現在不唱歌是因為我已聲音低沉了。
Mafana'ay misateker ci akong.,阿公很會設陷阱。
O kaciherangan no mako ci Mayaw mikapot i tamiyanan.,Mayaw的參與使我感到很放心(安心，踏實)。
Pamaraden to tata'angay ko pisaloma' i kalingko o karalonenay.,花
Pacikilen kora ni'ot'otan no miso a samiyay i nacila.,昨天你雕刻的作品要增加手指。
Adada ko falohang no mako.,我的胸部很痛。
O marikecay ko finawlan no Pangcah.,阿美族的族群是很遵守法則的。
Mifata'an kita mapolong.,我們一起採樹豆。
Tomes sato ko nanom i fakici no mita.,我們水桶的水裝得很滿。
Paekel han ciira!,壓他！
O lahok to ko saka ini no niyam nani pipaisingan.,我們從醫院回來已經是中午了。
Mihadefek ko ta'akay a lonen to cecay a niyaro'.,大地震全毀了一個城市。
O codah nora wawa ko sakapakacoli nira to tayring.,那孩子的勇氣使他能夠抵制警察。
Mi'asiloay ci kaka ako anini.,我哥哥今天去採檸檬。
Mifoheci ci mama to fata'an.,爸爸剝樹豆殼。
Macowa ko pilakowit no miso toya lotok?,你越過那座山的情形怎樣？
O citefonay ko pala niyam.,我們的田裡有水井。
Pacoyohen i nisanga'an iso a sapikolisimas a kilang.,要在你的聖誕樹上安置天使。
'Atep han to 'awol ko eli' malopatih.,用竹子挾住茅草當牆壁。
O mitatekohay caira a talalotok i matini.,現在他們去山上是去捉虎頭蜂。
Pararaw kora tamdaw i takowanan.,他把罪加於我。
Masakaying a nenengan ko wawa no miso.,你女兒已看似小姐了。
O ciwidiay ko fanaw no niyam.,我們的池塘有水蛭。
Maolah ko mito'to'ay to kilang no kamaya.,雕刻家最喜歡毛柿子樹。
Mikenaw ko kaying.,小姐們在採葱。
Da'emoh ko faloco' nira wawa.,那個孩子的心很柔軟。
Mikonon kami a milongec to pisolol no mato'asay.,我們跪著請求長輩的原諒。
O cipo'otay a selal caira.,他們是負責分肉的階級。
Ri'edoc saan ko faloco' nira wawa a miala to saseking to picodadan.,那個孩子一心一意想要得到好的學校。
Cafer han a miala ko simal i patiyamay ano minokay.,回來時順路到商店買油。
Mipadang ci mama to fiyaw a mipanay.,爸爸幫鄰居割稻。
Awaay ko sicikafay no takora'ay.,青蛙沒有魚鱗。
Pakongkoen kami to demak no miso.,請講你的故事給我們聽。
Lima celed ko niketosan no ina ako to hafay anini.,我媽媽今天收割五束小米。
Paonolen ni mama kako a midipot to safa.,父親賦予我責任照顧弟弟妹妹。
O mi'ocilay ci ina ako ci kakaan no mako a tayra i Takaw a miholol.,我的媽媽跟著我的姐姐去高雄玩。
Maolah kako a komaen to ci'okakay a titi.,我喜歡吃排骨。
Ma'atep to ko 'awol sapi'adipel.,籬笆的竹子已挾排完畢。
O silalangaway kira ni'adopan.,獵物長滿蒼蠅。
O maan ko ca'of no miso?,你的答案是什麼？
Pakaciparoden to kira kapah ita.,讓我們的年輕的孩子成家了。
O tadok ko misokadiay to 'onip.,是鴨踐踏秧苗的。
O dadongecen to ko nipalomaan a 'oway.,所種植的藤可以採藤心
Mapedped ko mitengilay to radaw ni Osay.,來聽烏賽唱歌的人人山人海。
"Pa'afadengen caay ko sanay no mako, o pitoror to lamal aca a cecay.",我只是推材助燃不是故意製造燒炭灰。
Malalifet kami a mafekac.,我們比賽跑步。
Ci mama ako ko micikeray to talo'an i pala.,是我的爸爸將田裡的工寮鎖住的。
Pakatofilen kira pi'ot'ot no miso to tamdaw.,你雕刻人像要加嘴唇。
Feli san ciira i takowanan to pida.,他給我錢。
Faecal ko lemed no mako i katayalan.,在公司裡我是很幸運的。
Awaay ko ondokay anini a mihecaan i picodadan no kaemangay a wawa.,小孩的學校裡今年沒有運動會。
Macacorok a mapapadang kami a malikaka a misaloma'.,我們兄弟互相輪流蓋房子。
Malakamay no mako kamo mapolang.,你們每一個人都成為我的手（意即助力者）。
Tadakakaya' ko fokes nora kaying.,那小姐的頭髮真長。
"Maliteng to kiso, caay ho kafalic ko pinangan.",你有年紀有了脾氣還是没有改變。
Maofang ko rilo' ako.,我的衣服破一個洞。
Marapicen kira ina to sapipatadah no wawa a micakay to loma'.,那位媽媽被孩子買房子的貨款連累了。
O pakawarakay to mato'asay ko kakawaw nira wawa.,那個孩子的行為使老人家生氣。
Aka to kararom kiso!,你不要傷心！
Matoka ci Aki.,阿基很懶惰。
Cadi'ci'en ci kaka ako a tomangic to doka' nira.,我姐姐因傷口痛得哭了。
Pa'aditen ho kira doka saan ko sowal no ising ta manga'ay a miliyas to pipaisinan a minokay.,醫生說先讓傷口結硬皮才可以離開醫院回家。
Pananawen a maemin ko wawa ta pakalahoken i sefi.,讓所有的孩子洗手後在廚房吃飯。
"Lonok han ko namo a komaen, aka kangodo.",你們隨意吃，不要客氣。
I tini a moraraw caira.,他們在這裡迷路。
Ta'ak ko ngiha' nira mama a mipapelo.,那位爸爸演講的聲音很大。
Howaden ko sapad!,將桌子抬高！
O mi'afalaay ci kaka no mako to tafo no paliw a talapala.,我哥哥用肩扛飯包送給田裡的農輪工吃。
O ma'osaway no kaka nira ko sakaranam no mako.,他的姐姐有把我的早餐留下來。
O pineneng to kaying ko sakatolo' ni kaka.,哥哥跌倒的原因是一直看小姐。
Cira ko mitengilay to sowal no mako.,是他最聽我的話。
O todatodaan ko fanaw no Tafalong.,太巴塱的池塘都是鰻魚。
Palacaleng han ni kaka ko fangas.,哥哥誤將苦楝樹當成松樹。
Lokes han iso kako.,你欺我太甚了。
No nima a sakales konian?,這是誰的梳子？
Ira nika fafelin no kolong i laeno no sera ko milonenay saan ko tao.,別人家說是牛在地底翻滾才會地震。
O cekor to no maamaan i takaraway a lotok.,我們在山上什麼都可以眺望。
O misa'eletay ko mama ako to tikking i pisaloma'an.,我爸爸在建築工場是
Mafala'ay a mato'asay ciira.,他是生肺病的老人。
O pa'ayaman no fiyaw kinian.,這是鄰居的雞舍。
Hai han ko sowal nira!,就同意她的話吧！
O safadowacen ko pisilsil to rawac.,把椽木排列成像肋骨一樣。
Tatiihay ko kinapatayay a demak.,自殺是一件很不好的行為。
O cirahoday ko hanhan no mita i kasienawan.,我們冬天的呼吸有蒸氣。
tamiyanan.,老師讓我們跪下來思考辛苦讓我們讀書的老人家。
Ira ko lotok ato riyar i taliyok no paniyaro'an niyam.,我們的部落的周遭有山和海。
Misakamok kita anini.,我們今天要製作節目。
Malokafong no mako kira sasifin.,那件毛巾成為我的帽子。
Mafana' mipa'olic ko miki'eciway i kailisinan.,領唱者在豐年祭時很會加詩詞在歌曲裏領唱。
'Opic en ita ko fodoy a maemin saan ci kaka ako.,哥哥叫我們每一個人衣服
Falatfat so ko fo'is to dadaya.,夜間星星閃閃發光。
Mikiwli ho kako hasakalafi.,我摘一下黃瓜晚餐食用。
Pitosor han nira ko ina nira a milongoc.,他跪下來求他的媽媽。
Cifafoy ko fiyaw niyam.,我們的鄰居有養豬。
Mapacidal ko 'awol a 'akong sato.,竹子被太陽曬到彎曲。
O mi'alawaay to impic no mako ci ira.,她搶了我的鉛筆。
Kadat han ni Panay ko fokes ni Osay.,Panay梳Osay的頭髮。
Adihay ko falidas itini tona lotok.,這座山長滿了很多的山棕。
O citopiay kina loma'.,這戶有鴿子。
Kalasapacpac han nira ko fodoy.,他將衣服當作鞭打的工具。
Kararadiw kora tamdaw.,那個人很愛唱歌。
Caka 'arengeren kako to tadimtimay.,我不覺得兔兒菜很苦。
Cicanemay ko 'orip naira a mararamod.,他們夫妻遭遇厄運。
Maolah ko safa ako a miriri' to fanol.,我的弟弟喜歡養鴿子。
Ci ca'elay to kapa kita.,我們要披上雨衣。
Lalima ko nidipotan nira a wawa.,她照顧/收養五位小孩。
Pacilah ci ina to sinafel.,媽媽放鹽在菜餚中。
'Olid han no wawa ako ko wawa iso.,我的孩子找你的孩子約會。
Adihay ko topi i fadahong no loma' niyam.,在我家的屋頂有很多鴿子。
Paci^ci kami tina 'orad no romi'ad a talalotok.,我們冒著在這雨天的雨勉強上山。
"""Kasasiolah kamo a malikaka"" saan ko limo'ot ni ina.",大舅舅勉勵我們兄
Aka palaci'ci to tarimasa' no lomaloma'an.,不要把家裡的水溝看成是溪溝。
Kalasapad han noya wawa a micodad.,那小孩將椅子當作桌子寫字。
"Ano o 'adit to ko doka' iso i, o saka adahananay to.",如你的傷口已經結硬皮時就表示快好了。
Misasing ciira to sapikacedo.,他照相是要用來製作電影。
O malakahengangay ko lodi' i kakarayan.,天上的晚霞變成紅色的。
Miso'edac kita to sa'owac a mi'adop.,我們從溪溝逆流而上去打獵。
O ma'analay ko rayray no paro no loma' niyam tahamatini.,我們的傳統家族成員到現在都是禿頭的。
Cifolangay kira kafi.,那個湯有氣泡。
O maan ko kakalahan no miso?,你急什麼呢？
O kakalomelaan ko molaliway a nanom i ringasa' ita.,那從我們田埂放水處水都流失非常可惜。
Nawiro macopelakay a pawli ko nikaenan no miso?,你為什麼吃未成熟的香蕉呢？
Parokitacen ko sapi'adawis to 'icep.,伸長那支採檳榔的長竿。
Malangohah ci Mayaw aci Panay.,馬耀和巴奈在談戀愛。
O sepal ko sapakaen to kolong anini.,今天牛要餵牧草。
Pakararom kiso to faloco' no mako.,你使我傷心。
Mifawa iso a mikakoy kora pawti no panay haw?,你抬得動那米袋嗎？
O pa'aresingay kina kietecay a fali to dafak.,清早的冷風製造露水。
Micepetay to sasifin kako i matini.,我正在扭乾毛巾。
Milaliw koya marofoay a tamdaw.,那個囚犯逃走了。
Micoca' ko 'arapar no lamal.,火星傷眼。
Misatokitok ko tayal niyam a maroray.,我們連續工作非常累人。
Cipayso kako.,我有錢。
O cirihadayay ko faloco' no kakeridan no mita.,我們的領導者心中有和平的。
Minokay cira anohoni.,他待會就會回來。
Mapa'adeteng ko fodoy no mako a citilid to kahengangay.,我的衣服被樹汁沾染上紅色的。
Misawirok ko to'as no 'Olalip.,屋拉力(鶴岡)部落的祖先種植文旦柚。
Awaay ko hikitasi no sapad no mako.,我的桌子没有抽屜。
O pacokeray to 'orip no mako ko salikaka.,弟兄姐妹們是我生活的支撐者。
Ira ko pakaepeday to fodoy a nanom anini.,現在有使衣服柔軟的水。
"Panawiroen haca nifaki ko kararoton no sowal, saadihay sato ko nawiro.",阿公講話的連接處都有”為什麼”顯得太多為什麼了。
'Owid han no mita kira kikay a pasadak nani laloma'.,我們從裡面用鐵槓將機器移出。
Mi'adiyam ko Pangcah i palapalaan.,原住民在田野採集生薑。
Mitiko ko kapah a mafekac a talaomah a mipawsa.,年輕人跑步返回田裡送便當。
Misafiyok ko fali.,吹一陣風。
Misanga' ci Akong ako to cokor.,我的阿公製作拐杖。
O mapakakahongay to ko kohaw.,湯已放了飛魚。
Yakayak sato ko tatiihay a sowal i niyaro' no mita.,我們部落散播了不好的謠言。
Masa'ika'ikay ko soreda i riyar a manawnaw.,呈塊狀的冰塊在海上漂流。
O masaciciway ho ko han no mako.,我要的是還是小豬樣的。
O paimpican no mako kora.,那是我的鉛筆盒。
Mocirid ko kimad no wawa ita.,我們孩子的演講偏離主題了。
Mi'enoc to sopa'.,吞下口水。
Ranikay ko tayal niyam anini a romi'ad.,我們今天的工作很快。
Cifiko ci ina no mako i demi'.,我媽媽廚房有糯米酒。
Karkar han nira ko cecay a facal a mipaloma to kodasing.,他挖了一畦地用來種花生。
Awaay to ko kamakamay a milosimet to loma'!,沒有多餘的閒手打理家裡。
Maongang kako.,我真笨。
O kaci'atay kiso a midimokos to niyaro' no tireng.,希望你有心惦記你自己的部落。
O mi'inipay kako to takid i matini.,我正在啜飲酒。
Dimata' han ni kaka ko capox.,哥哥肩挑著秧苗。
O sakaapaan kira lasang.,醉酒使人亂性。
Adihay ko micomoday i caholak a foting.,有很多魚進到螺形竹籠裡。
Pananomen ko waco.,請給狗喝水。
Mipaca'enget ko kodic to tireng.,皮膚病使身體發癢。
Papicapeten to piyang kira lotong!,叫猴子接住糖果。
O nisaaraawan nira kora fafahiyan nira.,他的妻子是他所心儀的那位。
Aenemay ko wawa no waco.,狗有六隻小狗。
Awa ho ko cengo' nonini a kilang.,這棵樹還没發芽。
Pasanengsengen no niyam ko tao a makero.,我們讓別人看見跳舞時的帥氣。
O ma'akikay no cidal a maemin kora nipalomaan no mako a hana.,我種的花全被太陽曝曬枯乾了。
Milalo ko misafononay to sasacapoxen a panay.,農夫浸泡要做成秧苗的稻穀。
"Karatar a lomowad, i'ayawaw no tomok kiso.",要早起，不然會被頭目懲罰。
Mikolas kita to panay anini.,我們今天去除稻子的間苖。
O coyoh no mita ko ina.,我們的天使是媽媽。
"Maso'aw kako, pafelien kako to nanom.",我口渴，請給我水。
Mikilim to mamalo dotoc ako.,我在尋找我的繼承人。
O nika'odangan nira kiraan a tadah nira.,他犯通姦罪而積欠債務。
O papara'an no kaysing kiraan.,那是碗的底部。
Paparariden no mako ko kalahitay no mako.,我要使我的兵役延長。
Kimolo ko tangal nina wawa.,這小孩的頭真圓。
Kaacekan ko ota' no malasangay a tamdaw.,醉酒人的嘔吐物最髒。
Ci'alongdas ko lalinik no talo'an.,工寮的床底下有錦蛇。
O kalifotan ko matiraay a demak.,那種事是令人感到麻煩的。
Misatadem kami anocila.,我們明天要去造墓。
Copelak ko mangtaay a alopal.,未熟的柿子味道很澀。
Moecel ko faloco' ni mama ako.,我爸爸的心正直。
O nga'ayay ko nanowang no tireng ita.,我們身體搖動是有益處的。
"""Nanay rihaday kita"" saan ci Mayaw a minanay.",馬耀許願說：「希望大家都很平安。」。
Mapaloma ko 'icep i taliyok no loma' niyam.,我們家四周種滿檳榔。
Miki'odax koya wawawa talakiyokay.,小孩子到教會想分得糖果。
Palata'angen no mita ko wacay no widang ita.,我們讓朋友的見証更獲稱
O codah no kapah no niyaro' ko kahemekan no tomok.,頭目所讚賞的是青年的勇敢表現。
O colok niyam to fafoy no lotok.,我們就直接用槍矛刺穿山豬。
Kaipaenan kiso a tomireng.,你在門口站著。
Karangoyos ko malasangay a tamdaw.,喝酒醉的人很多嘴。
O ni'odotan no tao kira rara ita i lalan.,那個孩子在路上被別人欺負。
O tepi' ko sapikeling ni ina to kolasing.,媽媽用木匙炒花生。
O apac nira ko adihayay talapicodadan.,他到校遲到比準時還多。
Malahitay ciira to misikangay.,他當自願兵。
Malasingsi ko wawa no salikaka ako.,我兄弟姐妹的孩子當老師。
"Kilim han ho to cecay a romi'ad, ano awa ho a makilim koya kolong i, ta talaimeng a mikipadang.",先找個一天的時間，若還没找到那隻牛再去派出所尋求支援。
O moecelay a tamdaw cira.,他為人很正直。
I faloay ko widi to dafak ko lowad no mita a talalotok.,明天早上八點我們就出發上山。
Kelacen ni ina ko impic no wawa nira.,媽媽為她的小孩削鉛筆。
Aloman ko malaecaananay i kakoisin anini.,現在各醫院有很多生病不起的。
"Limo'oten no singsi kami, ""kalalok a midademak"" saan.",老師訓我們做事要勤勞。
Calap aka ka saan to sala'edan no omah no mita.,不要越界侵占我們之間的邊界。
O malikeday no salil kira ma'ecel i lotok.,那隻山羌在山上被網子圈住了。
Fangcalay a tengilen ko radiw ni Osay.,Osay歌唱得很好聽。
Pararitingen ko tofotofor a mikayat a pataloma'.,將所有小牛連結起來牽回家。
Makosiw ko koliciw ako.,我的單車故障。
Coled han i cofel ko hawan iso.,將你的刀插入刀鞘裡。
Fayo' san kako tora 'icep.,我吃了那顆檳榔後胸悶並冒冷汗。
Tanotosiya saan i lalan no Taypak.,台北的馬路都是車子。
O pi'adadongacan niyam kira lotok.,那座山就是我們抓甲蟲的地方。
Maedeng sepat polo' ko mihecaan ni Namoh.,Namoh的年紀大約40歲。
O karafanohay ko tireng no to'as niyam.,我們長輩的身體長很多毛。
O patilo'ay to nikafekac to tamdaw kira waco.,那隻狗就是使跑步的人跌倒。
Malali'ay to ca Mayaw aci Kolas.,Mayaw和Kolas合好了。
"Faedet kora kafi, naonen a mikafi.",那個湯很燙，小心地喝。
Ma'ocekoy ko tangal noya kaying a romakat to ngodo nira.,那位小姐害羞得低著頭走路。
Konoc han ko cecay a opih nora 'ayam.,拔那隻鳥的一根毛就好。
Kalasapaiyo han nira kora datimtimay.,他將兔兒菜當藥草來吃。
"Cerem saho ko cidal, minokay to kami.",太陽一下山，我們就回家。
Fana' sa ho ko safa ako a romakat.,我的弟弟才剛學會走路。
Miepec kora tamdaw i takowanan.,那個人瞧不起我。
O padadingoay i tisowanan kira codad.,那些書本害你戴上眼鏡。
Palopisaken ni Kolas ko kolong nira a komaen to rengos.,Kolas把他的牛群分散吃草去。
"Liti' han ni Mayaw ko waco nira, nawhan lalimaay ko waco naira.",Mayaw將他的狗給閹了，因為他已有五隻狗了。
Papikayakayen kira fila' i 'icep.,讓荖葉爬上檳榔樹。
O nisanga'an to tingting ko karahay.,遮陽（雨）具是用芒草穗莖所製成的。
Misatefon ko yofayof no Tafalong.,太巴塱的水田小組鑿水井。
O cihafayay a tamdaw caira.,他們是有錢人家。
Awaay ho ko malacongtongay no Pangcah tahaanini.,直到今天阿美族尚無人當過總統。
Dawaen ko 'ada no miso I kalaloodan.,在戰場上打敗你的敵人。
O morekohay ko kikay niyam i nangatoan a maomah.,我們的機器在剛開始的工作中一動也不動的。
O mifoloday kako i tamowanan a tayra i picodadan.,我是要跟隨著你們一起到學校。
Halikowaw ci Mayaw to ma'icangay.,Mayaw愛吃乾的飛魚。
Esa han ko dateng ko sanga'ayay.,燙青菜吃最健康。
O 'olal no mako caira a maemin.,他們全部都是我的同學。
Tanokakonah saan ko sinasera ita.,我們的地板很多螞蟻。
Wata ko pikalat no sowal iso.,你的話真傷人。
Cacay to a lipay a maciker kina loma'.,這個家已經鎖住一個禮拜了。
Mihima ci ina tora mapatayay ko fa'inay a tamdaw.,媽媽去安慰那個死了丈夫的婦人。
Hapinangen a mitengil ko sowal no mako.,請仔細聽聽我的話。
Mafetir ko 'atimela.,跳蚤彈出去。
Limela kita to sifana' no mato'asay.,我們很珍惜老人的智慧。
Mangawi' cira to sowal.,他說話口不擇言。
O misi'ay kiso i kamisi'an haw?,你是在廁所尿尿嗎？
A misi' kita anohoni i pitalaan to fasu.,待會兒我們在車站尿尿。
Malahakelong kami a tayra i Taypak.,我們一起去台北。
Anocila hato a lomowad a talaTaypak.,明天才啟程去台北。
Patayringen no i faleday i lawac no lalan.,上級在路的旁邊設置警察。
Kiemelay ko faloco' nira.,他很有勇氣。
Malakilac ko finawlan to pisafolo'an i lotok.,族人彼此分得山上土地做箭竹園。
Hitapacek ko wa'ay nora wawa.,那小孩的腳踏到釘子。
O pi'adicawan niyam kiraan a lotok no Poseko.,玉里的山上是我們開採大理石的地方。
Mapacidek to koya adadaay.,那個病人已被隔離了。
Malakaying to ko limecedan a wawa no mako.,我的女兒已變成小姐了。
O maparafacay kira howak i piniwaniwan i pala.,那些鴨被放在
"Oli, sanga'ayen to ko rakat.",去吧！一路順風。
Sa'amitiren no mita a misaanin a pakatawa to lafang.,我們一起演風騒的戲來娛樂客人。
Macepet no kingcat kora kokong.,警察抓到那個小偷。
Hepolen kora raramos no miso!,把你的金戒子摘下來。
I kingkoen ko pida a mina'ang ko nga'ayay.,將錢存在銀行較好。
O misakasiay ko parod niyam.,我家是製造糖果的。
O miradomay a mi'acaway i honi kira kaying.,那位就是剛剛舀水的小姐。
Pasalamaen ni ina ko wawa nira to folang no safon.,媽媽讓她的小孩玩肥皂的泡泡。
O maco'a'angay ko rakat no mita a talaFakong.,我們到豐濱是要逆風行走的。
O edid ko nipalomaan niyam i omah.,我們的田種的是麥。
Halicoco ko dipot ni Osay.,Osay的嬰孩好吃奶。
Matalaw a mikafit to sicekaay a kilang ko tamdaw.,人類抓扶有剌的樹。
Awaay to ko sela' nira waco.,那隻狗已經沒有氣息了。
Hadimel han ni ina a midipot ko wawa nira.,媽媽小心謹慎照顧她的小孩。
Makesem cira to nika siday nira to pida.,他因錢的遺失的難過傷心。
Pahapinang ci Panay to faloco' nira.,Panay表白她的心意。
"Halikacipa' ciira, o kacipa' aca ko sikaen nira hemay nga'ayay to.",他很愛吃生薑，他的配菜只要生薑就可以了。
O nanam to ako a miolokang to romi'ami'ad.,我每天就練習彈鋼琴。
Pa'alapiten a patado ko lafang.,幫忙為客人挾菜。
O papacilahen ho kira nicacakan a tamorak.,那個所煮的南瓜是還要放鹽巴的。
Papitaliyoken to niyaro no mita kora lafang.,請那些客人繞行我們的部落。
Makotem ko romi'ad anini.,今天是陰天。
O misarihongay ci fayi imatini a misakalafi.,嬸嬸料理晚餐有煮紅豆。
Paronongen ni mama ako ko fanaw niyam.,爸爸在我們的池子裡放鯉魚。
Pacedeten ni ina to fa^edetay a sasifing ci Kacaw a mipalal.,媽媽用燙毛巾叫醒Kacaw。
Cirodisay ko riyar anini.,今天的海有波浪起伏的。
Koti' kiso!,你活該！
Masenger to ko sasacapoxen a panay.,要撒成秧苗的稻穀已經泡水了。
Mapafocod ni Tomay ci Panay.,Panay被Tomay性侵而生私生子女。.
O malikelonay ca kaka ita nani lotok a misinafel i matini.,我們的哥哥姐姐們自山上採野菜下來。
"Kerah han ni mama ko fonon, ta mipakoyasi.",爸爸把水田排水後
O mamapalo no mato'asay kira minohiray a wawawawa i lalan.,那些在路上塵埃處爬行的小朋友一定被他們的大人打。
O pasimalay kako to paliding.,我是去加車子的油。
O tafokod ko sapifoting no mita anini.,今天我們就用抛網抓魚。
Cikafang a talapicodadan kako.,我背書包上學去。
O mi'owalay kami to tapangan no rakes i lotok i honi.,剛剛我們在山上用鐵撬挪沉重的樟樹樹頭。
O maca'efasay ko nanom i fakici nira wawa.,那個孩子的水桶的水溢出。
Matira ko sowal no ina ita.,我們的媽媽也那樣講。
Kohecal ko fanges no Amirika.,美國人的皮膚很白。
Pa'afalaen kako to tayal no loma'.,給我使命肩負家庭的工作。
Naw palaliwen no miso kora mitakaway?,為什麼你讓那小偷逃走呢？
'Aloman ko aamaen a fafahiyan i niyaro' niyam.,部落裡有很多配稱祖母（外婆，奶奶，阿媽）的女士們。
O maan ko “radom” sanay a sowal no Pangcah saan kira wawa.,那個孩子在詢問什麼是『挑水』。
Caay to kapadeng ko coraf no lamal i lotok.,山上燃燒的火無法熄滅了。
Maolah ko ina a mipariko' to wawa nira to fa^lohay riko'.,媽媽喜歡為小孩穿上新衣服。
Macedah no lingkiw ko ngoyos ako.,我的嘴巴被辣椒辣到。
Miosa to ciira to fafahi no tawo.,他侵犯別人的太太。
Enem polo' ko mihecaan ni ina ako.,我媽媽六十歲。
Maolah a mikolit kora wawa.,那個小孩很會畫圖。
Falat sa i lalan ko 'oner a romakat.,蛇橫著馬路趴行。
Ma'ifor ko kolong ni Mayaw i ka'oradan.,雨天Mayaw的牛蹦蹦跳跳。
Cirodihangay ko radiw niyam i kiokay.,我們在教會裡的歌聲有回音。
Milapot to kakaenen no fafoy.,採豬要吃的地瓜葉。
Talakawiliay ko rakat nira malasangay.,那酒醉的人走路偏向左邊。
O tomok ci Namoh saka ciira ko citodongay a misawkit.,"Namo是位頭目,所以由他來審判。"
O matodohay ko loma' naira.,他們的房子被燒了。
Mipohpoh ko cikawasay to adadaay.,巫師觸摸治療病人。
Patartaren kira sapapilohananay a loma'.,請立木柱支撐將要倒的房屋。
Ca'elayen ko dofot iso!,請披掛你的情人袋！
O ni'atepan to folo' ko dayna no loma' np Pangcah i tiya ho.,傳統阿美族房子的天花板是挾排箭竹而成的。
Aka pacahiwen ko wawawawa!,不要讓小孩們餓肚子！
Ma'orip haca koya maseka'ay.,那位休克者活過來了。
Laklaken no waco ko lakaw.,狗將垃圾散落一地。
O sa'owa'owac koya lotok kiya.,那座山到處都是溪水。
Parakamen no singsi kami a mikongling to saripa' no wa'ay.,教練使我們的赤足疼痛來訓練我們的腳底板。
Rihenaw kako to wawa ako a caay ka taloma' to dadaya.,我很恐懼晚上孩子不回來。
"Malalamo ko waco i lalan, awa ko kangodoan naira.",狗在路上交配，牠們一點都没有羞恥心。
Mafilo iso ciira a somowal?,你能說得過他嗎？
Macohcoh to niyam kora toko a maemin.,那所有的田螺都已經被我們吮吸了。
Mafolaay a tamdaw kiso.,你是大笨瓜。
O sapiked no Pangcah to miheca ko piilisin.,豐年祭是阿美族一年的轉折點(意即新年)。
Para'iten ko sapatiked no mako i fanaw.,使我的釣竿有魚鉤可以在池塘鉤魚。
ahowid han ako ko pidama^ no miso.,我感謝你的幫忙。
Paciwcikaen i 'otoc no kiyokay no mita.,我們教會的尖塔上立十字架。
Ci'ep han ni Kacaw ko epah i talo.,Kacaw在酒桶直接用口吸酒。
Kincoen kako tora nicakayan ni ina a riko'.,我覺得媽媽買的那件衣服很緊。
Tanokaciw saan kina fanaw no Rinahem.,力拿恆的池塘都是鵝。
Ma'opic no cohel ko fodoy ako.,我的衣服被汗水弄溼。
Mikiratar ci ina a micakay to dateng.,媽媽起早買菜去。
O mi'owiday kako to sariri a patireng.,我是用鐵槓將柱子立起來。
Caay pakaemet kako to kalim no wadis ako.,我無法忍受我的牙齒的酸痛。
O fakong ko sakahapinang no la'ed no omah no pangcah i 'ayaw.,從前原住民毗鄰耕作以螫蟹花為地界。
O nisanga'an ni mama konini a pakoko'an.,這間雞舍是爸爸蓋的。
Milihay kiso i nacila han?,你昨天有做禮拜嗎？
Sakapina anini namilipay?,今天是禮拜幾？
Papipacora'en kora masakeroay a wawa no mita.,叫我們那跳舞的孩子們戴上花冠。
O rafas to naira a mikodasin kinian a fadas.,這個煮好的花生是他們拔花生剩餘的。
Cima kora micomoday?,是誰進來了？
Ci'edo ko 'ariri no niyam.,我們的穀倉有老鼠。
O tongal no mita ci Kacaw ano dafak.,明天Kacaw是我們當中所增加的人。
O paypay ko pito'oran no 'alomanay a tamdaw.,很多人信仰拜拜的。
Miditek to kararaya' no loma' ci mama.,爸爸測量房子的長度。
Sarararen kinian a misanga'.,這個製作成小鋤頭。
Micekiw ko fahiyahiyan i lawac no riyar.,婦女們在海邊挖螺貝。
Mafoyol kira mato'asay to sinawar nira.,那個老人家頭暈快要跌倒。
Cikarahay a maemin ko kay^ing a talaomah.,小姐個個帶遮陽（雨）具上工。
Fangsis saan kina safon.,這肥皂真香啊。
Tanodoka' sato to nikatilo'an.,因跌倒而全身多處傷口。
Madah han ni ina a milinah koya mafoti'ay a wawa.,媽媽輕輕移動那位睡覺的小孩。
Adihay ko fanoh noni koko'.,這隻雞的毛很多。
Pakalood ko kitakit ita haw?,我們的國家會戰勝嗎？
Cidek saan ko wayway nora wawa ato kakakaka nira.,那個小孩和他的兄弟姐們的性格很不一樣。
Sa'om akakasaan kamo to nanom a mililoc.,你們洗澡時不要浪費水。
Mamisatoron ci ina ano dafak.,明天媽媽要做麻糬。
I sawalian no niyaro' ko pa'adawangan naira.,他們的聚會所在部落的東邊。
Komeceday ko tireng nonini wawa.,這個小孩的身體很結實。
O titi no kolong ko ma'id'iday no mako i dafak.,早上我所烘烤的是牛肉。
Ka^so'ay ko nitapayan ni mama ako a foting.,我爸爸燻製的魚很好吃
O niceno'an no waco kira nanom i mintangay.,那個臉盆裡的水被狗浸入過的。
Fowah han ni mama^ ko nanom no kicon a pananom to omah.,爸爸把水溝的水開通到田裡。
Hereken ko demak no miso!,把你的事情做完！
Ci'icel ko ci'afetoyay a tamdaw.,小腿肚的人孔武有力。
Mana'ay cira.,他不要。
Maolah kako to kohaw no kalitang.,我喜歡喝長豆的湯。
Liyasen ni ina kami.,媽媽離開我們。
Maicah kora tamdaw.,那個人很愛慕虛榮。
"Ca'engaw san koya nitokadan, awaay ma'araw nira ko mama nira.",那位被開刀的人醒來時没有看到他的爸爸。
O nisangaan to tingting ko kiling.,遮陽（雨）具是用芒草穗莖所製成的。
Kara'edo ko pitengo'an to tefos.,砍甘蔗的地方很多老鼠。
Awai ko ondokay anini a mihecaan i picodadan no kaemangay a wawa.,小孩的學校裡今年沒有運動會。
Mangiriw kako ciraan.,我比他瘦。
O roma ko so^so nira fafahian a wawa.,那位女孩子的胖很不一樣。
Mangodo kako tisowan.,我對你真不好意思。
Pina ko 'aca nora kamila?,那台相機價格是多少？
Mafeded ko ngoso' ako anini.,我今天鼻塞。
Kataan sato kako to pikakaen ako to kiyafes.,我因一直吃芭樂而便秘。
Adihay ko 'adecaw i Kalingko.,花蓮盛產大理石。
Misa'elet to kawos no cokap.,挷鞋帶。
Mikapot kita to yofayof no Tafalong.,我們一起參加太巴塱的耕作集團。
Mafokil kako a midangoy.,我不會游泳。
O komu ko sapifetir nira to cepi' no mako.,他用橡皮筋彈打我的大腿。
Cilosa' ko mata iso?,你在哭嗎？
O odo' ko cangaw ni ina ako.,我媽媽的項鍊是瑪瑙。
Fangcal ko ni'onipan niyam.,我們所插的秧很漂亮。
O sapiri'angan a macongdis ko waco.,狗暴露牙齒時就是很凶。
Mifariw to semot ko kaka i omah.,哥哥在田裏砍草。
Mo^tepay ko selal no niyaro' niyam.,我們部落的年齡階級有十級。
O ni'isafan ni ina ko 'onip i pala.,水田的秧苗已被媽媽疏苗了。
Maliyas no mako koya katalawan.,我避開了那件可怕的事情。
O lopas ko nipalomaan no Ataya i lotok.,泰雅族在上山種植桃子。
Tadamaan ko rodis i kafaliyosan a romi'ad.,在颱風天波浪起伏很特別。
O mi'adingay kira kapa to fali i sa'amisan.,那件雨布遮蔽了北邊的涼風。
O makomimitay no roma a wawa ko wawa iso.,你的孩子被其他的孩子擰捏的。
Mapacekok kami no faliyos i nacila.,我們昨天被颱風驚嚇。
O mamalepel no tayring ko mi'aroriray.,那個抓燕子的人會被警察逮捕。
Papitamako han nima kiso?,誰叫你抽菸？
Maso^soay kako to miming.,我胖了一點。
O misasalaay ko tayal ako.,我的工作是製作盤子的。
Rawis han no mako a miala kira roni i sanga' no fiyaw.,我將隔壁鄰居在圍牆上的絲瓜伸長手抓取。
Ritos hanto ko makapahay a kaolah.,就抽好一點的禮物了。
Macacamol i talokan ko'ayam ato howak.,雞和鴨在雞舍裡混居。
Ino' saho kiso saw?,你怎麼才在洗澡呢？
O ma'okotay ko nika diko no waco no niyam to dadaya.,晚上我們的狗躺臥時將身體緊縮的。
"Kopiten ko mata namo i matini, ta tengilen ko sasowalen no mako.",請你們閉上眼睛，然後聽我要說的話。
O macekoray a maemin ko niyaro' niyam a itini a tomireng.,在這裡站時我們的部落都被眺望的。
O maan ko sakatenged no miso?,你為什麼發呆呢？
Ngosngos han ni Kacaw ko kenaw.,Kacaw將蔥整根地吃著。
O marekrekay ko finawlan i piilisinan.,在豐年祭的會場齊聚人多。
O katalawan ko ri'ri' no lotok.,山的崩塌是很危險的。
O lepet nira tayring tira malasangay a pakatofayay i lalan.,那位警察將那位在路上酒醉駕摩托車的人擒拿住。
Mala'ayam ko siciminciw a maefer talakilang.,火雞變成鳥飛到樹上。
“Cengawen ko mata a mipili' to idang” saan ko mato'asay.,老人家說擇友要睜大眼睛。
I tiya kami a malacinowas.,我們在那個時候分開。
Pakayaten no mama no kapah ci Kacaw to kayoing.,青年領袖將女孩牽上Kacaw的手。
Tatiih a ira ko 'oyas no faloco' no malasingsiay i picodadan.,在學校老師不能有偏心的心。
Pa'afeten ko kowang no miso ta miparoto laco.,你的槍裝上火藥再裝填子彈。
Malopa'enan ita kiraan a kilang.,那個木頭當作我們的門。
Lesa' san ko losa' nira yo mapo'i no singsi.,當她被老師駡時眼淚一滴一滴地流出來。
O mapapancoay to no ina kira wawa.,媽媽已經為那孩子穿褲子。
Malalo ko faloco' ako to nanosowal nira.,我的心被她說的話軟化。
Aka pisawad!,不要放棄！
Maolah a mi'adop ci mama ako.,我的爸爸很喜歡打獵。
Awaay ko kadom no mako a micodad to sakalahakasiy.,我没有讀博士的能力。
Makaci'engay ko pising nora wawa.,那小孩的臉很大。
Misetek ci ina to titi.,媽媽切肉。
Nanay malowan ko sakiloma' a tatiliden.,但願能減少家庭作業。
O nini a tayal ko kacalemceman no mako.,這個工作是我認為最危險的。
Cekiw han to marad a mipasadak.,用鐵刺挖取出。
"O titi,o 'ayam ato foting ko sapato'aya nora holam.",那位漢人供奉品有豬肉、雞和魚。
Kiting han to ko kolong a pakaen to renges.,記得牽牛去吃草。
Makapah ko carofacof i lotok no Kalinko.,花蓮山上的輕霧很漂亮。
Aloman ko hahimawen ako a wawa.,我要看顧的小孩很多。
O ni'engidan kira fesol no kilang.,那個樹洞是內部被腐蝕的。
Papitiri'en no sinsi ko sito nira to codad.,老師叫他的學生讀書。
Mitefos kako anini a romi'ad.,我今天採甘蔗。
Mametek cira a malaromariway ano mato'as.,她一心一意長大要當歌星。
O mirorangay ci ina ako to malosapakaen to siri.,我的媽媽採集構樹來餵養山羊。
Ocong ko nialaan niyam a fonga i pala.,我們在田裡拿了很多的地瓜。
Panokayen ko wawa no mako!,讓我的小孩回家！
Mayawaw! Patingwaen ko mama no miso.,馬耀，去打電話給你的爸爸。
Tedi saan ko cidem nora po'ot.,那把刀的尖端很亮。
Tada o dodadoc no sito a milifet to pimali.,學生已一口氣吃盡苦力來挑戰打球。
O firang ko adihayay nira to damsay.,他發脾氣比温柔時頻繁。
Pangiha'en ko nikaromadaw.,唱歌請唱出聲音來。
Macalap no lalan ko pala no mako.,我的土地被馬路越界。
Ca san pisanga' ko sēyfo to copo no niyaro' niyam.,政府一直都没有做我們部落的堤防。
Macakat a macakat ko fana' no tamdaw.,人類的智慧不斷提昇。
Misanga' ci ina to fodoy no mako.,媽媽製作我的衣服。
O maan ko kaci faloco'an no miso ci Namohan?,你到底心儀Namoh什麼呢?
Mitiko ho kako a militemoh to wawa ako anohoni.,我等一下還要回頭迎接我的小孩。
Imah san kako to nikakapah ni Panay.,我真羨慕Panay長得很漂亮。
Talararem kita a mifoting.,我們去下游捕魚。
Ciferangay ko romi'ad i nacila.,昨天的天氣很熱。
Miehoh cira to fali.,他吐大氣。
Naw cokeroh han iso ko safa no miso?,你為何推你的妹妹呢？
"Siwaren kora sapad, maetengay ko lalan.",調整那張桌子的位置，因為擋到路了。
Micicih to koyomi ci ina to romi'ami'ad.,媽媽每天撕日曆。
O mi'owayay ko tayal ni faki ako.,我叔叔的工作是專門採藤。
Nawiro mari'ang kiso to tamdaw?,你為什麼對人很壞？
Mato o sanek no kaso kora masanekay ako yo.,我聞到的好像是瓦斯味哦！
"Ciherang kako itini a matayal, nawhani ira ko kaka ako a mikerid i takowanan.",我在這裡工作很放心，因為有哥哥帶領我。
Anaana sakatefadan sa kako nani paliding.,真是驚險差點從車上掉下來。
Maomi' ciira to posi nira.,她非常寵愛她的貓。
O tingalaw no faloco' ita ko sakacitaneng ita.,我們之所以有智慧是因為我們的心很清澈。
Cikaketiay kina 'oway.,這株黃藤有毒蜂。
Patayraen ko kolong i ronang.,讓牛去泥塘裏。
Macacoli caira to sakiwawa.,他們為了孩子的事而吵架。
Salafii saan ciira a minokay.,他通宵地趕路回家。
Macocok ko saripa' no tamdaw a romakat i mapacekaay a lalan.,在被撒荊棘的馬路上走路會刺傷腳掌。
Aka kacekcek han a mitomes ko capox i kanas!,不要將秧苗擠滿籃子。
"Hinam han macengaw aca ko mata no miso, mafoti'ay kiso na saan kako.",我以為你在睡覺，然而你的眼睛張著的。
Horac san ko faloco' ako.,我覺得好無聊。
Pakafong ci ina to kaka.,媽媽給哥哥戴帽子。
Maolah misoped kako to payci.,我喜歡收集銅板。
Makoracay ko faloco' nora wawa.,那小孩的心地很純潔。
O payso nira.,是他的錢。
Tangsolen a mipadeng ko dingki ano miliyas.,離開時要隨手關燈。
O ni'ecoan no mako kinian a kamaro'an i pinengnengan to ika.,在電影院裡的位置是我擠出來的。
Macorah koya loma'.,那房子被火燒毀。
Cima ko pakasololay to mipatayay to tamdaw?,誰可以原諒殺人犯？
Matalaw kako to dadipis.,我很怕蟑螂。
O mi'adicaway ko tayal niyam i 'ayaw.,從前我們的工作是開採大理石的。
Micidem ci Kacaw to impic nira.,Kacaw削尖他的鉛筆。
Militod kako to tosa a roni hasakalafi.,我要摘三條絲瓜晚餐來吃。
O maritosay to kako a malahitay anini a mihecaan.,我今年被抽中去當兵了。
Papikonoc ci ina takowan to ofad nira.,媽媽要我拔她的白頭髲。
Milada' kako i fiyaw to tamaniki.,我去鄰居那兒借洋蔥。
"Ca'owaw san ko pilena' no paliding, kareteng ko paro i rarikor.",車子後部負載過重，使得車轅翹高。
Liyas hato no wawa kira mato'asay.,那個孩子就離開他的長輩。
Pacekilen no mama ko wawa nira a mikitemel.,父親勉勵他的孩子警醒。
Aloman ko fofofofo i niyaro'.,部落裡很多奶奶。
Ma'acefelen ko mato'asay tira ringo no mako.,我起的火烤讓老人家感到煙嗆到的。
Dadahal ko omah niyam.,我們家的田很大。
Malafofo to no sona ko ina no mako.,我的母親成為孩子的祖母了。
Akongaw! Malahok to!,祖父（外公，爺爺，阿公）啊！吃午餐了！
Mapaloma ko fata'an I taliyok no loma' niyam.,我們家四周種有樹豆。
O sakamoko'ay ko fafekacen no mako.,我要跑最短的。
Paka'akiken ko nipaeyoan a semot ta mikangkang.,灑藥後先讓草枯乾再耕田。
Sali^tecen ko faloco' no miso a misaharaterateng.,讓你的心靜下來好好去想一想。
Kiso ho ko cinglaway o mama.,請爸爸先講。
Tati'ih ko hofoc ni Saomah.,Saomah生產不順利。
Ngotaen nira wawa ko nemnem i lakelal caay pitengil.,那個孩子真的不聽話把泉水弄混濁了。
O matopelakay ko fadic no lalidec a kilang.,九芎樹的樹皮被剝掉了。
O ma'isafay to no mako ko hana i pahanaan.,我已經將花園的花疏苗了。
O patipelokan no kaka ako kiraan.,那個是姐姐放紙張的地方。
O pasasifinan kira mafalatay a folo'.,那隻橫向的竹子是掛手巾用的。
Adihay ko masamaamaanay a seking i picodadan saan ko wawa ako.,我的孩子說學校很多各樣的考試。
Mihetec to simal no kodasing.,榨花生油。
O kasangasaw to no mita caira.,他們也是我們的家族。
O misafolo'an ni mama a padeteng ko pida'ecian naira.,他們採取箭荀的地方是爸爸特意種植的。
Tadafangcal a nengnengen ko fo'is i kakarayan anini.,今天天上的星星看起來真美。
Hamham san ko faloco' ako a mitala to pinokay no wawa.,我喜孜孜地期待孩子回來。
Milidadaya ko mi'afaray a tamdaw.,抓蝦的人常利用晚上行動。
O mi'angrer to sinafel kira fesi no 'ayam.,那個雞膽使菜變苦。
Adihay ko pana' i focol ni mama.,爸爸的箭鞘有很多的箭。
O fokeloh ko 'asolo no i 'ayaway.,很久以前杵是石頭做的。
Panasien ni ina ako ko picacak to sinafel.,我媽媽煮菜加了梨子。
Maratar kako a lomowad to romi'ami'ad.,我天天早起。
O kolakolangan maemin ko omah no Pangcah.,阿美族的田都是種植芥菜。
Sako^sit sa a tedalen koni saso'ot.,這個繩子怎麼這麼難解開。
Cimacima koya mitekopay?,一網打盡的行動者有那些人？
O yoyang no fafahi ko kapadesan no faloco' ako.,我太太的謾罵是我心裡痛苦的事。
Adihay ko rawraw no ecahan a 'orip.,世間生活有很多煩惱。
Mico'ep ko kolong a mi nanom i tarawadaw.,牛在河床裡伏在水面直接用嘴啜飲水。
Kecec no saan ko mata nira tamdaw.,那個人的眼睛為什麼眨眼。
Aka pisamsam to tao kiso.,你不要欺負別人。
O pasoemetay kina 'orad ato fali aninin a romi'ad.,今天這個風和雨使天氣潮溼。
O ri'ang no tamdaw ko saka'adepet no faloco'.,之所以會有吝嗇的心是因為人很壞。
O lingko ko sakaolahan no mako a losay.,我最喜歡吃的水果是蘋果。
Mipaconoh to raraw kora tamdaw i takowanan.,那個人把過錯推卸給我。
Malakaedahay a maemin ko sinafel no Koria.,韓國人的菜都變成辣的。
Lalo'open ko pising no miso!,把你的臉洗一洗！
Papisatoronen ni fayi ci ina anini.,今天舅媽叫媽媽做麻糬。
Mangolaw kira fayi to sona niira.,這位嬸嬸為對孫子生氣。
O panemnemay kira tata'angay a lonen.,那個大地震之泉水來。
Malepel no tayring ko mitopiay a tamdaw.,捉鴿子的人被警察捉去
Mikikaro' kami i lotok.,我們上山採柚子。
O ma'akokay no ceka no foting ciira i honi.,剛剛他是被魚刺哽住的。
Alacecacecay kami to nisetekan a titi.,我們一人一塊切肉。
Mararid maosoy kako talapicodadan.,我上學常常遲到。
I potal a mipawali to panay ci ina.,媽媽是在屋外曬穀子。
Palakamoken no mita ko kongko no mato'asay.,我們來把老人的故事列入在節目中。
Awaay to ko sinang nonini a po'ot.,這把刀已經不利了。
Celaken ko codad namo!,請翻開你們的書本！
I tira aka ka saan a misalama!,不要只在那裡玩！
O pi'afaran ko cinemnemay a 'alo.,有水泉的河流是抓蝦之地。
"Tanocafeng san ko kaitiraan noya ki'a'amay, awaay ko fadahong.",乞丐居住的地方全是牆壁沒有屋頂。
O mapololay to no mako ko 'ayam.,我已將雞籠罩了。
O nicicihan no safa ako kira tipelok.,那個紙張是我的妹妹撕破的。
O safa no mako ko nipa'adingan ni ina.,媽媽袒護的是我的弟弟。
Ngawi' san cira a pa'ading to wawa nira.,她為了袒護她的小孩而口不擇言。
Kosiw saan to ko kikay a maeminm.,機器全都故障了。
Adihay ko kayki no kosi anini.,公司今天的會議真多。
O sakanga'ay no tiring no fafahi ko lala'.,月經對女生的身體有很大的助益。
"Caay katatodong a mifarasi' i kalahokan, hinafadi' ko nifarasi'an.",中午不宜澆水，所澆的植物容易枯萎。
O citartaray ko palidang no mako.,我的牛車有立木柱。
Malakapot kami a micodad.,我們變成同學。
O masapeti'ay no mama ciira.,他是被爸爸鞭打的。
Kao takamayan ko sapicada to mali.,要用手(球)套接球。
Metmet han ko kamay ako.,將我的手握住。
Mafesol konini a sapad.,這個木板被開洞。
O misamami'ay ko fiyaw niyam.,我們的鄰居種植橘子。
O niciwangan no mako a mipadeteng kina lefok.,這條褲子是我故意開叉的。
Mangalay a rahoday ko tayal a miemin ko tamdamdaw.,所有的人都希望工作是輕鬆的。
Mi'ang'ang ko tomok to finawlan a miteka ilisin.,頭目呼喊族人開始舉辦豐年祭。
Sanociroten ko soni a misakaniw to cicax.,學赤背伯勞鳥的叫聲騙伯勞鳥。
Tanokamila sato ko lomaloma'an anini.,現在許多住家都裝攝影機。
Papicokay ci mama ako i takowanan to mali.,我的爸爸叫我去踢球。
Ciyo' saan ko soni no nanom i honi.,剛剛有掉入水中的聲音。
I pisatapangan a talalotok a paloma kami to kilang.,我們在上山的出發點種植樹木。
Cay kahacowa ko lifon no mako i katayalan.,在公司裡工作我的薪水沒有多少。
Maherek kako a milosimet to lalosidan.,我已整理好了行李。
O maan a pinanowang kora saw?,那是什麼動物呢？
O ca'elay no limecedan kira dofot.,那個袋子是少女要肩戴的。
Tahidangaen ni mama ko milalatay i omah a milalat.,爸爸邀請測量人員到田裏測量。
O mipaliway ko tayal no mako anini.,今天我的工作是要去當工作夥伴。
Masidsid ko paro no dofoc ni Kacaw i lalan.,卡照袋子裏的東西一個一個掉出來。
Coperas a cacaken ko fonga.,地瓜煮起來酥酥的。
Ci'adecaway ko lotok no poseko.,玉里的山上有大理石。
O pakaselalay ko kongko no mako a nini.,我今天的故事是有關年齡階級的。
"Hemin han n kaka ko semot a mifariw, awa to ko fafariwen no mako.",哥哥將草全砍完，而我没有草可砍了。
O halifongaay ko wawa anini.,現在的孩子喜歡地瓜。
Hinom han ni Kolas kora madoka'ay a waco.,Kolas安慰那隻受傷的狗。
Inanengen a mitilid.,要努力用功讀書。
Pina'on kita to lalisan tina mihecaan.,我們今年要特別小心發燒。
Latlat han no mita kira nihikoan no mato'asay.,我們來丈量老人家開墾的地。
O mi'em'emay to roray a tamdaw i masiko ko 'orip.,那忍受痛苦的人必會成功。(吃得苦中苦，方為人上人。)
O laliti'en ni Karo ko waco nira.,Karo將要把他的狗給閹割。
Mitanam a mimilmil ci Dakoc tora 'oner.,達庫子嘗試著去摸摸蛇。
Masahefohefong ko lalan.,路面崎嶇不平。
kamaya.,這個紅柿子有毛。
Cifongohay a kakeridan ciira.,他是有智慧的領導者。
Caay ka fangcal ko wayway nira tamdaw.,那個人的行為不好。
Tatosa kami.,我們有兩個人。
O katengilan no 'alomanay kira sowal.,那些話是大家都已經聽說過了。
Caay ka kahi ciira.,他不同意。
Mato'em ko romi'ad anini.,今天是陰天。
Lecad sato ko takaraw no wawa no mita.,我們孩子的身高都一樣了。
Maso^so ko halicocoay a wawa.,愛喝奶的孩子很胖。
Karatangic kora wawa.,那個小孩真愛哭。
Ocong ko rocek no Kawas i tatirengan no miso.,在你的身上上帝賜下許多恩賜。
O nikatilo'an no mako kira doka.,那個傷口是我跌倒所造成的。
Caay pakaala to cecay patek ko 'aca noni fodoy.,這件衣服的價格不到一千元。
I potalay a mipawali to panay ci ina.,媽媽是在外面曬穀子。
Pafelien kako tora masaficinay a dadingoan.,請給我那個正方形的鏡子。
O fangsisay a safon ko ni'acan!,買香的肥皂！
Mipacek kako to 'anengan.,我要釘椅子。
Macoraf ko katayalan niyam i roma a folad.,上個月我們的工廠火燒的。
Mipacofelis kako to kofong i niyaro'.,我要回部落的公文。
O saka'acis no pinalomaloma ko kedal.,乾旱是各樣作物枯萎的
Aka pi'odot to cimacimanan.,不要對任何人挑釁。
Maolah kako maro' i maci.,我喜歡住在城市。
I papotalen a mipafali kira fodoy.,把衣服放在外面通風。
Malinah kami tayra i Kalingko.,我們移居到花蓮。
O picangrayan no mita ko ina ato mama.,父親和母親是我們的靠山。
Oraoren ita ko rakat.,我們要走快一點！
O li'ay aca ko nitalaan niyam i cairaan.,我們只等待他們合好。
Cicora' a maemin ko fafahiyan i niyaro' no mita i kailisinan.,我們部落每一位女性都戴著花冠。
Midokdok ci Poton a misanga' to 'acocol i loma'.,Poton在家閉門造車製造陀螺。
Pasapotonen a romadiw a mipasifana' to wawa.,一段一段的教孩子歌唱。
Matelii kako to pipacekok nira.,我很氣他嚇我一跳。
Mana'angay to no mako ko hawan i soko.,我已將刀收藏在庫房。
Cipat saan ko komu kasi i ngapa ako.,口香糖黏在我的嘴巴裡。
Resres han ko sinafel a micacak.,將菜切絲來煮。
Ira i Tatpak ko misatayaay.,台北有製作輪胎的。
Halipakokot ko tatiihay a tamdaw.,壞人好告人。
Malayofayofay to ko misafononay i niyaro' no niyam.,我們部落的稻農成了農事集團。
"Kelac han ako konga I, saheto o maengiday ko laloma'.",我削了地瓜，裏頭都是腐爛的。
O dangoy a cecay ko kaolahan nira a onto.,他只喜歡游泳運動。
Pina ko 'aca no cecay ficin a felac?,一升米是多少錢？
Mamarohem to koya pawli?,那香蕉快熟了嗎？
Mapawan no mako kora demak.,我忘記那件事。
Talalotok kako a mikiseraay.,我到山上採生薑。
Konocen ko opih no kaciw!,去拔幾根鵝毛！
"Fetiren ko mato'asay, ta mipalemed i titanan!",向祖靈祈求祝福！
Pina ko etan no miso a misa'ayam anini?,你今天養雞的利潤有多少？
Mataneng a maemin ko wawa no mako.,我的孩子都很聰明。
Maporpor ko fonos no po'ot ni akong.,阿公的刀刀鋒不利。
Matefo a pahanhan ko ekong i fadahong no loma' naira.,貓頭鷹在他家的屋頂棲息。
Cinasen ko satafo to doka'!,請撕開包紮傷口的紗布！
Kafana' a moroho a mita'ong to mato'asay.,請學會彎腰尊敬長輩。
Nengnengen ko felih noya payci!,請看那錢幣的反面！
Makopit kora tamdaw.,那個人很憔悴。
Macokiwatay no mako ko foting i nanom.,魚被我的竹竿從水裡吊起。
Marara ko pinangan nira fafahiyan a mifihon.,那位女生化粧很慢的。
Mirmir sato to sienaw kira wawa i pala.,那個孩子在田裡冷到發抖。
Cada han ni Mayaw ko nitekolan ni Kacaw a mali.,Mayaw接Kacaw投擲的球。
Hinasoraray cira to raraw no tao.,他很容易原諒別人的過錯。
Faliwfiw ko fali i kasi^enawan.,冬天風沙沙作聲。
Cadiw han ni mama ko matalesay a po'ot.,爸爸磨利鈍刀。
Sakiemelen ko faloco' iso.,你要勇敢。
Aka pitalakal to cicax saan ko sēfo.,政府禁止捕捉伯勞鳥。
Rifowas sato ko nanom nanifakici iso a kaka.,姐姐水從你的水桶滿出來。
Samelemelet san to mata ni mama a mi'arayom to lafang!,爸爸眨眨眼跟客人說再見。
Pafelien kako to alaf^afay a nanom.,請給我溫水。
I 'adawang a mapateli ko patikamian no niyam.,我們的信箱放在門口。
Mapalangdaw nonini fodoy ko roma fodoy.,這件衣服把別的衣服給染
O mi'angsitay to hemay kira fao.,那隻蟲使飯有臭蟲味。
"Ca'engawen ko mata, aka katokatok.",請睜開眼睛，不要打瞌睡。
O maredoay ko sa'awas no kero no Pangcah i piilisinan.,豐年祭的時候阿美族跳舞時的腳步很一致。
Maolah ciira a mikiri' to wawa nira a patawa.,他喜歡搔癢他的小孩狂笑。
O maan ko kateliian no miso?,你生什麼氣？
Haliondo kako.,我很愛好運動。
Cifinacadan i Fotod.,蘭嶼有族群。
Pa'aca ci ina to nicakayan.,媽媽購物付款。
Pacakaten ko sowal ato serangawan no mita o Pangcah.,要提昇我們阿美族的語言和文化！
Sa'adepeten no mama nira a caay pipafeli to payso i wawa nira.,那位父親故作吝嗇的不把錢給他的孩子。
Manga'ay kako a misalama i herek no lahok haw?,下午我可以出去玩嗎？
O nanihikoan no mato'asay i'ayawho kinafacal.,這一塊是長輩們原來開墾的。
Wacay saan kako to foday a mikisasaepi'.,我脫光衣服來納涼。
"Mapakotay hacowa kiso, ano matoka kiso.",你若這麼懶散將隨時會被取代。
"Ma'oningay ko fodoy no miso, faca'en to makena!",你的衣服很髒，該洗了吧！
O mipangkiway to tayal kira kaliepah namo.,你們喝酒使工作一半。
Parorohen no tao ko wawa ako i picodadan.,別人在學校嫁禍我孩子。
O 'opic no foday i nacila ko sakalalisan no mako.,我因為昨天衣服淋濕才發燒的。
Parekreken no mita kinaloma' a mifohad to lalango.,我要使這房子人多讓霉味排出。
Dakaw han to ko otofay ni mama iso a talapicodadan.,搭你爸爸的摩托車去學校。
O no miso koya maca'itay a fodoy.,被吊掛的是你的衣服。
Mahinacay kami anini a talalotok ko rakat.,我們今天去山上的行程是一無所獲。
Mafolod kita a mitatokem.,我們一起採龍葵菜。
Keni' san kora tamdaw to mata i takowanan.,那個人對我眨眼睛。
Aaya saan ciira paka'araw to karomakat no waco.,她看到狗在走動驚嚇得一直叫哎呀。
Mikilim kako to masidayay a waco.,我在找一隻遺失的狗。
Miseking kami to sowal no pangcah.,我們去考原住民的語言。
Ofangen itini!,這裏使它有個洞！
Hakowa ko kareteng nina enor hani?,這個錨有多重呢？
Papicawcawen niyam ko wawa i lakelal a misalama to nanom.,我們讓孩子們在河邊盡情玩水。
Cima ko hahomongen nira?,他要訪問誰？
"Acek san kako paka'araw to tayi', saka maota' kako.",我看大便就嫌臭噁心想吐。
O cahid ko sikaen a malafi.,晚餐的菜餚是乾芋頭莖。
Pakacitosiya kako a talaTakaw.,我坐車到高雄。
Samiyamiyat san matedi' ko fo'is i kakarayan.,天上的星星一閃一閃亮晶晶。
A iso ko matayalay.,由你（妳）來工作。
Halinanges cira.,他超愛吃芒果。
Fafalo ko fafoy.,八隻豬。
O pacongedisay kira waco i takowanan.,那隻狗對著我露出牙齒。
Sepaten ko codad.,要四個字。
Cinas han ni ina ko malomanay a fodoy.,媽媽將舊的衣服撕裂。
Midawa i taowanan a mimali caira.,他們打球要打敗別人。
Koesan ko kacawas anini a miheca.,今年的西瓜很甜。
"Soemet ko romi'ad, amoot ko laloma' no loma' no mita.",天氣潮濕，我們家屋內彌漫霉氣味。
