index,source,target,prediction
0,Nochainepee iriintini tsipabakaachari kameetsari.,Mis abuelos eran una pareja muy cariñosa.,"Tú vas a quemar árboles, árboles comunes."
1,Abanko Concordki otimi 30000 acres jeri osheki birantsipee.,Nuestra casa en Concord tiene 30000 acres y un montón de animales.,La casa de Concordki tiene trescientos hectáreas.
2,aisati omintsaroana,y todavía me asustó,mi papá quédate
3,Ora manamanatantsi kempejinenta nobankoki notsaroi noshitoye.,El tiroteo fue cerca de mi casa y me da miedo salir.,"Ahora se cura bien, se cura bien mi chacra y mis hojas."
4,Tee niyoteji paita otimantakari oka.,No sé por qué sucedió eso.,No tuve nada que ver que causara algo como esto.
5,Teakatsi katsini ikantajeite jaoka ijajeiteri.,Nunca nos dijeron a dónde iban.,"“No hay nada que comer, ya está lista para comer.”"
6,Tee nokoasanotero jaoak okantari poijateri.,No me importa cuál es tu método.,No sabía que ya iba a morir.
7,Nokantabetakari tee iyoteroji paitarika yantiri.,Les dije que no sabía lo que estaba haciendo.,No sabían cómo se llamaba el guerrero.
8,Isampiti atsonkajeitakerorika paperiyetatsiri.,Preguntó si estábamos terminando el documental.,"Cuando nació el niño, el padre es el padre."
9,Mmm timatsi jananeki jero ora jananeki timatsiri tsasoti kashiri.,Mmm tengo un niño una niña que tiene dieciocho meses.,"Sí, hay muchos que viven en el medio del río; sí, hay muchos que viven en el medio del río; solamente hay uno."
10,"Ikanti oparianake ijaki irokipeeki, impoiji Joe ijatake iroasati porcheki.","Dijo que le caían lágrimas de los ojos, y después dijo que Joe fue hasta el porche.","Los rayos que nos surcan, nos llevan en el ojo, nos dice Joe que va a la cocha."
11,Ivetsikake aparo regulador oneini tampeajenkaki.,Inventaron un regulador que funcionaba en el espacio.,"Vienen porque son reguladoras [reguladoras], las que vienen por las orejas."
12,Notsipabintsatari okempejitari ora tsinane Faulk.,Yo fui un amigo muy cercano de la Sra. Faulk.,Yo vivía donde escuchó la llamada de la mujer llamada Faulk.
13,Okoasanota pabishero maaroni oka koasanotachari.,Necesitas pasar por todo el asunto.,La adoración religiosa está muy errónea en todo lo que implica.
14,Ora inapee irajeitiro drogas,La madre toma drogas,¿Cómo se llaman las señoritas?
15,"jee, okameetsati, ariorika pitsonkanankero pobetsikea maaroniki antabeerentsi irotake amitakotanakempiri... ari pimakatea pijate Clud Med ashi makoreantsi maaroni okaratero.","sí, exactamente, me refiero a que, para cuando hayas terminado de equiparte, con todo el trabajo que eso conlleva... podrías ir a un Club Med de vacaciones todo incluido.","Sí, es bonito, si lo terminamos más tarde debemos hacer todo nuestro trabajo para que la gente achiote a nosotros. Si no, vamos a llamar al Cuidado de Salud de la Mujer y la Juventud y todo lo que está a su disposición."
16,Meeka itimimotana norenti saikatsiri Alemaniaki.,Actualmente tengo un hermano que reside en Alemania.,Nadie me cuida a mi nieto que vive en Alemania.
17,Tee niyoteni paita abishomoteroneri iroori.,No sabía lo que le pasaría a ella.,No tiene hija alguna que rapte a ella.
18,Ikantetakena oka... aparo kajemenane noñaabakanteari.,"Me dijeron que, esto... que un tipo me llamaría al final para vernos.",Me dijo esto: “Hay algo malo en lo que yo uso”.
19,"Paitapeerika aitake amatajero abaajeitanajea, ari ikante meeka ajajeitaje Kadina, teerika Okinawa, oka osarentsiki 1968.","En cualquier caso, nos desplegamos, y puedo decir ahora que por este motivo nos desplegaron a Kadina, en Okinawa, y esto fue en 1968.","Si hubiera aumentado el interés de la gente, así no hubiéramos venido más allá de la Orquídea, no era en Okinawa, todo esto en los años 1968."
20,Tee onimotenaji kaariperotatsiri timatsiri oka nampitsiki.,No me gusta la energía negativa que produce este lugar.,No se agradó a las personas desaparecidas en este lugar.
21,Eiro nobarotsi kitsarentsi ikitsapiniyetari.,No me pongo ropa de vestir a menudo.,La ropa de la mujer es igual a la del hombre.
22,Iriori ikantakero maaroni okarati akoiri ayoteri,Él le dijo todo lo que necesitaba saber,"El Estado garantiza a todos los seres vivos el derecho de vivir en un entorno seguro,"
23,"Aisati um, oni opashiniti aparopeeni ayompariteari, otimimotakeri maaroni ibapeeriyetari.","Y um, es distinto, como que en cada cliente, están todos sus documentos.","No sé, por eso hay muchas costumbres que nos enseñan, todo lo que he aprendido en mi vida."
24,Iroori okoasanotake iyotasanotero ora cooperativas de credito.,Ella estaba interesada en las cooperativas de crédito.,Las cooperatives de crédito son también responsables de este fenómeno.
25,"Timatsi aparopeeni antayetachaneripee ashi otimantari aisati, uh, eh, irointi ashi aisati janikarika Cutty, ibajiro irashi ayompariteari.","Hay algunas proyecciones del flujo de caja y, uh, eh, es para tal y cual Cutty, el nombre del cliente.","Parece que hay una luna en la garganta de la madre y del niño, eh, es la culpa de la madre y del niño en la garganta de la culebra, dijo el dueño de la casa."
26,Oshekianake arakomentotsipee arayeti irointi pomerentsitantsi.,El incremento del tráfico de aviones es problemático.,"Los aviones abundan, por eso hay mucha ociosidad."
27,Fannie Flono omatiro oñaanatakotero meeka omabetakea timatsi antayeteri.,Fannie Flono pudo hablarnos hoy a pesar de su apretada agenda.,"Mi cuñado, el motelo Flono, dijo que para que se convierta en algo hay que estar atentos."
28,"Maaroni ikaratbakaajeita aisati dios, tee niyote jaoka okarati kitaiteri.","Todo está conectado y dios, ni sé por cuánto tiempo.","Todo esto que viene de nosotros, dios, no hay nada que comer en un día."
29,Tee ikantajeitenaro okarati oka protocolo de seguridad.,No me dijeron nada sobre el protocolo de seguridad.,No se sabe que es un protocolo de seguridad.
30,Aparoni otimimotironi kempesanotarorini antyaro tikakobentirori.,Una cosa que ella realmente tenía como una gran defensa.,El niño tiene la apariencia de ser dolido y de sufrir daños físicos.
31,Ora kepiarijenkari tee otimeji otonkanteari.,La bomba no tuvo ninguna posibilidad de explotar.,"Ahora como no hay más, te va a acabar."
32,¡Nosaikini nokimoshirebeitani aisati nomaokoreake!,¡Yo estaba tan feliz y relajado!,¡Quiero vivir felices todos mis días!
33,"Impoiji ikantiro iniro, ora iniro oibotanaka isaikajeitakenta amenanake okanti pikemetari paniiti iriori.","Y luego dijo su mamá, su mamá se inclinó hacia adelante y observo y dijo: Anda como él.","Vino, le dijo su mamá, la mamá es igual a esa otra cuando están sentados en el segundo piso de la casa."
34,Ora ñaantamentotsi antantearori ora traje ashi shintsitatsiri okoitea kitaiteri.,El entrenamiento para usar un traje a presión requiere tiempo.,"Esta mentira es una mentira, la mentira es una mentira, la mentira es una mentira."
35,Ikajemake tsantsari kajemamentotsi parikotitatsiri.,Está llamando desde larga distancia.,El bufeo gritó en la boca de la mujer que estaba en la orilla.
36,"Nosaikaiti kemeeri, OK, kameetsa.","Yo estaba como, OK, bueno, eso está bien, ya sabes, así.","No estaba bien, bueno, está bien."
37,irotake oka okenketsatiri kemetarori cuentas de ahorro ashi contribucion,eso es como cuentas de ahorro con contribución,"Esto es lo que decimos „economía verde‟, „economía con aportes‟, „economía verde‟, „economía verde‟ y „economía verde‟."
38,Otsokanaka oka maaroni monkararontsi.,Él rompió todas las reglas.,Se quema todo lo que está en su cuerpo.
39,Yora atiri eiro ikenkeshireatsi okarati oshekiake kajarashi okarati oka yojakayetiri okantakotiri.,La gente no tiene que preocuparse por la cantidad de basura en la medida que ésta se deseche adecuadamente.,"Ellas son ricas, son muy ricas, son muy ricas, son muy ricas, son muy ricas."
40,Ikisanaka iroosati noñaatanatantajari.,Estaba tan molesto que empecé a hablar con él de nuevo.,Dejaron de hablar porque no sabían leer.
41,Ora tsinane nokoiri amitakotena osaiki arejiki.,La chica de la que necesito ayuda vive muy lejos.,Ninguna mujer que me cuida porque estoy a cargo en mi casa.
42,"Yora pinkatsari Kennedy ikantiri yora antakotinkari, ikanti, 'Caballeros, anti kameetsa shiakantsipee'.","El presidente Kennedy dice a los pilotos, dice, 'Caballeros, hacen buenas fotos'.","Kennedy, por ejemplo, dijo que era una lancha, dijo: “Cábalos, no es bonito shiakantsipe.”"
43,Iroori okanti ora iniro aisati okemeta aniiti otsobitakotariki.,Ella dijo que su madre también camina de puntillas.,"Esto es lo que nos trae a nuestros abuelos, nos dice el zoológico."
44,Nojitakanti iritake apaniro ñaakarontsitakarori antaberentsiki AFFC Air Force Career oshintsine tampea.,Tenía la impresión de que era el único con ese número en el campo AFFC Air Force Career.,Yo voy a decir que ella es la sola que está sufriendo por la muerte del afgae [religión] de la fuerza aérea afgae [religión] de cualquier tipo de brujo.
45,Tee onimoshirenaji apaniro nantero ora manankobentirori ashi ñaantamentsotsipee.,No me gustó ser el único en ejecutar los reguladores para las pruebas.,"No estoy contento por vivir sola, la protección de la tierra es lo que necesito."
46,Otsapare oni kobenkari,El diseño era horrible,Las piernas de los enemigos
47,"Piyotiro, otsonkapaka, piyoti. Isampijeitakero atiripe, aparo jeri itsipapee, tekatsi iyotatsine jaoka osaikaitiri, piyoti orijaniki apatiabakaja omatanteari eiro oñaantajaritsi Joe.","Y lo sabes, al final, lo sabes. Sabes que le preguntaron a la gente, a unos y a otros, y nadie sabía donde estaban y, eventualmente, lo sabes, simplemente se reconciliaron con el hecho de que no volverían a ver a Joe.","Sirvieron, acabaron de vivir, los maestros. Como saben todos, el jefe de la comunidad no tiene chacra, los maestros en todo el mundo se convirtieron en personas."
48,Nokoashireasnotanake nokoi nokimoshiretanteari tempa iroori osaikaiti ara.,Estaba demasiado ansioso por ser feliz porque ella estaba allí.,Voy a hablar sobre cómo me siento cuando escucho que alguien me dice cómo me siento cuando estoy en este lugar.
49,"Opomerentsita akijero papeeri, boteeya irata apashiniyetero anta obantarikipe ora kajarashi.","Es difícil cargar el papel, el vidrio y las latas tras separarlas en su propio contenedor.","Como no vienen, vienen, vienen, vienen, vienen, vienen, vienen, vienen, vienen, vienen, vienen, vienen, vienen, vienen, vienen, vienen, vienen, vienen, vienen, vienen, vienen, vienen, vienen, vienen, vienen, vienen, vienen, vienen, vienen, vienen, vienen, vienen, vienen, vienen, vienen, vienen, vienen, vienen, vienen, vienen, vienen, vienen, vienen, vienen, vienen, vienen, vienen, vienen, vienen, vienen, vienen, vienen, vienen, vienen, vienen, vienen, vienen, vienen, vienen, vienen, vienen, vienen, vienen, vienen, vienen, vienen, vienen, vienen, vienen, vienen, vienen, vienen, vienen, vienen, vienen, vienen, vienen, vienen, vienen, vienen, vienen, vienen, vienen, vienen"
50,"Ipokake, yashitareakero ashitakorontsi aisati nokenkeshireanaka nameni itapiiki noñaantakarori iboro, kempetaka inanintashireetakeri.","Él vino, abrió la puerta y recuerdo mirar atrás y ver la expresión de su rostro, y pude ver que estaba decepcionado.","Vino, los que trajo los fundadores [del paisano], me dijo mi cuñado, aquí he visto barro, parece que fue lo que fabricaron."
51,Iroori okanti oyotiro okantakota añaamentotsi.,Ella dijo que sabía más sobre la vida.,"En cambio, como sabemos, el agua es un recurso."
52,Apinatero diez porciento ipinayetiri impuesto oni oshekianake.,Pagar un diez por ciento de impuestos es demasiado.,"Los pagos que hacen los usuarios de la red, los dientes y los dientes, son muy costosos."
53,Napiitajiro noñaanatajiro Ramona.,Hablé con Ramona otra vez.,"Ya he escrito, ya me has visto a Ramona."
54,"Iñayetero aisati iyotero, piyotake, ariroika piñantakearo, eh, arakomentotsi.","Se vive y se aprende, ya sabes, cuando pruebas, eh, avión.","Para que lo vean y lo tomen, tú eres igual, señorita has visto, eh, el avión es."
55,Nokantani noijatiro notsaroi.,Yo seguía asustado.,Tengo que lavarme con el masato.
56,"Yoka iriortake sarijento pinkatsari ibametinkari Clem Francis, shitobanaintsiri anta oshintsitinta isoraromentoki estadounidenses.","Este es el sargento jefe maestro Clem Francis, jubilado de las fuerzas aéreas estadounidenses.","Este, el cura de los muertos, el llamado Clem Francis, viene de donde vienen los muertos."
57,Opomerentsita akisate ara peeraniteni.,Era difícil ser negro en ese entonces.,Eso es lo que hay en esta parte del río.
58,"Kameetsa,paitarika kantachari, okianake anta okempebetaka ¿jaoka okantari konijatatsiri?.","Bueno, en cualquier caso, acabó entrando allí y estaba como ¿cómo van las cosas?.","Bonito, si es doloroso, se va a vivir allá. “¿Cómo es esto lo que te pasó?”"
59,Noñaantaro nokisoiri iriorii.,Estoy intentando aferrarme a ello.,Discúlpeme sobre él.
60,Aisati obetsikake koni soraaropanko ashi U2.,Y había echado a cinco destacamentos de U2.,El cura está en la casa de U2.
61,"Pikantake timatsi pitomipee, ¿paita irosarentsite timatsiri?","Has dicho que tienes hijos, ¿qué edades tienen?","Nadie que sea como tu marido o mujer, ¿qué es lo que eres?"
62,"Otimaiti aparo manamanatantsi kempeji nobankoki, tee okameetsateji aka.","Hubo un tiroteo cerca de mi casa, realmente no es bueno en esta área.","Hay que saber que el agua del río Kempe está en mi chacra, no está bien aquí [en el río]."
63,Yora atiri tee katsini ikonijate asaike aisati ñaanatakoteroneri okantakota pomerentsiri aisati kenkeshireantsipee.,La gente nunca parece sentarse y hablar sobre sus problemas y preocupaciones.,"Ella era una persona, no hay nada que comer o comer. Sabemos de lo que se dice en nuestros idiomas."
64,Yora atir ikoajeiti abakoyetajeri oshekiantari kemeri otenanka kajajrashi osheki okimotatananke.,La gente necesita considerar tanto el volumen como el peso de la basura que están produciendo.,"Ellas, señorías, señoritas, señoritas, señoritas, señoritas, señoritas, señoritas, señoritas, señoritas, señoritas, señoritas."
65,"Iro ora kenamentotsi taanaka, ¿paitakea otantanakari aisati ishinereanake teempakea otimi poromo opeanteari katsirinkariki?","Incluso si la aeronave estaba en llamas, ¿por qué se quemaría y se derretiría si tiene un componente de plomo para que la radiación se filtre?",Porque en este bando hay un muerto. ¿Por qué hay más muertos que vivos? ¿Tienes tu esposo o hija que tiene enfermedades muy graves?
66,Kameetsatake ariorika antake aparopeeni amashirentsi.,Está bien si cometimos algunos errores.,Cierta vez dijo que iba a ser una canción.
67,"Yantake, kapichaji atiri iñaanatakoteri pomerentitimotariri.","De hecho, solo unas pocas personas hablarán de sus problemas actuales.",Comenzamos cuando alguien está jugando con los jugadores.
68,Maaroni kimoshirentsi opirijajeitake tee irajeiteji chachojatatsiri.,Toda la fiesta estaba seca y no se sirvió alcohol.,Todo el cuerpo se quema cuando ya no hay la persona que lo cuide.
69,Nobinkatsariteimetsotini aisati joijantanti.,Mi jefe era suave y consecuente.,Tengo muchas costumbres conmigo en el camino.
70,Aakero impokirotsate okoakotantini okajemanteari.,Cogí su teléfono prestado para hacer la llamada.,"Entramos en la quebrada, es por eso que entramos [en la quebrada]."
71,Irosatitatsi nantabeeti oka kitaiteriki.,Todavía estoy trabajando para este día.,Yo también porque soy de color blanco.
72,Iroori tee otimeji irosati 1943.,Ella no nació hasta 1943.,Dejaron de trabajar hasta 1943.
73,Nokantakeri irointi ashi notsiro.,Les dije que era de mi hermana.,Discúlpeme sobre eso de mi dios.
74,Ora antsitantsI yantayetakero intsipaite ari añaakero te okanteji.,Las costuras se hicieron con prisas y se ven muy descuidadas.,"Estos ensuciados sí, se convirtieron en brujos, así vemos, no es así."
75,Maaroni iyojeitini kameetsasanori jaoka ijajeitri.,Todos sabían exactamente a dónde iban.,"Toda la gente está bien, la jóven, los guerreros [enemigos]."
76,Ikanti ikenanake ijati kirinkaki.,Él dijo que habían subido al norte.,La tortuga „ikenanake‟ se fue adentro.
77,akempoyajeitero ora alatate paitarika iro ora vaso otsipaki iro ora paperi otsipaki ojapajaro akijajeitiro shiyakomentotsiki aanajero anta peñazoki,y guardamos nuestras latas en una cosa y los vasos en otra y el papel en otra y una vez está lleno lo cargamos al coche y llevarlo es un peñazo,"– Exigir que se ponga fin a cualquier forma de violencia contra la mujer, en especial contra las mujeres, los niños y las niñas. – Exigir que se ponga fin a todas las formas de violencia contra la mujer, en especial contra las mujeres y las niñas."
78,¿Jaoka okantari pañamento?,¿Cómo va tu día?,¿Cómo se llama la ropa?
79,Timatsi osheki jananeki,Tengo muchos niños,Hay muchos en la comunidad
80,Kennedy iñaanatiri antakotinkari.,Kennedy habló con los pilotos.,Kennedy ve lo que está provocando.
81,Ora tabulaciones timatsi osheki osankenatakotiri.,Las tabulaciones tienen una gran cantidad de datos.,Las golondrinas son muy perjudicadoras.
82,"Nokemiro, tee piyoteni oka meeka irointi jibatatsiri piñakotakeri otsiti.","Lo siento, no sabía que esta era la primera vez que veía un perro.",No sé que es lo que no sabes.
83,Okanti okoiro aitearo intsipaiteni meeka.,Dice que le gustaría obtenerlo hoy.,Las estrellas llevan un cuello largo.
84,Tekatsi iyojjeitatsine jaoka okantari pankotsi ijajeitiri.,Nadie sabía a cuál casa iban.,"“Nada era la casa donde vivían las personas, la casa de la madre”."
85,Apatiro atimajeitini anta apite tsonkitai.,Solo vivimos allí dos semanas.,Ellos son comunes entre los dos pueblos.
86,Nokenkeshirea nokobantakariri otsiti karaiteriki notsipateari Cocker Spaniel.,Creo que preferí perros al aire libre como el Cocker Spaniel que solía tener.,Me siento muy feliz por haber padecido a mi hermana Cocker Spaniel.
87,Nokantabetakari iyobeta yabisaji yantayetiri okarati 40%.,Les dije que sabía que había superado sus expectativas en un 40 %.,He dicho que el uso indebido de drogas se sanciona con una multa de 40%.
88,"Ireento ari omatea abishe okitamarote, aisati omataka abisake okitamarote.","Su hermana pudo pasar por blanca, y de hecho pasó por blanca.","En el río hay muchos ríos, muchos ríos y muchos caminos."
89,Ora opeanteari katsirinkarijenka aitake otimiri ariorika otime tayetantsi.,La radiación también se puede contener durante un incendio.,Una persona que come carne humana puede ser muerta si la trata desobedeciendo.
90,"Hum, no, nokantasanote, tekatsi katsini noñaanate kiribiropee okarate noñaanateri timimotanari.","Hum, no, para ser sincero, nunca leí ninguno de los libros que se suponía tenía que leer.","Yo no, no, no sé, no hay nada que me diga como bigote cuando yo lo veo."
91,Iroori tee abisheni osheki.,Ella no pesaba mucho.,"En cambio, no hay muchas raíces."
92,Ora tornillo areetaro oshintsitakoti.,El tornillo afecta a la presión.,La verdad es que hay muchos.
93,Nokoi nokante tee ontimeji kobenkatatsiri ashi kepiarijenkari tempakea eiro otonkitsi kisoitake kipatsi nantakeri.,"Quiero decir que no había ningún peligro de entrar con la bomba porque no explotaría, independientemente de lo duro que tocó el suelo.","No quiero que me haga oír cosas que no sean muy duras para los muertos, hay muchos que viven en la Tierra, hay muchos que están muertos, hay muchos que están muertos, hay muchos que están muertos, hay muchos que están muertos, hay muchos que están muertos."
94,Irosati notsaroabeta kapichaji.,Estaba un poco asustado.,Por eso dormía un poquito.
95,"Locust Hill oh keario, jee, kameetsari","Locust Hill oh claro, sí, genial","Lo calvo oh, no es calvo, sí, está bueno"
96,Isampiti jaoka okantari konijatatsiri.,Preguntó cómo iban las cosas.,El pueblo de la quebrada es lo que dicen „la quebrada‟.
97,Aparopeni yobariyayetake Cubaki.,Algo fue derribado en Cuba.,Desde que era niña hasta que fue señorita.
98,Aisati nameniro koasanotachari irashi irioripee.,También miro lo que es asequible para ellos.,A los hijos les dio la culpa.
99,"Otimatiye pabishero otsipasatopee konijatakomentotsi jenoki,eh, akenayete tekeratarika intenparo jero arakote U2 o arakote aitsare shintsitatsiri.","Tienen que atravesar una serie de cámaras de altitud, eh, paseos antes de que comiencen incluso a volar en U2 o a volar con trajes a presión.","– Exigimos a la comunidad internacional que ponga fin a la violencia contra las mujeres, niñas y niños en los conflictos armados, en especial cuando se trata de personas con enfermedades venéreas o de personas con enfermedades venéreas."
100,Kemetaka aparo abishomoteri kobenkatatsiri.,Parece una experiencia horrible.,Parece que el enfermero es ocioso.
101,Kameetsayata yobanireajea kapichaji irijaniki tornillo ari obashinonkaakero ibinjonkarepee aparoni atiri intsipaiteni.,Será mejor que baje un poco el pequeño tornillo porque podrías lastimar los pulmones de una persona fácilmente.,"Bien va a mejorar su vida, habrá un poquito en su origen; allí hizo broma a sus esposas, a una persona joven."
102,"Irootake koasanotachari akoajeitiri abisakotaje, tee añeeroji otsipa ajokantearori kepiarijenkari nija opoñaanakea 30, un C124.","Eso es era lo más importante que queríamos salvar, ya que no había forma de lanzar  una bomba hidrógena desde unos 30, un C124.",El ambiente en el que viven los seres vivos es muy peligroso. Los cuerpos de agua que se encuentran en los cuerpos transfronterizos son muy peligrosos.
103,Iriori irinti ikantasanota aisati imajereti.,Él es muy constante y tranquilo.,Iriori irintara ikantasanaka ikantasanaka ikantasanaka ikantasanaka ikantasanaka.
104,Tee niyoteni oshineterorika anterio amashirentsi.,No se nos permitía cometer ningún error.,No sabía que la balsa era grande.
105,"Nokobasanotiri osheki maaroni itsipasatipee otsiti karaiteriki, tempa osheki maaroni ikameetsati irijanikipee.","Me gusta mucho todos los tipos de perros al aire libre, ya que todos son chicos buenos.","Voy a decir mucho a todos los padres hasta los fundadores, hay muchos paisanos en todo el mundo."
106,Oka kaari jibatatsiri omanejatiri aparo pirantsi abirayetari.,Esta no es la primera vez que maneja un animal domesticado.,Esto es lo que no se habla cuando viene una persona que come fornicación.
107,"Maaroni okarati antajeitakeri...tekatsi kanteneni jaoka ajajeiteri, aisati jaoka ashitoajeiteri antiamjeitinta ajatanteari otsipaki nampitsi isaikanteari kitaiteriki.","Todo lo que hicimos... nunca nos dijeron a dónde iban, ni siquiera cuando salían de la base para ir a algún sitio donde se quedaban algún tiempo.",Todo lo que digo para que no se convierta en algo más. . .no hay en ningún lugar donde vivir. El camino hay y el camino hay. El camino hay y el camino hay para ir. Para que no se convierta en algo más.
108,Yora jananekipee irajeitakero kapichaji champan.,Los niños bebieron un poco de champán.,"Cuando vienen por el Gran Pajonal, traen un poco de guacamayo."
109,Tekatsi atiri koeroneri amitakotantsi.,Ningún humano merece ser rehabilitado.,No es bueno para la gente afgana.
110,Pikoati aparo contrapresion ashi ojenokitinta.,Necesitas una contrapresión a esa altitud.,Cierta vez dijo que la represa era para borrarse.
111,Asaikanteari nampitsiki kemetaka tsaroantsiki constante okemetaro oka.,Estar en el país hace que vivas con un miedo constante a cosas como esa.,Los que viven en nuestro pueblo parecen estar sufriendo constantemente por lo que se llama paludismo.
112,Akiajeitanaje anta 8 p.m.,Entraríamos allí a las 8 p.m.,Los visitantes llegan las 20.00 horas.
113,Iriori tee otimimoteri kempoyayetacharipee.,Ellos no tienen ningún archivo.,"En cambio, no son como las hojas de palmera."
114,Ora Shintsiri Jenokisato tee otimeni antatearori.,La Fuerza Aérea no tenía ningún plan.,La estrella del cielo no es lo que ella es.
115,Kameetsari oka kenketsatabakantsi.,Ha sido una conversación agradable.,Bonito es esto que hago.
116,Nonijantaka oka okitaitemani aisati iriori ipokake.,Me presenté esta mañana y él vino también.,Tenía la idea que sería un soldado cuando viene.
117,Ikantana ikoajeiti tampatikari ikoajeotiri meeka.,Me dijo qué necesita con exactitud y que lo necesitaba para hoy.,Se dice que las auroras son lo que vienen cuando ellas se mueren.
118,"Tee nokoasanoteroji pikantir abirori , pikantapinitiro.","No estoy de acuerdo contigo, es muy constante.","No sé que es lo que llaman abrí, la llaman abrí."
119,Nobaka initsikioji eiro nomantsiatanta.,Comí muy despacio para no enfermar.,Voy a hablar del dinero que me da en la chacra.
120,Apanirotantsiki akemajeitake tee amateroji aayete ikoiri Joe yojokajeitanake asabikajeiti kameetsa.,"Independientemente de cuánto lo intentáramos, no pudimos conseguir que Joe nos dejara en paz.","Por solitatura nacieron, no era una profesión, iban acompañados de Joe [Joe], rejocando que hubiese llegado."
121,Kamemetsattantsisanori eiro opomerentsitimotetsi.,Es pura tranquilidad y no causa problemas.,El dolor de la cabeza es muy grande.
122,"kametsa, pikenkeshireakajena amashitea ontime kitaiteri ashi oyaantsi okarate koni kitaiteri ashi pistolas irotake iroperotatsiri","bien, así que déjame asegurarme así que piensas que tal vez un período de espera de cinco días para pistolas o que esas cosas serían legítimas","Bien, los paisanos muslitos debemos dedicar un día a la vida, un día a las aves, un día a las pistolas, se trata de las más comunes."
123,Washington ipeajeitaka maaroni yora partidos.,Washington ha perdido todos los partidos.,Washington está volando en todos sus días.
124,"Jee, atiri amashitea teerika iyote yaayetero ora inkantayetiri.","Sí, gente que quizás no sea capaz de tomar las mejores decisiones.","Sí, el sádico es cuando saca una flecha se va a convertir en un cazador."
125,Eiro nonimoshireana jaoka okantea pitsokero.,No me interesa cómo lo termines.,La esposa de mi tía se llama Luciernaga porque se llama Luciernaga.
126,Nokoi aparo minuto aka.,Necesito un minuto aquí.,Quiero vivir un minuto [después de llegar].
127,Ikanti ijajeiti anta kirinkaki.,Dijo que fueron hacia el norte.,La araña se fue adentro.
128,Notimake Fresnoki.,Nací en Fresno.,Yo había conocido a Fresnoki.
129,Ora nashiyetchari (bajirontsi) tee ipokeji aka.,El tipo (hombre) nunca vino aquí.,Este alimento no viene de aquí.
130,Betsikakena nojatanteari meeka.,Estoy listo para ir ahora mismo.,Me mordió la pierna para irme.
131,Jajeitanaji ikantanakena eiro nokenkeshireatsi.,Ya se había ido y me dijo que no me preocupara.,"Se fueron, me dieron dinero, ¡está dinero!"
132,Nosampitakempi intsipaitenimpa.,Pregunté qué tan urgente era.,Mi paisano es de color blanco.
133,"Mmm, ¿tekatsi? Pikantake eiro pikenkeshiretirotsi piñaanatakeri, iro yantyaritantanaka obametantsipankoki, ¿tee aneroji kiribiro pikoiri o pikisaneetiri?","Mmm, ¿ninguno? Dijiste que no recuerdas haber leído nada en particular, pero, cuando ya eras mayor en la escuela, ¿no había ningún libro que te gustara u odiaras?","¿Hay? – Puede ser de varios paisanos. Conviértete en un hombre, es todo lo que hay en nuestra casa. ¿Hay resurrección de la adivinanza entre hombres y mujeres?"
134,Impoke intsipaite iro niyotakeri jaoka ipoñenpari.,"Viene rápido, pero sé de donde viene.","Vino antes, pero la jovencita la cogió."
135,¿Aitakempa ara pikajemiri?,¿Es ahí desde donde llamas?,“¿Acaso eres tú?”
136,Nokoironi otsi grado.,Me gustaba el cuarto grado.,A mi tío le dio el grado.
137,Ora Base Jenokisato Laughlin ashibetanaja kapichaji kitateri.,La Base Aérea Laughlin cerró por un tiempo.,La base de Jenokisato Laughlin está volando un poco más.
138,Timatsi notsiro naañatiori alemán.,Tengo una hermana que habla alemán.,Como se llama mi canoa blanca.
139,"Iroorini aayetirorti timayetatsiri,.",Ella era increíblemente vulnerable.,Nosotros somos los que luchan [los enemigos].
140,¡Niritsori irinti kaariperori!,¡Mi tío es un imbécil!,"Lo que traía, lo que no traía."
141,Nokenkeshireabetaka ikamantakotename oka tono.,Pensé que se iba a quejar de mi tono.,Estaba pensando hacer una canción con este sonido.
142,Kemeitaka iñaayetiro kameetsatakoitake.,Parece que se vería genial.,Están tristes porque están muertos.
143,Irori tee ikoanaje iñaanantanaje.,Él ha decidido no hablar más.,A él no le fastidiaron en ningún lugar.
144,itimimotana aparo césped Bermuda nokoi osheki nija piminkiero kapichaji opeanteari green anta campo irashi golf.,tengo un césped Bermuda aqui y necesita mucha agua y tienes que mantenerlo muy corto su quieres que parezca un green de un campo de golf.,"Como nacimiento del río Perené, soy huérfana."
145,Keariotake otimii okantakota ora consistencia.,Creo que tienes razón con respecto a su consistencia.,Los niños se olvidan de cómo se llama consciencia.
146,Tee ontimimotena noshiyakantantearori aisati.,No tengo nada que pueda comparar también.,No me ocioso porque me hice correr.
147,Ikantake pijibatanake pobameetsatero obametantsipanko.,Me dijo que debería asumir que la escuela estaría bien.,"“Como vas a ser,” dijo, “te va a bañar”."
148,irointi kapichaji yantayetantaro irointi yantetari ora auspicios,que es un poco inusual pero se hace a través de los auspicios,por eso hay un poco que aprender por eso la oratoria es una locura
149,"Ikantajeitakena pampinajearo ora caja de fusibles ashi saikakomentotsi, iro tee niyoteji ora cableado electrico.","Me dijeron que reemplazara la caja de fusibles de la oficina, pero no sé nada sobre cableado eléctrico.","Decías que vamos a sacar esa caña de fuego para nuestra tripa, pero ésta no tiene nada que ver con la electricidad."
150,Tee noñaanateji aparoni kiribiro timatsiri 100 obana.,No he leído ningún libro que tenga más de 100 páginas.,No me encontré con un chimicua que tenía 100 hojas.
151,Opinata osheki pikitsatearika abisati.,Cuesta mucho vestirte a ti mismo.,Esto se llama „pikantsi‟.
152,Aritake asabikajeitiri oka zonaki.,Así que vivimos en esta zona.,Comíron a vivir allá.
153,"piyoti, maaroni notomipee iriojeitake kameetsari,ikameetsatasanoti nokantro, iyojeiti antyaripe iriori aisati ,iro","sabes, todos mis hijos son geniales, muy buenos, y creo que no, aprende de los niños mayores también, pero","Tenía sexo, todo mi hijo tenía sexo bueno, estoy sano porque esto es lo que te dijiste, esto es lo que te dio."
154,Yora atiri tee añeeroni iyenkeshireamento kaari ini kitamarori.,La gente no ni tenía idea de que no eran blancos.,"Ella era una persona, no había sentido las palabras de ella antes."
155,Tee niyote jaoka okarate kitaiteri osamanite ora kenketsatakorentsi.,No sé cuánto tiempo durará la historia.,"No tuve nadie que me diera un día que viva en mi casa, en mi casa [en mi casa]."
156,Yora kijakotirori ikijiro ora kepiarijenkari arorika yojokero iriori.,El detonador detona la bomba cuando se tira de él.,"Para que se desarrollen, él es que crió, desde que era niña hasta que fue madre."
157,Oka katsini tee ikoajeiteroni.,Eso nunca fue lo que querían.,"Esto es malo, no lo botamos."
158,¿Paita itsipasati miishi paayetabajiri?,¿Qué tipo de gato rescataste?,"¿Qué pasó, mi flecha, lo que nos llevó?"
159,"Iro narori nokempe, pipeakotero, nojate noya. Otimi itashe.","Pero yo estaba como, olvídalo, me voy a comer el almuerzo. Tenía hambre.","Nosotros somos verdaderos antepasados: voy a hablar de antepasados, voy a hablar de mí; mi hijo es de color blanco."
160,"Iro omonkarata, yora pirantsipee ari ipeajeitanakea maaroniki kitaiteri, kemperi kaabira.","Pero de igual forma, los animales se perderían todo el tiempo, en especial las cabras.","Ya está lista para ser madre, para ser abuela, para ser señorita, para ser madre, para ser señorita, para ser señorita."
161,Noakantimpi irotake oka Fresno.,Te digo que esto es Fresno.,"Yo lo chaqué, [porque] se llamaba Fresno."
162,Irosatitatsi nokanta nokemiro kaariperori oka meeka kitaiteriki.,Todavía me siento mal a día de hoy.,"Por eso yo le digo „que me traiga‟, „que traiga los frutos del día.‟"
163,Notsiro okanti naro manintantatsiri.,Mi hermana dijo que yo era racista.,Uso el agua del hombre que come carne humana.
164,Tee otimimojeiteni abetsikajeitanteari.,No tuvimos formación con nadie.,No hay nadie que nos cuide.
165,Okarate tson kitataiteri yamenayeteri antayetakeri aisati ayosanote tee abiro yora ex invicto,Supuestamente en siete días van a revisar nuestros antecedentes y asegurarse de que no eres un ex convicto o que no tienes,"Todo lo que está prohibido, lo que se puede ver y lo que causan los daños, sean naturales o artificiales. El Estado garantiza el libre acceso a los servicios de saneamiento."
166,Kennedy ikantajeitakeri asorarotepee yamenayete misiles.,Kennedy le dijo a nuestras tropas que buscaran misiles.,Kennedy dijo a los orquídeas que mirasen los misiles.
167,Maaroni arakomentotsipee otimajeitake tekatsi manateroneri.,Todos los aviones sobrevivieron sin que les dispararan.,Todo el mundo se pasa por el río; no hay nada que pase.
168,"Jee, otime osarentsi kameetsaro.","Sí, ten un verano agradable.","No, hay muchos señoritas."
169,"Irotake nonampi nokobasanotiri nokibantanteari impanekiki tempa osheki okameetsati, ¿Jaoka pashi abirori nampitsi pikibantiri?","Uno de mis lugares favoritos para visitar es la playa, ya que es muy bonita, ¿cuál es tu lugar favorito para visitar?","“Eso es mi idioma, para decirlo así: “Porque no hay nada que ver en la arena”. “¿Qué cosa hay en la ciudad de mi pueblo?”"
170,Tee imateaji isabikanake oipatsiteki Aususta tempakea yora atiri iyojeitake iñaantakaro yanteme paitarika ora tabú ikoabentaka yabisheme kitamarori.,Y no podían quedarse en el área de Augusta porque la gente sabía que habían intentado hacer algo que era realmente tabú y tratar de pasar por blanco.,"No tenían que estar vivos en sus hogares. Todavía este hombre era y veía que hay cosas que hacer, que no cometen, que no sean fornicadoras."
171,Ora tsinane Fulk antakotironi Honda kiteriri maaroni kitaiteriki ajatanteari.,La señora Faulk conducía un Honda amarillo todos los días para ir a trabajar.,La mujer llamada Fulk defendía a la niña de la Honda todo el día en la balsa.
172,jaoka pikanteari pante aerobicos,como harías aeróbicos,"Mi chacra es de color negro, pante negro."
173,Nomakoshireake irotaintsi akempejite intantanajearori obametantsipanko.,Estaba muy relajado acerca de comenzar la escuela.,"Yo soy un huérfano, son defensores del derecho desde el inicio de nuestra educación."
174,Ora U2 ajeitake aparo tonerara ashi shiakabentantsi asaabiki nija.,El U2 tomó una tonelada de película de debajo del agua.,El U2 se concierne a la apariencia de una persona o bien a la apariencia de una persona en el agua.
175,"Nokemetanakari, irotaintsi notsonkero.","Y yo me sentía como, estoy casi acabado.","Me parece que es igual a esto, todo lo que hago."
176,"Aritake pantakero mashitantsi, otimatiye pashitearoirashi iriori.","Si cometió un error, debe apropiarse de él.","Donde vienen las hojas, hay una parte donde está la hoja de Naviriri."
177,Tee nokoasanotero aririka pantero abisati teerika itsipasatiki.,No me importa si lo haces tú mismo o lo contratas.,No había nada que decir cuando hay dos seres.
178,Yora sorarotatsiri eiro imatirotsi ipempa embajadora ashi TX.,Las unidades militares no pueden ser embajadoras de TX.,La inversión extranjera directa en infraestructura hidráulica es una inversión de la mano de obra extranjera.
179,Tee niyote jaoka okarate kitaiteri osamanite.,No sé cuánto tiempo durará.,No tuve nadie que rapte en un día.
180,"Ari ora DOT aajiro ashiyetari aabajeitanaja orijanikiki kipatsi Concord, kaari oshineta intime abirapee tempa tsipareayetaka kipatsi, aitake otsonkari iyenketsatakore pirantsipee.","Cuando DOT tomó su propiedad, nos mudamos a un área mucho más pequeña en Concord, donde no está permitido tener animales porque está dividido en zonas, por lo que es el final de la historia del animal.","Aquí en el DOT llevan a las personas que viven en la Tierra, que viven en la Tierra, en la Tierra. Ningún ser humano tiene sentido en el tiempo que pasan en la Tierra, ya queman a las personas."
181,Ikempoyeiro maaroni kempoyayetacharipee.,Guardan todos los archivos.,[Por eso] alimentan a todas las comunidades.
182,Ora itsare oni orijaniki aisati aranake kapichaji.,El vestido era muy corto y volaba un poco.,Aquí están en el medio del río; se fueron un poquito.
183,Aritakerika otimake ashirentsi irointi pikantakantiri pashi.,Si hay un error es culpa tuya.,"Si hubiera estado un momento, entonces lo hubiera convertido en algodón."
184,Yora atiri iyotini irinti afroamericanos.,La gente sabía que eran afroamericanos.,Todo lo que vemos son afroamericanos.
185,Tee otimimotajena kenkeshireantsi onta pankotsi.,No tengo recuerdos de esa casa.,No hay nada que decir sobre la casa.
186,Ora regulador tee okanteni.,El regulador no valía nada.,No hay quien me regulara.
187,¡Tee opomerentsiteaji akisaate!,¡Era tan fácil ser negro!,¡Qué pasó?
188,Timatsi ayompariteari pajitachari Cutty.,Hay un cliente llamado Cutty.,Como a la mujer llamada Cutty.
189,Ikanteetajan nojate Africaki.,Me dijeron que fuese a África.,Me dicen que voy a ir a África.
190,"Nobaka intsipaite, intsipaitesanori impoiji iroori okiapaake ari otsonkanaka pamitakotena oka.","Comí muy rápido, lo más rápido que pude y luego ella entró y terminó ayudándome con eso.","Había nacido huérfano, nació huérfano, por eso viene, ella que se vaya, allí termina, me devuelven esto."
191,Nokenkeshirea ijateme itsipa ampinajenaneri.,Pensé que dejaría que fuera otro en mi lugar.,Pensó que iba a ser mi esposo.
192,Nochainepee ikantani iriorijei ishemashireanta tee onimotena nareateari ibankoki.,Mis abuelos siempre fueron muy maniáticos y nunca me gustó ir a su casa.,Ya viene el cura; no me siento bien cuando estoy en el ojo del cura.
193,"Nonimojeitake aparoni kitaiteri ashintsijeitanake apeanteari naturalista, iro oka kitaiteriki tee arojeiteji.","Nos gustaría algún día esforzarnos por ser naturalistas, pero en este momento, no lo somos.","Yo había estado con él un día, estaba para ir a traer a los naturales, pero este día ya no existía."
194,Ora kitsarentsi oipakakotaro apinatero kitsarentsi.,La ropa es libre de impuestos.,La ropa roja es el tejido que cuelga la ropa roja.
195,Okemetimotana osheki ikoirayeti aka irootake nonebetantarori.,Me siento bastante seguro aquí y por eso me gusta.,Sentimos mucho odio por las personas que mueren cuando ellas están muertas.
196,Ora opeanteari katsirinkajenkari tee oshitaojenkate ariroika otime aparo tantsi.,La radiación no se filtraría durante un incendio.,"Esto que sale de la ociosidad no está igual a la luz, aunque tenga luz."
197,Niritsori nakameetsatiri.,Mi tío me cae muy bien.,Mi tía lo cuidó bien.
198,Nokantiri itsonkero 10 minutos.,Le dije que terminaría en 10 minutos.,Le dije que iba a terminar en 10 minutos.
199,Niyotake maaroni okopajeitaka aisati okenkeshireakotiro yora atiri timatsi osheki pomerentsiri tee ikoyeji iñanatakotero iyotake aitaek oshitoake kameetsa,"Sé que todos están siempre ocupados y preocupados, y que la gente tiene muchos problemas y no se sientan sin más a hablarlo sabiendo que todo va a salir bien",Los vemos en todo el cuerpo y en el agua. Están en las orejas de los hombres son muy inteligentes no hay nada que ver por donde irno va a llegar bien
200,"Aparo kitaiteri,Joe ijaiti tekatsi iyotatsine jaoka ijatirini.","Un día, Joe se había ido y nadie podía adivinar a dónde iba.","Eso era un día, no sabían que el sol era por allá."
201,Yora ayompariteari ipajita Cutty ikaanata $ 10000 kashiriki.,El cliente llamado Cutty gana $ 10000 al mes.,A las personas comunes llamadas Cutty le dio dinero por un monto de 10.000 US $.
202,"Ikamantakotiro aparo nampitsi Del Rio, impoijini nojate Laughlin Air Force Base, piyajanchari ashitareajea.","Estaba informando a un determinado lugar en Del Rio, luego tuve que ir a Laughlin Air Force Base, que acababa de volver a abrir.","Como una persona de la ciudad de Del Río, después fui a la Base de las Forces Aéreas de Laughlin, donde me enseñó como guerrero."
203,Tee niyoteni ikoirika kamantatantsi okantakota horario ashi viaje.,No sabía si él quería información sobre los horarios de viaje.,No sabían de ningún tipo lo que nos dice el tiempo de nuestros viajes.
204,Iriori irinti atyarisanori irooriki.,Él era mayor que ella.,"Hermana, hermana de los niños."
205,Ora abankoni osaikini aka.,Nuestra casa estaba por aquí.,Mi dios vive [después de llegar] acá.
206,Okenaneentanake ojati anta Washingtonki onta onakenta invictos aisati Buffalo Nueva Orleans jero Chicago tempa Chicago opeaka apitetake iro peainchari ora Buffalo.,Está yendo más o menos entre Washington que están invictos y Buffalo Nueva Orleans y Chicago porque Chicago sólo perdió dos veces y una de ellas fue contra Buffalo.,"Como se habían convertido en guerreros antiguas, ahora se llaman los guerreros de Nueva Orleans o de Chicago, temprano de Chicago se convierte en blanco y luego se convierte en blanco."
207,Piyobetaka okarati ominkiakeri.,Sabía en lo que se estaba metiendo.,Esta persona se convirtió en ominito.
208,Apatiro irointi pisaetakotero césped de bermuda jaokarikapeerika okantea.,Solo tienes que regar el césped de bermuda de vez en cuando.,"Lo pasó por eso, la hoja de algodón, donde se encuentra la hoja de camote."
209,Aparo shirampari yobamakero ijina iñakotakero itsipa shiramapri omamentoki irobakera obetsikaitiro oka kamantakotantsi.,Un hombre mató a su mujer por acostarse con otro hombre después de haber sido absuelto de una acusación previa.,"Había un hombre que trajo carne humana, pero vio a un animal que vivía en el túmulo; ahora se convirtió en un ave."
210,Abajeitaja otsipaniki kitaiteri.,Nos mudamos en otro momento.,Vivía un día.
211,"Notsiro irosati okantana okanti: Pikemetari isha, pantanatiri atiripee okarati pikenakashiyetari.","Mi hermana sigue diciéndome, dice: A veces eres como la abuela, tratas mal a las personas por razones equivocadas.","Yo tomé el color rojo porque me dijo: “Como sean las abuelas, todo lo que hacemos es para que los hombres sean iguales”."
212,Tee niyoteji paita ipantajarori obametantsipankopee.,No sé por qué él transfirió las escuelas.,"No sabían qué cosa eran, las tarifas."
213,Otsonkanakaro oshonka irobakera.,Terminaron su gira recientemente.,"La puso en el centro, ella estaba en el centro."
214,Irootake oka ishintsimentakeri.,Eso es por lo que se habían esforzado.,Esta hoja ya está lista para ser cultivada.
215,Impoke ikemetemparo melaza niyoti jaoka okarate opoke.,Viene como melaza y sé exactamente cuándo vendrá.,"La chacra es lo mismo que la carne humana, cuando viene la chacra."
216,"aritake, otimakerika amshitantsi irointi pamashire nokantiri","así que, si hay un error, es tu error, supongo","Ya he llegado, hay el alma del sábalo, el sábalo diciendo:"
217,Ramona okantimatakena nomareretira.,Ramona me estaba juzgando en silencio.,Tú vas a castigar a mis hijos.
218,Irento otimi omeshina kameetsasanori maaroniki oshanikajeitariki.,Su hermana tenía la piel más bella de todos en el vecindario.,El hijo del hombre que está en el vientre es bueno en todo el cuerpo.
219,Ora yamenatarori antayetiri osamanite aparo kashiri.,La verificación de antecedentes llevará más de un mes.,La vergüenza que produce el hombre es algodón.
220,Noneakameetsatiro ora asaikantari.,Me gusta el ambiente.,Estoy acostumbrado a vivir así.
221,Ikanti monkaratapaaka oorea akianteari tsaroantsiki.,Dijo que era hora de entrar en pánico.,"“Cuando la oola está lista para ser madre, qué cantidad tiene”."
222,Otimake aparopeeniki aroriki ajibajeitakero amanakobentiroripee ashi ñaantamentotsi.,Hubo algunos de nosotros que dirigimos los reguladores para la prueba.,"“Hay cosas en el agua,” dijo, “porque la educación es una prioridad”."
223,Nokantajeitimpi irobetaincha notsonkerome.,Les dije que casi había acabado.,Lo que digo es que la panguana es de mi intestino.
224,"Hum aisati iroori okanti… okanti.. okanti.. nonintashiretiri, okanti,tee pikematsatero añamentotsi narokea nokematsatiro añamentotsi.","Hum y ella dijo... dijo... dijo... cariño, dijo, no entiendes la vida del modo que yo entiendo la vida.","¿En que lugar está esta mujer ahora, el camino, el camino, el camino, el camino, yo lo quiero, el camino, no hay que prolongar el camino, yo voy a seguir el camino."
225,opoña apitetatsiri irotake yamenantakari oka imatiri,y luego la segunda cosa que probablemente miraría es lo que pueden pagar,"No sé quién soy, pero yo soy, por eso hay que buscarlo."
226,Otimabetaka aparo kobenkatatsiri otonkantearime kepiarijenkari.,Había un gran peligro de que la bomba explotara.,"Había una herida que tenía, por eso hemos terminado todos los años."
227,Ani isaiki ejercitoki.,Mi cuñado estaba en el ejército.,Mi cuñada está en la purma.
228,Nopeakotanajiro Ramona.,Ignoré a Ramona.,"Yo lo chaco, Ramona."
229,"jee, jee, anta natabeereki ipayetempiro apite tsonkitai pintantyarori impoiji aparo osarentsi ipayetajempiroaparo kitaiteri okarate otsi tsonkitai","sí, sí, en mi trabajo te dan dos semanas al empezar y después cada año te dan un día extra hasta que tienes cuatro semanas","Jee, jee, eso es lo que vienen cuando nacen; son cosas que son de dos estrellas; son cosas que vienen y vienen; son de muchos años; son cosas que viven por varios días; son cosas que nacen."
230,Ora shimperentsi onijantiro saldo actual maaroni ora cuentas.,Las pestañas muestran el saldo actual de todas las cuentas.,Nuestra compasión es por hacer crecer el saldo actual de todo nuestro dinero.
231,"Arikea, pishinetena nokantempi meeka nareetakaro oberata irotaintsime nojokajero.","Así que, déjame decirte que hoy llegué al punto en el que estuve a punto de renunciar.","Hasta aquí, cásate mucho. Yo había esperado mucho tiempo, ya llegaron, ahora puedo amarrarlos."
232,ora ireento Sher irointini lúgubre.,la hermana Sher era muy lúgubre.,Ahora el hermano de Sher está llorando.
233,Ora kipiarijenkari atomica tee añeroji gatillo.,La bomba atómica no tiene gatillo.,Tus pensamientos puros no son verdaderos.
234,nokenkeshireakotiri nochainepee noshitoini calleki nokoyeiro ora lata aisati eh,"sí, recuerdo a mis abuelos y solía salir a la calle y recoger las latas y eh","He escrito lo que tengo, mi cuñada, mi cuñada, este callejolo lo que yo quiero llamar eh"
235,Nokantajeitakeri yora otsiti irointi ashitariri notsiro.,Les dije que el perro le pertenecía a mi hermana.,"Yo les dije que no son moscas, por eso los hojitos no son moscas."
236,"Namenake jenoki, noñaakero jaoka osabikiri Ramona ari nokajemero.","De modo que miro hacia arriba, descubro dónde está  Ramona y allí la llamo.","Me voy hacia arriba, he visto un hueco donde vivía la madre de Ramona, allí voy a esconderme."
237,Nosapatotepee ipashikaroni oka.,Mis zapatos estaban cubiertos con esto.,Mi cuchillo está lleno de hojas.
238,Iriotakeme oijateronemeri ora monkararontsi.,Él debería haber seguido las normas.,Nosotros tomamos las cosas que nos trae la menstruación.
239,"Aka otimakeri oka konijari kaari kameetsatatsi irobakero otim ake mantabakantsi anta autyopistaki, maba manzana aka abankoki.","Aquí están las cosas realmente mal, acaba de producirse un tiroteo en la autopista, a tres manzanas de nuestra casa.","Aquí lo que tiene este animal es muy malo. Como la madre de este, se alimenta de algodón."
240,Tekatsi pantatsine ashi amitakotantsi.,Nadie dio ningún tipo de apoyo.,“Nada causa de hambre”.
241,Omonkaratna okarati panteri.,Me da igual cómo lo hagas.,Hasta aquí termina este panteri.
242,Akiajeite.,Entraríamos.,Ya van a llegar.
243,Tee okoasanoteaji tempa notomipee timatsi abisanke pitetsa osarentsi.,No es necesario porque mis hijos tienen más de veinte años.,No se fastidiaron porque tengo hijos; tienen sexo todos los años.
244,"Kameetsa, tee nokenkeshireajeroji, iro kantaincha tee nomateroji aisati nintajaro noñanatajiri iroakera.","Bien, ni estaba pensando en eso, pero estaba tan frustrada y empecé a hablar con él de nuevo.","Bonito, no es igual a él, es igual a la panguana, no me voy a quedarme en el agua, lo que yo hago es lo que he visto él [el armadillo]."
245,Ora Shintsiri Jenokisato amanantake 18 arakomentotsipee.,La Fuerza Aérea compró 18 aviones.,La Autoridad Nacional controla los recursos hídricos por un total de 18 canales.
246,Augusta kaari oni antyaroite nampitsi.,Augusta no es una gran ciudad.,"Como no vienen, no son nuestros antepasados."
247,Nokitsataro kitsarentsi maaroni kitaiteriki.,Uso ropa de vestir todo el tiempo.,Había visto cosméticos todos los días.
248,"Kameetsa, okantakeri, eiro akantajirotsi eiro antajirotsi amashirentsi.","Bueno, por supuesto, no es necesario decir que no pudimos cometer un error.","“Está bien”, le dijo, “los EE.UU. están buscando algo para vivir”."
249,Yora jananeki jerikatake.,El chico está presente.,Las mujeres viven en las ciudades.
250,Ante ñaantamentotsi arakomentotsiki obametimpiro piyotakotero oshintsinetari.,Hacer pruebas en aviones te enseña a gestionar la presión.,"Las infecciones en el cuerpo son muy contagiosas, por eso debemos cuidarnos de nuestros hijos."
251,"Ikarajeitini 8 yakotantiri, apatiro shirampari opomerentsitari irajipee.","Había un total de 8 en la camada, solo el macho tenía problemas dentales.","Estes que son los 8 curas, están acompañados por un hombre que viene de diferentes paisanos."
252,Iroori opake apite tsonkaichari.,Ella me dio dos versiones.,Hay dos que son diferentes.
253,Timatsi pikekeshireari okantakota okakiji kaari oni consistente.,Tienes razón acerca de que no sea consistente.,"Tiene que estar bien tapada la cara, como no es dura."
254,"Oh, tekerata obempata ora tin apite apite yobayetakeri ora kentamentotsi ara reguladorki.","Oh, todavía era el único nueve dos dos que había puesto alguna vez la inyección en el regulador.","No hay, este palito es de dos colores, por eso se llama „la reguladora‟."
255,Nokoabeta itimeme osheki tomitsipee.,Me gustaría tener más hijos.,Había visto que eran muchos los niños.
256,Moñakeri Darkman okarati 4 noñaapinitakeri.,Ya he visto Darkman alrededor de 4 veces.,El comentario de Darkman nos dice lo siguiente:
257,Atiyankajeitakeri asorarotepee Japonki junio 1968.,Enviamos nuestras tropas a Japón en junio de 1968.,La balsa de Japón fue lanzada en junio de 1968.
258,Yora sorarotatsiri ikajemayeetakeri Embajadores ashi TX.,La unidad militar fue llamada Embajadores TX.,Ella es la única que escuchó de los Embajadores de TX.
259,"Tee, iroorii otimake 1900 tempa otimini 16 osarentsi, otimatankeari oshiemparo 1926 19, piyotake, tekerata 1930.","No, ella nació en 1900 porque tenía 16 años, y debe haber sido como en 1926. 19, ya sabes, antes de 1930.","No, primero deben ser de 1900 años, después son de 16 años. Para ello se requiere un permiso de trabajo de 1926 a 1926, de 19 a 1930."
260,Abanko Concordki tee ikoakantayeteri pirantsipee.,Nuestra casa en Concord no podía permitir animales.,A la casa de Concordki no le gusta el hambre.
261,Tee notime campuski.,Yo no vivo en el campus.,No amo la ropa.
262,Iroori okantana amenayete kamantakoyeteroneri ashi kirekitsaki.,Ella me dijo que buscara su información financiera.,Esa es la llamada llamada “economía verde” en el Andino.
263,"Aparo minuto iposhiro sankenamentotsi, otsipaki kameetsatake, pisaike nosakenamentoki da, da, da, da, da.","En un minuto está golpeando el escritorio, al siguiente está bien, tómalo de mi escritorio, da, da, da, da, da.","Un minuto vino el bufeo, el otro fue bueno, durmió en el bufeo, da, da, da, da."
264,Aparo arakomentotsi aretea aparoniki tsonkitai.,Más de un avión llega cada semana.,"No llegan en el vientre, solamente en el vientre."
265,Notimi campuski.,Vivo en el campus.,Mi cuñado es de Camboya.
266,Tee añeeroji itasheasanotanteari.,No tenía apetito en absoluto.,No hay para que crezca sangre.
267,Yora jurado ikarajeitini 13 atiripee.,El jurado son siempre 13 personas.,Todo lo que tenían eran 13 personas.
268,Namitakotirini chainepee nokoyakotiri latas carreteraki.,Solía ayudar a mis abuelos a recoger latas de la carretera.,Mi cuñada le decía a mi suegro que no vaya a quedarse por el camino.
269,Yora pinkatsari irobakera ishitobanake oka tsonkitai.,El Jefe recientemente se retiró hace unas semanas.,El jefe de la comunidad hizo que saliera de la casa temprano.
270,Irorinti nokantiri itimini reloj isaikini maaroni nosapatoteki inchatoshipeeki maaroni opeajeitanaka kitamarori isaabiki,Me refiero a que tenía mi reloj y estaba por todos mis zapatos y en los arbustos todo se volvió blanco allá abajo,"Lo que digo es que esto es un diablo, todo lo que tengo en mi cushma, todo lo que hay en los árboles, todo lo que viene desde el fondo."
271,Yora zorrillo yoyake apiyajeitaje campamentoki.,El zorrillo estaba esperando que volviéramos al campamento.,"Ella es la perdiz, se fue corriendo al campamento."
272,Irori tee okoasanteroji cooperativas de ahorro jero credito.,A ella no le importaban en absoluto las cooperativas de ahorro y crédito.,Las cooperativas de ahorro ni los créditos son contrarios.
273,Nokantakero ora U2.,He tratado con el U2.,Yo los uso en el caso U2.
274,Iroori apatiro opakena tsonkaincharin timatsi kapichaji otsapare.,Ella sólo me dio una versión y solamente quedaban unas pocas líneas.,"Él que habla sí, me lo repitió, “la espina” es, como se llama, un poco más tigre."
275,Irintini Cambridge.,Es de Cambridge.,Cierta vez era de Cambridge.
276,Nojatasanotaje eiro katsini namananaje notapiiki.,Dejaré ir y nunca miraré atrás.,Voy a viajar en efectivo para viajar en avión.
277,Irootake apitetatsiri equipos okarati peainchari ora Chicago irointi Buffalo.,Uno de los dos equipos con los que perdió Chicago es Buffalo.,Los dos equipos vienen de Chicago y de Buffalo.
278,Kobenkatakotakempi yayeetempi.,Estás en peligro de ser deportado.,El paludismo es una enfermedad pública.
279,Ikantani iyotakaajeite jaoka isaikajeitiri aisati jaoka ijajeiteri.,Siempre nos dejan saber dónde estaban y hacia dónde iban.,"Dice que ya están vivos los muertos, también los que han muerto."
280,Timatsi pomerentsitantsi opoñantari oka kaari añaayetiri cableado.,Hay un problema causado por este extraño cableado.,Parece que el río viene de lejos; es por eso que pasan los ríos.
281,Noloi aparo minuto nokoyanteari noyenkeshirementopee.,Necesito un minuto para recoger mis pensamientos.,Nadie me hace comer un minuto porque quiero comerlos.
282,okontororatea manamentotsi ikantakotiri apajirikantearo apite akotsi,control de armas significa usar dos manos,"La oficina del añuje es el Ministerio de Agricultura, Vivienda y Saneamiento. Tiene dos funciones:"
283,Apa ikanti tee ikoakayenaji nirero taraako.,Papá dijo que no tengo permitido tomar un trago.,"Como dijo antes, ya no viene mi hermana, la quema el techo."
284,Tee otimimojeiteni television.,No teníamos televisión.,No hay televisión en todo el mundo.
285,Maaroniki ikanteyeti ora ireento okitamaortini.,Generalmente se suponía que su hermana era blanca.,Todo lo que hay en el río sonó desde principios de este siglo.
286,Notsiro okanti tee nokanteani nokameetsate.,Mi hermana dijo que no siempre fui amable.,Uso leña limpia porque no me gusta.
287,Areejeitakaro areeteari.,Alcanzaron su meta.,Ya va a llegar el visitante.
288,Kameetsa oni aisati inkanijenkatii.,Es bonito y lluvioso.,“Qué bien hacen las plantas”.
289,"Obaka osheki obanarontsi, tee otenateji.","Comió mucha comida, pero no aumentó de peso.",Había muchos que no pesan.
290,Ikimoshiretake iñaakeri Joe iraanaka.,Estaba tan feliz de ver a Joe que comenzó a llorar.,Estaba contento cuando veía a Joe llorando.
291,Ora Base Shintsiri Jenokisato Leughlin inampitaro 10 000 soraropee.,La Base de la Fuerza Aérea de Laughlin es hogar de 10 000 soldados.,La espina difunta de la comunidad Leughlin tiene 10 000 años.
292,Ina otimatiye okoyero ampeji aisati shinki.,Mi mamá tuvo que recoger algodón y maíz.,A mi mamá le gusta comerla frita yuca.
293,Tee noñeeji itsipa atiri sabikatsineri jeri ñaanatatsineri ashi pomerentsitatsiri.,No veo más que a personas que se sientan y hablan de sus problemas.,"Yo no he visto a la persona activa, solamente a los que vemos que son personas."
294,Isaikini oniyakitinta Augusta.,Vivían en el corazón de Augusta.,Había una persona llamada Augusta.
295,¿Ari pimatakero pikeme okarati nokantakeri?,¿Puedes oír lo que estoy diciendo?,¿Has sentido lo que es lo que yo te dije?
296,Aitsarepee tee okonijatimoteeji okempetantearori irashi austronautas.,Nuestros trajes no se parecían en nada a los que tenían los astronautas.,Las personas no tienen sentido porque sean personas extrañas.
297,"Iromataintsi ora Shintsiri Jenokisato amanantake SR71, meeka A-12, antabeetakenero ora CIA.","Mientras tanto La Fuerza Aérea compró el SR71, ahora el A-12, que estábamos trabajando con la CIA.",La llamada llamada “especie de luz” se llama “especie de luz” y tiene el mismo nombre que la llamada “especie de luz” emitida por la CIA.
298,Oijatironi tee oyote jaoka ikanteari ivetsikanteari aparo regulador ashi oxigeno.,Seguían sin saber cómo fabricar un regulador de oxígeno.,"Para que no se convierta en un hueco, para que no se convierta en un hueco, hay un regulador del agua."
299,Yora kaabirapee ishiajeitanaka itantoki maaroni kitateripeeki.,Las cabras escapaban del granero todos los días.,"Cuando se escaparon de la lluvia, hubieron muerto todos los días."
300,aamashiteata ipoñeempa otsipaki nampitsi tee niyote jaoakrika opoñaari iro,y de repente viene de algún lugar que no sé de donde viene pero,"Estoy jalando, venía, venía antes mío, no tengo nadie que me vaya a traer, donde vaya mi venado."
301,"hm, pikoirika aluminio forjado, apatiro aluminio atsinakachari","hm, ni siquiera aluminio forjado, solo aluminio prensado","hm, se llama alumbraje forjado, las personas que viven con alumbraje están adentro."
302,Ikoabentaka ishetajerome iriraja aparo setamentotsi.,Quería limpiar la sangre con un trapeador.,Hay que decir que hay una tremenda inclinación.
303,Ojime ashi irento irointi imeshina konijari.,El esposo de su hermana también era de piel clara.,El dios de nuestroento es un pollito.
304,Yora ahorros abayetiri irisatitatsi.,Los ahorros aportados serían los mismos.,Porque es lo que te saca el agua.
305,"Opoñaaka aparoniki base tampeajenkariki abisatsiri Cubaki, yobariyayetakero Rudolph Anderson.","Fue desde una base aérea que pasaba sobre Cuba, y por supuesto derribaron a Rudolph Anderson.","“Ahora una persona de la misma nacionalidad que él, que vive en el territorio de Cuba, que fue hecha por Rudolf Anderson.”"
306,Nokenkeshirea naabajiro marakarita paatioki akakeroka.,Recuerdo haber recogido margaritas en el patio trasero.,Quería saber qué cosméticos hay en las casas acá.
307,Iriri ini pashitoorini.,Su padre era pastor.,Su mamá es de otra nacionalidad.
308,Ora kobenkari irointi maaroni timimotiriki iriori.,El caos es todo lo que obtienes de él.,Es muy doloso en todo su cuerpo.
309,Iknatake yoye ikarate 2 p.m atsonkantearori maaroni antabeerentsi.,Me dijo que tenía hasta las 2 p.m. para acabar todo el proyecto.,"A las personas les gustan las tardes de 2 horas, por eso termina todo el trabajo."
310,Onijantasanotanakero ireento tee oyoteni antero kameetsari.,Dejó claro que su hermana no sabía hacer nada bien.,"La planta de mi cuñada está muy seca, no es dura, la antena es buena."
311,"Parikotakotirori keariori, ora leyes irojeitake peesatoripee kaari kameetsatatsi.","Lejos de la verdad, las leyes son antiguas y obsoletas.","Como le dio a la bruja, estas leyes son de la gente, los pastores no son verdaderos."
312,"Kapichajitatsiri tee onimoteriji ipempa kisaari oka kitaiteriki, ijataji, piyotake, nokatiro, ajatanaketa, piyotake, intantanakeari tsaatakori 1930,tee yantajeiteroji.","Simplemente no les gustó lo que era ser negro en esos días, y eso fue, ya sabes, supongo que, eso fue probablemente, ya sabes, a principios de la década de 1930, cuando lo hicieron.","Si hubieran regresado, no le hubiera gustado a su dios este día, se habían ido, se habían convertido en muslitos, se habían convertido en muslitos, se habían convertido en muslitos, se habían convertido en muslitos, se habían convertido en muslitos, se habían convertido en muslitos, se habían convertido en muslitos, se habían convertido en muslitos, no se habían convertido en muslitos."
313,Poyero ora kamantsntsi ashi Coca Cola anta.,Pon un anuncio de Coca Cola allí.,Veremos esta canción de la Coca Cola.
314,Eiro pomishitoitsi kamantantsi.,No publiques ningun anuncio.,No hay más remedio.
315,Naanajiro motirentsi anta itantoreki.,Llevé la bolsa a su departamento.,"La evito, la evito en todo mi cuerpo."
316,Impoiji itimajeitaji Mallard Creek.,Después vivieron en Mallard Creek.,Traerán el espíritu de Mallard Creek.
317,Nokanti nokisanentiro aisati nojokasanotironi,Dije que lo odiaba y que lo rechazaba enormemente,Lo que sé es que me duele a mí mismo.
318,Pantantearo apiteketi akotsi pikoirika piñaante pikontororateri manamentotsi.,Use ambas manos si quiere practicar el control de armas.,"“Mira hacia donde viene el espíritu malo, para que pase al frente del techo”."
319,Augusta itimi 10000 atiri.,Augusta tiene 10000 personas.,La cabeza de los 10.000 personas.
320,Iroori aabakeri maaroni omonkarajeitakari.,Ella trató a todos de la misma manera.,Por eso hay muchos que no ven.
321,Tee noñaanateji osheki kiribiropee.,No he leído muchos libros.,"No me encontré, muchos de ustedes."
322,Nojatini natayeti antaberentsiyetatsiri koasanotachari apite kitaiteri.,Estuve en operaciones especiales cada dos días.,"Voy a decir que nació el dueño de la perdiz, dos días."
323,"Tee otimimotenaji kenkeshireantsi paita anteri ikarati timajeitatsiri. Pipeakotakayenaro, pipena kenkeshireantsi nobetsikantajearori oka entuerto.","No tengo la menor idea de qué hacer solo con los totales. Por favor, dame más detalles para deshacer este entuerto.","Ya no viven en la casa alabanza que es lo que hace todo lo que hace su cuerpo. Vamos a escucharlo, yo también alabanza que es para que todos nosotros tengamos."
324,ora pintura okantani oni kisaari.,la pintura siempre es negra.,Estos colores no son comunes.
325,Abishisanake kimoshirentsi irosati obashirentsiki.,Pasó de feliz a triste.,Los mosquitos se olvidan de comer cuando comen el tabaco.
326,¿Yora pirijani irin ti kameetsari jananeki?,¿Tu cachorro es un buen chico?,"¿Allá vas a vivir, a tu marido? ¿Estás sano en la casa?"
327,Otimatiye nantero tempa apiteketi otimi tsa jero tsaaparo irosarentsite.,Debo hacerlo ya que ambos tienen diez y once años.,"Tenía que hacer mi trabajo para que nazca mi hijo, pero no se mató."
328,Okanti ora iniro katiyaporokitaka tee omateaji aniite.,Dijo que su madre está paralizada y no puede caminar.,"Como la madre de este hombre está por caerse de la lluvia, no tiene chacra."
329,"Nokisanentiro oka, irotake kamantirori irento maaroniki kitaiteri, okantini oka, pantakero tee okameetsateji.","Odiaba eso, y solía contarle a su hermana todos los días, decía eso, que lo estás haciendo mal.","Esto es lo que yo pienso que es, que es el remedio, el cura, todo el día esto se dice esto, esto, pancarta, esto no es bueno."
330,"Irootake ikanteetiri aparo kempoyamentotsi irashi antyashiparipee, iro ibajiro niyakitakore irashi atiri antyaritapaatsiripee.","Se refieren a ella como una guardería para ancianos, pero se llama el centro para personas mayores.","Ya viene el signo de apariencia de la vagina humana, este [remedio] es el mejor para prevenir la aparición de otras enfermedades, como la diarrea."
331,Ibetsiketiro ashiroki pinatachari kapichaji?.,Estaban hechos de un metal más barato.,¿Adivina quién soy?
332,Niyoti omonkarata 4 pies(10cm) otsantsati.,Sé que mide 4 pies (10 cm) de largo.,El cuello es de 4 pies (10 cm) largo.
333,Aparo shirampari yoipakayetajiri yantabetakari pomerentsitantsi tecnico irosati yobantakaro ijinani.,Un hombre fue liberado de la carga por un problema técnico y fue y mató a su ex pareja.,"Éste es un hombre que fue a su acogida, por eso lleva nombre técnico, pero él fue acompañado por mujeres."
334,Tee niyoteji ikanteetini otimatiye antantearo ora maakina.,No sé cómo se suponía que debía usar el artilugio.,"No sabía que hay una causa para luchar, esta mujer."
335,Tee imapokasanoyetenaji okarati abisaintsi ora indulgentes.,No estoy completamente sorprendido de que fuesen indulgentes.,No estaban en la cama porque el cura era bueno.
336,Opoña okoasanota.,Entonces fue muy interesante.,Después ella [la mujer] se convirtió [en una persona].
337,"Niritsori, irinti antayriite chaval.","Mi tío, él es un gran chaval.","El chamán, el chamán de aves antiguas."
338,Tee niyotasanotero osheki okantakota oka.,No se mucho sobre eso.,No he escuchado mucho sobre cómo esto se llama.
339,Eiro ishinetajiritsi itsipa ijataje.,No iba a dejar a alguien más ir.,"Ya no, le dejan a su padre a su nieto."
340,Nokenkeshireajiro okarati abisaintsiri anta paatioki akakeroka.,Recordé algo que sucedió en el patio trasero.,He hablado sobre las personas que viven en los cuerpos de las personas.
341,"Tee niyote jaoak opoañari irokea, intsupaite.","No sé de donde viene, pero es rápido.","No tenía mamá que me llevase [a la chacra], solamente ella [la madre]."
342,Nokajemakero Ramona iyotanteari jaoka osabikakeri.,Llame a Ramona para saber dónde estaba.,He mandado a Ramona saber cuando ya está vivo.
343,Okantana initsikiojiteemi.,Me dijo que fuera más despacio.,Se dice en su idioma materno.
344,Ora kempoyamentotsi ashitareaka maaroni kitaiterikiirashi jananeki orijanikiri irosarentsite koni apatirosanotatsiri.,La guardería está abierta todos los días para niños menores de cinco años solamente.,"Este cuerpo de aves que existen en todos los días de la tierra, donde los aves crecen, les gusta a todos."
345,"jee, irosanotake oka nantakeri meeka, anankena uh Darkman, iñaakero uh te iñeroji, ariyata oka tsiteniriki iñerori","sí, eso es justamente lo que he hecho hoy, me he llevado uh Darkman, la has visto uh no la he visto, me imagino que la veré esta noche","Sí, ahora combino con otras cosas, me casé con el Sr. Hermano, cuando vieron que ya no existía, cuando estaban en la ciudad."
346,Jibatatsiri okenkeshireari nirento aitaeke abishimotakenari aka patioki akakerokanta.,"Ah, otra cosa que pasó allí que pensé podría ser interesante fue uno de los primeros recuerdos de mi hermana, y eso pasó en ese mismo patio trasero.",A mi hermana le dio la palabra por visitarme aquí en el patio de una casa.
347,Pimonkaratenero notsiro.,Culpé a mi hermana.,“Mírala a mi nieto.”
348,Nojokanakero motirentsi aisati nokenkeshireanaka kaari oni nashi pomerentsiri.,Dejé la bolsa y pensé que no era mi problema.,Sé que se llama motirentsi y se llama esputador.
349,¡Aisati keariotatsiri irointi intsipate!,¡Y en realidad era ligera!,¡Qué barbaridad tiene el dios de tu pierna!
350,Itimajeitini pitetsa ishaninkapee timajeitatsiri Evans.,Tenían veinte familiares que vivían en Evans.,Sus paisanos antiguas eran similares a los de Evans.
351,Rick ikantimpi shitobanajana.,Rick te dijo que estaba retirado.,A Rick le gustó salir de la casa.
352,Iriori yai amitakotantsi yobanteari aisati iitsare.,Él recibe ayuda con sus comidas y ropa.,"Nosotros somos defensores del derecho a la alimentación, a la alimentación y a la seguridad alimentaria."
353,"Irintini iyotinakripee, ikantashijeitanaka ikemetanakari kaariperori ikempejitapaakari itsipappe kaari ini iyotasanoti.","Eran muy inteligentes, pero se hicieron los tontos cuando estaban cerca de otros que no los conocían muy bien.","Para que sean verdaderos, se dice que son personas extrañas, que han venido a su casa, sus nietos, no hay nada en su cuerpo."
354,Ora Departamento de Transporte ari oñakero ashiyetansti onashiyetachari alquilar onampiki.,El Departamento de Transporte pudo encontrar una propiedad diferente que alquilar en su lugar.,El Ministerio de los Recursos Hídricos hace hincapié en la necesidad de que los usuarios y operadores de infraestructura hidráulica acudan a nuestra casa.
355,Okenmisantiro nokempetarini ikoasanoyeetiri.,Creo que sabe que estuvo increíble.,Le escuchó que el dueño de la casa estaba llorando.
356,Tekatsi katsini atsonkajeiteriji aajeitanajeri.,Nunca terminamos desplegando a nadie.,No hay más que terminar para llegar [en el futuro].
357,Timatsi osheki kenketsatakorentsi okenketsatakojeitiri.,Hay muchas historias que se cuentan.,Había muchos que pensaron que serían ellos.
358,Te niyotasanote jaoka okantimotimpi oka.,No estoy seguro de cómo te parece esto.,No tenía chacra porque es.
359,Yobaajeitanaja Mallard Creek Charlotte.,Y se mudaron a Mallard Creek en Charlotte.,El río Mallard condujeron a Charlotte.
360,"Tekerata noñeeri Darkman, ari nokobanake nojate noñeri oka tsiteniriki.","Todavía no he visto a Darkman, así que decidí ir a verla esta noche.","Para que no lo vea Darkman, para que no me vaya cuando estoy en la ciudad."
361,Timatsi osheki kenketsatakorentsi oikantakota soraroyetatsiripee.,Hay muchas historias sobre los militares.,Parece que muchos pensaban que eran muslitos.
362,"Ora tornillo tee okobenkateji, ari pitsinakero pikoayetiri.","El tornillo no corre peligro, así que apriétalo tanto como quieras.","Esto no es lo que se cuelga, si vas a quedarte sentado."
363,Ora U2 ajeitake osheki shiakabentantsi.,El U2 tomó mucha película.,El U2 es una persona extraña.
364,Tee nokematsateroji okarati abisaintsiri.,No entendía lo que había sucedido.,No tenía sexo cuando era una persona.
365,Ora ashiyetantsi aisati equipo yamanantajeitakeri DOT.,La propiedad y el equipo fueron comprados por el DOT.,El uso y el uso del equipo son de dictadura del DOT.
366,"Jee, atiri okarati tikakotiri ashi ikantayetiri eirokea katsini ashereantari.","Sí, las personas cuyas facultades de decisión nunca se ven afectadas.","Sí, éstos son verdaderos guerreros, es por eso que hablamos, los muertos y los heridos."
367,"Jee, iroori rointikea okameemtsatasanoti.","Sí, ella era muy buena.","Sí, eso es lo que se llama „luego‟."
368,Iriri ini pashitoori luterano.,Su papá era un pastor luterano.,Su mamá es otra que trajo carne humana.
369,Ora antsitantsi antantearori itimatiye amenaperotero.,Las costuras se hacen de un modo muy habilidoso.,La palabra „anteero‟ es causa de preocupación.
370,¿Pikoiro ora kiribiro irashi Harry Potter o tee?,¿Te gustan los libros de Harry Potter o no?,“¿Hasta aquí está el espíritu de Harry Potter o no?”
371,Pikenkeshirea iro kameetsatatsiri ashi koshitantsi television ashinetajeri ajokeri ijatajeta.,Crees que la mejor opción para el robo de televisión es simplemente dejarlos ir.,Pensaban que es bonito porque la tarima era de la televisión; los aviones estaban volando.
372,"Ari nomatakero nantero, jampakea aretakari irosarentsite.","Voy a tener que hacerlo, ya que están llegando a la edad.",Allí dormía mi cuñada; de pronto llegó mi bebé.
373,Ikanti eiro pikenkeshireashita.,Dijo que no debería preocuparme.,“La carachupa” es un “iro” en todos los sentidos.
374,¡Arojeitake maaroni kearioperori naturalistas opokimote kenkeshireantsiyetatsiri insullados ashi kenkeshirekotantsi!,¡Somos totalmente verdaderos naturalistas y nos sentimos insultados de pensar lo contrario!,"Toda la gente naturalista y saneosa está con “la voz de los muertos”, “la voz de los muertos” y “la voz de los damnificados”."
375,Nokimoshiretake osheki iyojeitanake notomipee.,Estoy muy orgulloso de lo mucho que mis hijos saben.,Mucho me gusta vivir en el vientre de mis hijos.
376,Noñaanatiro kiribiropee maaroni kitaiteriki.,Leo libros todos los días.,Yo lo he visto en todo el día.
377,"jee, ¿paita itsipasati irijani timimotimpiri?","sí, ¿qué tipo de cachorro tienes?","Sí, ¿qué cosa tienen los guerreros legítimos?"
378,Nobakaro ora obanarontsi.,Me zampé la comida.,Discúlpeme sobre esto.
379,Nosaikaiti antabeerentsiyetatsiriki koasanotachari.,Yo estaba en actividades especiales.,"Sin embargo, la gente sigue luchando."
380,Ramona osaikake kipatsiki okirotaka okemetari irijanitatsiri.,Ramona estaba en el suelo acurrucada en posición fetal.,"Ramona no está en la tierra, por eso se llama „la abuela‟."
381,Noki nokante irootake oniyakire areeteari monkaratachari.,Quiero decir que ese fue el punto completo.,Voy a decir que ya viene el cura para los meses venideros.
382,Okanti okoi ayero ora antabeerentsi otsonkanakearika tekerata yaretea 5 p.m.,Dice que le gustaría recibir el proyecto final antes de las 5.00 de la tarde.,"Como se dice en el Convenio, cuando termina el ciclo del agua, las personas no tripulan más tarde de las 17.00 horas."
383,"Otimini aitsarepee monkarataka ashi oshintsitiri arakomentotsi, kemetaka yaniitantari ora astronautas, irompa ashi obetsikaka, obetsikaka, bootashi aisati maaroni ashi masabirentsi, keariotake.","Teníamos trajes completos de presión en el avión, como los que usaban los astronautas, excepto que el nuestro era totalmente plateado, plateado, con bota y todo, para reflejar el calor, por supuesto.","Después de mucho tiempo nos dice que es por eso que convertía en aviones; está bien que somos personas, las astronautas, después de mucho tiempo nos dice que es por eso que muere el masato, los botos y todo lo que implica masato."
384,Irinti ini 27 oosarentsi nantyarite narori.,Él es 27 años mayor que yo.,Donde viene el 27 de oosarentsi nantyarite narori.
385,Keariosanori tee nokenkeshireajero norijanikitantapaakari.,Realmente no recuerdo nada de mi infancia.,"Como no sabía hacer una choza, cuando estaba en la choza."
386,¡Piyotasanotiro paita antanteari!,¡Sabía exactamente para qué usarlo!,"¡Botaña con el anciano, es un anciano!"
387,Okarati 27 osarentsi antyaroti iroriki.,Era 27 años mayor que ella.,Antiguamente eran de 27 años.
388,"Opachankayetari pintura okambiatero okarate sheki grado, ari omatakea opeanajea kityonkari jero asooritanaje,ashiakantero.","Y las manchas de pintura cambiarían cada cien grados, podrían pasar de ser rojas a ser azules, por ejemplo.","– Exigimos a la comunidad internacional que ponga fin a la producción, el almacenamiento y el vertimiento de los excedentes de bifeniales y sustancias sicotrópicas, y que ponga fin a la producción, el almacenamiento y el vertimiento de todas las sustancias que agotan el ozono, inclusive los hidrocarburos."
389,abajeite kamantantsi anta cola ara itsonpoinaki,lanza un anuncio de cola ahí dentro,"No, el cuento es de ahí, hasta aquí termina."
390,"Tekatsi tornillos, apatiro botones.","No hay tornillos, solo botones.","No hay cosmas, las llevan las botones."
391,"Nokenkeshireabetaka, aisati okanteani, okantaiteani, naro aparonitatsiri 992 Ex-O nosabikake kantakotanari AFFC ashi Fuerza Aérea.","Y pensé que era un privilegio, y todavía es, todavía es, yo era el único 922 Ex-O que estaba en mi campo de carrera AFFC de la Fuerza Aérea.","Estaba pensando en cualquier cosa, todo lo que puedo decir es lineal 992 Ex-O, como se llama en el Convenio de la Organización de las Naciones Unidas para la Agricultura y la Alimentación (FAO) y la Organización de las Naciones Unidas para la Agricultura."
392,Nokoakero otsi grado tempa otimi apite nomaoreantari.,Me gustó el cuarto grado porque teniamos dos recesos.,A mi tío le dio el grado temprano porque tiene dos hijos.
393,Nokantajetiri eiro katsini itsonkiro.,Le dije que nunca terminaría.,A mi suegro le gusta el barro negro.
394,Pitaiterite pimaoreantari oshekianake antabeerentsi nampitsiki.,Tu tiempo de vacaciones aumenta en los empleos de la ciudad.,"No sé que cosa es, mucho trabajo hace en el lugar."
395,Iroori kantantinkaroni otsipataroni ireento.,Ella fue muy crítica con su hermana.,Es igual a la flecha porque es similar a la pierna.
396,"Kameetsa, yareetaka otimi apite o maba kenamentotsi areatea oka tsonkitai tee niyoteji jaoka arajeiterini.","Bueno, llegó hasta el punto en que hay dos o tres aeronaves que llegan en una semana y no sabía a dónde volaban.","Bonito, llegan los muertos, dos o tres, en el medio del río o en cualquier otra parte del río."
397,"Añamempeakaro, kaari oni oka pijibatiri joka otsiti.","Aparentemente, esta no es tu primera vez con un perro.",La vio y dijo: “¿Por qué no los convertías a cada uno?”
398,"Nonijantaka gimnasioki ,meeka ari iriori ipokake ishaabiniji ibetsatakena.",Me presenté en el gimnasio hoy y él vino más tarde y me saludó.,"Tenía mi sueño de estar en el gimnasio, ahí estaba, él; vienen las señoritas, los adventistas."
399,"Jee, ikantashita ironinti pamanante fregona okemetearo oka pikenantakari.","Sí, él sugirió solo comprar una fregona como la que usarías.","Sí, el comentario sobre la llamada llamada a la lluvia es muy bueno, ya quemó la vida."
400,Piyotirika iroorika kameetsaroni.,"Sí, tu sabes que ella era genial.","Si vas a vivir, acá vas a vivir."
401,irento tee aabakaya,su hermana no estaba casada,Mi hermana ya no trabaja.
402,Ora oshintsitane oinijantamentotsi obamanti maaroni kitaitri.,La presión del mostrador te mata todo el tiempo.,Todavía hay muchos consejos de oficio en todo el territorio.
403,Okampiamotajana nokantayeta keariperori.,Fue un cambio de humor increíble.,Me desobedecían los que soy.
404,"Tee noatajero nokenkeshireajero abisaintsiri, iro amashitea notsaroashiretake nokenkeshirea okate obametantsipankoki intarori irootake oka kitaieri osheki amkoshireantsi ashi nañaamentoki.","No puedo recordar lo que fue, pero de repente me puse muy nervioso pensando que iba a ir a la escuela por primera vez y probablemente este fue el día más estresante de mi vida.","No sé lo que hago mis mis misuncias, son bien grandes, mis mis misuncias son de oficio de la Presidencia del Consejo de Seguridad. Al principio era una costumbre de este foro; hoy en día hay muchas costumbres de mi idioma."
405,Tee niyoteji okantakota añaantero arakomentotsi.,No sé nada sobre probar aviones.,No sabíamos cómo vemos con aviones.
406,Abajeitaja otsipaniki nampitsi 1992.,Nos mudamos a otro estado en 1992.,Vivía en mi casa desde 1992.
407,piyoti paita ikoirini osheki itonkayero tonkaarite arakomentotsiki aretanteari anta aisati pobabisayenaro kameetsa.,sabes que preferiría mucho más subirme a un avión y llegar allí y pasármelo bien.,"Tus conocimientos son similares a los de los guerreros, son muy costosos y requieren debidamente un buen conocimiento técnico para llegar a cualquier parte del mundo."
408,¿Ojime ora irento otimini imeshina konijari?,¿Así que el marido de su hermana también tenía la piel clara?,"“¿Hasta aquí está el dueño de la casa, un niño?”"
409,Aitake okanta opoimati okemetaro antyaro kibantantsi.,Eso suena como una gran aventura.,"Como se llama, causa hambre."
410,"Okemetaka yojokajeite jaanikani, timatsitatsiri, piyotake, okarati antayeti, piyoti itsipapee osaripee.","Y era como si rechazase quién era, de algún modo, por, ya sabes, la forma en que trataba, sabes, a los otros nietos.","Parece que el jaguario va a ser el verdadero cazador, tú tienes que saber, esto es algo, saber hacer de la cabeza a la cabeza."
411,"Eiro pikekeshireatsi, arika otimake amashirentsi namitakotempi kantakantantsi.","No te preocupes, si hay un error, ayudaré a echarle la culpa.","Ya va a estar lista para ser madre cuando tenga más hijos, para ser madre y para ser padre."
412,Tee niyoteni ari ojatake omantsiasanote.,No sabía que se pondría muy enferma.,"No tenía hija, allí se fueron los niños."
413,Tee nojibaterini anta U2 omateaji.,No 'lidié con el U2 en absoluto.,No es lo que me olvidé en el río U2.
414,Oñaanatati ara movilki.,Está hablando por el móvil.,Por eso se llama „movilki‟.
415,Noñaakeri okoasanota.,Lo encontré interesate.,Vi a una roca.
416,"aitakerika, mmm..., kameetsa eiro amirotsi kabenkari","por lo que, mmm..., bien, no trae nada más que caos","Si hubiera, mmm..., bueno el dinero, el amigo bueno el hombre"
417,Nokimoshiretake aisati ojaakena kimoshiretantsi noposapaakero ootikaakotari ashitakorontsi.,Estaba tan emocionado y repleto de alegría que prácticamente golpeó la puerta del marco.,"Me gusta mucho el agua que me hierve, por eso me doy cada vez más náuseas."
418,Opoña oñaakero notimanake kameetsatake. ¿Paita nanteri irooriki?,"Luego lo pillo y me quedo como, genial. ¿Qué hago con ello?","Después vio a mi cuñado que estaba bien, ¿qué cosa?"
419,Akoyajeitakero apatiro timajeitatsiri aisati añaantakaro abetsikajero.,De manera que solo tenía que coger los totales y probar y resolverlo así.,"Nos dice que somos de familia, nos dice que somos de comunidad, nos dice que somos tuberculos."
420,Nokoasanotiro ora impaneki tempa kiteita ikempoyayetiro.,Realmente me encanta la playa porque está limpia y bien cuidada.,Voy a decir que esta canción es porque la gente la escuchaba cuando hablaba.
421,Irosatitatsi ora cuenta de ahorro ashi aparopeeniki.,Es lo mismo que una cuenta de ahorro individual.,Nosotros conservamos nuestra tierra entero.
422,"Jee, kemetaka tee okonijate, ¿keario?","Sí, simplemente no parece posible, ¿verdad?","Sí, parece que no hay más hambre, ¿no?"
423,Ikantajeiti yante sampitakobentantsi ashi antayetakeri karatatsiri tson kitaiteri.,Supuestamente harán una verificación de antecedentes durante los próximos siete días.,– Exigir que el hombre cumpla los derechos consagrados en la Ley y que el hombre ejerza estos derechos de manera gratuita un día al día.
424,Timatsi osheki obararontsipee.,Hay muchas tiendas.,Muchos comen carne humana.
425,"Tekatsi katsini nayeji ñantakamentotsi, arikea nojatati noñaayetanaro okarati nabaansatakari.","Nunca recibí entrenamiento, así que lo fui descubriendo a medida que avanzaba.","No hay nada que traer, el camino, este, este, este, este, este, este, este, este."
426,Maaroni añamentotsi okameetsati amitakotajero jero apitetatsiri okoakayeri.,Todas las vidas valen la rehabilitación y las segundas oportunidades.,"Todas las cosas que vemos son bonitas, ya van a desolarse, si no nos acompañan sus padres."
427,"Um, tekatsini kanteronerini--","Um, por lo que nunca se dijo--",No hay nada que hacer--
428,"Oka oni Fannie Flono. Okimotake Ag-- Augusta, GA, aisati oñaanatakotea aparopeeni kenketsatakorentsi ashi orijanikitantapaari.","Esta es Fannie Flono. Creció en Ag-- Augusta, GA, y va a hablar sobre algunas historias de su infancia.","Esto es lo Flono gordo, se convirtió en Ag-- Augusta, GA, y con ella hemos visto cómo se construyen los nuevos paradigmas de la cosmovisión."
429,Iñaantakotiro maba kiajamentotsi pashinitatsiri.,Él habla de tres submarinos diferentes.,El oso ve que el camino es diferente.
430,Opomerentsitimotakena nomaanteari tsiteniriki.,Tuve problemas para dormir por la noche.,Aprendí a aprender por vivir en la tierra.
431,Otimake 1 inkaniiteri1900.,Nació el 1 de enero de 1900.,Hay uno en todo1900.
432,Irinti ini osheki yebankariti naroriki.,Él es mucho más joven que yo.,Como muchos aventan en el río.
433,"oh, jananeki, jerika aparoni kaari añaapiniti pomerentsiri ashi cableado","oh, chico, aquí tienes un extraño problema de cableado","oh, señorita, si alguna es o no hemos llegado a la conclusión de que la rama de la rama de los cableado es"
434,Yora kaabirapee ishiajeitanaka kapichajitatsiri.,Las cabras escaparon a menudo.,"Cuando vienen por la ciudad, por las ciudades, por las ciudades."
435,Eiro noñaanatakotajirotsi okantakota ora kenketsatakorentsi ashi nampitsi tempa timatsi osheki ankanter.,No hablaré sobre la historia de la ciudad porque hay mucho que decir.,"No, yo hago hincapié en los derechos que tiene ahora la gente temprano hay muchos que debemos hacer."
436,Iroori opirijatantajaro intsipaite ojaki impoiji yojokantakari Joe nikoji porcheki.,Ella se secó rápidamente las lágrimas después de arrojar a Joe fuera del porche.,"Cuando vienen, se llaman „la hoja de algodón‟. Cuando vienen, se llama „la hoja de algodón‟."
437,Tee niyoteni irobetainchame obamayerome atojerentsi.,No sabía que casi murió de tuberculosis.,"No hay nada que hacer para que nuestra chacra sea dura, para que nuestra chacra sea dura."
438,"Nokenkeshireaka opoke aparo antabetanteari, piyotake, notsipatantempiri amishitoyero, piyotake, pamatabitename kemetakempi pimatakero pikanpiayatiro.","Y aquí estoy pensando que va a venir en plan, ya sabes, para sacarlo conmigo, ya sabes, regañarme como si hubiera podido cambiarlo.","Esta chacra que hago es un remedio, pica, yo lo hago, pica, pica, si me vas a hacer bonita, pica, si me vas a bañar."
439,Eiro katsini narakotaji.,Nunca volaría.,No sé qué hacer cuando estoy en el avión.
440,Oñaanatati initsikiojitsa okarati oñaanatiri.,Está hablando tan despacio como puede.,Por eso se lloraba cuando estaba llorando.
441,"irotake oka timatsiri yantakantayeteri, ari noyakero jee","eso es lo que tiene planeado hacer, así que espero que sí","Ésta es para serla, para serla, para serla, para serla."
442,Ikantayeti eirome itimeme.,Se suponía que no debería haber nacido.,Como desobedeció la abuela.
443,"Kameetsa, areetakaro oka okitaiteamani, eh, nopeakotanaka kemeri… Kemetaka nantake sampitantsi, o ikianake iriori o noyotake.","Bueno, pues llego allí esta mañana y, eh, olvido cómo... Creo que hice una pregunta, o él entró, o yo qué sé.","“Está bonito, cuando llega el verano, eh, ¿qué es lo que se llama bujurqui?” [Se llama bujurqui porque tiene apariencias humanas y animales]. Parece que yo hago algo que no sé, no sé si va a hacerlo o no."
444,Timatsi nobaararo konijaperori.,Tengo una tienda en concreto.,Como si fuera mi hermana que raptó a esa mujer.
445,Nantabeetake soraaropankoki ashi U2 maaroni kitaiteriki okarate otsitsa osarentsi.,Trabajé con los destacamentos para el U2 todos los días durante cuarenta años.,"Compré en la casa de U2 todo el día, todas las mañanas."
446,Antyaroite arakomentotsi yobariyayeetake Cubaki obiroiteri.,El enorme avión fue derribado sobre Cuba en mayo.,El avión que voló por Cuba en la noche hizo las inspecciones.
447,Ora boteeya osheki opinasanota otsipaki frontera.,Las botellas son más caras al otro lado de la frontera.,El bufeo es muy peleador y tiene muchas heridas.
448,Iroori tee okematsateroji itikaakero jananeki okanteani omabetakea tee katsini oyoteriji.,Ella no entendía que estaba atrapada con el chico para siempre aunque nunca lo había conocido.,"No es lo que hay en este cuerpo, lo que me dieron, en este cuerpo, en este cuerpo, en este cuerpo, en este cuerpo, en este cuerpo, en este cuerpo."
449,"Nokoabetaka eiro iyoyetaname nantakeri, iro niyojeitake narojeitake antakerori pomerentsitantsi.","Intentaba no hacernos sentir culpables, pero sabíamos que le habíamos causado problemas.","Tenía muchos paisanos yo también lo hacía yuca, pero no sabía hacer yuca."
450,Ojimetsori ini Sueco.,Su cuñado era sueco.,Mi hermana es suegro.
451,Tee niyoteji paitarika ikantetantari nantanteari.,No sé para qué se supone que debo usarlo.,No sabían lo que se llama canoa.
452,Ora kameetsatatsiri asaike nampitsiki irointi eiro akenkeshireatsi ora konijatatsiri kemetarorim oka.,Lo bueno de estar en el país es que no hay que preocuparse por cosas como esas.,"Ahora bien, es bonito que haya venido en nuestro lugar, por eso hay muchos bejucos; ahora voy a decir algo sobre esto."
453,"Ora papeeri irotake intarori ojaa, opoña irata jero vidrio.","El papel es el primero en llenarse, luego latas y luego vidrio.","Esto que ves es algodón, es un algodón primario, es un algodón que comemos."
454,Noshiretaro ora iyenkeshireane irashi oficial okameetsatasanoti.,Creo que la idea de lo del oficial es estupenda.,"Yo sé que esas hojas son de oficio, tienen un cuello largo."
455,Tee katsini yobaajeitea Charlotte.,Nunca se mudaron a Charlotte.,No hay nada que hacer para que Charlotte.
456,"Piyoti, eiro pimatirotsi, eiro pimatirotsi paneaje teerika otimimotempi paitarika.","Sabes, no puedes, no puedes sobrevivir si no tienes ninguna contrapresión, aumento de presión de respiración en esas alturas.",Cierta vez dijo mi papá que no va a dormir mientras tiene su bebé.
457,Nokenkeshireakota ari nomatakero nantayete paitarika nobabisakotanteariri.,Creo que pude haber hecho algo para salvarle.,"Todo lo que he escrito, allí voy a colocar mi tarima, si tengo algo que chupar."
458,¿Jaoka pikantari Maria?,¿Cómo estás María?,¿Cómo se llama María?
459,Tee nokossanotero jaoka pikanterori pantero.,No me importa cómo lo hagas.,"Ya no sé cómo se llama „coca‟, „coca‟ y „coca‟."
460,Ari nomatakero notsonkero noiminkiyero ishaabiniji.,Podía haber terminado de ingresarlo más tarde.,Allí estaba cunchalo todo lo que he visto por las abuelas.
461,Tee otimimotenaji aparo nobaararo nashiteari.,No tengo una tienda en particular.,Ya no hay en mi casa nadie que me cuide.
462,¡Kameetsatakempi!,¡Estarás bien!,¡Muy bien!
463,¿Pikoajeitiro o pikisaneetiro otsipapee kiribiro?,¿Te gustaron u odiaste ciertos libros?,"¿La llevan o la guardan [los parásitos], un perro del algodón?"
464,OniyankitInta maaroni opeayeta oitsoki pistola irojeitake oshitobantari ora aparoniki akotsi.,La mitad de todas las fallas de tiro de pistola son el resultado del uso con una sola mano.,"VueloHermano, todo lo que veremos que es hueco de la pistola, están envueltos [en el cuerpo], para que sane el sonido de la canción."
465,Tee imateroji yakabakaajeitea okantakota irako irashi antabetinkari iroitake saikatsiri pankotsiki.,No podían ponerse de acuerdo sobre quién era una mano de campo y quién pertenecía a la casa.,"No, ya no hay más, ya van a llegar, ya van a llegar, ya van a llegar, ya van a llegar, ya van a llegar, ya van a llegar."
466,Añantajeita okarati 5 tsonkitai akaratiri britanicos.,Entrenamos durante 5 semanas con los británicos.,No vemos más de cinco muertos todos los británicos.
467,"Eh, itimini saiteriki St. Louis, jeri Jefferson City jeri St. Louis, MO.","Eh, vivía a las afuera de St. Louis, entre Jefferson City y St. Louis, MO.","Estos que viven en la ciudad de San Luis, de la ciudad de Jefferson, de la ciudad de San Luis, MO."
468,Tee katsiniji nojate Texas,Nunca he ido a Texas,No me voy a ir a Texas
469,Abirorikame apice otimatiye pantayete paitarika pobetsikeri reguladorki.,"Si fuera un ápice, tienes que hacer algunos ajustes en el regulador.","Nosotros la hacemos, pero hay otra cosa que hacer, es que la persona que la trata está obligada a hacerlo."
470,Notimake tekeratani 1900.,Nació antes de 1900.,Yo he visto una piedra de 1900.
471,Apaniro atiri ikamake opomerentsitantanakari Cuba.,Solo una persona murió en la crisis cubana.,Solita estaba la jovencita que me dieron los consejos de Cuba.
472,"Otimini itashe, irosati nokantantanaka noyarota irobanaro.","Tenía hambre, así que decidí comerme mi almuerzo.","Sabemos que esto es guacamayo, por eso tengo la costumbre de comerlo con guacamayo."
473,Noshemaitaka nobanirempa arakomentotsi kameetsa aririka aretea.,Estoy impaciente por bajar del avión y pasármelo bien una vez lleguemos.,A mi nieto le gustó viajar en avión cuando llega.
474,Itimajeitini anta Atlantaki.,Vivían en Atlanta.,Más allá en Atlanta.
475,"Apatiro obanireaka pomerentsitantsi ashi cuba, eh, Kaiser, eh, yantantakaro shiyakantsipee aranake irosati Andrews Air Force en Washington.","Fue la única baja de la Crisis de Cuba y, eh, Kaiser, eh, se hizo con las imágenes y voló directo a Andrews Air Force en Washington.","Se alimenta de la coca, tráigamelo, tráigamelo, tráigamelo, tráigamelo, tráigamelo, tráigamelo, tráigamelo, tráigamelo, tráigamelo, tráigamelo, tráigamelo, tráigamelo."
476,"Jee, komeetsati oka, Locust Hill.","Sí, eso es correcto, Locust Hill.","Sí, este come el nombre de Locust Hill."
477,"Notimake irinka sotisheki sotitsa tiamtsitatsiri, ariyata 1888 o 1889.","Nació en mil ochocientos ochenta y algo, pudo haber sido en 1888 o 1889.","Había visto a mi mamá en el caucho de un árbol de cetico, era en 1888 o 1889."
478,Nokoi niyotasanote jaoka pikanterori oka.,Necesito saber exactamente cómo harás esto.,Voy a que la mujer que trajo carne blanca sea una mujer.
479,Okantani okemisantiro kenketsatakorentsipee ashi nosaro.,Siempre disfrutaba escuchando las historias de mi abuela.,"Sin embargo, como dijo mi padre: “Porque no hay nada que comer”."
480,Nantabeetake Las Vegas aisati Washingtonki.,He trabajado tanto en Las Vegas como en Washington.,Venía de Las Vegas a Washington.
481,Aparo shirampari yamitakotanti fisiologico irashi sorarotatsiri.,Un hombre brindó apoyo fisiológico a las tropas.,"Este hombre tiene problemas físicos, mentales y físicos."
482,¿Ari pimatakero pikemena meeka?,¿Puedes oírme ahora mismo?,¿Has sentido qué es lo que te pasó?
483,Ora keariori oni tee okonijate paita abisatsineri.,La verdad es que no parece que pueda pasar.,"Lo que no son, se convierte en algodón, lo que son más apestosos."
484,"Ora aparoni nantabeerepee nonijairi atiripee yobantearori pariamentotsipee manatirori tonkamentotsi nucleares, okantakotiro ashisanori kepiarijenkari atomica.","Y, uno de mis trabajos en ese momento fue entrenar a las personas para que pongan paracaídas en un disparador de armas nucleares, que detona la propia bomba atómica.","– Exigir a los Estados que eviten la utilización de la fuerza en la guerra, la trata de personas, la trata de personas, la trata de niños, la trata de personas, la trata de personas, la trata de personas, la trata de personas, la trata de personas, la trata de personas, la trata de personas, la trata de personas, la trata de personas, la trata de personas, la trata de personas, la trata de niños, la trata de personas, la trata de personas, la trata de personas, la trata de personas, la trata de personas, la trata de personas, la trata de personas, la trata de niños, la trata de personas, la trata de personas, la trata de personas, la trata de personas, la trata de personas, la trata de personas con fines de reproducción, la trata de personas forzosa y la trata de personas."
485,"oh, oh Tasorentsi, kameetsari, opimti okempetaro kibantantsi","oh, oh Dios, bueno, eso suena como una aventura","Ah, oh, escarbar, bonito, el sonido de la canoa."
486,Okemetaro maaroniki kitaiteri.,Es como todos los días.,Estaban escuchando todo el día.
487,¿Pikenkeshiretiro ora kamanentsi ari omatea opempa obashinokantsi?,¿Crees que la muerte puede ser un castigo un poco duro por robar?,¿Has escuchado sobre este sucesor?
488,Tee niobeiteaji kaari aparonitatsiri atiri aranki kitaiteriki.,No sabía que no era la única persona en el campo ese día.,"No, no hay nada que comer, no hay nada que comer, el alimento del hombre es todo."
489,"Iro…itimini nampitsijanikiki nikoji Augusta ipajita Evans, irosati itimi. Irosatitatsi itimi osheki noshaninkayetari timajeitatsiri.","Pero… vivían en un pueblecito de las afueras de Augusta llamado Evans, que todavía existe. Allí todavía tengo a muchos parientes viviendo.","Pero el diablo vive en el medio del río, no hay nadie. Se llama Evans (especie de ave), es una persona. Es una persona mucho como mis paisanos."
490,Timatsi ampuedenajeitiri aka teleki.,"Por lo general, no pueden permitirse demasiado.",Parece que me desobedecíen aquí en la chacra.
491,Nosampitakeri yora ayompariteari ikisa yoyabetaka irosati 2 p.m. tempa otimi ikajemakanteetana oka tsiteniriki.,Le pregunté si el cliente se enojaría si esperaba hasta las 2 p. m. porque tenía una cita esta noche.,"Yo lo hice comérselo, como un ave del río; cuando fue a las 2: 00 horas temprano, mi esposo volvieron y volvieron por la ciudad."
492,Tee katsini ashebayeteaji impoijini oka.,Nunca nos movimos después de eso.,No hay muchos paisanos que cometen fornicación.
493,Nokinatnakaro nosankenatiro nota ashi konijatatsiri.,Me dediqué a tomar nota de las cosas.,Voy a hablar sobre cómo escuché una canción de mi tío.
494,Jaoka okanteari okemeteari okarati nantemeri.,Y qué tal si se parece exactamente a lo que intento hacer.,"No, sí, me devuelvo todo lo que tenía, mi trabajo."
495,Nochaine iriperorini manintantatsiri aisati kaa kameetsari.,Mi abuelo era realmente racista y malvado.,"El otro que trajo, el que trajo nosotros, el bebé, está sano."
496,Apa ipakena kapichaji ireeche chocolate katsikamentotsiki.,Papá me dio un poco de leche con chocolate de la nevera.,Mi papá me dio un poco de dulce dulce cuando estaba en la choza.
497,Tee nokoasanotero ora inkani.,No me importa la lluvia.,"No sé que es esto, el piojo."
498,"Itiyankayetakena Del Rio, Texas nantabeetanteari.","Me enviaron a Del Rio, Texas para trabajar.","Como soy de la ciudad de Del Rio, Texas para hacer chacras."
499,"Onijantasanota, omabetakea ora irobakerari regulaciones meeka onijanta.","Precisamente, aunque con las nuevas regulaciones, ahora es más difícil.","Enhorabuena, es lo que escuchamos, por eso los consejos son muy directos."
500,Ora iñayetantatrori antayetiri eiro matirotsi intsipaite antero.,La comprobación de antecedentes no se puede hacer tan rápido.,"Ahora que se ven afectados por el cambio climático, el uso del agua es muy negativo."
501,Nokajemakero Ramona nobankoki.,Llamé a Ramona a mi casa.,Ya he mandado a Ramona en mi chacra.
502,"Okimotanake, tekatsi katsini iyotajeri amashitakerorika, iro okampiataja okantari.","Pero a medida que fue creciendo, nunca reconoció que estaba equivocada, pero sí cambió su comportamiento.","Como pasó, no hay nada para saber cuando los aventaba, cuando era una persona."
503,Ora yareeteari irointi maninakaro.,Su destino era un secreto.,Por eso viene el tigre.
504,Ishitoanaji nikoji Augustaki intsipaite.,Se mudó fuera de Augusta de inmediato.,"Ya va a salir ningún hombre, niña."
505,"Timatsi aparo shintotsi, aparo jananeki karatatsiri tsasoti kashiri.","Tengo una hija, una niña de dieciocho meses.","Parece que hay una balsa, hay un dueño que es un animal."
506,"Tekerata, irosatitatsi oshonkaro. Otimi irosati oshonkata opoñaanaka otsonkantapaari osarentsi ikotsa.","No, todavía están de gira. Han estado de gira desde finales de los años sesenta.","Todavía no lo hago, la puso en el caucho, mi hijo, la puso en el caucho, la puso en el caucho, la puso en el caucho, la puso en el caucho, la puso en el caucho."
507,¿Paita okenkeshireakotimpiri pitsiro ora pitsare?,¿Qué piensa tu hermana de tu vestido?,¿Cómo se llama tu cuerpo negro?
508,Akiajeitake ayobetaka ashijeitaka ashitakorontsipee.,Entramos a pesar de que las puertas estaban cerradas.,"Ya van a llegar los curas, ya van a llegar los muslitos."
509,"Amashitakea teerika iyotasanoteji, irokantaincha irirojeitake kameetsatasanotatsiri ikoasanojeitakeri shitooriajeitatsiri.","Puede que no hayan sido los más inteligentes, pero fueron muy amables y estaban interesados ​​en los que estudian.","Adivina cuando se recaude [una recauda], se dice que cuando se recaude [una recauda], está bien y está bien, siempre se recaude [la recauda], siempre se recaude al deudor."
510,Nokemake Darkman irointini kameetsari pelicula.,Escuché que Darkman era una buena película.,He escuchado hablar de Darkman acerca de una persona bonita.
511,Ari nomatakero nanankero noshinto anta.,Es posible que pueda llevar a mi hija allí.,Allí vivía mi primo y mi hija.
512,Ora abankoni osaikini areji okaki nampisti.,Nuestra casa estaba lejos de este lugar.,"El mío es de origen andino, de origen andino."
513,"Nokoi nokante irioripee otiomimotirini, okempetaroni, koni tomitsi. Aparo kamaintsiri.","Quiero decir que ellos solo tenían, algo así como, cinco hijos. Uno de ellos murió.","Voy a decir que los niños deben estar adentro, los avispa y los monos. Ya hay el cura."
514,Tee okonijamotenaji kameetsa tempakea.,Así que no tengo muy claro por qué.,"No se casaron, casaron bien."
515,"piyoti, iroori ojairo ora petalos anta naro tee niyoteni oka kantayetainchari.","sabes, y ella está rellenando los pétalos allá y yo no sabía nada de ninguna consecuencia.","Tenía sexo, él era el padre de esa mujer; ninguno de nosotros tenía sexo antes de que naciera esta mujer."
516,Ipinabentajeitanaro ora pankotsi nashi jero irashi noreentipee.,Están pagando por la vivienda para mí y mis hermanos.,"Es igual a esta casa, la nuestra, la casa de mis abuelos."
517,"Iriorijni ikantani, irirori iritake itomini ministro, opoña, otimimotiri yashiyetaripee, jero otsipapee ikaratabakantari nampitsiki ineshinonkayeetiri.","Donde él era un, él era el hijo de un ministro, entonces él tenía, ellos tenían propiedades, y otras cosas, y estaban muy bien conectados en la comunidad y eran muy, muy estimados.","Adicionalmente, señor Presidente, él es el verdadero Ministro, después la familia de los discapacitados, las personas mayores, las personas con enfermedades venéreas."
518,¿Jaoka ikaratiri pitomipee timatsiri?,¿Cuántos hijos tienes?,“¿Qué es lo que tu hijo tiene?”
519,Pikoati aparo contrapresion antyarotatsiri 500 pies.,Necesitas una conntrapresión  superior a 5000 pies.,Una persona debe ser sancionada con una multa de hasta 500 pies.
520,Ikampiatiro osheki kenkeshireantsi.,Cambia mucho de idea.,Hay muchas voces que hablan de ellas.
521,ayojeitini jaoka yareejeiteari.,sabíamos hacia dónde se dirigían.,Nosotros somos los que llegan.
522,Onimotiri yante aniyetantsi.,Les encanta hacer recorridos.,El alimento es necesario.
523,Ora regulador okampiatea oshintsine maaroni pitsareki.,El regulador cambiaría la presión de todo en tu traje.,El regulador puede ser cualquier cosa en todo el cuerpo.
524,Tee opokimotanajee akempoyaayetanajero.,No nos importó guardar nada.,"Ya no vienen más, se convierten en personas."
525,Tee ayojeiteni jaoka ikibanteri yora atiri.,No sabíamos a dónde viajaba la gente.,No hay donde comer la carne de la persona que come la carne humana.
526,"Iriorijei itsipareabakaajeitanaka kempejitatsiri iriotake irakopee antabeetinkari iriojeitake jananekipee ashi pankotsi, okempetakaro…","Pero ellos estaban divididos acerca de quiénes eran las manos de campo y quiénes eran los niños de la casa, era algo así como...","Si no, se va a convertirlo en algodón; si no, se va a convertirlo en algodón; si no, se va a convertirlo en algodón; si no, se va a convertirlo en algodón; si no, se va a convertirlo en algodón; si no, se va a convertirlo en algodón; si no, se va a convertirlo en algodón; si no, se va a convertirlo en algodón."
527,"Nojatake, nosaro tee ojateji kameetsariki shirampari.","Y lo fue, mi abuelo no fue un buen hombre.","Yo fui, no fui antes a este lado del río."
528,Ina irointini tsinane de oro tee antabeeteni katsini.,Mi madre era la chica de oro por lo que nunca tuvo que trabajar.,"Mi mamá es una mujer de oro, no duerme mucho."
529,Nokenkeshirea ora areeteari akantajeiti kobenkaitake okari.,Creo que el punto fue decirnos cuán peligroso era.,Pensei que llegaron ya iban a ser golpeados todos.
530,Nosaikanake tekatsi noitaiterite noiminkiantearori maaroni.,Me quedé sin tiempo para ingresarlo todo.,"No hay nada que comer, todo lo que quiero comer."
531,Ikantana pamene paitarika.,Me dijo que buscara algo.,Todo lo que te dijiste es mentira.
532,Ikantake irointi intsipaiteni.,Me dijo que era urgente.,Dejaron de hablar.
533,Ari pimatakero pikantena otsonkantapaari oka kenketsatakorentsi.,Puedes decirme el final de la historia.,Allí has escuchado que dice se acabaron estos cuentos.
534,Opomerentsita akisaate anta okatonkotanaketa.,Era difícil ser negro en el sur.,“Porque la carachupa es allá donde está el tazón.”
535,"Nintanakaro intsipaite ,eh, noñaantakayetari itsipa apite jananeki saikaitatsiri onakenta onampi.","Empecé de inmediato, eh, entrenando con los otros dos muchachos que estaban en el lugar.","Yo pensaba que es un hueco, eh, yo vi a mi cuñado dos paisanos que vivían allá allá arriba en el monte."
536,Iriojeitake iñantajeitakaro ora traje persurizados aisati opinamotakena osheki kitaiteri noyaaro ora traje pressurizados.,Ellos ya habían tenido su entrenamiento en los trajes presurizados y me había costado algo de tiempo ponerme un traje presurizado.,"Ahora como ahora, la carne común y el algodón, me han hecho sufrir mucho un día mis hermanos y señoritas."
537,timatsi amsuajeitiri aka teleki,esa era su meta oh,“¿Por qué tiene mucha sed aquí en la chacra?”
538,Tee yobayeetenaji anojatanteari obametantsipankoki.,No fui elegido para asistir a la escuela.,Para que no se vuelva el paludismo en nuestra casa.
539,"Colega, kemebeitaka otimimoteri yatiritantari, pabachori.","Colega, parecía que tenía personalidad doble, tío.","Hermana, parece que el dueño de la chacra es un hombre, tío."
540,Iroori otimi aparo omeshina keariosanori kisaasanori.,Ella tenía una piel increíblemente oscura.,"Ella es, el hijo de uno que está en la cama, el cura, el cura."
541,Iriori yai osheki amitakotantsi.,Él recibe mucha ayuda.,Ellas traen mucha amistad.
542,"Naakero kantakantantsi nojatanteari Del Rio, TX, ariroika naretapakea anta, kameetsa, nokemapake otimatiye nojate baaseki Laughlin Air Force.","Recibí órdenes para irme a Del Rio, TX, así que cuando llegué allí, bueno, me enteré de que tenía que irme a la base de Laughlin Air Force.","Saqué una canasta para irme hacia Del Rio, TX, señorita, yo fui hasta allá, está bien, voy a llamar a las personas que me van a visitar, las fuerzas aéreas de Laughlin."
543,Okantani omoyekaita intanakaro peerani 1970.,Han estado de gira desde antes de 1970.,"El Estado tiene la obligación de velar por la seguridad de las fuentes naturales de agua, desde 1970."
544,"Meeka noñaanatero okantakota ora mabatatsiri SS, ora U2 Quick jeri yora Blackbird.","Hoy nos hablará sobre la Tercera SS, el U2 Quick y el Blackbird.","No sé cómo se llama el bufeo SS, el bufeo U2 Quick o Blackbird."
545,"Otsonkantapaakari 1962 naake kantakantantsi nojatantaje Washingtonki, DC","A finales de 1962, recibí órdenes de ir a Washington, DC","Concluí en 1962 trayendo esta declaración para ir a Washington, D.C."
546,Ora ikantayetari okampiatnaka osheki.,El estado de ánimo cambió mucho.,Ahora los guerreros abundan.
547,Piyoti... maaroniki ariroika ante atsitantsi iriotake obametsatirori yora antsitirori iyotakosanotirori.,"Sabes… sobre todo, hacer las costuras y cosas así es lo que les da un acabado tan profesional.","Caminando... todo lo que viene para vivir en el medio ambiente es un bien, lo que nos da buenos ojos, lo que nos ayuda y lo que nos da miedo."
548,Naro kaari iyotinkari okantakota nintantentsi.,Soy ignorante en asuntos de amor.,"No sé, como se llama, nacimiento."
549,"keario, keario, eiro pantirotsi maaroni pimatiri","claro, claro, no hagas todo lo posible y","mono, mono, euro todo lo que haces tu cuerpo todo lo que ves"
550,"Irointi oni helice orijaniki fraguo aparo kentamentotsi, iro ora tubo ashi oshintsitantari irotake yanenkantari antakotinkari jero airori oshintsitakotoi.","Es una hélice pequeño que fraguó una inyección, pero el tubo de presión de respiración del piloto y la contrapresión.","Esto es lo que está en el hueco, lo que está ardendo y lo que está ardendo, este cajón, este cajón, este cajón, este cajón, este cajón."
551,Ari imatakea yaye kitsarentsipee paitarika potsorentsipee ikoiri.,Puede conseguir los trajes en cualquier color que desee.,"Acá están los muertos, las personas de edad, las personas con cuernos, las mujeres."
552,Natabeetake okemetari taxista apiteketiro nampitsi.,Trabajé como taxista en ambas ciudades.,Como no sabía mi tía cuando ella fue mi amigo.
553,Irinti aparo atiri kisaari imeshina.,Era una persona negra de piel clara.,Una persona similar come la carne humana.
554,Ora manamanatantsi otimake otsantsati okarati 100 millas anta nosaikinta.,El tiroteo fue al menos a 100 millas de donde vivo.,Para que nazca una persona sana hay que haber 100 millas donde vivir.
555,"Ari oka maaroni bashiretakantsi, okantea,otimimotiro okantantari obashireta meeka, okemetaro, pipashitakaro kaari piyotiri jaoka pikanterori aisati jaoka okanta irero, pantero.","Así que todo ese estrés y, osea, tenía todos los motivos para estar estresado hoy, era como, estás dando algo que no sabes cómo hacer, y es como toma, hazlo.","Así fue todo la historia, la historia de las mujeres, las costumbres, costumbres, costumbres, costumbres, costumbres, costumbres, costumbres, costumbres, notas, hojas, hojas de cebo, hojas de camote, hojas de barro, hojas de cebo, hojas de barro, hojas de cebo, hojas de barro, hojas de cebo, hojas de cebo, hojas de cebo, hojas de cebo, hojas de cebo, hojas de cebo, hojas de cebo, hojas de cebo, hojas de cebo."
556,Nokanti irointi nashi.,Dije que era mío.,No sé que cosa es.
557,Iñaajeitapake 20 misiles kenamentotsiki.,Encontraron 20 misiles en el barco.,Vinieron 20 mílos en la playa.
558,"Timatsi noshinto orijaniki meeka aisati opomerentsita antearori anta oka, iro nojate anta eh...","Tengo una hija más pequeña ahora y es difícil llevarla allí y eso, pero voy a, eh...","“Ya va a llegar mi hija de orijaña y todo lo que ella trajo, las cosas le enseñó aquí, ahora voy a decir eh...”."
559,Tee niyoteni oshineteeroni añaanatakotero otikatikaatea eiro okameetsatitsi.,No se nos permitió deletrear nada incorrectamente.,"No hay nada que hacer para vivir, para vivir, para que achiote dinero."
560,Nokenkeshireakotakero nojate obametantsipankoki,Estaba preocupado por ir a la escuela,Estaba pensando que iba a la escuela
561,Tee katsini nosaikaniteji Washingtonki D. C.,Nunca he estado en Washington D. C.,Nunca fui a vivir en Washington D. C.
562,Piyotake iriori eiro ipokime akarateri.,Sabía que él no iba a venir aquí en absoluto.,"Como se llama el Euro, viene para todo."
563,Nobanaja aparo pankotsiki abetsikajeitakeri nampitsiki.,Nos mudamos a una casa que habíamos construido en el país.,Yo soy de una casa antigua cuando era niña.
564,Narojei nokiajeitanaje anta.,Nosotros entraríamos allí.,Todo lo que hago en mi vida es por eso.
565,Nokoashireasanotanake nokoi nokimoshiretanteari tempa ari areetakeame aparoni kitaiteri.,Estaba demasiado ansioso como para estar feliz porque ella hubiera llegado un día antes.,"Entiendo mucho por vivir, me gusta vivir en el agua, temprano nos llega un día."
566,Iroori tekatsi katsini oyotajiro amashitakero.,Ella nunca admitió que estaba equivocada.,No hay nada que hacer para protegerse.
567,Nokantabetakari niyotake nomatantakarori.,Les dije que sé lo que logré.,Discúlpeme cómo me casé con él que fue mi primo.
568,"Meekakea, jerokatake, pikoiro meeka.","Así que ahora, aquí está, lo quiere hoy.","“Está bebiendo, está volando y lo quemamos con su coca.”"
569,Tee yamabentea jaoka okarati otsantsati otsonpoinare otimi.,No estaba seguro de qué profundidad debía de tener.,No se remueve una persona que fue muerta por el VIH/SIDA.
570,"Oka, naro nainti 922 irio shirampari amitakotanmtatsiri yora itsipa shirampari irinti amenakotantatsiri fisiológico.","Eso, yo era el único 922 que era hombre de soporte vital, el otro hombre era un apoyo fisiológico.","Esto, mi idioma materno, 922 (el fruto de la carne humana) es para hombres, lo que protegen [el fruto de la carne humana], para hombres y mujeres, lo que ponen en riesgo la salud física y psicológica."
571,"Maarojeini, apa ijati yanti kameetsa vaso antyaro ireeche otsipatairo chocolate nashi.","De todos modos, papá se va y hace un buen vaso grande de leche con chocolate para mí.",Todavía nieta viene mi papá; es un buen vaso de semillas de algodón.
572,Apite niritsoripee iñantakayetakenari.,Dos tíos me entrenaron.,Dos capironas me estaban moviendo.
573,Kaari oni añapinire.,No es tan común.,Nadie nos puede encontrar.
574,Arime yantakerome koasanotachari yareteari intsipaite.,Hubiera sido más seguro llegar allí volando.,"Para que no nos arrastren los castigos colectivos, debemos ser pequeños."
575,"Itimajeitini Evans, irinti ini irijaniki.","Vivieron en Evans, que es muy pequeño.",La sangre de Evans está en su cuerpo.
576,Tee nokenkeshireerorji maaroni nirake osheki vino tsiteniriki.,No lo recuerdo del todo ya que bebí bastante vino anoche.,No he escuchado que todo mi cuerpo bebe mucha vino en la noche.
577,"Maaroni CEO ashi instituciones financieras aisati atirpee koirori oka, irori okoasnotakero opapiniteri okarati abishimotakeriri ashiki instituciones finacieras.","Todos los CEO de las instituciones financieras y a las personas que les gusta eso, así que ella estaba muy interesada en mantenerse al tanto de lo que estaba pasando con las instituciones financieras.","Todas las CEO de las instituciones financieras y del público en general son igualitativas, igualitarias, igualitarias, igualitarias, igualitarias y de otra índole que las instituciones financieras."
578,"Tee niyotasanoteroji ora tsinane Faulk, iroori otimini osarentsite 80 osarentsi irointini kameetsaro atiri noñaabetakaro kapichaji, osheki otsaroashireake airo ora nerviosa oka.","No conocía muy bien a la Señora Faulk, ella tenía unos 80 años, y era una buena persona, la había visto un par de veces, pero estaba realmente nerviosa por eso.","No es igual como esta mujer, llamada Faulk, que tiene herencia antes de los 80 años. Hasta ahora era una persona bien carina, me encontré que era un poco diferente de las personas que no están nerviosas."
579,Apa ikitakena aparoniki vaso ireeche.,Papá me sirvió un vaso de leche.,A mi papá le dio un vaso de sangre.
580,Timatsi amdeajeitiri aka teleki.,"Ahora que puede conducir, mi hija tiene su propia forma de llegar aquí.","Como ya vienen aquí, de lejos."
581,"Oh, nabisakero kameetsa noitaiterite oka, antabeerentsipee koasanotachari.","Oh, pasé buena parte de mi tiempo en, esto, actividades especiales.","Ah, debemos llenar bien mi unidad, la familia de los brujos."
582,Tee imintsaroaneji.,No me asustó.,No es igual con otros.
583,Noñaanatiro irosatitatsiri konijatatsiri irioririjei.,Estoy hablando de las mismas cosas que ellos.,Vi a quien era el cazador (congollo) en su cuerpo.
584,Akisanentajeibetaka.,Estaba de mal humor.,Estaban muy felices.
585,Yora pinkatsari shitobanaintsiri Fuerza Aérea irashi Estados Unidos.,El Jefe está retirado de la Fuerza Aérea de los Estados Unidos.,El cura es el descendente de la fuerza aérea de los Estados Unidos.
586,tee aro kearioperori naturalistas tektasi eh,no somos verdaderos naturalistas ni nada pero eh,"No, con kearioperori los naturales no hay eh"
587,"Tee, tee Locust Hill.","No, no Locust Hill.","No, no hay en el monte."
588,Ani ikarajeitiri antaberentsiki.,Mi cuñado formaba parte del servicio.,Yo lo haré en el monte.
589,Noshonkiro rueda osamani kitaiteri.,Hice girar mi rueda por un largo tiempo.,Corté hojas el día siguiente.
590,Añaantearo arakomentotsipee obametempi osheki konijatatsiri.,Probar aviones te enseña muchas cosas.,Sabemos que los aviones son muy fastidiados.
591,Notimini Texas.,Viví en Texas.,Me llamo Texas.
592,Iriori iñaananteke konijasanori.,Él no nos habló en absoluto.,Iriori (especie de ave del río) habla de los ríos.
593,"Ora aparato ashi TV aisati pashi abirori,amashitaka abashinankantsi ikoshitiror television irotake kamanentsi","Con tu aparato de TV y tu, creo que un castigo adecuado por robar la televión sería la muerte-","Este aparato de la televisión y el de otras formas de comunicación, por eso viene el nombre de la cultura de la radio, por eso hay miedo."
594,"aparo niquel kapichaji irisatitatsi,mabatsa centavo aapitsat iko boteeyapee. Maaroni imontsabakajeita anta frontera yamanantanteari imireteri kapichaji","un níquel menos, o lo que es lo mismo, treinta centavos menos por seis botellas. Todos cruzan la frontera para comprar las bebidas más baratas","– El agua, el río y el río; en cambio, en el caso de los ríos y los ríos no hay nada. Todo lo que hay allí para cruzar las fronteras, para que el espíritu del río sea verdadero."
595,Nokemakotiri Wills Point.,Lo escuché de Wills Point.,Yo me sentia como en el caso de Wills Point.
596,Iriori ini apanirotinkari.,Él es muy independiente.,Su mamá es la más solita.
597,¿Ora pijina okoiro piyamisetate?,¿A tu esposo le gusta tu camiseta?,“¿De dónde vienes? ¿De tu casa?”
598,"Plano, Texas irointi nampitsi kameetsari.","Plano, Texas es un lugar increíble.","Texas es Plano, por eso nació mi pueblo bueno."
599,Akoajeiti ababisakotajero bomba nija tempakea opomerentsitasanota antakotantearori.,Queríamos salvar la bomba-H porque era muy difícil de manejar.,Constituye una infracción en el sentido de ser sancionada en primera instancia.
600,Akoajeiti ababisakotajero paitarika timatsiri kaarikea otsipa.,Queríamos salvar una cosa más que el resto.,"Todo lo que comemos debemos saber cómo comemos, si tenemos enfermedad o no."
601,Nantanatiro notsonkantearori nantabeere otsipaniki tsonkitai.,Estoy tratando de terminar mi proyecto la próxima semana.,Comí lo que tejo porque lo tiño en la pierna.
602,Yora nojananekitepee irinti kaariperoirpee.,Mis chicos son realmente idiotas.,Yo soy un hombre como las mujeres.
603,Nokajemakero ora ñakarontsi ariorika naretakea obankoki.,Llamé al número cuando llegué a su casa.,No sé que cosa es cuando voy a morir.
604,Iroori okonijatasanoti otsipasatopee otsipabintsare kisaaropee.,Ella era más ligera que el resto de sus amigas negras.,"Ella se alimenta de hojas, de todo lo que nos dice Dios."
605,¿pijaiti museos Europaki?,¿fuiste a museos en Europa?,¿Va a los museos de Europa?
606,Irento aake ojime.,Su hermana está casada.,La hermana agarró a su esposo.
607,"Paitarika timatsineri, yora shirampari ikie.","En cualquier caso, el hombre entra.","Si tiene sexo, este hombre te va a comer."
608,"Tee otimimojeiteji antantearori timaarantatsiri, otimatiye ayotashitajearo.","No teníamos material de archivo, así que tuvimos que adivinar.","Ya no hay más para hacer cosas duras, hay que hacerlos duras."
609,Piyotaji itsipaki jananekipee antayritaintsirimaaroni noshaninkajeitajeari.,Ha aprendido de los otros niños mayores pero toda mi descendencia eclipsa.,"Se fueron a vivir en el río para hacer chacras, para que nazcan mis hijos."
610,Ikantake yamanante aparo aspiradora.,Sugirió comprar una aspiradora.,La llamada llamada llamada llamada llamada llamada llamada llamada llamada llamada truena.
611,"ay noneiri kameetsa, tee onimoteroji asaikantari aisati naro","ay lo veo bien, me gusta el ambiente a mi también","Voy a comerlos bien, no se dejan de lado como están vivos con mi estomago"
612,Ojatashitakero Buffalo.,Buffalo tiene el mejor equipo en general.,Dejó a Buffalo.
613,Opinata $ 2000 pamanantanteari maaroni pikoayetiri.,Cuesta $ 2000 comprar todo lo que necesita.,Los $2000 son dinero para comprar cualquier cosa que vas a comprar.
614,Ora ipinayetiri okarat apimantiri osheki okimota.,El impuesto a las ventas es demasiado alto.,"Estas son sus hijas, sus hijos, muchas son."
615,Ora obana irointi sankenataokrentsi ashi ñakarontsi.,La página es solo una lista de números.,Hay una hermana por la que se llama Navireri.
616,"Jee, 4.° noñaatsatasanotaka.","Sí, 4.º fue superdivertido.","Sí, el 4o, porque me gusta comer."
617,Jibatatsiri aparoni nokenkeshireakotiri.,Fue uno de mis primeros recuerdos.,"Uno que come semillas de jabón, yo lo hago."
618,"Mmm..., nocharinepee ikantani ikameetsati yatiriti aisati apropeeni otimimotiri niripee aisati ababisajeitiro anta ishaabiji.","Mmm..., mis abuelos siempre fueron personas muy, muy cariñosas y algunas veces estuvieron mis padres y sencillamente lo pasamos muy bien allá abajo.","Mmm..., mi compañera, ¿cómo es esto: cara a cara, muchas veces la madre de las personas con enfermedades venéreas y las personas que viven en la comunidad."
619,Eiro katsini pikarikoratirotsi ora impuesto añanatearori obinaro.,Nunca tienes que calcular el impuesto para determinar el coste.,"Como no es igual, es una multa, por eso hemos venido viviendo juntos."
620,"Narotake, yoka, sarijento pinkatsari obamentinkari, makoreantsiri, ikantiri Rick.","Soy, esto, el sargento jefe maestro, jubilado, como dijo Rick.","Este, este, este, este, este, este, este, este, este, este, este, este, este, este, este, este, este, este, este, este, este, este, este."
621,Iroori okanti tee otimimotenaji oyenkeshireamento.,Ella dijo que no tenía ni idea.,Por eso no hay nadie que nos cuide de nosotros.
622,Tee añeroji antatearori oka.,No tiene planes de hacer eso.,No está aquí porque causa el paludismo.
623,Ikanti ari omatakea ipajeitero ariorika otantanakea.,Dijo que podría entregarlo cuando que sea.,"Pero allí vamos a quemarlo, si no, se va a convertir en algodón."
624,Nokenkeshireakotimpi nojitake eiro itimitsi pitomi.,Siento que no pudieras tener hijos.,Estaba pensando que iba a ser el dinero para el bebé.
625,Aabajeitanaja aparoni irobakerari pankotsi.,Nos trasladamos a una nueva residencia.,Una persona fue a la casa [la madre].
626,"Iriojeitanake marereasanotanaintsiri, iñaajeitakero paiatapeerika ikoasanoti ishitooriate.","Eran más que brillantes, pero detestaron a cualquiera que se esforzara en estudiar.","Venían para ser madres, para que sean paisanos cuando tienen enfermedades venéreas."
627,Kennedy tee iyojeitabakeri.,Kennedy no los reconoció.,Kennedy no lo cogió.
628,Kobenkatakotakempi.,Estás en peligro.,Estoy obligado [a vivir].
629,Aparopeeni yapatojeitempa irimpiayetero kajarashi calleki.,Unos cuantos se reunirían y limpiarían la basura de la calle.,Camina despacio; traiga la ropa de la gente que vive en la calle.
630,Pitaiterite eiro pimatirotsi pitsokero maba kitaiteri.,Tu tiempo nunca supera los tres días.,Invierta en tu religión; ayude al Dios.
631,Tekatsi katsini nosampiteri jaoka ijajeiteri.,Nunca pregunté a dónde iban.,"No hay nada que comer, no hay nada para comer."
632,Tee katsini nojate Las Vegas.,Nunca fui a Las Vegas.,No voy a ir a Las Vegas.
633,Poyero ora kamantantsi ashi refresco.,Pon un anuncio de refresco.,Voy a usar este consejo sobre refrescos.
634,"Nojitake nokenkeshireabeta, Tasorentsi nashi, aisati Ramona isaikaiti ara.","Así que yo pensaba, Dios mío, y Ramona estaba ahí.","Me fui a cantar: “El pijuayo es”, “Cuñado de Ramona”."
635,¡Nokisaneentiro maaroni obametantsipanko!,¡Odiaba todo el colegio!,¡Estoy pensando en todo lo que hago en mi trabajo!
636,Iriri ini convicto tee ijateni iglesiaki.,Su padre era un convicto que nunca fue a la iglesia.,Su madre no fue a la iglesia.
637,Nokantake timatsi aprobacion.,Ya he dicho que tiene mi aprobación.,Tenía mi permiso.
638,Okantana tee otimimotena kenekeshireantsi jaoka okanta otimi kipatsi konijari aijateri.,Me dijo que yo no tenía idea de cómo funciona el mundo real y que debía seguirla.,"Se dice que no hay nada que me diga „la tierra‟, „la tierra‟, „la tierra‟, „la tierra principal‟, „la tierra principal‟, „la tierra principal‟, „la tierra principal‟, „la tierra principal‟, „la tierra principal‟, „la tierra principal‟, „la tierra principal‟, „la tierra principal principal‟, „la tierra principal principal principal‟, „la tierra principal principal principal principal‟, „la tierra principal principal principal principal‟, „la tierra principal principal principal principal‟, „la tierra principal principal principal principal‟, „la tierra principal principal principal principal principal‟, „la tierra principal principal principal principal principal principal‟, „la tierra principal principal principal principal principal principal principal principal principal principal principal principal principal principal principal principal principal principal principal principal principal principal principal principal principal principal principal principal principal principal principal principal principal principal principal principal principal principal principal principal principal principal principal principal principal principal principal principal principal principal principal principal principal principal principal principal principal principal principal principal principal principal principal principal principal principal principal principal principal principal principal principal principal principal principal principal principal principal principal principal principal principal principal principal principal principal principal principal principal principal principal principal principal principal principal principal principal principal principal principal principal principal principal principal principal"
639,Iriori DOT otimatiye yamanante ora ibankoyetari kemetachari.,El DOT tuvo que comprar el inmueble y tal.,"El DOT tiene su causa en el agua, por eso proporciona agua potable."
640,DOT ipinatakari maba irinka dólares yamanatero ashiyetantsi.,Al DOT le costó más de tres millones de dólares comprar la propiedad.,LA PESC que trajo mamá y mis suegros por falta de dinero para luchar contra el hambre.
641,Iroori opakena apite kantashitachari obametantsi irointi nakeri tsonkainchari.,Ella me dio dos tipos de instrucciones y preferí las que eran detalladas.,"Yo también, son dos pertenecientes a las comunidades benéficas, por eso tiré el coca en mi cabeza."
642,Kaari yantayetanta iñayetanteariri atiri keme.,Es inusual que la gente se vea así.,Las hojas que vemos son de colores negros.
643,Apatiro ikoayeeti kapichaji shintsitantsi ajokantearori gatillo ashi kipiarijenkari atomi.,Sólo necesitas un poco de fuerza para tirar del gatillo de la bomba atómica.,"Comenzamos con un poco de frivolidad, por eso tenemos la culpa, con la carne de personas antiguas."
644,Yora soraropee timatsi ipinatiri okantakota ipimanteetiri.,Las tropas tienen un impuesto sobre ventas.,Estos oratorios tienen sus hijas porque les puede enseñar.
645,Tee imateroji yakabakaajeitea jaanikarika antabetatsineri obantsiki ashi empeji aisati janikarika amashiteroneri piisopee.,No podían estar de acuerdo con quién debería trabajar en el campo de algodón y quién debería fregar los pisos.,"Ya no hay, ya no se pueden bañar [los muertos] en cualquier lugar en la tierra, ni en el mar, ni en el mar, ni en cualquier otra parte del mundo."
646,Maaroni atiripee imontearo frontera yamanantanteari imireteri kaari pinatasanotacha.,La mayoría de las personas cruzan la frontera para obtener bebidas más baratas.,"Todos los seres vivos viven en el cuerpo, aunque no sean personas."
647,Añaajeitironi kamantantsipee televisionki.,Estábamos viendo las noticias en la televisión.,El fantasma está vivo en la televisión.
648,Ashitoajeitini ajajeiti kimoshirentsiki ibankoki irashi apa.,Solíamos ir de fiesta a casa de mi padre.,Antes mis abuelos habían adorado a mi papá en la chacra de mi papá.
649,Joe irintini apinti timironiri llave ashi apatotantsi imaorentari.,Joe era el único que tenía la llave de la sala de descanso.,"Como una persona, el corazón del tigre es el árbol del tigre."
650,Abirori pikenkeshireiro obashinonkantsi kameetsari irashi itsipape koshitatsiri ora television irotake kamanentsi.,Usted piensa que el castigo correcto para alguien que roba un televisor es la muerte.,El hombre dijo en la radio: “¿Por qué no está bien el cuerpo de la mujer?” – “Por qué no está bien el cuerpo de la mujer.” – “Por qué no está bien el cuerpo de la mujer.” – “Por qué no está bien el cuerpo de la mujer.” – “Por qué no está bien el cuerpo de la mujer.”
651,Nosaikaiti ara ikarati apite oorea.,Me senté allí durante dos horas.,Yo soy como dos personas.
652,Ora jananeki amitakotenaneri otimi 5 millas oparikotiti.,La niña que me va a ayudar está a 5 millas de distancia.,"Aquí en el monte, el cura de culebra es de 5 metros de altura."
653,Yoran shirampari ishianaka otsapinampiki omontsantari.,El hombre corrió hacia el lado contrario.,Este hombre se subió de la otra banda.
654,Nokamantempi onimotakena nokibanti Europa.,Apuesto a que te encantaba visitar Europa.,Mi tía me dijo qué me gusta a mí difunto Europa.
655,Norenti tee ibetsikiteaji.,Mi hermano nunca se alistó.,A mi suegro no le gusta el tabaco.
656,"Impoiji oshonkanaka rueda, tee niyote, kemetaka maaroni kitaiteriki oka.","Después estaba dando vueltas a mi rueda, no sé, parecía todo el día ese día.","Vienen bien lejos, no tienen tía, están bien todos los días."
657,"Eiro noñaanatakotajirotsi oka, omabetakea timatsi osheki amanakoteri.","No hablaré de eso, aunque hay mucho que cubrir.","Sí, yo había sentido esto, cuando era niña."
658,Ora itsare ondeaba ara tampeaki.,El vestido ondeaba en el viento.,"No sé que cosa es, este tambor."
659,Apatiro namenakero iboro ikiantapaakariashitakorontsiki nojitake imaninteetakeri.,Solo por la mirada en su cara cuando entró por la puerta supe que estaba decepcionado.,"Esto es lo que decimos „iboro‟, por lo que es una enfermedad en mi cuerpo."
660,"kempoyamentotsi apitetatsiri kitaiteri tsonkitaiteriki,ipajiyeetiro kempoyamentotsi irashin mabatapaatsir irosarentsite irotake yairi oniyankire mabatatsiri osarentsi","guardería de dos días a la semana, lo llaman guardería de la tercera edad, pero ella va al centro de la tercera edad","Naviriri vive un promedio de quince días, son madres Naviriri mamá y papá recién llegados niños niños pequeños no acompañados niños mayores de siete años"
661,Nokoasanotakero ora aerobic tempa nokoakero natanteari ashi nantabeerentsi cardiovascular.,Estoy interesado en el aeróbic porque necesito algo de actividad cardiovascular.,"Sé que esto es „aerobic‟ (acuífero negro), como no sé para hacer mis estudios cardiovasculares."
662,Antyarotanakero ashi iroori aririka antero okenkeshireari anteri.,Será grandioso para ella si hace lo que planea hacer.,Lo hacemos así cuando hacemos una choza.
663,Iriori tee katsini otimimoteri yanteri irioriki.,Y fue que él nunca tuvo que hacer algo por sí mismo.,No hay nada que hacer para dormir en su casa.
664,Nokenketsajeitake.,Tuvimos una gran charla.,Estaba pensando.
665,Aabakeri itsipapee opashinitakeyetiri.,Trataba a los demás nietos de modo diferente.,A mi nieto lo volvieron a decir que es él quien lo robó.
666,"Ikantanake guay, iro itsare aranake tampeaki kapichaji--","Fue muy guay, y el vestido se voló un poquito con el viento--","Se convirtió en guay, pero el nieto fue a la chacra donde se cayó."
667,Piyamisetate oni kameetsa.,Tu camiseta es muy bonita.,Nadie come carne humana.
668,Nokanti nonebetaroni irobakerari pampoysntsi.,Dije que me gustaba la nueva versión de la canción.,Voy a llamar a mi unchala porque eres tu.
669,Tee nokematsatero ora areeteari.,No entiendo el punto.,No tenía miedo cuando llegaba.
670,"oh, iro maaroni irashi itomipee meeka otimi tsapite aisati pitetsa otsi, arikea eiro otimantatsi paitarika","oh, pero de todos modos mis hijos ahora tienen veintiuno y veinticuatro, así que no tengo que","oh, el hombre, todo el cuerpo de la mujer embarazada, hijo, hermano, hermano, hermano, hermana, hermano, hermano, hermano, hermana, hermano, hermano, hermana, hermano, hermano, hermana, hermano, hermano, hermana, hermano, hermano, hermana, hermano, hermano, hermana, hermano, hermana, hermano, hermano, hermana, hermano, hermano, hermana, hermano, hermano, hermana, hermano, hermano, hermana, hermano, hermano, hermana, hermano, hermano, hermano, hermana, hermano, hermano, hermano, hermana, hermano, hermano, hermano, hermano, hermano, hermano, hermano, hermano, hermano, hermano, hermano, hermano, hermano, hermano, hermano, hermano, hermano, hermano, hermano, hermano, hermano, hermano, hermano, hermano, hermano, hermano, hermano, hermano, hermano, hermano, hermano, hermano, hermano, hermano, hermano, hermano, hermano, hermano, hermano, hermano, hermano, hermano, hermano, hermano, hermano, hermano, hermano, hermano, hermano, hermano, hermano, hermano, hermano, hermano, hermano, hermano, hermano, hermano, hermano, hermano, hermano, hermano, hermano, hermano"
671,Piyotini okarate abisatsineri ariorika antakero iroori oka.,Sabía lo que iba a pasar cuando ella hizo eso.,Es necesario que el dueño de la casa tenga conocimientos técnicos para hacer uso de la tierra.
672,Aparo pack iko amashitea 30 centavos kapichaji obinaro anta otsipananpiki ora frontera.,Un pack de seis es aproximadamente 30 centavos más barato al otro lado de la frontera.,"Este [puente] se llama „escope amashite‟ (especie de ave de 30 cêntimos), es un ave que crece en la orilla del río."
673,Ipinabentajeitiro ora pankotsi.,Están pagando por la vivienda.,Eran los que cometen el fornicador.
674,Pikanteani pitsipataajero ora impuesto ashi diez porciento okarati pamanantiri ariorika pamenakobentero ora obinaro.,Siempre debes agregar un impuesto del diez por ciento a lo que estés comprando cuando estés calculando el costo.,"Sus costumbres comunes son de dieciséis años de antigüedad, lo que es más, lo que buscas, buscas y buscas."
675,Nojatake onampitakotantariki nampitsi.,Fui a la capital de la nación.,Yo fui a la comunidad de Naviriri.
676,"Habisake kashiripeeki, ikarati iko jurados miembros. Nokenkeshirea irisatitatsi karatatsiri tsaapite shirampari probados akantero, okantayetari.","Hace unos meses, tenían seis jurados miembros. Pensé que sabían que siempre fueron doce hombres probados y, por decirlo de alguna manera, fieles.","“¿Se habla de luna o de todos los frutos son muslitos?” Pensé que era una costumbre de los carachones, de los hombres, “solito” o “solito”."
677,"Tee nokematsateroji ora apatorentsi nupcial, aisati tee niyotejji aabakaakarika keario--","Ni siquiera entendió la ceremonia nupcial, ni siquiera sabía que se había casado, en serio--","No, como no hay nada en esta chacra, baño completo, y no hay nada en la chacra."
678,Arojei tee anashitearoji aiminkiajeitero aparoniki booorisa.,"Nosotros no separamos nada, lo tiramos todo en una bolsa.","No hay nada que hacer, por ejemplo, alumbrar el árbol bourisa."
679,Oñaanatati ara iPhoneki.,Está hablando por un iPhone.,Por eso nació mi idioma.
680,Eiro katsini akiajeiti.,Nunca entraríamos.,No hay nada que comer.
681,"Maaronitake, opokimojeitakero oka invencion antyaroki regulador ashi 02.","De todos modos, se les ocurrió esta invención del alto regulador de O2.",Todavía no sabemos por qué esta invención del regulador es de tipo 02.
682,Oka tornillo ari amashitakero bijon karentsi janikarika.,Ese tornillo puede dañar los pulmones de alguien.,"Esto es palillo, allí los adornos blancos guardan [el palillo] en el cerro."
683,Iyotenane ikonijatake ishabiniji.,El tipo apareció un poco tarde.,"¡Muy bien, ¡está mejor!"
684,"Yora soraroyetatsiri itiyankayetakena Del Rio,TX en 2001.","Las fuerzas aéreas me enviaron a Del Rio, TX en 2001.","Ella es la sola que me dejó, me dejó en Del Rio, en 2001."
685,Tekatsi iyotatsine jaoka ijajeitiri.,Nadie sabía a dónde iban.,Ya no tenía chacra cuando fue el jefe.
686,Irento timashitinkaro.,Su hermana está soltera.,A mi hijo le dio el náusea.
687,Ikantajeiti: apainajeitakero aparo nampitsi pisaikajeitanteari.,Dijeron: Estamos pagando por un lugar para que te quedes.,Ahora dijeron: “Voy a quemar cualquier cosa para que no se convierta en algo”.
688,Ora ikantayetari irosati ikanta monkarataka okantapinitaka.,Su estado de ánimo se mantuvo completamente consistente.,Estos que están en el agua se pintan [las uñas] con [las flechas] similares [las flechas].
689,Ora tikayetakotirori oshekiantari kajarashi okakijitake pomerentsiri otenayeti kajarashipee irosatiriki.,La limitación de la cantidad de basura está más cerca del problema que el peso de la basura en sí.,"Como muchos animales que vivían antes, ahora se convierte en algodón."
690,¿Paita kemetimotimpiri poyero nikoji ora koni minutos tekeratarika pimperi permiso?,¿Qué le parece que esperen fuera tan sólo cinco minutos antes de entregarles un permiso?,“¿Por qué debes ser gestante para ser madre o para ser abuela de nadie en estos días y meses. Si no tienes permiso?”
691,Notsiro okanti tee okonijamoteroji nishane.,Mi hermana dijo que no me parecía en nada a mi abuela.,"Yo uso la tierra, no puedo vivir sin agua."
692,Tee niyoteni otimantaro atojerentsi.,No sabía que tenía tuberculosis.,No sabían que el tiempo del visitante era.
693,Iritake ikantasanotakeri timatsiri ishintsinka kemetanarin nanteri.,Él es definitivamente lo suficientemente fuerte como para que yo lo escuche.,"Lo que le hicieron sufrir a su esposa, a su difunto hermano, a mi tía y a mi hermano."
694,Ikempoyeijeitiro ora kempoyayetachari abitantsi aisati kearioperotatsiri.,Guardan los archivos médicos y legales todos juntos.,"Las hojas son parte integrante del cuerpo, lo que alimenta, el cuerpo de la persona humana."
695,Ora noyenkeshiremento konijani okantakota abisaintsiri tsiteniriki.,Mi memoria está clara sobre lo que sucedió esa noche.,Este cuento de mujer se quema cuando alguien se quema en la noche.
696,Atimajeitini anta oshekisanori osarentsi.,Vivimos allí durante muchos años.,A las personas les hizo comer mucho en los años 70.
697,¿Ari pimatakea pikamantenaro pantanteari aerobic?,¿Puedes explicarme cómo realizarías aerobic?,¿Has sentido que no debes hacer cosas aéreas?
698,Ina otimatiye antabeete nikoji.,Mi madre tuvo que trabajar afuera.,Mi mamá tiene trabajo duro.
699,Iroori tekatsi okante okantakotiri ora pastel batsatsiki.,Ella nunca dijo que tenía razón sobre el pastel de carne.,No hay nada que decir que el sábalo tenga en el cuerpo.
700,"Ina otsokakero tee iro ineshinokare intantakarori, ah, arikea omatea relegada antabeete obantsiki iriokea itsipa jananeki tee yantabeeteni obantsiki.","Mi madre terminó no siendo una de sus favoritas al principio y, ah, así que fue relegada a trabajar en el campo mientras que algunos de los otros niños no trabajaban en el campo.","En mi casa la pongo, no es, la vagina de la mujer, por eso ella [la abuela] dice: “Ah, este, este, este, este, este, este, este, este, este, este, este, este”."
701,Ari nomonkaratakero noijatanakeri timajeitatsiripee.,Lo calcularé basandome en los totales.,"Así lo hago, lo que me llamo „la ardilla‟."
702,"jee, nokemimpi","si, le oigo","Sí, mi amigo."
703,Poyeero iroori antero okarati antakanteri.,Espero que ella haga lo que planea hacer.,"Voy a decir, este ante todo lo que es."
704,"Iriojeitake 30 o 40 arakomentotsi U2, intajeitakaro añantakari antokotinakri, chinos,britanicos iriorijei, maaroniki kipatsi akarajeitirini.","Son 30 o 40 aviones U2, y habíamos empezado a entrenar a pilotos chinos, pilotos británicos con ellos, justo en todo el mundo con el que éramos aliados.","Llegan los aviones U2, entre 30 y 40, por eso hemos aumentado el tamaño de la tripa, los chinos, los británicos, todo lo que hay en esta tierra."
705,Apite jananeki iñaantakayetakenari yantabeetanteari oka obararontsipankoki.,Dos chicos me entrenaron para trabajar en esa tienda.,Hubieron dos tíos que me dijeron que era una costumbre en mi casa.
706,"keariosanotakerika kaari ini atiri iyotatinkari ashi kipatsi, irokantaincha pikeme, iriojeitake osheki kameetsatasanotake oka... ikoajeitakeri atiripee koasanotatsiri ishitooriate","probablemente no fueron las personas más inteligentes del mundo, pero oye, fueron muy agradables y, esto... se interesaron por las personas que estaban dispuestas a estudiar","Como no sabemos quién es el hombre que vive en esta tierra, [el dueño] dice: “Hermano, vamos a quemarlo,” se comió mucho y está bien arreglado. Esto es lo que sacan las personas que mueren."
707,¿Piñaayetake museo europeosato?,¿Visitó algún museo europeo?,¿Hay un museo de los europeos?
708,"Jee, kameetsa, yora jananeki jerikatake aka.","Sí, bueno, el chico está aquí.","Sí, es bonito, como se llama, viene de aquí."
709,Nochaine irirnti aparo kaariperori.,Mi abuelo fue un idiota.,Al hombre le gustó el barro negro.
710,"Ikantantakariri pataite porcheki, otimi ijakipee irokiki.","Cuando le dijo que subiera al porche, tenía lágrimas en los ojos.",Lo que dicen „pequeño‟ es porque su hermano se fue a su casa.
711,Yora céspedes ochanpishisati ashi Bermudas ari omatero areetea operi okas kenpetarori kenashiri ashi campo irashi golf.,"Al césped de las Islas Bermudas, pueden llegar a darle un aspecto similar al verde de los campos de golf.","Como las hierbitas de Bermudas, estas son estrellas. El destino de las operetas es el mismo como el de la canoa y del golf."
712,Iroori okimoshiretasanotake.,Ella estaba muy feliz.,Dejaron de cantar.
713,Eiro pipinabentajeitanantsi narorijei.,No pagarán nada por nosotros.,El agua del río es muy contaminante.
714,Ora tornillo okianake ñaamentotsiki ari amshiatkero bijonkarentsipee.,El tornillo entra en la tráquea y puede dañar los pulmones.,Ahora voy a vivir en la playa para que tengamos alegría.
715,Maaroni yakabakaajeitaka yantabejeite maaroni anta obantsiki.,Todos estuvieron de acuerdo en que todos trabajarían en el campo.,Todo lo que hago es para que pase a esta chacra.
716,"aisati otikabakeri ora kajarashi irashi atiripee yojokayetiri mmm.., mmm.., ityikairi oboimatsare kempeji oka kapichaji pomerentsitainchari keariosanori okantakotiri tenarentsipee","y también causaría que la gente compactase más su basura mmm..., y mmm..., y limitar el volumen probablemente esté un poco más cerca del problema real que limitar el peso","Mientras que lo que le dejó esta calaboza es el espíritu de los muertos que lloran mmm., mmm., le sigue el sonido de la lampea, ésta es la palabra que se asocia con la adormidera, causando dolor en todo el cuerpo."
717,Tsiteniriki nomai noshiyari jobentsi.,En la noche duermo como un bebé.,Mi canoa es como mi canoa negra.
718,Meeka ikoakoyetakenaro irointi nate antabeerentsitatsiri okameetsatimotake.,Hoy me pidieron que solo realizara tareas para las que estoy bien entrenado.,"Aquí lo han convertido en algodón, por eso no me gusta, porque es dulce."
719,Okantana tee abisheji ariorika yabishe ooorea antantearori.,Me dijo que no pasaba nada si tardaba horas en hacerlo.,No hay nadie que nos traiga hojas de algodón para comer.
720,"Aitake, ikantiri pamene, pamene oka aisati onta aisati oka empresa.","Así que, dice Bueno busca, busca esto en esta y esta empresa.","Ahí está, lo que dicen mira, mira estas cosas, sobre todo esta empresa."
721,Otimatiye yabishero osheki iñaantakayari tekerata yarakote U2.,Tienen que pasar por mucho entrenamiento antes de volar un U2.,A las personas les gusta mucho comer y a las mujeres les impide comer con el avión U2.
722,Naanajiro motirentsi anta jaoka ashitaroriki.,Llevé la bolsa a donde pertenecía.,La motirentsi lo chaco en la quebrada.
723,"Kameetsa, pikantake tinatsi pitomipee, ¿jaoka oakaratiri irosarentsite?","Bueno, dijiste que tenías hijos, ¿de cuántos años?","“Está bien, vas a hablar, eres tu hijo; ¿cómo habrá sido tu vida?"
724,Yora sorarotatsiri ipajireakoyetakeri Embajadores ashi Texas Congreso ashi Estados Unidos.,La unidad militar fue nombrada Embajadores de Texas en el Congreso de los Estados Unidos.,Este libro es una adivinanza de los Embajadores de Texas al Congreso de los Estados Unidos.
725,"Keariotake, Androv Gromikov tee yakejeiteriji, iro otimimotirirni kamantatsi ashi shiakabentantsi antainchari yoraki U2.","Y, por supuesto, Androv Gromikov no respondió a nada, pero disponíamos de toda la información de las películas hechas por el U2.","No, no, no, no, no, no, no, no, no, no, no, no, no."
726,"omonkaratatasanota, irokea nokantiri irobakerari leyes meeka oka osheki opomerentsita","exactamente, pero me refiero a que con las nuevas leyes en realidad es difícil ahora","No me fastidié en esto, eso es lo que digo, barreras legales existen, mucho después."
727,Niritsori irinti neshinonkatantatsiri.,Mi tío es muy generoso.,Mi tía está cuidando a mi primo cuando está muerta.
728,Ikisanaka nopashitantanakariri nosapaatote.,Fue molesto cuando cubrió mis zapatos.,"[Apiinka] dejó a mi compadre, por eso tengo dolor en la cabeza."
729,Otimantaro atojerintsi naro tee katsini niyotakotero oka.,Y ella tenía tuberculosis y yo nunca me enteré de eso tampoco.,"Hay que ser inteligente, no hay nada que hacer, no hay nada que hacer."
730,Yoyajeitake itime chakopiiteriki 2010.,Se esperaba que naciera en diciembre de 2010.,Los guerreros viven en la cumbre de 2010.
731,Irointini kamantantsi endebles.,Eran fuentes muy endebles.,Sólo se habla de los Voyentes.
732,Nobinkatsarite isaikaiti ikimoshiresanoti o itsabiasanotati.,Mi jefe estaba o realmente feliz o realmente loco.,"Como una persona, me dolía la pierna o me asustó la pierna."
733,Ora tornillo oni orijaniki aisati obetsikakotataka.,El tornillo es pequeño y plateado.,Este caracol que comen ellos en el agua está concalorizado.
734,10 000 atiri ikamajeitake oka pomerentsitantsiki Cubana.,10 000 personas murieron en la crisis cubana.,10.000 personas se quedaron en este río Perené.
735,¡Nokoi nokenketsatimotempiro maaroni kantakotirori ora!,¡Quiero contarte todo lo que sé sobre eso!,Voy a hacer todo lo que puedas con esta flecha.
736,Tekatsi ikantetena niyoteri.,Nunca me dijeron nada sobre conocer a alguien.,No tenía nada que darle.
737,"Kameetsa, oshekiteme antyashipate okemetanteariri iriri.","Bueno, era casi lo bastante viejo como para ser su papá.","Bonito, debemos luchar contra el hambre, lo hará igual a su nieto."
738,"Oh, okoanta añamentotsi atiri ari omatea teerika amitakotajero otsipaki.","Oh, lo que vale una vida humana y si se puede o no rehabiliar a alguien.","Ah, como es esto, la vida de la gente, no se puede terminar si no se cura el paludismo."
739,Maaroni ashitakorontsi ashitareajeitaka.,Todas las puertas estaban abiertas.,Todo el cuerpo es un cuerpo.
740,Iroperotatsiri anta asaikanteari obanentsiki eiro ikenkeshireatsi oka timatsiri nampitsiki.,Lo magnífico es que en el campo no tienes que preocuparte por eso como lo harías en la ciudad.,"Como ella era, como una persona nativa, tenía dinero; ella era, como una persona."
741,Osamanitake maba kashiri omonkaratanteari ñaantamentotsi ikitsatantearori ora traje ashi shintsitatsiri.,Se tardan tres meses en completar el entrenamiento en el uso de un traje de presión.,"Hubo algo que pasó, algo que debe haber pasado, algo que debe haber pasado, algo que debe haber pasado, algo que debe haber pasado, algo que debe ser nuestra ropa."
742,Tee itimajeite ayompariteari pajitachari Cutty.,No tenemos clientes llamados Cutty.,No son amigos de la persona llamada Cutty.
743,"Naro nokempetari, arejisati nareetaka.","Soy como, sé lo lejos que he llegado.","No como yo, cuando llegamos, llegamos."
744,"Irotake, oka piyotake. Pamene timatsi pomerentsitimotimpiri.","Estos es, ya sabes. Mira, tienes problemas.","Esto es lo que ves; mira, hay una rama de árbol que parece ser verde."
745,Oijatanaka maaroni monkararontsi irosati yojokrtantakero.,Él siguió todas las reglas y aún así fue expulsado.,"Se fue a todo cuerpo [la flor], ella lo cogió [el árbol]."
746,osheki oka okantakota ora inapee iroojeitake drogodependiente,y mucho de eso es debido al hecho de que las madres son drogodependientes,Mucho lo que tiene mi abuela son las raíces de los drogadictos.
747,Yora apitetatsiri timtsiri irijani yakotantiri iriotake apinti shirmpari antakerori opomerentsitakari iraji.,El segundo que tiene es uno de los cachorros de la camada y el único macho que usó tenía un problema dental.,"Ellas, los dos, son guerreros; son guerreros; son guerreros; son enemigos a todos."
748,Notimini aparoniki pankotsi kiteriiriki Missouri.,Viví en una casa amarilla en Missouri.,Vi una casa en la parte del río Missouri.
749,"Atimajeitini 85 Mallard Creek, iro meeka oni 485tempakea otimatiye aabajeitanajea otimaiti ora 485.","Vivíamos en el 85 de Mallard Creek, donde actualmente es el 485 porque tuvimos que mudarnos debido a los 485.","Aparte del 85o en el río Mallard, que es el mismo como el 485o, hay un lugar donde naciéron nuestros paisanos llamado el 485."
750,Ibetsikajeitake aparo pankotsi Mallard Creek.,Construyeron una casa en Mallard Creek.,Una casa llamada Mallard Creek fue construida.
751,Tee añeroji tampea arikea ora itsare tee oshebateaji.,No había viento así que el vestido estaba quieto.,Ningún cazador o cazador no está obligado a pescar.
752,arikea ora otimini obotsore osheki okametsatake,así que tenía una pinta muy ingeniosa,si ahora la palabra “obotsore” es muy bonita
753,Irootake nokenkeshireantakarori timatsineri.,Estoy seguro de la razón por la cual.,Ya sé cómo se llama el tigre.
754,namabetiro nokempoyantearori anta.,estoy tratando de aguantar allí,"Comido con mucho dinero, mi dinero por vivir en el medio."
755,arikea oka kaari oni jibatatsiri abishimotimpiri aparoni otsitiki,así que esta no es tu primera experiencia con un perro,"Como esto es raro, el sádico, el monstro, el mono, los monos y los tigres son diferentes."
756,Niyotake pikoajeitiro maaroni kiribiropee piñanajeitakeri.,Sé que te encantaron todos los libros que leíste.,Tenía miedo que hubieras vuelto todo lo que has visto.
757,"Apatiro ojokapaaka kipatsiki, irikea nosapatote irosati ikiteti.","Solo aterrizó en el suelo, así que mis zapatos se mantuvieron limpios.","“Como se dice en la tierra, como se dice en el río.”"
758,"Pipenaro aparo minuro, pikoirika pitotero, naro, hum, nojate.","Dame solo un minuro, si quieres cortarlo, yo, hum, me voy.","Haz lo que has escuchado, señorita, señorita, vas a ser lo que has escuchado, la palabra, la flecha, la flecha, las cosas son iguales."
759,Narotake 922,Yo era un 922,Soy ciudadano de 922.
760,Tee noñatajeriji.,No he vuelto a hablar con él.,No me había visto antes.
761,"Kemtaka orijanikitatsiri,okemetaka ora opakenari aitaek otimiri okantayeta opomerentsita iro apitetapatsiri maaroni orijaniktapaatsiri.","Este parece más simplificado, como el que ella me había dado estaba todo detallado y complicado, y el segundo era todo simple.","Le gustó quedarse donde estaba, le gustó que le dio a su hermano todo lo que podía hacer en el futuro. Has visto que es lo que pasa todo lo que se quedaron donde están."
762,Tee niyotakoperoteri pikemakotirirka iñanatakoyetiri irashi Wills Point.,No estoy seguro de si has oído hablar de Will Point.,No tenía con que haber más que decir que la gente está buscando a la persona llamada Wills Point.
763,Tee niyoteroji jaoka ankanterori antabeerentsi oka ipayeetakenari meeka.,No sabía cómo hacer el trabajo que me asignaron hoy.,No sabían que es lo que hacemos; los castigos nos obligan.
764,Ikanteetakena nikoji ora DC.,Me dijeron que fuera al DC.,No hay nadie en el D.C.
765,"Fannie Flono jerokatake aka ari oñaanatakotero okantakota oyenketsatakore ashi orijanitantapaari otimotantanakari Augustaki,AG.","Fannie Flono está aquí y nos hablará sobre sus historias de infancia cuando creció en Augusta, GA.","Hermana Flono que eres de aquí, por eso vemos que el concepto de la “economía de los recursos hídricos” es nuevo, por eso se convirtió en el de la Autoridad Nacional."
766,Niyotajiro ora areteari.,Entendí el punto.,Sé lo que nos dice el visitante.
767,Aparo shirampari ipantake amitakotantsi fisiologico.,Un hombre dio apoyo fisiológico.,A este hombre le dio la enfermedad de la gripe.
768,Iriori itimakerika.,Él habría nacido.,Él también.
769,Ari omatakea añantearo ora traje ashi shintsitatsiri omonkaratea otsonkanteari kitaiteri.,Podríamos haberte entrenado para usar un traje de presión completo para el final del día.,"Aquí vamos a contar cómo hemos visto esta trajeta, estamos en la guerra, los que acabaron el día."
770,Yora shirampari ikiapaake tantorentsiki.,El hombre entró a la habitación.,Este hombre llegó a este lugar.
771,Ibetsiketiro aparoni ashiroki pinasanotachari kapichaji.,Estaban hechos de cobre puro.,"Alguien lo trajo, pero el que lo trajo es un poquito."
772,Ikanti ikenake ijati katonko.,Dijo que bajaron al sur.,Hervía la lluvia para ir hacia la altura.
773,"Irotake oka jibatatsiri, abisaintsiri 75 osarentsi, pinkatsaritakori Texas yojokajieitake sorarotatsiri irio Embajador ashi Texas, onijantiro, ikoabetani embajadores ashi Texas.","Esta fue la primera vez que, eso había sucedido en 75 años, la legislatura de Texas había votado una unidad militar siendo Embajadores de Texas, por lo tanto, necesitaba embajadores de Texas.","Esto es lo que hablan, lo que hablan, 75 años, lo que hablan de Texas, se fue con el Embajador de Texas, él que habla, con los fundadores de los Estados."
774,Añantajeita akaratiri itsipa osheki soraropee.,Entrenamos con otros muchos soldados.,Sabías que todo el cuerpo es negro.
775,"¡Pijate! aririka itimake aparo Cocker Spaneil, irintini otsiti anta karaiteriki nokobasanotiro osheki ¡pijate!","¡Vaya! cuando tenía un Cocker Spaniel, era un perro en el aire libre y creo que me gustaba más ¡vaya!","[Dijo:] “Come el Cocker Spaneil, la similaridad del perro, allá en el fondo, yo quiero hacerlo mucho.”"
776,Apatiro ishineyeeteri yarakote U2 jibatatsiriki kitaiteri.,Solo te dejan volar U2 el primer día.,"Las estrellas viven en el cuerpo de las estrellas, en el cuerpo de las estrellas, en el cuerpo de las estrellas, en el cuerpo de las estrellas."
777,"Meeka tee nojaiteji, arikea tee noñeeroji.","Hoy no he ido, así que no lo he visto.","No voy a ir, no me voy a encontrar."
778,Noki naporoebatea aproniki trato.,Necesito aprobar cada trato.,Mi isula compró mi guacamayo en el plazo de un mes.
779,Nosaro okantani tee oñaanatakotero irijanikitantapaakari.,Mi abuela siempre se negó a hablar sobre su infancia.,"En cambio, como no lo vemos cuando se echa en la trampa."
780,Kennedy iñaanatiri antakotinkari irashi Fuerza Aérea.,Kennedy habló con los pilotos de la Fuerza Aérea.,Kennedy ve lo que está haciendo la fuerza aérea.
781,Ora pintura okampiata ayotanteari jaoka okanta okatsirinkati eiro okoanta amonkaratero.,La pintura cambia para que puedas saber cómo de caliente está sin tener que medirlo.,"– Exigir a los Estados que eviten el vertimiento de sustancias que agotan el ozono, como el metanfetamina y otras sustancias que agotan el ozono, y que velen por su cumplimiento."
782,Ramona oibotanaka nosaikaiti napankaiti nobante.,Ramona se mantenía erguida mientras yo permanecía allí boquiabierto.,"Ramona es lo que me pasa por encima de mis ojos, así se llama."
783,Ora nashiyetachari irobakera okonijatake 2 minutos.,El tipo acaba de aparecer hace 2 minutos.,El mío era igualito hace 2 minutos.
784,Naro ari nomatakero nantero paitarika.,Yo podía hacer algo.,"Yo lo hago, todo lo que hago, lo enrollo."
785,"Kearitatsiri tee yobakojeiteji naturalistas,.","En realidad, no nos consideramos naturalistas.","¿Por qué no se juntan los naturales,."
786,"Bueno, tee nokenkeshireajero, kemetaka, eiro omatatsi nkantiri, nokantiri","Bueno, no recuerdo, parecía que sí, pero podría ser que no, supongo, supongo","Bueno, no voy a hacer más cosas, me parece que el dinero en efectivo es lo que yo hago."
787,Atimajeitake anta pankotsiki kenashiri.,Vivíamos allí en la casa verde.,Nadie vive en esta casa.
788,Nojatake D. C. nameniri supervisor.,Fui a D. C. para ver a mi supervisor.,Me fui a D.C. para visitar a mi supervisor.
789,Ikanti nokatiyayetanaka aparopeeniki abotsi.,Dijo que hizo algunas paradas en el camino.,Es por eso que vengo aquí en este Salón.
790,Iroori okantana otimatiye nojataje intsipaite.,Ella me dijo que tenía que darme prisa.,Es por eso que duermo cuando voy a ir al otro lado del río.
791,Iroori okantani okimoshiretakairo ireento.,Ella siempre alentó a su hermana.,Decía que estaba contento con su corazón.
792,"Jee, tee noshretearoji ari abisake,irokantaicha aitake omatakea mabise.","Sí, no creo que pueda suceder, pero siempre hay esperanza de que ocurra.","Estos no son muslitos sino muslitos, dicen que vamos a terminar con el dios."
793,"Aritake, ¿ari pimatakero pikemena?","Vale, ¿puedes oírme?","Sirvieron, no es lo que has visto antes."
794,"Kameetsa, otsipaki kitaiteri, keariori, yora pinkatsari Kennedy, mm..., itikaakero Cuba aisati, mmm..., akenamentopee yaabake aparo kenamentotsi ruso jatatsinemeri nikoji Cuba aisati iñaajeitapakero ora misiles.","Bueno, al día siguiente, por supuesto, el presidente Kennedy, mm..., bloqueó Cuba y, mmm..., nuestros buques detuvieron un barco ruso que se dirigía a las afueras de Cuba y encontraron misiles.","“Está bonito, como otros animales, como el dueño de la Reina Kenedy, mmm...”, lo llaman “Cuba y otros pueblos, mmm...”. El observador dijo que hay una radiofonía que manda a los rusos que no vayan a visitar a nadie en Cuba."
795,Nojatanake Washington D.C.tee nojatiteaji ikantebetakenari anta kantakantantsiki.,Así que fui a Washington D.C. y no fui directamente a donde me dijeron en mis órdenes.,Me voy a vivir en Washington D.C. para que sane lo que dije anteriormente allá en la Andina.
796,"yantiro kemperi i ashi nintanentsi,ora iyenkeshireane kameetsa irashi oficial","lo hacen como un trabajo de amor, por lo que la idea del oficial es buena","La espuma de coco es la causa de la muerte de mis hijos, pero la historia nos dice que la carne de la persona humana es buena."
797,Tee ayojeiteni jaoka ijajeitiri.,No sabíamos a donde iban.,Ya no hay más aves que habrá quemado.
798,Nojatake obankoki tsio saikatsiri anta. Ojime yantabeti iyotinkari nojatake ibankoki.,"Fui a casa de mi hermana que vivía allí. Su esposo estaba en servicio y trabajó con Inteligencia, y yo fui a su casa.","Yo fui a la orilla a todos los que viven allá. Mi mamá es la persona que trajo la palabra, yo fui a la orilla."
799,Amashitanajaapiajeitanaja abaajeitaja.,"Y, desgraciadamente, volvimos a mudarnos.",Para que se conviertan en muslitos.
800,Pikampiatajero kenkeshireantsi tee piyoteji paita yantiri.,Cambia de opinión porque no sabe lo que está haciendo.,"Si hubieran sido las costumbres antiguas, no sabían que era un murcíelago."
801,Kiariotake ora osarentsi osaike aka kapichaji itsonpoinaki.,Ciertamente el verano estará aquí dentro de poco.,"Como ya eran muchos años que vivían aquí, ahora se muere de hambre."
802,Yobayetakenero kentamentotsi mariteshiki.,Había puesto el inyector el martes.,El balsac entró al mar.
803,"Irootake nojibatiri nokenkeshireiri ainironi norijanikitapake, nokaratke 4 nantakero kaari kametsatatsi.","Probablemente es la primera cosa que recuerdo de cuando era un niño pequeño, especialment4e cuando había hecho algo malo.","Las hojas que trajo, las hojas que hago, las hojas que hago en mi chacra, las 4 que hago, no son bonitas."
804,Ikantetakena ikajemakantena aparo atiri iyotenane.,Me dijeron que llamarían a un tipo para que me conociera.,Me dejó por llamar a alguien que viva en la Tierra.
805,"hum,hum, hum, otimimojeite apinatirori kitsarentsiki.","hum,hum, hum, sí tenemos impuestos en la ropa.","Hum,hum,hum, el dueño de los árboles es el dueño del bosque."
806,Ora opeateari katsirinkajenkari oshitoayeti karayetirori koasanotachari impoiji ariorika otaya aparo arakomentotsi.,La radiación se filtraría de un componente principal después de que el avión se quemara.,"Esto que sale de la lluvia, de las lluvias, de la lluvias, de la lluvias o de cualquier otra cosa, se llama „aeroamento‟."
807,"Okemetaro akempoyeiri piyotachari shimperentsi nashiyetachari, piyoti. Aparopeni shiperentsi ojaa okempetaro oshi imonkarayetantarori irooriki.","Es como un archivo con un montón de pestañas diferentes, ya sabes. Cada pestaña tiene como una hoja de cálculo diferente en ella.","Acompañamos a ustedes a través de sus consejos a los bebitos, a los usuarios y a las personas con enfermedades venéreas. Algunas veces se alimentan con hojas de bijao para que se engorde directamente."
808,"Jampakea, tee noyoteni jaoka okantari ikoayetiri.","Pues, yo no sabía cuánto detalle quería.","Vienen, no sé qué es lo que se dice cuando vienen venados."
809,"Jee, keariotake okameetsati, opariayaiti inkani.","Sí, es realmente agradable, ha estado lloviendo.","Sí, es muy bonita, se derrumbó (se cayó) el árbol."
810,"Opoña, tee aneroji kenketsatakorentsi konijaperori.","Entonces, no tengo ninguna historia concreta.","Después, no se vaya a nacer lo que pensaba su esposa."
811,meeka otimimotana notsiro Alemaniaki,y ahora tengo una hermana en Alemania,Naviriri: Naviriri Naviriri: Naviriri Naviriri
812,"Nosaro okenketsatakaanani osheki kenketsatakorentsi pashiniyetatsiri osarentsite orijanikitantapaakari, oñaanatakotiro oshaninkapee jaoka okantaniri osarentsiki.","Mi abuela solía contarme muchas historias diferentes sobre sus años de infancia y, especialmente, solía hablar sobre su familia y cómo era la vida en esa época.","Como no tiene muchos parásitos, otros niños tienen muchos parásitos cuando están en la escuela, la cultura de los paisanos nos dice cuando era un niño."
813,Ojimetsori ini ibotsore konijari.,Su cuñado era de color claro.,Mi papá es de la chacra de los monos.
814,Ora ñaantamentotsipee antajeitaka anta shiakamentotsiki jenoki orijanikiki.,Las pruebas se realizaron en las cámaras de altitud en miniatura.,“¿Cómo vemos lo que está ahí en la balsa arriba en el río?”
815,Pitaiterite ari oshekiate papropeniki osarentsi.,Tu tiempo sigue aumentando cada año.,No duermes mucho en los años venideros.
816,Yora shirampari ikiapaake pinkatsaritsipankoki.,El hombre entró a la sala del tribunal.,Este hombre llegó a la casa.
817,Notimake chakopiiteriki 1880.,Nació en diciembre de 1880.,Yo he conocido a algunas personas desde 1880.
818,"Noñaakero ora tsinane Fulk kapichaji, iro tee niyotasanotero kameetsa.","He visto a la Sra. Faulk unas pocas veces, pero no la conozco bien.","Vi a esta mujer llamada „Fulk‟ por que era una mujer, pero no era una mujer."
819,Notimi aparoniki manzanapee ashi campus.,Vivo a unas manzanas del campus.,Soy un muslito del campus.
820,"Keariosanotake tee otimeni Augusta, otimini... kameetsa, piyoti, Augusta tekerata onampitsiteta ainiro orijanikitapai yora atiri timayetatsiri nampitsipeeki antyaroite okemeta oka, Augusta tee antyaroteji.","Porque en realidad no vivían en Augusta, vivían en… bueno, ya sabes, Augusta todavía era una ciudad pequeña en esa época, a pesar de que para la gente que vive en ciudades tan grandes como esta, Augusta no es tan grande.","Pero ya no es mujer, no es niña, ni madre, ni padre, ni madre, ni padre, ni madre, ni padre, ni madre, ni madre, ni padre, ni madre, ni madre, ni padre, ni madre, ni madre, ni padre, ni madre, ni madre, ni padre, ni madre, ni madre, ni padre, ni madre, ni madre, ni padre, ni madre, ni madre, ni padre, ni madre, ni madre, ni padre, ni madre, ni madre, ni madre, ni padre, ni madre, ni madre, ni madre, ni padre, ni madre, ni madre, ni madre, ni padre, ni madre, ni madre, ni madre, ni padre, ni madre, ni madre, ni madre, ni madre, ni padre, ni madre, ni madre, ni madre, ni madre, ni padre, ni madre, ni madre, ni madre, ni madre, ni abuela, ni abuela, ni abuela, ni abuela, ni abuela, ni abuela, ni abuela, ni abuela, ni abuela, ni abuela, ni abuela, ni abuela, ni abuela, ni abuela, ni abuela, ni abu"
821,Timatsi amenajeitiri aka teleki.,Estábamos viendo algo en la tele.,Como si estuvieras mirando algo lejos.
822,Okemetaro oka akimoshirebentiro o osheki ashemashirea.,Eso parece ser o muy divertido o bastante aburrido.,Esto nos dice „ahumismo‟ o „ahumismo‟.
823,"Maaroni kipatsiki irajeitiro champan, iro tee itsonkeroji okarati iriri, timaarantatsiri tsotakipee iriro jananekipee, ari asaikajeitake aroripee, oshonkakotee irayetiro champan.","Todo el mundo se sirve champán, pero no todos se terminan lo que se sirven; lo que queda en las copas se lo beben los niños, así que allí estábamos nosotros, dando vueltas y bebiendo todo ese champán.","Todas las tierras que trae la perdiz, pero no es igual como la hermana, la carachama que trae la manochama a las mujeres, las mujeres viven en las tierras, se renueve la producción de la perdiz."
824,Iroori ari omatea otikakobentea kameetsa.,Ella podría defenderse bien.,De allí vienen los daledaleños.
825,"oka okameetsati antime anta nampitsiki, eiro pikenkeshireatsi paitarika oka timatsineri","eso es lo bueno de vivir más en el país, no tienes que preocuparte por nada de esto","Esto es bonito, antiguamente era un pueblo, en cambio ahora se convierte en una religión."
826,"Aisati , oh, iro, oh, nokenkeshirea, tsiteniriki tee nomatea noaye.","Y, oh, pero, oh, pensaría, por la noche no me pude dormir.","Allí están, oh, él, oh, me gustaba ir a la ciudad, no trabajo, nieta."
827,Okonijatimotake okaratie abisatsineri intsipaite.,No tengo dudas de que sucederá muy pronto.,Es una costumbre de muchos paisanos el bebe.
828,Oka irointi aparo kameetsari añanatakoteri.,Esto es un buen punto.,Esto por eso uno es bueno para nadar.
829,Iriori irosati itimi Augustaki otimanakari impoijini antabakantsipee.,Él continuó viviendo en Augusta incluso después de los ataques.,Él es como el bebé de la abuela porque nació en el remolino.
830,"Pipeakotenaro, aitapaji piñaanatake okantakota antaberentsi aerobicos.","Por favor, deja de hablar sobre ejercicios aeróbicos.","Promueve la salud humana, pues es causa de mortalidad a causa de la gripe."
831,Imapokayeta okarati yareeyetakari yaakeri.,Me sorpende con lo que lograron conseguir.,"Vienen cuando llegan, los llevan."
832,Tee katsini noñaanateroni Ramona.,Nunca he hablado con Ramona.,"No hay nada que ver conmigo, Ramona."
833,Noshintsitanake aisati notsonkanakero intsipaite.,Me apresuré y terminé rápidamente.,Me voy a convertir en canoso porque lo acabei de escuchar.
834,Yora céspedes Bermudan osheki otimimotiri antabeerentsi.,Los céspedes Bermudan tienen demasiado trabajo.,Las personas extrañas son en muchos países defensoras de los derechos.
835,Tee katsini nosaikaiteji antabeerentsiyetatsiriki koasanotachari.,Nunca estuve en actividades especiales.,"Ya no hay más, estoy muy triste porque los muertos son comunes."
836,Asaikajeitapaaji pankotsiki maaroni añaamentoki.,Nos quedamos en la misma casa toda la vida.,Nadie vive en la casa en el mar.
837,"Tee, iroori irointini kaari kameetsatatsi.",".No, ella era horrible.","No, eso no es bueno."
838,"Oñaanati itsipaite, oñaanantati impokirotsaki.","Y está hablando muy rápido, está hablando por teléfono.","Estaba pensando en mi papagayo, estaba pensando en una papagayo."
839,¿Pikibantayetake museo Canadaki?,¿Visitaste algún museo en Canadá?,¿Tienes alguna opinión sobre el museo de la Orquídea?
840,Tee otimimotena kitaiteri nantantearori maaroni timayetatsiri paitapeerika.,No tuve tiempo para tratar todo tipo de lo que sea.,"No hay nadie que me cuide, un día; todo lo que yo trajo, cualquier cosa que trajo."
841,Ikantayeti otimatiye itimeme.,Se suponía que debía haber nacido.,Como se llama „la voz de los muertos‟.
842,Notikantearo irosatitatsi konijatatsiri otsipasatoki revistas.,Cubro las mismas cosas que las otras revistas.,"Vi al transformador que se convertía en una persona, los revistas."
843,Tee katsini nojate 922.,Nunca fui un 922.,No voy a irme al 922.
844,Iroori ari omatakea otikakobentea otsitiki kobenkari.,Ella podría defenderse contra perros salvajes.,"En cambio, allí se remueve el racismo y la discriminación racial."
845,Tee nokemeroji aparopeeni kenketsatakorentsi,No he escuchado ninguna historia,No he visto a una jovencita que desempeñe estas funciones
846,Iroori tee okampiatajea okantayeta.,Ella no cambió su comportamiento en absoluto.,Ellas no se remueven más cuando muere.
847,Yora pinkatsari Fuerza Aérea irashi Estados Unidos irobakera intaro obametantsi oka tsonkitai.,El Jefe de la Fuerza Aérea de los Estados Unidos acaba de comenzar su carrera esta semana.,"La fuerza aérea de los Estados Unidos es lo que hago primero, me has dicho esto."
848,Oka tee nokemeaji nokimoshirete nosaikantaitari anta tempa nokemaitiro obashiretantsi.,Esta vez ni siquiera me sentía feliz de que estuviera allí porque estaba tan estresada.,"Esto no sé como soy, como soy feliz porque estoy en este lugar."
849,"Pinkatsatantsiki, tee niyote, tempakea tekerata naye osheki kitsarentsi akitsateari , akanteri keario","Honestamente, no lo sé, porque todavía no he tenido que llevar tanta ropa de vestir, a decir verdad","Tráeme la ropa, no tengo hija, porque temprano tengo que tener mucha ropa. Vamos a darle, si quiere."
850,Yobayeetakena nojatanteari anta obametantsipankoki.,Me eligieron para ir a esa escuela.,Para que me vaya mi camión por aquí en la chacra.
851,Yora atiri iyotini kaari ini kitamarori.,La gente sabía que no eran blancos.,"Él es que trajo, el brujo."
852,Noshitooriabetaka oka oshekiki osarentsi.,He estado estudiando esto durante años.,Esta moena comenzó a ser muy adultera.
853,ay no naro notimi nikoji pankotsiki,ay no yo vivo fuero del recinto,"Yo no, yo lo hago, mi esposo, nadie en la casa"
854,"Iroori okanti, eiro pikenkeshireashita, piyotake, payero pitaiterite.","Ella dice, no te preocupes, ya sabes, tómate tu tiempo.","También es lo que se llama „economía verde‟, „economía verde‟, „economía de los ríos‟, „economía de los ríos‟, „economía de los ríos‟, „economía de los ríos‟, „economía de los ríos‟, „economía de los ríos‟, „economía de los ríos‟, „economía de los ríos‟."
855,Eiro nomatirotsi nokemisantiro.,No puedo escucharlo.,No sé qué es lo que tengo en mi cabeza.
856,Tee nokantasanote jaoka otimi oka.,No estoy seguro dónde es esto.,"No sé quién soy, mujer o hombre."
857,"¿Pikenkeshirea aparopeeni atiripee, ari imatakea yoyakotero kitaiteripeeki otime itikayero ora kitaiteri koni?","¿Crees que, para algunas personas, valdría la pena esperar durante un período de retención de cinco días?","¿Has venido más tiempo, hermano? – Ya va a llegar el día en que tengamos un día o venia. – Ya va a llegar el día en que tengamos un caballo."
858,Ora tsinane amitakotenaneri osaiki otsipaki anta nampitsi.,La chica que me puede ayudar está en la otra punta de la ciudad.,Esta mujer que me dijo que me fastidió se encuentra lejos de nosotros.
859,Shiramparisanotake ishiyari itsibota oorea kaari makoreatsi.,Es tan horrible con la incesante luz del sol.,Al Escarabajo le gusta a su silla porque es dulce.
860,"opoimati ñaatsarontsiki, imapokakayetanaro jaoka okarati timatsineri añeiri","suena muy divertido, sí, me sorprende cuántas cuántas cosas permitirían","Me dañan las heridas, me enseñó quién eran los tigres, yo soy."
861,Nosankenatakero aparopeeni antabeerentsi ikantakeri.,Anoté cada trabajo que dijo.,"He visto muchas cosas que hacían, lo que hacían."
862,Ojatake obankoki impoiji nokajemake oka ñakarontsiki ikanteetiri irotake akajemanteari ariorika areetapaakesa anta.,Así que fui a su casa y luego llamé a este número al que se suponía que debía llamar cuando llegué allí.,"“Yo voy a ir hacia la orilla del río; yo no me siento bien; estas palabras de Dios, éstas son de cura cuando llegas allá.”"
863,Iroori tee oñaanatenaji.,Ella no me habló.,De eso no se sabe.
864,Apiajeitajaro anta antabeerentsiki akemajeitapairi mofeta.,"Cuando regresamos de un evento, encontramos una mofeta.",Los hemos vivido en el anciano desde que era niño hasta que fue muerto.
865,Iroori tee intimeni orijani.,Ella no tenía cachorros.,"De donde vienen, no son muy queridos."
866,"Opoña, nokenkeshirea paita napiitajeri noñaanateri anta Ramonaki.","Entonces, pienso que hablaré con Ramona de nuevo.","Después, me pregunta qué es lo que me pasó cuando me vio en este lugar."
867,Nopakeri maaroni okantayeta tempa niyotake ikoironi.,Le di todos los detalles porque sabía que los quería.,"Yo lo he visto todo lo que pasa, aunque sea rápido."
868,Ora base Fuerza Aérea Laughlin okantani ashitarea.,La Base de la Fuerza Aérea Laughlin siempre ha estado abierta.,La base de la Fuerza Aérea Laughlin está relacionada con el uso de agua.
869,¡Pijate! Kameetsa oka oni fresno.,¡Vaya! bien esto es Fresno.,“Comeña! Que es bonito este plátano.”
870,Yora jananekipee irajeitakero 3 boteeya ashi champan.,Los niños bebieron 3 botellas de champaña.,Ahora en el pueblo viven más de tres ollas de maíz.
871,Timatsi notsiro osaiki meeka anta Cubakii.,Tengo una hermana que está ahora mismo en Cuba.,Como si tuviera una casa antigua en Cubaqui.
872,Piyobetani omantsitasanotakero atojerentsi.,Sabía que estaba muy enferma de tuberculosis.,A las personas les hizo dormir en la cama.
873,Okenakashitari nokenkeshireari yora jurados ikantani ikarajeitini tsaapite atiripee.,Estaba equivocado al pensar que los jurados siempre se componían de doce personas.,"Pensaba que iba a ser mi consejo sobre jueces, sobre todas las personas con cuernos."
874,"Kemtaka ashereakena, keariotakerika, yomishitortskeri yatikantakari iitintsipee intsipateketi","Golly, sabes que él ni siquiera siguió ninguna de las reglas y a mi ni siquiera parecía molestarme, por supuesto, lo sacaron a patadas de inmediato","Me dolía mucho, y si fueras un sapito, lo entierran [en una olla]. “Allá en la casa de la madre de los niños.”"
875,Ora cableado kaari oni pomerentsitantsi.,El cableado no es el problema.,Este barro es raro porque es dulce.
876,Ikametsataperotake antyari irintanteari.,Es lo suficientemente mayor como para ser mi papá.,Antiguamente había sido un cazador; por eso es un cazador.
877,Okatsitimotanakena tee nomatajeroji namabetajero.,Me habían causado tanto dolor que no podía soportarlo más.,Me desobedecían los dientes porque no teníamos nada que comer.
878,"Nokenkeshirea kameetsa, nojate nojokajeri ijateta itsipa, impoiji ikenkeshireaje, ¡Tasorentsi nashi!","Lo pensaría. Bueno, voy, voy a dejar que vaya otro, pero luego pensaría, ¡Dios mío!","Estoy pensando que es bonito, voy a ver cómo se va a su chacra, vienen [los parientes] pensando: “La carachama es mía!”"
879,"Brian en Plano, Texas, ¿jaoka okantameeka?","Brian en Plano, Texas, ¿cómo estás hoy?","Brian es de Plano, Texas, ¿dónde está?"
880,"tee, anteroji aisati tee niyoteroji, te noshiretearoji","no, de hecho ni siquiera lo conozco, no creo","No, el antero hay, no es igual, no es igual."
881,Locust Hill ini kameetsaperori.,Locust Hill es el mejor.,Lo que llamamos „Loust Hill‟ es mejor.
882,Aririkame otimeme yantearori ari imatakero yantero.,Si hubiese algo que pudiera hacer.,"Si tenemos algo que hacer, tenemos que hacerlo."
883,¡Nochaine irintini atiri kameetsashireari piñeeri aparo koajikani!,¡Mi abuelo era la persona más agradable que encontrarás alguna vez!,Yo pienso que el hombre es igualito como una jóven.
884,Nosaro okenketsatakaana osheki paitarika ashi osahninka irijanikitantapaakari.,Mi abuela me contó muchas cosas  de su familia cuando ella era pequeña.,"Mi cuñada no sabía mucho sobre este, cuando la gente llegó a este lugar."
885,"Opoña, baajeitanaja Las Vegas, NV, nokamantakotakero, aisati nokemetakero Washingtonki, okenayetanteari niyakiki Las Vegas.","Y entonces, nos mudamos a Las Vegas, NV, y yo informé, igual que lo hice en Washington, a cierta dirección en el centro de Las Vegas.","Después, voy a ir a vivir en Las Vegas, NV, voy a darle mi opinión, voy a darle mi opinión de Washington, voy a vivir en el centro de Las Vegas."
886,Fannie Flono otimatie napiitakotajero aisati eiro omata akenketsatakotero apaitapeerika kenketsatakorentsi meeka.,Fannie Flono tuvo que reprogramar y no puede contarnos ninguna historia hoy.,"Hermana Flono, son cosas que debemos pagar por todo el dinero que nos trae, debemos pensar qué hacer con este dinero."
887,Ora okameetsatanteari okontororateamanamentotsi antearo apiteketi iitintsi.,La mejor manera de controlar las armas es usar ambos pies.,"Para que sea buena y para que nuestra vida sea eficiente, debemos destinar la mayor parte de nuestra energía a la alimentación."
888,Oijatana nomishitakotari kobenkari tikaanarini kaari nomaanta.,Seguí teniendo pesadillas que me impedían dormir.,"Yo fui a enterrar a los muertos por causas naturales, por eso no puedo enterrarlos."
889,"Maaroni ipajeitakenaro iroori ñaakarontsi, tekatsi ojitasanotanakea ikantayeetakenari, maaroni irointi tseyantsi.","A todos nos dieron el mismo número exacto, sin importar los privilegios que nos prometieron que se nos concedieran, todo era una mentira.","Todo lo que ella representó a la niñez, niña niña, niñas, niñas, niñas, niños, niñas y adolescentes."
890,"Nokenkeshireari narori, ajajeite inchatomashiki.","En mi opinión, lo mejor sería acampar en el bosque.","Yo también, voy a decir, voy a quemarlo, voy a quemarlo en el árbol."
891,Nokantajeiti ora timajeitatsiri iroojeitake nokoajeitiri nobetsikanteariori oka.,Estoy seguro de que los totales son todo lo que necesito para resolver esto.,"Esto que digo, esto que trajo, esto que trajo, esto que construyeron, esto que construyeron."
892,Okanti ari omatakero ayero jaokarikepee.,Dice que puede conseguirlo cuando sea.,"[Por eso], allí lo guardan [el tazón], los hojas."
893,Tekatsi katsini ñeeroneri peerani oka nashiyetachari pomerentsiri ashi cableado.,Nunca antes había visto este tipo de problema de cableado.,"“No hay nada que ver, no hay nada que ver. Como nació mi paisano, conviértete en una persona”."
894,Ora inapee irojeitake drogadictas.,Las madres son drogadictas.,Ahora las señoritas son señoritas.
895,Tee okatiyajeiteji kenamentotsi teempakea teeokoajeiteji antabakantsi.,No pararon ningún barco porque no querían conflicto.,"Ya no hay más un sistema de vigilancia, ya no hay más, ya comenzaron a trabajar."
896,Ikantake añaanteari aparo ora fregona.,Sugirió encontrar una fregona.,Para que nazca una persona.
897,Ora shintsiri jenokisato amantajeitake arakomentotsi.,Las fuerzas aéreas compraron aviones.,El hombre corre en el cielo para ocultarse [porque] viajaba en avión.
898,"Hum, impoiji nobaanaja irobakerariki pankotsi.","Hum, después nos mudamos a una nueva casa.","Veña, veña, yo soy un huérfano de la casa antigua."
899,Iriorijei iventsikajeitakero irobakerari regulador.,Ellos inventaron un nuevo regulador.,Son cosas fabricadas que tienen su regulador.
900,Tee aretajeaji katsini aparopenin arakomentotsi.,Nunca llega ningún avión.,"No llegaron, no llegaron muchos aviones."
901,Yora ejercto itiyankakena DC intsipaite.,El ejército me envió a DC de inmediato.,Este extracto me dio en la ciudad de Naviriri.
902,Ora abankoni osaiki apite manzana.,Nuestra casa está a dos manzanas.,Mi hermana dice que hay dos serbios.
903,"oh, kaari oni keariori, oh, consistente","oh, eso de verdad no es realmente, oh consistente","oh, ¿cómo se llama?, oh, el grueso."
904,Maaroni itomipee itimajeitanake.,Todos sus hijos sobrevivieron.,Todo el cuerpo se muere.
905,Timatsi osheki kenketsatakorentsipee anta nampitsiki karatsenpekiro.,Hay muchas historias en la ciudad desnuda.,Había muchos paisanos que vivían allá; en ningún lugar en este lugar.
906,Ijapinijeitake apite tsonkitaiteriki iriorika yora atiri manatatsiri irosarentsite irosati jenokinta.,Los dejan ir más de dos veces a la semana si las personas de la tercera edad están a la altura.,"Donde vienen estos dos ancianos, si ellos son verdaderos orinos, hay un cuñado en la parte alta."
907,"Aparoni kitaiteri ajajeitaiti konijariki ek, anta apiajeitaja aparoniki antabeerentsiki atsibojjeitapaja tsiomentotsiki añaapakero apro otimaiti mafeta","Una vez fuimos a esa cosa, eh, allí, regresamos de un evento y encendimos las luces alrededor del campamento y había una mofeta","Un día, él que fue a traer leña, este, este, este, este, este, este, este, este, este, este, este, este, este, este, este, este, este, este, este, este, este, este, este, este, este, este, este, este, este, este, este, este, este."
908,Iroobetanchame nojokanajero.,Casi termino renunciando.,"En cambio, es una cosa que me gusta mucho."
909,Yora jananeki kamaintsiri yamashibeta itimantakari.,El niño que murió había nacido con problemas de salud.,El cura estaba en el monte trayendo hojas para tomar.
910,Nokenkeshirea ijokeme itsipa ampinaenaneri apatorentsiki.,Pensé que iba a dejar que alguien tomara mi lugar en la reunión.,Estaba pensando que mi esposo iba a ir a pescar en el monte.
911,Otimatiye ojoekatearo ora regulador.,Tendría que jugar con el regulador.,Tiene su origen regulador.
912,Atimajeitiro ora ashitareamentotsipee.,Teníamos las llaves con nosotros.,Esta religión se alimenta de sangre.
913,"Tee nomateroji, amashitakeata ari okanteari.","No estoy seguro, pero tal vez sea así.","No vivía en las alturas, estaba cerca todo."
914,"Jee, atiri iriotake timatsineri antabeerentsiki jaokarika okantapaiteanakea o ikantayeteri ari omenkoriteamane otimatiye yayero ikantajeitiri.","Sí, personas que podrían estar en el trabajo en cualquier momento o cuyas decisiones podrían nublarse si tuvieran que tomar una decisión.","Sí, el verdadero sádico es el que puede curar la enfermedad; dondequiera vaya o lo que vaya a ser, allí habrá un ambiente propicio para que las personas sean difundidas."
915,Nobaanaka aisati nokoyaajiro nomotire nojataji anta nokenkeshireakari nareateariki.,Continué y recogí el equipaje y fui a la dirección que se suponía que debía.,"Me chacté de los comuneros, llego a traerlos, voy a ir allá voy a estar lista para llegar."
916,"Osheki ikantetakoterori oka, omatea nomitajero oka.","Hay tanto que se puede decir sobre eso, que sencillamente me voy a saltar eso.","Esto es mucho lo que costó, nunca lo fui a ver."
917,Amenajeitironi television.,Estábamos mirando la televisión.,La vio en la televisión.
918,"anta pikanta kameetsa, ¿piyotake pikenkeshireakotero piyamisetate aisati naro?","allí vas bien, ¿sabes qué piensa de tu camiseta y yo?","– Si es bonito, ¿quién vas a ser, a la hora de hacerte orar, a tu dios y a esta mano?"
919,Ikoasanotakero iyotero jaoka okarate yobanteari.,Estaba muy interesado en saber cuánto podía comer.,La religión de la mujer es la chacra y la palabra fornicatoria.
920,Yaanakena osheki kitaiteripeeirosati ibankoki chainepee.,Me llevó mucho tiempo conducir hasta la casa de mis abuelos.,Me llevaron muchos días en la cocha de las cabras.
921,Noyakotero otimimotempi aparo makoreantsi osarentsi mashitsarentsi.,Espero que tengas unas vacaciones de verano miserables.,Quería a mi hijo que nazca mono en los años venideros.
922,Aabakeri itsipasatipoee osari onashitakari teempa ini kisaari.,Trataba a los otros nietos de forma diferente porque eran negros.,Lo trajo al nieto porque no tenía bigotes.
923,Eiro otimitsi pantero maaroni.,No tienes que hacerlo todo.,No hay nada que comer en todo el cuerpo.
924,Narosati jibatakanteroneri irosatitatsiri.,Me estoy encargando de lo mismo.,Mi pañuelo es el más calloso de los dos.
925,¿Paita timatsiri itikantearori koni kitaiteri kobatsiri yamanante manamentotsi morekatsiri?,¿Qué hay de tener una retención de cinco días en aquellos que buscan comprar armas de fuego?,"¿Por qué le dura un día en el uso del agua, al hombre que busca un hogar o una casa grande?"
926,Opinata kapichaji akitsatearika.,Es muy barato vestirse.,Hay un poco más cuando estás en la cama.
927,Itsipa atiri ikenkeshireakotiro iyenkeshireane oficial okameetsatasanoti.,Otra gente piensa que lo del oficial es una idea brillante.,"Esta persona [persona] tiene las costumbres de las costumbres de la gente, formalmente [porque] tiene sexo."
928,Tee pikajemeji anta.,No estás llamando desde allí.,Ya no hay más.
929,Ora ijina okantakotiro ora ijinani yashitakotironi maaroniki añaamento.,La esposa se aseguró de que su ex estuviera encerrado de por vida.,"Las mujeres se ven afectadas por el VIH/SIDA, por todo tipo de enfermedad."
930,Nokoi nokitsatea kameetsa.,Me gusta vestirme bien.,Las piernas de mi mujer son muy bonitas.
931,Eiro pashereanantsi pisankenati tekatsi.,No me molesté en escribir nada.,No hay nada que tuvierte.
932,Iriori tee itimeji irosati 1984.,Él no nació hasta 1984.,Ellos no viven más allá del 1984.
933,Tee ayojeiteni jaoka ikibantiri apatorentsitakoriki.,No sabíamos adónde viajaba el grupo en la interestatal.,No hay nadie que come carne humana en la chacra.
934,"Yobayee... yobayeetena nokarati 15 atiri ajatanteari obametantsipankoki, eiro nojatitsi, eiro nojatitsi.","Me han... me han elegido entre 15 personas para ir a esa escuela, y no voy a ir, no voy a ir.","Bravo, bravo, bravo, bravo, bravo, bravo, bravo, bravo, bravo, bravo, bravo, bravo, bravo, bravo, bravo."
935,"Antea jee aitake, irokea ora regulaciones osamanitake osheki opeanteari meeka okonijate.","De hecho lo es, pero las regulaciones tardaron mucho en convertirse en realidad.","Yo voy a decir que sí, estas reglas son muy duras, pero sí, son duras."
936,Iroori otimake intantanakarori ora siglo,Ella nació a principios del siglo,Ellas son personas de origen amazónico.
937,Naro apaniro nantayetakero aparopeeni ora amanakoyetirori ashi ñaantamentsotsi ashi shiakamentotsipee ojenokiti orijani.,Yo era el único que alguna vez ejecutaba los reguladores para la prueba en las cámaras de altitud en miniatura.,"Yo lo hago solo, lo construyo para que sea rápido, ya queman la vida a causa de la ociosidad de los animales, de los rayos o de cualquier otra enfermedad."
938,Tee opomerentsiteaji akenkeshireakoteri iriori.,Era muy fácil darse cuenta de ello.,"Ya no hay en el mundo, no se habla de ella."
939,Tee niyoteji osaikanakerika Augustaki impoijirika oka.,No sé si se quedó en Augusta después de eso.,No sabemos cuántos meses tiene Augustaki cuando viene este.
940,Tee abishimotena katsini noitoki nojokantajearori.,Nunca se me pasó por la cabeza renunciar.,"No hay donde vivir, no hay en mi cabeza [para vivir]."
941,Piyobetaka tekatsi timatsine ora nantemeri.,Sabía que no había nada que yo pudiera hacer.,Como no hay nada que hacer.
942,Ora inapee tee anteroji okantakotiri aabintarontsipee.,Las madres no toman prescripciones ni medicamentos.,"Esta mujer no cometía fornicación, como le hacían nuestros paisanos."
943,"irintini irashi Wills Point, tee niyoteji piyotirorika","era de Wills Point, no sé si lo sabes","Ellos son similares a los de Wills Point, no hay nada que aprender"
944,Tekatsi amterone amitakotenane.,No hay nadie que pueda ayudarme.,No hay un hombre en la comunidad.
945,Nokenkeshireabetaka ipokantakari yantabakaempa.,Pensé que venía para pelear.,Me gustaba hablar cuando vinieron [los enemigos].
946,"Aitsarepee irosatitatsi irashi astronautas, irompa ashi masabirentsi, iro ashi obetsikajeitaka.","Nuestros trajes eran los mismos que los de los astronautas, excepto para reflejar el calor, los nuestros eran plateados.","Como no tenía sexo, era un hombre cosmopolita, [por eso] le dieron masato, [por eso] se convirtió en mujer."
947,Ora pintura okampiatiro iroyata obotsore.,La pintura cambia según el color.,Esta pintura que nos da morbilidad es muy dolorosa.
948,"Nokameme notashe, irosati nojatantaka cafeteriaki.","Me moría de hambre, así que fui a la cafetería.","Yo lo hice, por eso voy a ir al café."
949,Kapichaji opomerentsita naroriki nantearori noshintoanta.,Es un poco más difícil para mí llevar a mi hija allí.,Ya viene el mío desde Naviriri para hacer mi masato.
950,"Kameetsa, irotake oka kameetsari tee nokenkeshireajero jee ari.","Bueno, esa es una buena en la cual no había pensado que sí.","Bonito, es bonito, no lo hago más."
951,Maaroni atiripee tee imateroji ñaantamentotsipee eiro katsini yareetaro yare U2.,La mayoría de las personas desaprueban exámenes y jamás logran volar U2.,Todos los usuarios no tienen motor. Los usuarios tienen pocas tripulaciones.
952,Ikoye maaroni yora atiripee koatsi anta juradoki.,Pueden elegir a todas las personas que quieran en el jurado.,Los niños y los adultos son iguales ante la ley.
953,"Ora impanekimashi okameetsati iroperori nampitsi kameetsasanoperori akibantanteari, irotake pomerentsiri aparotatsiri oka nonampikipee nokoasanotiri, ¿iro ora pashi abirori?","La playa era hermosa y ese era realmente un lugar muy agradable para visitar, así que ese es probablemente uno de mis lugares favoritos, ¿y el tuyo?","Ahora en la arena mucho bonito, yo también, mucho bonito para la cena, la cena de la cena, la cena de la cena, la cena de la cena, la cena de la cena, la cena de la cena, la cena de la cena, la cena de la cena."
954,Nominkiakero maaroni kitateriki.,Lo metí todo a tiempo.,Yo he escuchado todo el tiempo.
955,"Mataka, nomatanentakero nantero.","Obviamente, estoy tratando de hacerlo.","Estoy dormido, la voy a convertir en canoso."
956,Oka irointi aparo kenkeshireantsi kaariperori nojokakero otsipaniki tsonkitai.,Esa es una idea tonta que descarté la semana pasada.,Esto es lo que dice una persona pobre: “Cuidado al sol.”
957,Narobetaka yojokimetenteri koasanotachari.,Yo era el candidato más creíble.,Tengo que hacer que se aparte del racismo.
958,Piyobetaka ora antabeerentsi antenpame meeka.,Sabía que el trabajo debía hacerse ahora mismo.,"Como nacen los mestizos, nos obligan a caer [en el agua]."
959,"Ikanteeti akajemero, iro tee nanteroji.","Se suponía que llamaría, pero no lo hice.","Le dijo [a su hermana], “Ahora vas a morir, no hay nada que hacer.”"
960,Nobakaro ora pizza tee osamanite apite minutos.,Me comí la pizza en menos de dos minutos.,"Yo tomé esta pizza, no duerme más de dos minutos."
961,Nokenkeshireakotakero intanteari irashi irijaniki jardin,Estaba preocupado por empezar el jardín de infancia,He sufrido mucho desde que nació la rana en la orilla del río.
962,Yajeitakero osheki kitaiteri itsonkantearori ora antsitantsipee.,Se tomaron mucho tiempo para terminar las costuras.,Lo llevan muchos días porque está seco.
963,¿Paita itsipasati otsiti ebonkiri timimotimpiri?,¿Qué tipo de perro joven tienes?,¿Quién tiene la cabeza o el cuello bueno?
964,Añaajeitapairi aparo kaabira campamentoki impoiniji itsibakantanakari tsiborontsipee.,Encontramos una cabra en el campamento después de haber apagado las luces.,Vivía con él desde otro campamento cuando era una mujer.
965,Iriori irosatitatsi itimi Augustaki.,Él continuó viviendo en Augusta.,Su verdadero nombre es Augustaki.
966,Iroori otimi ora omeshina konijasanori okemetanteariri afroamericana.,Ella tenía la piel clara para ser afroamericana.,Esa mujer es la esposa de un muslito similar a los afroamericanos.
967,"Akeiajeitake, ora ashitakorontsi ashijeitaka.","Cuando entramos, las puertas estaban cerradas.","Ya están vivos, este árbol, ya están vivos."
968,Ariorika tee ikantenaroji.,A veces no me lo dicen.,"Si no, te van a castigar."
969,Eiro nokoaperotirotsi karati potsorentsi payeri.,No me importa qué color elijas.,No soy igual o igual a la hermana.
970,"Jee, otimimotempi antyaroite osarentsi.","Sí, que tengas un gran verano.","No, el niño tiene mucho miedo."
971,"Jee, atiri amashitea terikamachata ayeri itashe.","Sí, gente que quizás no tenga hambre.","Sí, el sádico no puede escapar con esta flecha."
972,Iroori okanti ora iniro timatsi okempeta ariroika aniite,Ella dijo que su madre tiene el mismo caminar,"Es por eso que tu madre te dice „sí‟, „como la madre del sol.‟"
973,Timatsi amcosaajeitiri aka teleki.,No me importa qué cosa puedan pagar.,Como si estuvieran en el remolino.
974,Abaajeitana maaroni akarajeitiri 1968.,Desplegamos nuestras fuerzas en 1968.,Todo lo que me dejó en 1968.
975,"notekatsitakoti oka kamantakotantsiki oka ikenteetakero kotsiroki ijinani irosati yobamantakaro iroori omaini otsipatari itsipa shirampari, mokanteri ojimeni ojokajiri piyotake oka añanantakotiri","soy libre de la acusación de que un tipo apuñaló a su ex esposa hasta la muerta porque ella estaba durmiendo con otro hombre,  quiero decir ex esposa, sabes que estamos hablando y","Tenía que ser este aviso que hizo la mamá como se llama „coca le dió a su mamá‟. Esta mujer que se llama „coca le dió a su mamá‟, que le dio su cushma a un hombre que trajo carne humana. Tenía que moler el ojo de la mujer que veía este aviso."
976,Noaiki Missouri.,Estaba en Missouri.,Me llamo Missouri.
977,Keariosanotake nantatiro kameetsasano imateri.,Realmente estoy haciendo lo mejor que puedo.,"En cambio, cuando lo hacían, están bien escondidos."
978,Apimantajeitakeri maaroni abirapee abajeitantanajari Concordki.,Vendimos todos nuestros animales cuando nos mudamos a Concord.,"Como ustedes lo estiman, el visitante de la ciudad de Concord."
979,Amashitea nokemero.,Creo que lo oigo.,Estoy seguro de que te va a llamar.
980,Nokoiri otsiti peranti intsonpoinaki nokobabeta notsipateari karaiteriki maaroniki kitaiteri.,Prefiero un perro perezoso de interior que uno activo que querría estar al aire libre durante todo el día.,Voy a decir que a la persona humana le dio la muerte después haber estado allí un promedio de varios días.
981,Aparopeeni atiri ikoiro kobenkatatsiri yantiri.,A algunas personas les gusta el caos que crea.,Muchas personas mueren por causas de gripe.
982,"Ariorika pamanantayete paitarika articulo, koasanotachari antyarotatsiri amanantantsi articulo, irotake pipinatiri okantani oshekiyero aparo impuesto karatatsiri diex porciento.","Cada vez que compras un artículo, especialmente un artículo de gran compra, es algo en lo que pagas y siempre has añadido un impuesto del diez por ciento.","Si vas a visitar cualquier cosa que no sea lo que buscas, este, este, este, este, este, este, este, este."
983,Irento aake ojime shirampari kisaari.,Su hermana está casada con un hombre negro.,El hijo del hombre que raptó a su esposo.
984,oh arimpa ipoñaayetari ikantetiri,oh así que de ahí viene lo que dices,"¡Oh, el dios que viene de tu dios!"
985,Nosankenatakero maaroni.,Traté de anotar todo.,Has visto en todo el cuerpo.
986,Aparoni jananeki ikamake koni irosarentsite.,Un niño murió de los cinco.,Todavía hay un remolino en mi casa.
987,Notikantearo irobakerari yantayetantearori.,Cubro completamente el material nuevo.,Vi al mismo [remedio] con lo que lo hace.
988,Ora paradoja akamantakotakeri okameetsati añaanatakoteri.,La paradoja que mencionas es un buen punto.,Esta balsa que construyeron es buena para hacer una choza.
989,Niyotake eiro pimatirotsi pikemena.,Sé que no puedes oírme.,A mi nieta le gusta comer piñas calientes.
990,Iroori okoasanotake iyotasanotero jaoka okantari okaanata kireeki ora cooperativas de ahorro aisati credito.,Ella estaba interesada en saber más acerca de como ganaban dinero las cooperativas de ahorro y crédito.,"Por eso se defiende la diversidad cultural, ya sea de las cooperativas de ahorro o de crédito."
991,Tee ikoasanoteroji okanatakotiri.,No estaba interesado en absoluto.,No se sabe cuántos años tiene.
992,Irinti ini antyarishekitirori narori.,Él es mayor que yo.,Tú vas a ser igual que yo.
993,Imapokayeta yoiminkakayeteri irobanaro jero imireteri anta.,Me sorprende que te dejaran entrar allí con comida y bebida.,"Vienen para que sean ociosos, ociosos, ociosos, ociosos, ociosos, ociosos, ociosos."
994,Yora kaabirapee isaikajeitanake aisati yabisakojeitake.,Las cabras estaban seguras y a salvo.,Aquí en la ciudad están los que viven juntos.
995,"Yapanirotanteari ashi amitakotantsi, ashi añaamento okameetsatasanoti.","Independientemente de la rehabilitación, la vida vale la pena.","Para que crezcan las estrellas de la educación, de la vida y de la salud."
996,Iriori oshekisano yebankariti anta irooriki.,Él era mucho más joven que ella.,Él [el armadillo] es muy querido por todos los que él trajo.
997,"Yora shirampari otimini pomerentimotariri iraji, irio itsipa apitetatsiri irijani ipoñaka kajarashiki.","El macho tenía un problema dental, y el segundo cachorro procedía de la basura.","Este hombre es, por eso escuchamos, nuestro padre, nuestro papá, los dos son iguales."
998,Apaniro atiri ikamake posakotantsiki pomerentsiriki Cubana.,Solo una persona murió en un accidente en la Crisis cubana.,Solita estaba la persona que calló en la orilla de la ciudad llamada Cubana.
999,Ora kepiarijenkari itsibakajiro yora antakotirori arakomentotsi.,La bomba había sido desactivada por el piloto.,"Todo lo que me hizo dormir, este, el motor, el avión."
1000,Noshitoanaji 2002.,Me retiré en 2002.,Nació en 2002.
1001,Tee nomabetero ora iyenkeshireane irashi directivo.,No soporto la idea de ser directivo.,No conocían a las mujeres directivas.
1002,Iñaanatakotiro maba konijayetatsiri.,Él habla de tres cosas.,El oso está pensando en las mujeres.
