backbone,baseline,challenger,word_order,removed_index,leave_one_out_delta,delta_reduction
mBART,Baseline,CLRR+LSR,0,0,0.6887738340073426,0.0019513413181648787
mBART,Baseline,CLRR+LSR,0,1,0.6901607755947374,0.0005643997307700488
mBART,Baseline,CLRR+LSR,0,2,0.6881123745903217,0.002612800735185772
mBART,Baseline,CLRR+LSR,0,3,0.6919511543229468,-0.0012259789974393698
mBART,Baseline,CLRR+LSR,0,4,0.6916488392690425,-0.0009236639435350469
mBART,Baseline,CLRR+LSR,0,5,0.6931878673910248,-0.0024626920655173024
mBART,Baseline,CLRR+LSR,0,6,0.696220074593846,-0.005494899268338571
mBART,Baseline,CLRR+LSR,0,7,0.6137881076755392,0.07693706764996833
mBART,Baseline,CLRR+LSR,0,8,0.6914626710167404,-0.0007374956912329367
mBART,Baseline,CLRR+LSR,0,9,0.6951468576086945,-0.004421682283187067
mBART,Baseline,CLRR+LSR,0,10,0.6858982948452343,0.0048268804802731324
mBART,Baseline,CLRR+LSR,0,11,0.692138918599305,-0.0014137432737975075
mBART,Baseline,CLRR+LSR,0,12,0.6939693475186282,-0.0032441721931206757
mBART,Baseline,CLRR+LSR,0,13,0.6911966477971774,-0.00047147247166989814
mBART,Baseline,CLRR+LSR,0,14,0.7004480941270828,-0.009722918801575275
mBART,Baseline,CLRR+LSR,0,15,0.6936777989070357,-0.0029526235815282575
mBART,Baseline,CLRR+LSR,0,16,0.720682971841498,-0.02995779651599051
mBART,Baseline,CLRR+LSR,0,17,0.6889944967807438,0.0017306785447637196
mBART,Baseline,CLRR+LSR,0,18,0.7157346303613004,-0.025009455035792882
mBART,Baseline,CLRR+LSR,0,19,0.6796453469818111,0.011079828343696363
mBART,Baseline,CLRR+LSR,0,20,0.7024431827003497,-0.011718007374842188
mBART,Baseline,CLRR+LSR,0,21,0.6948252220472142,-0.004100046721706718
mBART,Baseline,CLRR+LSR,0,22,0.7002321744802664,-0.009506999154758944
mBART,Baseline,CLRR+LSR,0,23,0.6914626710167404,-0.0007374956912329367
mBART,Baseline,CLRR+LSR,0,24,0.6919672788456914,-0.0012421035201839459
mBART,Baseline,CLRR+LSR,0,25,0.6326953774573241,0.05802979786818341
mBART,Baseline,CLRR+LSR,0,26,0.6568559456662122,0.033869229659295286
mBART,Baseline,CLRR+LSR,0,27,0.6960467784793707,-0.005321603153863208
mBART,Baseline,CLRR+LSR,0,28,0.7002566236450214,-0.009531448319513913
mBART,Baseline,CLRR+LSR,0,29,0.6642296556863769,0.02649551963913055
mBART,Baseline,CLRR+LSR,0,30,0.6962561100970426,-0.005530934771535101
mBART,Baseline,CLRR+LSR,0,31,0.691724231623791,-0.0009990562982835627
mBART,Baseline,CLRR+LSR,0,32,0.6916010109637334,-0.000875835638225908
mBART,Baseline,CLRR+LSR,0,33,0.7068928611216521,-0.016167685796144582
mBART,Baseline,CLRR+LSR,0,34,0.6901090410685846,0.0006161342569228623
mBART,Baseline,CLRR+LSR,0,35,0.7019784931828958,-0.011253317857388367
mBART,Baseline,CLRR+LSR,0,36,0.6867359659589383,0.003989209366569213
mBART,Baseline,CLRR+LSR,0,37,0.6768347755361539,0.01389039978935358
mBART,Baseline,CLRR+LSR,0,38,0.6962586570822147,-0.005533481756707204
mBART,Baseline,CLRR+LSR,0,39,0.6675307089644349,0.023194466361072585
mBART,Baseline,CLRR+LSR,0,40,0.6917788784532704,-0.0010537031277628728
mBART,Baseline,CLRR+LSR,0,41,0.6910829725079104,-0.00035779718240291913
mBART,Baseline,CLRR+LSR,0,42,0.6936990748326188,-0.002973899507111355
mBART,Baseline,CLRR+LSR,0,43,0.6913220724616025,-0.0005968971360950093
mBART,Baseline,CLRR+LSR,0,44,0.689557865974809,0.001167309350698531
mBART,Baseline,CLRR+LSR,0,45,0.6916685150411723,-0.0009433397156648482
mBART,Baseline,CLRR+LSR,0,46,0.6928948702053752,-0.002169694879867734
mBART,Baseline,CLRR+LSR,0,47,0.6864472752743112,0.004277900051196326
mBART,Baseline,CLRR+LSR,0,48,0.6972107610244613,-0.006485585698953855
mBART,Baseline,CLRR+LSR,0,49,0.668082238535245,0.022642936790262524
mBART,Baseline,CLRR+LSR,0,50,0.6629912635652104,0.027733911760297048
mBART,Baseline,CLRR+LSR,0,51,0.6910494821021054,-0.00032430677659789353
mBART,Baseline,CLRR+LSR,0,52,0.6936203825384055,-0.0028952072128980433
mBART,Baseline,CLRR+LSR,0,53,0.6909861813965357,-0.0002610060710281914
mBART,Baseline,CLRR+LSR,0,54,0.6837546383749462,0.006970536950561268
mBART,Baseline,CLRR+LSR,0,55,0.6913847925045928,-0.0006596171790853589
mBART,Baseline,CLRR+LSR,0,56,0.6868497381063783,0.0038754372191291964
mBART,Baseline,CLRR+LSR,0,57,0.6922903347035323,-0.0015651593780248163
mBART,Baseline,CLRR+LSR,0,58,0.6915252494821047,-0.0008000741565972191
mBART,Baseline,CLRR+LSR,0,59,0.7659896327321079,-0.07526445740660037
mBART,Baseline,CLRR+LSR,0,60,0.6969517442268902,-0.006226568901382734
mBART,Baseline,CLRR+LSR,0,61,0.6984536218351032,-0.007728446509595699
mBART,Baseline,CLRR+LSR,0,62,0.672720469157781,0.018004706167726425
mBART,Baseline,CLRR+LSR,0,63,0.7017237778940917,-0.010998602568584204
mBART,Baseline,CLRR+LSR,0,64,0.691786688767575,-0.0010615134420675076
mBART,Baseline,CLRR+LSR,0,65,0.6923061078436845,-0.0015809325181770362
mBART,Baseline,CLRR+LSR,0,66,0.6905418519655555,0.00018332335995197013
mBART,Baseline,CLRR+LSR,0,67,0.6912014276558232,-0.00047625233031567404
mBART,Baseline,CLRR+LSR,0,68,0.6825238877068003,0.008201287618707198
mBART,Baseline,CLRR+LSR,0,69,0.6902318606409423,0.0004933146845651493
mBART,Baseline,CLRR+LSR,0,70,0.7189397883722037,-0.028214613046696257
mBART,Baseline,CLRR+LSR,0,71,0.6916272250257656,-0.0009020497002580896
mBART,Baseline,CLRR+LSR,0,72,0.6913490346889724,-0.0006238593634648737
mBART,Baseline,CLRR+LSR,0,73,0.6749725015852306,0.01575267374027689
mBART,Baseline,CLRR+LSR,0,74,0.6943029880113585,-0.0035778126858510007
mBART,Baseline,CLRR+LSR,0,75,0.6922522325261724,-0.0015270572006649274
mBART,Baseline,CLRR+LSR,0,76,0.6877748013075973,0.0029503740179102067
mBART,Baseline,CLRR+LSR,0,77,0.6776795323203793,0.013045643005128227
mBART,Baseline,CLRR+LSR,0,78,0.6906029695264948,0.0001222057990126757
mBART,Baseline,CLRR+LSR,0,79,0.6860659700297838,0.004659205295723723
mBART,Baseline,CLRR+LSR,0,80,0.6860538669667413,0.004671308358766169
mBART,Baseline,CLRR+LSR,0,81,0.7902748416291772,-0.09954966630366968
mBART,Baseline,CLRR+LSR,0,82,0.6734728470656286,0.01725232825987888
mBART,Baseline,CLRR+LSR,0,83,0.691747194262387,-0.0010220189368794763
mBART,Baseline,CLRR+LSR,0,84,0.7164496064292258,-0.02572443110371836
mBART,Baseline,CLRR+LSR,0,85,0.6927066151900263,-0.001981439864518819
mBART,Baseline,CLRR+LSR,0,86,0.689396074507389,0.0013291008181184338
mBART,Baseline,CLRR+LSR,0,87,0.6888505080318374,0.0018746672936700293
mBART,Baseline,CLRR+LSR,0,88,0.7019666968597242,-0.011241521534216758
mBART,Baseline,CLRR+LSR,0,89,0.6554182812981821,0.03530689402732534
mBART,Baseline,CLRR+LSR,0,90,0.6917794872940384,-0.0010543119685308966
mBART,Baseline,CLRR+LSR,0,91,0.6922786282779505,-0.001553452952443024
mBART,Baseline,CLRR+LSR,0,92,0.6850681096527467,0.005657065672760808
mBART,Baseline,CLRR+LSR,0,93,0.6819692048169763,0.008755970508531163
mBART,Baseline,CLRR+LSR,0,94,0.6989845057638746,-0.00825933043836713
mBART,Baseline,CLRR+LSR,0,95,0.6762477782027361,0.014477397122771407
mBART,Baseline,CLRR+LSR,0,96,0.6862884027315452,0.004436772593962246
mBART,Baseline,CLRR+LSR,0,97,0.6918598449436466,-0.001134669618139128
mBART,Baseline,CLRR+LSR,0,98,0.6859905017415961,0.004734673583911331
mBART,Baseline,CLRR+LSR,0,99,0.69172047381144,-0.0009952984859324943
mBART,Baseline,CLRR+LSR,0,100,0.6922385154428738,-0.0015133401173663685
mBART,Baseline,CLRR+LSR,0,101,0.6902835624183936,0.00044161290711386414
mBART,Baseline,CLRR+LSR,0,102,0.6930022681752845,-0.0022770928497770626
mBART,Baseline,CLRR+LSR,0,103,0.6980934311859492,-0.007368255860441764
mBART,Baseline,CLRR+LSR,0,104,0.6888722166618244,0.0018529586636830686
mBART,Baseline,CLRR+LSR,0,105,0.692062530132862,-0.0013373548073545294
mBART,Baseline,CLRR+LSR,0,106,0.6949108435316873,-0.004185668206179827
mBART,Baseline,CLRR+LSR,0,107,0.6872258470795884,0.003499328245919031
mBART,Baseline,CLRR+LSR,0,108,0.7360343526281454,-0.04530917730263795
mBART,Baseline,CLRR+LSR,0,109,0.6865520440307371,0.004173131294770371
mBART,Baseline,CLRR+LSR,0,110,0.6918530970968924,-0.0011279217713848766
mBART,Baseline,CLRR+LSR,0,111,0.6918473915891035,-0.0011222162635959876
mBART,Baseline,CLRR+LSR,0,112,0.6890274108901195,0.0016977644353879384
mBART,Baseline,CLRR+LSR,0,113,0.6951618579916463,-0.004436682666138836
mBART,Baseline,CLRR+LSR,0,114,0.6974377782288776,-0.006712602903370168
mBART,Baseline,CLRR+LSR,0,115,0.7067964315773843,-0.016071256251876775
mBART,Baseline,CLRR+LSR,0,116,0.6893004989422984,0.0014246763832090892
mBART,Baseline,CLRR+LSR,0,117,0.6913271758691977,-0.0006020005436901954
mBART,Baseline,CLRR+LSR,0,118,0.6934841414398782,-0.0027589661143707644
mBART,Baseline,CLRR+LSR,0,119,0.6911293919459389,-0.00040421662043144124
mBART,Baseline,CLRR+LSR,0,120,0.6321989170004976,0.058526258325009906
mBART,Baseline,CLRR+LSR,0,121,0.6923544384766132,-0.0016292631511056754
mBART,Baseline,CLRR+LSR,0,122,0.6874611824138235,0.0032639929116839994
mBART,Baseline,CLRR+LSR,0,123,0.6941717503561655,-0.003446575030658039
mBART,Baseline,CLRR+LSR,0,124,0.6921648115829768,-0.0014396362574693455
mBART,Baseline,CLRR+LSR,0,125,0.7107868417598837,-0.020061666434376235
mBART,Baseline,CLRR+LSR,0,126,0.6937696392534782,-0.003044463927970753
mBART,Baseline,CLRR+LSR,0,127,0.6082560658936877,0.08246910943181973
mBART,Baseline,CLRR+LSR,0,128,0.6929689592837107,-0.002243783958203238
mBART,Baseline,CLRR+LSR,0,129,0.6900215174502122,0.0007036578752952494
mBART,Baseline,CLRR+LSR,0,130,0.6543001483754907,0.036425026950016814
mBART,Baseline,CLRR+LSR,0,131,0.6962192021090488,-0.005494026783541273
mBART,Baseline,CLRR+LSR,0,132,0.693292596835235,-0.002567421509727552
mBART,Baseline,CLRR+LSR,0,133,0.6907775309900401,-5.2355664532655055e-05
mBART,Baseline,CLRR+LSR,0,134,0.6984623874370683,-0.007737212111560865
mBART,Baseline,CLRR+LSR,0,135,0.6981763873346978,-0.0074512120091903
mBART,Baseline,CLRR+LSR,0,136,0.7339151689556225,-0.043189993630115
mBART,Baseline,CLRR+LSR,0,137,0.6888801459974303,0.0018450293280771746
mBART,Baseline,CLRR+LSR,0,138,0.6342602619772677,0.056464913348239776
mBART,Baseline,CLRR+LSR,0,139,0.6931770146695051,-0.0024518393439976194
mBART,Baseline,CLRR+LSR,0,140,0.6751735316338277,0.015551643691679828
mBART,Baseline,CLRR+LSR,0,141,0.6751828404697982,0.015542334855709328
mBART,Baseline,CLRR+LSR,0,142,0.6736039140917676,0.017121261233739915
mBART,Baseline,CLRR+LSR,0,143,0.6903249695099163,0.0004002058155911925
mBART,Baseline,CLRR+LSR,0,144,0.7095136261283521,-0.018788450802844636
mBART,Baseline,CLRR+LSR,0,145,0.6897856063699201,0.0009395689555873332
mBART,Baseline,CLRR+LSR,0,146,0.6915548038916128,-0.000829628566105356
mBART,Baseline,CLRR+LSR,0,147,0.6865074571185801,0.004217718206927401
mBART,Baseline,CLRR+LSR,0,148,0.7110526947680746,-0.020327519442567166
mBART,Baseline,CLRR+LSR,0,149,0.681723537771763,0.009001637553744501
mBART,Baseline,CLRR+LSR,0,150,0.6902327325289797,0.0004924427965278255
mBART,Baseline,CLRR+LSR,0,151,0.6941346020841728,-0.0034094267586652904
mBART,Baseline,CLRR+LSR,0,152,0.6917212114604219,-0.000996036134914391
mBART,Baseline,CLRR+LSR,0,153,0.697232706281401,-0.006507530955893515
mBART,Baseline,CLRR+LSR,0,154,0.692018083991158,-0.0012929086656505717
mBART,Baseline,CLRR+LSR,0,155,0.6913183071403388,-0.000593131814831338
mBART,Baseline,CLRR+LSR,0,156,0.6985163118263991,-0.007791136500891582
mBART,Baseline,CLRR+LSR,0,157,0.7173550092692658,-0.026629833943758285
mBART,Baseline,CLRR+LSR,0,158,0.6921720997339733,-0.0014469244084658328
mBART,Baseline,CLRR+LSR,0,159,0.6991743090573976,-0.008449133731890157
mBART,Baseline,CLRR+LSR,0,160,0.6921053873126759,-0.0013802119871684226
mBART,Baseline,CLRR+LSR,0,161,0.7258335314355051,-0.03510835610999763
mBART,Baseline,CLRR+LSR,0,162,0.6916128020440055,-0.0008876267184980691
mBART,Baseline,CLRR+LSR,0,163,0.673894768301377,0.016830407024130523
mBART,Baseline,CLRR+LSR,0,164,0.6884916851310123,0.002233490194495147
mBART,Baseline,CLRR+LSR,0,165,0.7285916649737239,-0.03786648964821637
mBART,Baseline,CLRR+LSR,0,166,0.6977548940321938,-0.007029718706686339
mBART,Baseline,CLRR+LSR,0,167,0.7110560465703237,-0.02033087124481625
mBART,Baseline,CLRR+LSR,0,168,0.6935496887195391,-0.002824513394031669
mBART,Baseline,CLRR+LSR,0,169,0.6906550926279635,7.008269754393837e-05
mBART,Baseline,CLRR+LSR,0,170,0.567273615868757,0.12345155945675046
mBART,Baseline,CLRR+LSR,0,171,0.6908566774325671,-0.00013150210705958898
mBART,Baseline,CLRR+LSR,0,172,0.7002887190708549,-0.009563543745347403
mBART,Baseline,CLRR+LSR,0,173,0.6969690053895938,-0.006243830064086353
mBART,Baseline,CLRR+LSR,0,174,0.6935231378021598,-0.002797962476652316
mBART,Baseline,CLRR+LSR,0,175,0.6925084656135354,-0.0017832902880279278
mBART,Baseline,CLRR+LSR,0,176,0.6765299975314427,0.014195177794064762
mBART,Baseline,CLRR+LSR,0,177,0.6941479615345472,-0.0034227862090396854
mBART,Baseline,CLRR+LSR,0,178,0.6876690532313852,0.0030561220941223155
mBART,Baseline,CLRR+LSR,0,179,0.7105223588050258,-0.01979718347951831
mBART,Baseline,CLRR+LSR,0,180,0.6913941619201225,-0.0006689865946150064
mBART,Baseline,CLRR+LSR,0,181,0.6859018557201857,0.004823319605321785
mBART,Baseline,CLRR+LSR,0,182,0.6913183071403388,-0.000593131814831338
mBART,Baseline,CLRR+LSR,0,183,0.6694427609041114,0.021282414421396112
mBART,Baseline,CLRR+LSR,0,184,0.6914384072237496,-0.0007132318982421282
mBART,Baseline,CLRR+LSR,0,185,0.6954899554435876,-0.004764780118080125
mBART,Baseline,CLRR+LSR,0,186,0.6955296814592451,-0.004804506133737618
mBART,Baseline,CLRR+LSR,0,187,0.6905763014409843,0.00014887388452322625
mBART,Baseline,CLRR+LSR,0,188,0.6939339452811204,-0.0032087699556129223
mBART,Baseline,CLRR+LSR,0,189,0.697203755725937,-0.006478580400429479
mBART,Baseline,CLRR+LSR,0,190,0.6670346569114471,0.023690518414060335
mBART,Baseline,CLRR+LSR,0,191,0.6856913014893813,0.00503387383612619
mBART,Baseline,CLRR+LSR,0,192,0.6916317608502993,-0.0009065855247918364
mBART,Baseline,CLRR+LSR,0,193,0.6964581927133224,-0.005733017387814954
mBART,Baseline,CLRR+LSR,0,194,0.6921415867022347,-0.0014164113767272113
mBART,Baseline,CLRR+LSR,0,195,0.6842232592541144,0.006501916071393055
mBART,Baseline,CLRR+LSR,0,196,0.6813933235981295,0.009331851727377938
mBART,Baseline,CLRR+LSR,0,197,0.6961953053264054,-0.00547013000089791
mBART,Baseline,CLRR+LSR,0,198,0.6897129068347709,0.0010122684907365453
mBART,Baseline,CLRR+LSR,0,199,0.6909602655263107,-0.00023509020080325627
mBART,Baseline,CLRR+LSR,0,200,0.6956701444116682,-0.004944969086160711
mBART,Baseline,CLRR+LSR,0,201,0.6954526672020513,-0.004727491876543866
mBART,Baseline,CLRR+LSR,0,202,0.6932919789778538,-0.0025668036523462945
mBART,Baseline,CLRR+LSR,0,203,0.6916002330645448,-0.0008750577390372882
mBART,Baseline,CLRR+LSR,0,204,0.6918562426718786,-0.0011310673463711396
mBART,Baseline,CLRR+LSR,0,205,0.7142186166842635,-0.023493441358755973
mBART,Baseline,CLRR+LSR,0,206,0.6762323529773617,0.01449282234814575
mBART,Baseline,CLRR+LSR,0,207,0.7121200770805665,-0.02139490175505898
mBART,Baseline,CLRR+LSR,0,208,0.6906399072040763,8.526812143117013e-05
mBART,Baseline,CLRR+LSR,0,209,0.6849278110552355,0.0057973642702719985
mBART,Baseline,CLRR+LSR,0,210,0.694554899183192,-0.0038297238576845416
mBART,Baseline,CLRR+LSR,0,211,0.6920454244998027,-0.001320249174295185
mBART,Baseline,CLRR+LSR,0,212,0.6851276991183219,0.005597476207185537
mBART,Baseline,CLRR+LSR,0,213,0.6926300368343838,-0.0019048615088763654
mBART,Baseline,CLRR+LSR,0,214,0.6908076957103546,-8.252038484712898e-05
mBART,Baseline,CLRR+LSR,0,215,0.7021961047505059,-0.011470929424998388
mBART,Baseline,CLRR+LSR,0,216,0.6911706812175602,-0.0004455058920527222
mBART,Baseline,CLRR+LSR,0,217,0.691947753522669,-0.001222578197161539
mBART,Baseline,CLRR+LSR,0,218,0.6762790147514757,0.014446160574031808
mBART,Baseline,CLRR+LSR,0,219,0.6915308922498404,-0.0008057169243329554
mBART,Baseline,CLRR+LSR,0,220,0.6920035216952058,-0.0012783463696983688
mBART,Baseline,CLRR+LSR,0,221,0.6940690327768557,-0.003343857451348242
mBART,Baseline,CLRR+LSR,0,222,0.6987735176956278,-0.00804834237012031
mBART,Baseline,CLRR+LSR,0,223,0.690492847199657,0.00023232812585050056
mBART,Baseline,CLRR+LSR,0,224,0.6874704058455805,0.0032547694799269777
mBART,Baseline,CLRR+LSR,0,225,0.6898666739200792,0.0008585014054283135
mBART,Baseline,CLRR+LSR,0,226,0.6806220006711214,0.010103174654386038
mBART,Baseline,CLRR+LSR,0,227,0.6915216397566546,-0.0007964644311471147
mBART,Baseline,CLRR+LSR,0,228,0.6808961006572396,0.009829074668267879
mBART,Baseline,CLRR+LSR,0,229,0.6838512950964528,0.006873880229054663
mBART,Baseline,CLRR+LSR,0,230,0.6907975455350588,-7.237020955130902e-05
mBART,Baseline,CLRR+LSR,0,231,0.6969953536537155,-0.006270178328207976
mBART,Baseline,CLRR+LSR,0,232,0.6923172266415598,-0.0015920513160523342
mBART,Baseline,CLRR+LSR,0,233,0.6917434361804062,-0.001018260854898756
mBART,Baseline,CLRR+LSR,0,234,0.6913404822882079,-0.0006153069627004015
mBART,Baseline,CLRR+LSR,0,235,0.7085430217166291,-0.017817846391121606
mBART,Baseline,CLRR+LSR,0,236,0.7220008056813434,-0.031275630355835915
mBART,Baseline,CLRR+LSR,0,237,0.6892828455577629,0.00144232976774461
mBART,Baseline,CLRR+LSR,0,238,0.6916488392690425,-0.0009236639435350469
mBART,Baseline,CLRR+LSR,0,239,0.6725709316393562,0.01815424368615126
mBART,Baseline,CLRR+LSR,0,240,0.6916854148124045,-0.0009602394868970521
mBART,Baseline,CLRR+LSR,0,241,0.687573103157515,0.0031520721679925146
mBART,Baseline,CLRR+LSR,0,242,0.6917757653026335,-0.0010505899771260374
mBART,Baseline,CLRR+LSR,0,243,0.6813780840836827,0.009347091241824756
mBART,Baseline,CLRR+LSR,0,244,0.7006632753754936,-0.009938100049986076
mBART,Baseline,CLRR+LSR,0,245,0.6666217981859539,0.024103377139553572
mBART,Baseline,CLRR+LSR,0,246,0.6793343012390842,0.011390874086423253
mBART,Baseline,CLRR+LSR,0,247,0.6919194128018447,-0.0011942374763371788
mBART,Baseline,CLRR+LSR,0,248,0.6871573752192113,0.003567800106296204
mBART,Baseline,CLRR+LSR,0,249,0.6923925936853585,-0.0016674183598510695
mBART,Baseline,CLRR+LSR,0,250,0.6838584941701562,0.006866681155351273
mBART,Baseline,CLRR+LSR,0,251,0.7026101264823978,-0.011884951156890367
mBART,Baseline,CLRR+LSR,0,252,0.6918297665554576,-0.0011045912299501026
mBART,Baseline,CLRR+LSR,0,253,0.6700378947324808,0.020687280593026713
mBART,Baseline,CLRR+LSR,0,254,0.691664753983936,-0.0009395786584285304
mBART,Baseline,CLRR+LSR,0,255,0.7040301210845428,-0.013304945759035292
mBART,Baseline,CLRR+LSR,0,256,0.6897273184585302,0.000997856866977287
mBART,Baseline,CLRR+LSR,0,257,0.7027623754371071,-0.012037200111599589
mBART,Baseline,CLRR+LSR,0,258,0.6939591797923654,-0.0032340044668579537
mBART,Baseline,CLRR+LSR,0,259,0.6844971163393225,0.006228058986184948
mBART,Baseline,CLRR+LSR,0,260,0.6919794631254952,-0.0012542877999877078
mBART,Baseline,CLRR+LSR,0,261,0.6897891050121103,0.0009360703133971526
mBART,Baseline,CLRR+LSR,0,262,0.7301567728580558,-0.039431597532548324
mBART,Baseline,CLRR+LSR,0,263,0.7431548944920543,-0.05242971916654682
mBART,Baseline,CLRR+LSR,0,264,0.6927229977274827,-0.0019978224019752133
mBART,Baseline,CLRR+LSR,0,265,0.6916961906071961,-0.0009710152816886364
mBART,Baseline,CLRR+LSR,0,266,0.6913183071403388,-0.000593131814831338
mBART,Baseline,CLRR+LSR,0,267,0.67430762620587,0.016417549119637442
mBART,Baseline,CLRR+LSR,0,268,0.6908614830972617,-0.00013630777175421827
mBART,Baseline,CLRR+LSR,0,269,0.6916128020440055,-0.0008876267184980691
mBART,Baseline,CLRR+LSR,0,270,0.6916521827104631,-0.0009270073849556582
mBART,Baseline,CLRR+LSR,0,271,0.691485616196708,-0.0007604408712005295
mBART,Baseline,CLRR+LSR,0,272,0.6918514755367511,-0.0011263002112436027
mBART,Baseline,CLRR+LSR,0,273,0.6924776674825992,-0.001752492157091723
mBART,Baseline,CLRR+LSR,0,274,0.6909883425732914,-0.0002631672477839686
mBART,Baseline,CLRR+LSR,0,275,0.6978309223429164,-0.007105747017408959
mBART,Baseline,CLRR+LSR,0,276,0.6918824011017648,-0.0011572257762573201
mBART,Baseline,CLRR+LSR,0,277,0.6891490967650462,0.0015760785604612693
mBART,Baseline,CLRR+LSR,0,278,0.6915396052473035,-0.0008144299217960338
mBART,Baseline,CLRR+LSR,0,279,0.6993094344533652,-0.008584259127857763
mBART,Baseline,CLRR+LSR,0,280,0.6919186733276277,-0.001193498002120208
mBART,Baseline,CLRR+LSR,0,281,0.7093673977657069,-0.01864222244019942
mBART,Baseline,CLRR+LSR,0,282,0.6788179488376755,0.011907226487831934
mBART,Baseline,CLRR+LSR,0,283,0.6849035007576774,0.005821674567830115
mBART,Baseline,CLRR+LSR,0,284,0.6770293945282759,0.01369578079723155
mBART,Baseline,CLRR+LSR,0,285,0.6880109524899822,0.0027142228355252485
mBART,Baseline,CLRR+LSR,0,286,0.6867346213174947,0.003990554008012737
mBART,Baseline,CLRR+LSR,0,287,0.6879083039234501,0.0028168714020573304
mBART,Baseline,CLRR+LSR,0,288,0.6749519905765595,0.015773184748947955
mBART,Baseline,CLRR+LSR,0,289,0.6914384072237496,-0.0007132318982421282
mBART,Baseline,CLRR+LSR,0,290,0.6917731795833539,-0.0010480042578464577
mBART,Baseline,CLRR+LSR,0,291,0.6909861813965357,-0.0002610060710281914
mBART,Baseline,CLRR+LSR,0,292,0.6924317643307489,-0.0017065890052414545
mBART,Baseline,CLRR+LSR,0,293,0.6863760038092153,0.004349171516292216
mBART,Baseline,CLRR+LSR,0,294,0.7005795546739577,-0.009854379348450237
mBART,Baseline,CLRR+LSR,0,295,0.6869751887574047,0.00374998656810277
mBART,Baseline,CLRR+LSR,0,296,0.702824334890213,-0.01209915956470553
mBART,Baseline,CLRR+LSR,0,297,0.7550346778431738,-0.06430950251766632
mBART,Baseline,CLRR+LSR,0,298,0.6900766735403572,0.0006485017851503017
mBART,Baseline,CLRR+LSR,0,299,0.7054227048073791,-0.01469752948187164
mBART,Baseline,CLRR+LSR,0,300,0.7385393010093573,-0.047814125683849795
mBART,Baseline,CLRR+LSR,0,301,0.6841324513852669,0.006592723940240575
mBART,Baseline,CLRR+LSR,0,302,0.692066346310849,-0.0013411709853414777
mBART,Baseline,CLRR+LSR,0,303,0.6725760471992679,0.01814912812623959
mBART,Baseline,CLRR+LSR,0,304,0.702637141528978,-0.01191196620347057
mBART,Baseline,CLRR+LSR,0,305,0.6880190390189469,0.0027061363065605804
mBART,Baseline,CLRR+LSR,0,306,0.6932014827417596,-0.0024763074162521548
mBART,Baseline,CLRR+LSR,0,307,0.6932605739366018,-0.0025353986110943083
mBART,Baseline,CLRR+LSR,0,308,0.6995798598958487,-0.00885468457034122
mBART,Baseline,CLRR+LSR,0,309,0.7002883893625942,-0.00956321403708671
mBART,Baseline,CLRR+LSR,0,310,0.686301915994342,0.004423259331165497
mBART,Baseline,CLRR+LSR,0,311,0.6862254622284922,0.0044997130970152455
mBART,Baseline,CLRR+LSR,0,312,0.683964975308502,0.006760200017005502
mBART,Baseline,CLRR+LSR,0,313,0.6734765247799039,0.01724865054560354
mBART,Baseline,CLRR+LSR,0,314,0.7040967365187889,-0.013371561193281423
mBART,Baseline,CLRR+LSR,0,315,0.6921612918547382,-0.001436116529230702
mBART,Baseline,CLRR+LSR,0,316,0.7084295192451222,-0.01770434391961473
mBART,Baseline,CLRR+LSR,0,317,0.6609901516709478,0.02973502365455971
mBART,Baseline,CLRR+LSR,0,318,0.6914592398589683,-0.0007340645334608098
mBART,Baseline,CLRR+LSR,0,319,0.6779971732951537,0.012728002030353736
mBART,Baseline,CLRR+LSR,0,320,0.7176708617626879,-0.026945686437180427
mBART,Baseline,CLRR+LSR,0,321,0.682337468794465,0.008387706531042483
mBART,Baseline,CLRR+LSR,0,322,0.6907305721449326,-5.396819425129706e-06
mBART,Baseline,CLRR+LSR,0,323,0.6593484644703871,0.03137671085512039
mBART,Baseline,CLRR+LSR,0,324,0.691353984934608,-0.0006288096091005002
mBART,Baseline,CLRR+LSR,0,325,0.717006354988861,-0.026281179663353527
mBART,Baseline,CLRR+LSR,0,326,0.6957316315249784,-0.005006456199470932
mBART,Baseline,CLRR+LSR,0,327,0.6921197491153919,-0.0013945737898843902
mBART,Baseline,CLRR+LSR,0,328,0.6948235207700826,-0.004098345444575102
mBART,Baseline,CLRR+LSR,0,329,0.7077142783371038,-0.016989103011596285
mBART,Baseline,CLRR+LSR,0,330,0.6916228638523698,-0.0008976885268623391
mBART,Baseline,CLRR+LSR,0,331,0.6913300910354749,-0.0006049157099674574
mBART,Baseline,CLRR+LSR,0,332,0.6911283799142076,-0.00040320458870013454
mBART,Baseline,CLRR+LSR,0,333,0.6921766499663207,-0.0014514746408131884
mBART,Baseline,CLRR+LSR,0,334,0.6905763014409843,0.00014887388452322625
mBART,Baseline,CLRR+LSR,0,335,0.6963505076306831,-0.00562533230517559
mBART,Baseline,CLRR+LSR,0,336,0.6086341329319254,0.08209104239358211
mBART,Baseline,CLRR+LSR,0,337,0.6948331740101104,-0.004107998684602876
mBART,Baseline,CLRR+LSR,0,338,0.7263437313007977,-0.03561855597529018
mBART,Baseline,CLRR+LSR,0,339,0.6836995543626827,0.0070256209628247746
mBART,Baseline,CLRR+LSR,0,340,0.6946366569983908,-0.003911481672883355
mBART,Baseline,CLRR+LSR,0,341,0.6923061078436845,-0.0015809325181770362
mBART,Baseline,CLRR+LSR,0,342,0.6985357819583626,-0.007810606632855155
mBART,Baseline,CLRR+LSR,0,343,0.6872155022835145,0.003509673041993011
mBART,Baseline,CLRR+LSR,0,344,0.6913571916654035,-0.0006320163398960688
mBART,Baseline,CLRR+LSR,0,345,0.7467350995513087,-0.0560099242258012
mBART,Baseline,CLRR+LSR,0,346,0.6955138498012801,-0.004788674475772581
mBART,Baseline,CLRR+LSR,0,347,0.6976681550759487,-0.006942979750441225
mBART,Baseline,CLRR+LSR,0,348,0.6933614310191345,-0.002636255693627021
mBART,Baseline,CLRR+LSR,0,349,0.694277581262444,-0.003552405936936509
mBART,Baseline,CLRR+LSR,0,350,0.6925306627057353,-0.0018054873802277882
mBART,Baseline,CLRR+LSR,0,351,0.708067116429735,-0.017341941104227487
mBART,Baseline,CLRR+LSR,0,352,0.7983698441166567,-0.1076446687911492
mBART,Baseline,CLRR+LSR,0,353,0.6982246571132116,-0.007499481787704099
mBART,Baseline,CLRR+LSR,0,354,0.718734179971996,-0.028009004646488478
mBART,Baseline,CLRR+LSR,0,355,0.6848549381625944,0.005870237162913128
mBART,Baseline,CLRR+LSR,0,356,0.692035835523523,-0.001310660198015512
mBART,Baseline,CLRR+LSR,0,357,0.6776134909730835,0.013111684352423936
mBART,Baseline,CLRR+LSR,0,358,0.6848898233499092,0.0058353519755982575
mBART,Baseline,CLRR+LSR,0,359,0.6924265802358605,-0.0017014049103529771
mBART,Baseline,CLRR+LSR,0,360,0.6884791894736715,0.0022459858518359965
mBART,Baseline,CLRR+LSR,0,361,0.7377863121405994,-0.04706113681509194
mBART,Baseline,CLRR+LSR,0,362,0.6918564970251992,-0.0011313216996917674
mBART,Baseline,CLRR+LSR,0,363,0.6696132022106056,0.021111973114901872
mBART,Baseline,CLRR+LSR,0,364,0.6910201202181447,-0.0002949448926372611
mBART,Baseline,CLRR+LSR,0,365,0.770582834898299,-0.07985765957279156
mBART,Baseline,CLRR+LSR,0,366,0.6920375362480833,-0.001312360922575806
mBART,Baseline,CLRR+LSR,0,367,0.6912212515722373,-0.0004960762467298707
mBART,Baseline,CLRR+LSR,0,368,0.6918430289360344,-0.0011178536105269643
mBART,Baseline,CLRR+LSR,0,369,0.6868935662601103,0.0038316090653971457
mBART,Baseline,CLRR+LSR,0,370,0.6924329444698216,-0.0017077691443141418
mBART,Baseline,CLRR+LSR,0,371,0.691796509657312,-0.0010713343318045077
mBART,Baseline,CLRR+LSR,0,372,0.6924304549062512,-0.0017052795807437349
mBART,Baseline,CLRR+LSR,0,373,0.6966855684104019,-0.005960393084894378
mBART,Baseline,CLRR+LSR,0,374,0.686602622400617,0.004122552924890499
mBART,Baseline,CLRR+LSR,0,375,0.6055677677301432,0.08515740759536428
mBART,Baseline,CLRR+LSR,0,376,0.6905704654488254,0.0001547098766820909
mBART,Baseline,CLRR+LSR,0,377,0.6912146785368556,-0.0004895032113481079
mBART,Baseline,CLRR+LSR,0,378,0.6934084837909928,-0.002683308465485368
mBART,Baseline,CLRR+LSR,0,379,0.6926493781711329,-0.0019242028456254445
mBART,Baseline,CLRR+LSR,0,380,0.6360630558850815,0.05466211944042598
mBART,Baseline,CLRR+LSR,0,381,0.6469896361919361,0.04373553913357142
mBART,Baseline,CLRR+LSR,0,382,0.6914187489944119,-0.0006935736689044347
mBART,Baseline,CLRR+LSR,0,383,0.7325634064246032,-0.04183823109909568
mBART,Baseline,CLRR+LSR,0,384,0.6930062423598535,-0.0022810670343460515
mBART,Baseline,CLRR+LSR,0,385,0.7086542513136962,-0.017929075988188714
mBART,Baseline,CLRR+LSR,0,386,0.6918824905413707,-0.0011573152158632638
mBART,Baseline,CLRR+LSR,0,387,0.6922093373207119,-0.0014841619952044027
mBART,Baseline,CLRR+LSR,0,388,0.6875311648834206,0.003194010442086892
mBART,Baseline,CLRR+LSR,0,389,0.6918573469949649,-0.001132171669457449
mBART,Baseline,CLRR+LSR,0,390,0.6366298549800398,0.05409532034546771
mBART,Baseline,CLRR+LSR,0,391,0.6916806373060567,-0.0009554619805491882
mBART,Baseline,CLRR+LSR,0,392,0.6923061078436845,-0.0015809325181770362
mBART,Baseline,CLRR+LSR,0,393,0.6994279689204035,-0.008702793594896008
mBART,Baseline,CLRR+LSR,0,394,0.7004649871814017,-0.009739811855894231
mBART,Baseline,CLRR+LSR,0,395,0.6608418869158754,0.02988328840963206
mBART,Baseline,CLRR+LSR,0,396,0.6844672116218078,0.006257963703699687
mBART,Baseline,CLRR+LSR,0,397,0.6915773341592626,-0.0008521588337551123
mBART,Baseline,CLRR+LSR,0,398,0.6910510757938582,-0.00032590046835068165
mBART,Baseline,CLRR+LSR,0,399,0.6890266511513552,0.0016985241741522827
mBART,Baseline,CLRR+LSR,0,400,0.6697233423319204,0.021001832993587044
mBART,Baseline,CLRR+LSR,0,401,0.6917103747203974,-0.0009851993948899462
mBART,Baseline,CLRR+LSR,0,402,0.7095197595354215,-0.018794584209913978
mBART,Baseline,CLRR+LSR,0,403,0.6899297950664547,0.0007953802590527914
mBART,Baseline,CLRR+LSR,0,404,0.6923963965778199,-0.0016712212523124492
mBART,Baseline,CLRR+LSR,0,405,0.6913847414333318,-0.0006595661078243609
mBART,Baseline,CLRR+LSR,0,406,0.6935505372470914,-0.002825361921583891
mBART,Baseline,CLRR+LSR,0,407,0.6848761343904783,0.005849040935029137
mBART,Baseline,CLRR+LSR,0,408,0.6884046711174143,0.002320504208093155
mBART,Baseline,CLRR+LSR,0,409,0.6920815105967222,-0.0013563352712147037
mBART,Baseline,CLRR+LSR,0,410,0.6920262130194352,-0.0013010376939277535
mBART,Baseline,CLRR+LSR,0,411,0.6916002330645448,-0.0008750577390372882
mBART,Baseline,CLRR+LSR,0,412,0.6448890222053727,0.04583615312013478
mBART,Baseline,CLRR+LSR,0,413,0.686364435692365,0.00436073963314243
mBART,Baseline,CLRR+LSR,0,414,0.6939772274480092,-0.0032520521225016807
mBART,Baseline,CLRR+LSR,0,415,0.6901593239023818,0.0005658514231257072
mBART,Baseline,CLRR+LSR,0,416,0.6917741460429241,-0.0010489707174166085
mBART,Baseline,CLRR+LSR,0,417,0.6940742304603091,-0.0033490551348016595
mBART,Baseline,CLRR+LSR,0,418,0.7268284768173778,-0.036103301491870354
mBART,Baseline,CLRR+LSR,0,419,0.6942436273806258,-0.0035184520551183596
mBART,Baseline,CLRR+LSR,0,420,0.6990497631226482,-0.008324587797140737
mBART,Baseline,CLRR+LSR,0,421,0.6962907918012,-0.005565616475692536
mBART,Baseline,CLRR+LSR,0,422,0.6911704952027442,-0.0004453198772367273
mBART,Baseline,CLRR+LSR,0,423,0.6698724371387996,0.020852738186707853
mBART,Baseline,CLRR+LSR,0,424,0.6809298268517985,0.009795348473708998
mBART,Baseline,CLRR+LSR,0,425,0.6870008854403054,0.0037242898852021256
mBART,Baseline,CLRR+LSR,0,426,0.7347400259269463,-0.04401485060143884
mBART,Baseline,CLRR+LSR,0,427,0.6975261845258807,-0.006801009200373187
mBART,Baseline,CLRR+LSR,0,428,0.6950149475860066,-0.004289772260499092
mBART,Baseline,CLRR+LSR,0,429,0.6922607849541578,-0.0015356096286502918
mBART,Baseline,CLRR+LSR,0,430,0.6923728756213947,-0.0016477002958872333
mBART,Baseline,CLRR+LSR,0,431,0.6923416256049784,-0.0016164502794708824
mBART,Baseline,CLRR+LSR,0,432,0.695709143701329,-0.00498396837582149
mBART,Baseline,CLRR+LSR,0,433,0.691638043206499,-0.0009128678809915414
mBART,Baseline,CLRR+LSR,0,434,0.724419690725906,-0.03369451540039847
mBART,Baseline,CLRR+LSR,0,435,0.6849810274492256,0.005744147876281858
mBART,Baseline,CLRR+LSR,0,436,0.6922831957744471,-0.001558020448939601
mBART,Baseline,CLRR+LSR,0,437,0.7029824561001803,-0.012257280774672807
mBART,Baseline,CLRR+LSR,0,438,0.7873499138871765,-0.09662473856166898
mBART,Baseline,CLRR+LSR,0,439,0.6921648115829768,-0.0014396362574693455
mBART,Baseline,CLRR+LSR,0,440,0.6987283253710856,-0.008003150045578167
mBART,Baseline,CLRR+LSR,0,441,0.6963551082799349,-0.005629932954427375
mBART,Baseline,CLRR+LSR,0,442,0.6835437527705501,0.007181422554957351
mBART,Baseline,CLRR+LSR,0,443,0.6900766735403572,0.0006485017851503017
mBART,Baseline,CLRR+LSR,0,444,0.6957547723697424,-0.00502959704423489
mBART,Baseline,CLRR+LSR,0,445,0.6918381610543456,-0.0011129857288381118
mBART,Baseline,CLRR+LSR,0,446,0.6982412609800761,-0.007516085654568627
mBART,Baseline,CLRR+LSR,0,447,0.6915136380171347,-0.0007884626916272452
mBART,Baseline,CLRR+LSR,0,448,0.6927364966741045,-0.0020113213485970505
mBART,Baseline,CLRR+LSR,0,449,0.6922911906050331,-0.001566015279525601
mBART,Baseline,CLRR+LSR,0,450,0.692317530798551,-0.001592355473043483
mBART,Baseline,CLRR+LSR,0,451,0.6948505964285374,-0.004125421103029936
mBART,Baseline,CLRR+LSR,0,452,0.691300312651304,-0.0005751373257965042
mBART,Baseline,CLRR+LSR,0,453,0.6923788662377106,-0.0016536909122031318
mBART,Baseline,CLRR+LSR,0,454,0.6064417891887679,0.08428338613673958
mBART,Baseline,CLRR+LSR,0,455,0.6640066666121314,0.02671850871337611
mBART,Baseline,CLRR+LSR,0,456,0.7019793555003275,-0.01125418017482005
mBART,Baseline,CLRR+LSR,0,457,0.6832307899239396,0.007494385401567882
mBART,Baseline,CLRR+LSR,0,458,0.6152244399024092,0.07550073542309832
mBART,Baseline,CLRR+LSR,0,459,0.6931000301037038,-0.0023748547781963225
mBART,Baseline,CLRR+LSR,0,460,0.7280642505577788,-0.03733907523227131
mBART,Baseline,CLRR+LSR,0,461,0.687724112798346,0.00300106252716148
mBART,Baseline,CLRR+LSR,0,462,0.6915656335053946,-0.0008404581798870936
mBART,Baseline,CLRR+LSR,0,463,0.6915136380171347,-0.0007884626916272452
mBART,Baseline,CLRR+LSR,0,464,0.691146604237808,-0.0004214289123005699
mBART,Baseline,CLRR+LSR,0,465,0.687921137874568,0.0028040374509394894
mBART,Baseline,CLRR+LSR,0,466,0.6917174536276818,-0.0009922783021742987
mBART,Baseline,CLRR+LSR,0,467,0.7178281531091564,-0.027102977783648896
mBART,Baseline,CLRR+LSR,0,468,0.6649731988998404,0.025751976425667067
mBART,Baseline,CLRR+LSR,0,469,0.6905968387614578,0.000128336564049647
mBART,Baseline,CLRR+LSR,0,470,0.658915806228979,0.03180936909652843
mBART,Baseline,CLRR+LSR,0,471,0.6850090257469859,0.005716149578521623
mBART,Baseline,CLRR+LSR,0,472,0.7005794716207561,-0.009854296295248588
mBART,Baseline,CLRR+LSR,0,473,0.716297284253951,-0.025572108928443527
mBART,Baseline,CLRR+LSR,0,474,0.7174326852667576,-0.02670750994125015
mBART,Baseline,CLRR+LSR,0,475,0.6569332870245823,0.033791888300925166
mBART,Baseline,CLRR+LSR,0,476,0.6926124738991888,-0.0018872985736813064
mBART,Baseline,CLRR+LSR,0,477,0.6945636269770006,-0.003838451651493102
mBART,Baseline,CLRR+LSR,0,478,0.6911987033113647,-0.0004735279858572028
mBART,Baseline,CLRR+LSR,0,479,0.6924500038488048,-0.0017248285232973615
mBART,Baseline,CLRR+LSR,0,480,0.6862141704506151,0.004511004874892421
mBART,Baseline,CLRR+LSR,0,481,0.6919488504936204,-0.0012236751681129476
mBART,Baseline,CLRR+LSR,0,482,0.6967561388432095,-0.006030963517702048
mBART,Baseline,CLRR+LSR,0,483,0.7054291824041101,-0.014704007078602643
mBART,Baseline,CLRR+LSR,0,484,0.6914052965911068,-0.0006801212655993538
mBART,Baseline,CLRR+LSR,0,485,0.6921162225909363,-0.0013910472654288242
mBART,Baseline,CLRR+LSR,0,486,0.7024269343744081,-0.011701759048900584
mBART,Baseline,CLRR+LSR,0,487,0.6839317198619952,0.006793455463512288
mBART,Baseline,CLRR+LSR,0,488,0.6964409084286594,-0.0057157331031518765
mBART,Baseline,CLRR+LSR,0,489,0.6916245628388928,-0.0008993875133853635
mBART,Baseline,CLRR+LSR,0,490,0.6900716851682844,0.0006534901572230467
mBART,Baseline,CLRR+LSR,0,491,0.6969029043637214,-0.006177729038213897
mBART,Baseline,CLRR+LSR,0,492,0.6920336545007686,-0.0013084791752611125
mBART,Baseline,CLRR+LSR,0,493,0.6946402506966685,-0.003915075371160981
mBART,Baseline,CLRR+LSR,0,494,0.6918456557012291,-0.0011204803757216553
mBART,Baseline,CLRR+LSR,0,495,0.6704093858403937,0.02031578948511381
mBART,Baseline,CLRR+LSR,0,496,0.6917170411006559,-0.0009918657751484261
mBART,Baseline,CLRR+LSR,0,497,0.6970069044670737,-0.006281729141566217
mBART,Baseline,CLRR+LSR,0,498,0.6930860864982975,-0.0023609111727900256
mBART,Baseline,CLRR+LSR,0,499,0.6924214732123204,-0.0016962978868129142
mBART,Baseline,CLRR+LSR,0,500,0.7419181187860069,-0.05119294346049941
mBART,Baseline,CLRR+LSR,0,501,0.6951978979473061,-0.004472722621798653
mBART,Baseline,CLRR+LSR,0,502,0.6885570328614676,0.002168142464039846
mBART,Baseline,CLRR+LSR,0,503,0.6794039377994281,0.011321237526079386
mBART,Baseline,CLRR+LSR,0,504,0.6924149464424048,-0.0016897711168972762
mBART,Baseline,CLRR+LSR,0,505,0.6917705242642569,-0.001045348938749413
mBART,Baseline,CLRR+LSR,0,506,0.6499532899008145,0.04077188542469301
mBART,Baseline,CLRR+LSR,0,507,0.6918234608987497,-0.001098285573242208
mBART,Baseline,CLRR+LSR,0,508,0.631729562623697,0.05899561270181053
mBART,Baseline,CLRR+LSR,0,509,0.6927352530274646,-0.002010077701957158
mBART,Baseline,CLRR+LSR,0,510,0.5706879949836683,0.12003718034183919
mBART,Baseline,CLRR+LSR,0,511,0.709375593728975,-0.018650418403467484
mBART,Baseline,CLRR+LSR,0,512,0.6915450599571109,-0.0008198846316034292
mBART,Baseline,CLRR+LSR,0,513,0.681951372040686,0.008773803284821469
mBART,Baseline,CLRR+LSR,0,514,0.6563449874343767,0.03438018789113073
mBART,Baseline,CLRR+LSR,0,515,0.7331831743495201,-0.042457999024012594
mBART,Baseline,CLRR+LSR,0,516,0.6814423187733176,0.009282856552189855
mBART,Baseline,CLRR+LSR,0,517,0.6915851309715784,-0.0008599556460708868
mBART,Baseline,CLRR+LSR,0,518,0.6946765595280873,-0.0039513842025797885
mBART,Baseline,CLRR+LSR,0,519,0.687468191851945,0.0032569834735625136
mBART,Baseline,CLRR+LSR,0,520,0.6905439620132761,0.0001812133122314208
mBART,Baseline,CLRR+LSR,0,521,0.6215751774970464,0.0691499978284611
mBART,Baseline,CLRR+LSR,0,522,0.7006321825428259,-0.009907007217318409
mBART,Baseline,CLRR+LSR,0,523,0.6954279254114653,-0.004702750085957774
mBART,Baseline,CLRR+LSR,0,524,0.6834212425593691,0.007303932766138388
mBART,Baseline,CLRR+LSR,0,525,0.6952118124412188,-0.004486637115711289
mBART,Baseline,CLRR+LSR,0,526,0.6797014747648511,0.01102370056065638
mBART,Baseline,CLRR+LSR,0,527,0.6901870376338195,0.0005381376916879788
mBART,Baseline,CLRR+LSR,0,528,0.6890844153713864,0.0016407599541210516
mBART,Baseline,CLRR+LSR,0,529,0.6516024131083675,0.03912276221713995
mBART,Baseline,CLRR+LSR,0,530,0.6877760899724272,0.0029490853530802497
mBART,Baseline,CLRR+LSR,0,531,0.6806872845952121,0.010037890730295373
mBART,Baseline,CLRR+LSR,0,532,0.6859011860082127,0.0048239893172947745
mBART,Baseline,CLRR+LSR,0,533,0.6888346868760671,0.0018904884494403973
mBART,Baseline,CLRR+LSR,0,534,0.7111961482515667,-0.02047097292605926
mBART,Baseline,CLRR+LSR,0,535,0.6914471272119265,-0.0007219518864189922
mBART,Baseline,CLRR+LSR,0,536,0.6916404758504342,-0.000915300524926721
mBART,Baseline,CLRR+LSR,0,537,0.6916854148124045,-0.0009602394868970521
mBART,Baseline,CLRR+LSR,0,538,0.6517444228031373,0.03898075252237021
mBART,Baseline,CLRR+LSR,0,539,0.6877547105283242,0.0029704647971833253
mBART,Baseline,CLRR+LSR,0,540,0.6852690543279749,0.005456120997532565
mBART,Baseline,CLRR+LSR,0,541,0.6822402620075323,0.008484913317975185
mBART,Baseline,CLRR+LSR,0,542,0.6885627662412226,0.0021624090842848886
mBART,Baseline,CLRR+LSR,0,543,0.6884771980704301,0.0022479772550774157
mBART,Baseline,CLRR+LSR,0,544,0.7014731263593461,-0.010747951033838632
mBART,Baseline,CLRR+LSR,0,545,0.6906753749788663,4.980034664114896e-05
mBART,Baseline,CLRR+LSR,0,546,0.691305837187496,-0.000580661861988574
mBART,Baseline,CLRR+LSR,0,547,0.6910415898998252,-0.0003164145743177471
mBART,Baseline,CLRR+LSR,0,548,0.6927378730111329,-0.0020126976856253975
mBART,Baseline,CLRR+LSR,0,549,0.70005307956216,-0.009327904236652529
mBART,Baseline,CLRR+LSR,0,550,0.6782701064031897,0.012455068922317736
mBART,Baseline,CLRR+LSR,0,551,0.6926526674138778,-0.0019274920883702862
mBART,Baseline,CLRR+LSR,0,552,0.6655051745199252,0.025220000805582288
mBART,Baseline,CLRR+LSR,0,553,0.6897923591917916,0.0009328161337158747
mBART,Baseline,CLRR+LSR,0,554,0.6916685150411723,-0.0009433397156648482
mBART,Baseline,CLRR+LSR,0,555,0.692817929308795,-0.0020927539832875652
mBART,Baseline,CLRR+LSR,0,556,0.6939674727175991,-0.0032422973920915865
mBART,Baseline,CLRR+LSR,0,557,0.6984048284382602,-0.00767965311275276
mBART,Baseline,CLRR+LSR,0,558,0.7074496139276505,-0.01672443860214301
mBART,Baseline,CLRR+LSR,0,559,0.6922130999729816,-0.0014879246474741592
mBART,Baseline,CLRR+LSR,0,560,0.684873670979588,0.005851504345919523
mBART,Baseline,CLRR+LSR,0,561,0.6717841594183334,0.01894101590717412
mBART,Baseline,CLRR+LSR,0,562,0.6914914288536949,-0.0007662535281873772
mBART,Baseline,CLRR+LSR,0,563,0.706360795915483,-0.015635620589975474
mBART,Baseline,CLRR+LSR,0,564,0.6967603552489336,-0.0060351799234261705
mBART,Baseline,CLRR+LSR,0,565,0.6897845962286056,0.0009405790969019279
mBART,Baseline,CLRR+LSR,0,566,0.6781145309576324,0.012610644367875068
mBART,Baseline,CLRR+LSR,0,567,0.6879867420941927,0.0027384332313147297
mBART,Baseline,CLRR+LSR,0,568,0.6920690070204714,-0.0013438316949638818
mBART,Baseline,CLRR+LSR,0,569,0.690708776776777,1.6398548730478524e-05
mBART,Baseline,CLRR+LSR,0,570,0.6795391349432336,0.011186040382273887
mBART,Baseline,CLRR+LSR,0,571,0.6842735682962058,0.006451607029301698
mBART,Baseline,CLRR+LSR,0,572,0.6512849763977684,0.03944019892773909
mBART,Baseline,CLRR+LSR,0,573,0.6820459774849965,0.008679197840510966
mBART,Baseline,CLRR+LSR,0,574,0.6992699088237799,-0.00854473349827245
mBART,Baseline,CLRR+LSR,2,0,5.026140840841556,0.0015751661445424503
mBART,Baseline,CLRR+LSR,2,1,5.027104330725043,0.0006116762610552939
mBART,Baseline,CLRR+LSR,2,2,5.025932402841017,0.0017836041450820517
mBART,Baseline,CLRR+LSR,2,3,5.028890566081277,-0.0011745590951779405
mBART,Baseline,CLRR+LSR,2,4,5.028433571537773,-0.0007175645516745988
mBART,Baseline,CLRR+LSR,2,5,5.029675976789093,-0.001959969802994621
mBART,Baseline,CLRR+LSR,2,6,5.03177905433329,-0.004063047347191429
mBART,Baseline,CLRR+LSR,2,7,4.969720188428067,0.05799581855803204
mBART,Baseline,CLRR+LSR,2,8,5.028079988788381,-0.00036398180228225385
mBART,Baseline,CLRR+LSR,2,9,5.030994732670539,-0.003278725684440431
mBART,Baseline,CLRR+LSR,2,10,5.023958993323449,0.0037570136626499107
mBART,Baseline,CLRR+LSR,2,11,5.028872312811815,-0.0011563058257166858
mBART,Baseline,CLRR+LSR,2,12,5.030330705905051,-0.002614698918952385
mBART,Baseline,CLRR+LSR,2,13,5.027896704135692,-0.00018069714959345617
mBART,Baseline,CLRR+LSR,2,14,5.0351103266513455,-0.00739431966524684
mBART,Baseline,CLRR+LSR,2,15,5.0298109443919525,-0.0020949374058538694
mBART,Baseline,CLRR+LSR,2,16,5.050207120608636,-0.02249111362253764
mBART,Baseline,CLRR+LSR,2,17,5.026431696727242,0.001284310258856891
mBART,Baseline,CLRR+LSR,2,18,5.04635589048439,-0.01863988349829171
mBART,Baseline,CLRR+LSR,2,19,5.0191304212388435,0.008585585747255209
mBART,Baseline,CLRR+LSR,2,20,5.036216589637197,-0.008500582651098654
mBART,Baseline,CLRR+LSR,2,21,5.0308149388206775,-0.0030989318345788774
mBART,Baseline,CLRR+LSR,2,22,5.034798662942729,-0.007082655956629935
mBART,Baseline,CLRR+LSR,2,23,5.028066203191184,-0.0003501962050851404
mBART,Baseline,CLRR+LSR,2,24,5.028184845206599,-0.00046883822050070023
mBART,Baseline,CLRR+LSR,2,25,4.983949525282769,0.04376648170332942
mBART,Baseline,CLRR+LSR,2,26,5.001401578702234,0.026314428283864544
mBART,Baseline,CLRR+LSR,2,27,5.031749419272268,-0.00403341228616938
mBART,Baseline,CLRR+LSR,2,28,5.034975375933129,-0.007259368947030609
mBART,Baseline,CLRR+LSR,2,29,5.008139074145202,0.019576932840896788
mBART,Baseline,CLRR+LSR,2,30,5.031766523879167,-0.0040505168930682345
mBART,Baseline,CLRR+LSR,2,31,5.028268664711197,-0.0005526577250982712
mBART,Baseline,CLRR+LSR,2,32,5.028335357485915,-0.0006193504998162069
mBART,Baseline,CLRR+LSR,2,33,5.039637311405583,-0.011921304419484358
mBART,Baseline,CLRR+LSR,2,34,5.027107361636492,0.0006086453496063626
mBART,Baseline,CLRR+LSR,2,35,5.035895350812337,-0.00817934382623875
mBART,Baseline,CLRR+LSR,2,36,5.024443693139135,0.0032723138469634705
mBART,Baseline,CLRR+LSR,2,37,5.017656725920023,0.010059281066075343
mBART,Baseline,CLRR+LSR,2,38,5.0313935937876355,-0.0036775868015368474
mBART,Baseline,CLRR+LSR,2,39,5.0101810389180805,0.01753496806801813
mBART,Baseline,CLRR+LSR,2,40,5.028316716441651,-0.0006007094555524617
mBART,Baseline,CLRR+LSR,2,41,5.028069197177821,-0.00035319019172241894
mBART,Baseline,CLRR+LSR,2,42,5.030037095253654,-0.0023210882675552824
mBART,Baseline,CLRR+LSR,2,43,5.0283464569255045,-0.0006304499394058638
mBART,Baseline,CLRR+LSR,2,44,5.02680023377598,0.0009157732101190419
mBART,Baseline,CLRR+LSR,2,45,5.0284250992871,-0.0007090923010011352
mBART,Baseline,CLRR+LSR,2,46,5.028939395782389,-0.001223388796290692
mBART,Baseline,CLRR+LSR,2,47,5.024539859671506,0.00317614731459237
mBART,Baseline,CLRR+LSR,2,48,5.0324884344037315,-0.004772427417632841
mBART,Baseline,CLRR+LSR,2,49,5.010493351079493,0.017222655906605766
mBART,Baseline,CLRR+LSR,2,50,5.00705374124435,0.020662265741748342
mBART,Baseline,CLRR+LSR,2,51,5.027753908898692,-3.790191259334108e-05
mBART,Baseline,CLRR+LSR,2,52,5.029997127136459,-0.0022811201503607492
mBART,Baseline,CLRR+LSR,2,53,5.027872556483031,-0.00015654949693200138
mBART,Baseline,CLRR+LSR,2,54,5.0219911350834305,0.005724871902668127
mBART,Baseline,CLRR+LSR,2,55,5.028231877951276,-0.0005158709651773563
mBART,Baseline,CLRR+LSR,2,56,5.0248460370315655,0.002869969954533147
mBART,Baseline,CLRR+LSR,2,57,5.029121372403006,-0.0014053654169075003
mBART,Baseline,CLRR+LSR,2,58,5.028289554906294,-0.000573547920195594
mBART,Baseline,CLRR+LSR,2,59,5.084077807286915,-0.05636180030081661
mBART,Baseline,CLRR+LSR,2,60,5.032133636190732,-0.0044176292046334
mBART,Baseline,CLRR+LSR,2,61,5.033562227564845,-0.005846220578746397
mBART,Baseline,CLRR+LSR,2,62,5.01415364538723,0.013562361598868478
mBART,Baseline,CLRR+LSR,2,63,5.035624549367872,-0.007908542381773742
mBART,Baseline,CLRR+LSR,2,64,5.028525324473275,-0.0008093174871763864
mBART,Baseline,CLRR+LSR,2,65,5.028523757459778,-0.000807750473679647
mBART,Baseline,CLRR+LSR,2,66,5.02797725455007,-0.00026124756397116755
mBART,Baseline,CLRR+LSR,2,67,5.02816785136962,-0.00045184438352130485
mBART,Baseline,CLRR+LSR,2,68,5.021435543680294,0.006280463305804673
mBART,Baseline,CLRR+LSR,2,69,5.027525344525255,0.00019066246084342708
mBART,Baseline,CLRR+LSR,2,70,5.048733628636219,-0.021017621650120333
mBART,Baseline,CLRR+LSR,2,71,5.028113944721797,-0.00039793773569840596
mBART,Baseline,CLRR+LSR,2,72,5.0279767507257365,-0.0002607437396378032
mBART,Baseline,CLRR+LSR,2,73,5.015559016007172,0.01215699097892653
mBART,Baseline,CLRR+LSR,2,74,5.030506633515953,-0.002790626529854734
mBART,Baseline,CLRR+LSR,2,75,5.0286912657938085,-0.0009752588077098778
mBART,Baseline,CLRR+LSR,2,76,5.025830650645835,0.0018853563402636553
mBART,Baseline,CLRR+LSR,2,77,5.01780312075871,0.009912886227388285
mBART,Baseline,CLRR+LSR,2,78,5.027731909862041,-1.5902875942330752e-05
mBART,Baseline,CLRR+LSR,2,79,5.02372191482643,0.003994092159668838
mBART,Baseline,CLRR+LSR,2,80,5.024018332644454,0.0036976743416445856
mBART,Baseline,CLRR+LSR,2,81,5.123705484630269,-0.09598947764417076
mBART,Baseline,CLRR+LSR,2,82,5.014849601045956,0.012866405940142656
mBART,Baseline,CLRR+LSR,2,83,5.028586794070774,-0.0008707870846755839
mBART,Baseline,CLRR+LSR,2,84,5.047369717819226,-0.01965371083312739
mBART,Baseline,CLRR+LSR,2,85,5.0292384042729505,-0.0015223972868518842
mBART,Baseline,CLRR+LSR,2,86,5.026669209371777,0.0010467976143218038
mBART,Baseline,CLRR+LSR,2,87,5.026346881116547,0.001369125869551624
mBART,Baseline,CLRR+LSR,2,88,5.036094609152338,-0.00837860216623909
mBART,Baseline,CLRR+LSR,2,89,5.001437021978749,0.02627898500734993
mBART,Baseline,CLRR+LSR,2,90,5.02852786282326,-0.0008118558371617013
mBART,Baseline,CLRR+LSR,2,91,5.028959490412078,-0.0012434834259789085
mBART,Baseline,CLRR+LSR,2,92,5.02333905465788,0.004376952328218664
mBART,Baseline,CLRR+LSR,2,93,5.02124363188193,0.006472375104168648
mBART,Baseline,CLRR+LSR,2,94,5.033696846748887,-0.0059808397627882925
mBART,Baseline,CLRR+LSR,2,95,5.0167087862883974,0.011007220697701214
mBART,Baseline,CLRR+LSR,2,96,5.0244834595219725,0.0032325474641261565
mBART,Baseline,CLRR+LSR,2,97,5.028454170718206,-0.0007381637321071111
mBART,Baseline,CLRR+LSR,2,98,5.024045970189595,0.00367003679650324
mBART,Baseline,CLRR+LSR,2,99,5.028271403508677,-0.0005553965225786328
mBART,Baseline,CLRR+LSR,2,100,5.028733246958392,-0.0010172399722936376
mBART,Baseline,CLRR+LSR,2,101,5.027414456745571,0.00030155024052724855
mBART,Baseline,CLRR+LSR,2,102,5.029407229131833,-0.0016912221457339172
mBART,Baseline,CLRR+LSR,2,103,5.033501250341127,-0.005785243355028058
mBART,Baseline,CLRR+LSR,2,104,5.025985837588777,0.0017301693973212906
mBART,Baseline,CLRR+LSR,2,105,5.028757136149526,-0.0010411291634273567
mBART,Baseline,CLRR+LSR,2,106,5.030734659591387,-0.003018652605287997
mBART,Baseline,CLRR+LSR,2,107,5.025250973153172,0.002465033832926622
mBART,Baseline,CLRR+LSR,2,108,5.061665107265187,-0.03394910027908793
mBART,Baseline,CLRR+LSR,2,109,5.0244600977312235,0.003255909254875178
mBART,Baseline,CLRR+LSR,2,110,5.028737398066676,-0.0010213910805774162
mBART,Baseline,CLRR+LSR,2,111,5.028368407110307,-0.0006524001242080857
mBART,Baseline,CLRR+LSR,2,112,5.026773938874941,0.0009420681111578233
mBART,Baseline,CLRR+LSR,2,113,5.030724402144907,-0.0030083951588082414
mBART,Baseline,CLRR+LSR,2,114,5.032937037994024,-0.005221031007925703
mBART,Baseline,CLRR+LSR,2,115,5.0397198434141295,-0.012003836428030823
mBART,Baseline,CLRR+LSR,2,116,5.026449863517813,0.0012661434682854633
mBART,Baseline,CLRR+LSR,2,117,5.027880114702082,-0.00016410771598351914
mBART,Baseline,CLRR+LSR,2,118,5.030173591143823,-0.0024575841577245683
mBART,Baseline,CLRR+LSR,2,119,5.027945794377773,-0.00022978739167456297
mBART,Baseline,CLRR+LSR,2,120,4.983443266326404,0.044272740659694776
mBART,Baseline,CLRR+LSR,2,121,5.028888372459042,-0.0011723654729429711
mBART,Baseline,CLRR+LSR,2,122,5.025155175138387,0.0025608318477114977
mBART,Baseline,CLRR+LSR,2,123,5.030323710692922,-0.0026077037068237274
mBART,Baseline,CLRR+LSR,2,124,5.028431793531784,-0.0007157865456850487
mBART,Baseline,CLRR+LSR,2,125,5.0423341700149535,-0.01461816302885488
mBART,Baseline,CLRR+LSR,2,126,6.7522333973476325,-1.7245173903615338
mBART,Baseline,CLRR+LSR,2,127,4.965528526974712,0.06218748001138685
mBART,Baseline,CLRR+LSR,2,128,5.029427744713743,-0.0017117377276445467
mBART,Baseline,CLRR+LSR,2,129,5.027293876318046,0.0004221306680527448
mBART,Baseline,CLRR+LSR,2,130,5.000164234361053,0.0275517726250456
mBART,Baseline,CLRR+LSR,2,131,5.0314212767603905,-0.003705269774291864
mBART,Baseline,CLRR+LSR,2,132,5.0302480498293995,-0.0025320428433008857
mBART,Baseline,CLRR+LSR,2,133,5.027999026596785,-0.00028301961068599724
mBART,Baseline,CLRR+LSR,2,134,5.033184043119949,-0.005468036133850163
mBART,Baseline,CLRR+LSR,2,135,5.033317827820175,-0.005601820834076676
mBART,Baseline,CLRR+LSR,2,136,5.06004568571136,-0.0323296787252616
mBART,Baseline,CLRR+LSR,2,137,5.02628878450715,0.0014272224789486643
mBART,Baseline,CLRR+LSR,2,138,4.985257481227034,0.042458525759064614
mBART,Baseline,CLRR+LSR,2,139,5.029657538844633,-0.0019415318585345176
mBART,Baseline,CLRR+LSR,2,140,5.01611831888699,0.011597688099108439
mBART,Baseline,CLRR+LSR,2,141,5.0158576273844435,0.011858379601655145
mBART,Baseline,CLRR+LSR,2,142,5.014888411901413,0.012827595084685228
mBART,Baseline,CLRR+LSR,2,143,5.027583911185314,0.0001320958007848816
mBART,Baseline,CLRR+LSR,2,144,5.042351556866972,-0.014635549880873455
mBART,Baseline,CLRR+LSR,2,145,5.026679644494871,0.001036362491227294
mBART,Baseline,CLRR+LSR,2,146,5.028278512788422,-0.0005625058023230878
mBART,Baseline,CLRR+LSR,2,147,5.024943517219928,0.002772489766170949
mBART,Baseline,CLRR+LSR,2,148,5.043171879848904,-0.015455872862805364
mBART,Baseline,CLRR+LSR,2,149,5.020754496352424,0.00696151063367445
mBART,Baseline,CLRR+LSR,2,150,5.027153046925946,0.0005629600601526619
mBART,Baseline,CLRR+LSR,2,151,5.030138731460545,-0.002422724474445914
mBART,Baseline,CLRR+LSR,2,152,5.028642158654083,-0.0009261516679845982
mBART,Baseline,CLRR+LSR,2,153,5.032772656337697,-0.005056649351597997
mBART,Baseline,CLRR+LSR,2,154,5.028029452039064,-0.0003134450529653776
mBART,Baseline,CLRR+LSR,2,155,5.027880709586379,-0.00016470260028000894
mBART,Baseline,CLRR+LSR,2,156,5.033584524792872,-0.005868517806772999
mBART,Baseline,CLRR+LSR,2,157,5.047680541683956,-0.019964534697857417
mBART,Baseline,CLRR+LSR,2,158,5.028811205317435,-0.0010951983313365332
mBART,Baseline,CLRR+LSR,2,159,5.034049712420421,-0.006333705434322212
mBART,Baseline,CLRR+LSR,2,160,5.028706282826535,-0.0009902758404365386
mBART,Baseline,CLRR+LSR,2,161,5.05381126111482,-0.02609525412872138
mBART,Baseline,CLRR+LSR,2,162,5.028495253383618,-0.0007792463975189179
mBART,Baseline,CLRR+LSR,2,163,5.015728807838304,0.01198719914779467
mBART,Baseline,CLRR+LSR,2,164,5.025987240510945,0.0017287664751535203
mBART,Baseline,CLRR+LSR,2,165,5.05642589224585,-0.028709885259750934
mBART,Baseline,CLRR+LSR,2,166,5.032730429497507,-0.005014422511408156
mBART,Baseline,CLRR+LSR,2,167,5.042905909274289,-0.015189902288190282
mBART,Baseline,CLRR+LSR,2,168,5.029592685252352,-0.0018766782662531512
mBART,Baseline,CLRR+LSR,2,169,5.027540387767585,0.0001756192185133898
mBART,Baseline,CLRR+LSR,2,170,0.3844137433540542,4.6433022636320445
mBART,Baseline,CLRR+LSR,2,171,5.027406797971494,0.00030920901460440575
mBART,Baseline,CLRR+LSR,2,172,5.034925893594673,-0.007209886608574578
mBART,Baseline,CLRR+LSR,2,173,5.032442185953293,-0.0047261789671946275
mBART,Baseline,CLRR+LSR,2,174,5.029910590118806,-0.002194583132707706
mBART,Baseline,CLRR+LSR,2,175,5.029207754569724,-0.0014917475836249139
mBART,Baseline,CLRR+LSR,2,176,5.016658747765458,0.011057259220640603
mBART,Baseline,CLRR+LSR,2,177,5.030093002459655,-0.002376995473555965
mBART,Baseline,CLRR+LSR,2,178,5.025083306809247,0.002632700176851799
mBART,Baseline,CLRR+LSR,2,179,5.042742387841413,-0.015026380855314159
mBART,Baseline,CLRR+LSR,2,180,5.02814836874826,-0.0004323617621615483
mBART,Baseline,CLRR+LSR,2,181,5.024099818670702,0.0036161883153962293
mBART,Baseline,CLRR+LSR,2,182,5.027880709586379,-0.00016470260028000894
mBART,Baseline,CLRR+LSR,2,183,5.0118306280764,0.0158853789096991
mBART,Baseline,CLRR+LSR,2,184,5.028133694325469,-0.0004176873393699765
mBART,Baseline,CLRR+LSR,2,185,5.031661127734488,-0.0039451207483889306
mBART,Baseline,CLRR+LSR,2,186,5.031080051905834,-0.0033640449197349653
mBART,Baseline,CLRR+LSR,2,187,5.027639904970753,7.610201534546945e-05
mBART,Baseline,CLRR+LSR,2,188,5.030003932198605,-0.0022879252125065364
mBART,Baseline,CLRR+LSR,2,189,5.032642220319504,-0.0049262133334053715
mBART,Baseline,CLRR+LSR,2,190,5.008957507721364,0.018758499264734496
mBART,Baseline,CLRR+LSR,2,191,5.023451677220523,0.004264329765575781
mBART,Baseline,CLRR+LSR,2,192,5.028484823587688,-0.0007688166015888953
mBART,Baseline,CLRR+LSR,2,193,5.03196357494163,-0.00424756795553094
mBART,Baseline,CLRR+LSR,2,194,5.0284985315433754,-0.0007825245572767869
mBART,Baseline,CLRR+LSR,2,195,5.022797407127747,0.0049185998583514134
mBART,Baseline,CLRR+LSR,2,196,5.020657746922563,0.007058260063535826
mBART,Baseline,CLRR+LSR,2,197,5.031825657870705,-0.004109650884606353
mBART,Baseline,CLRR+LSR,2,198,5.026840825171101,0.0008751818149974611
mBART,Baseline,CLRR+LSR,2,199,5.027927901913179,-0.00021189492708018065
mBART,Baseline,CLRR+LSR,2,200,5.031579837545257,-0.0038638305591582878
mBART,Baseline,CLRR+LSR,2,201,5.030947552459734,-0.0032315454736355775
mBART,Baseline,CLRR+LSR,2,202,5.029875806591454,-0.0021597996053550617
mBART,Baseline,CLRR+LSR,2,203,5.028064271038863,-0.0003482640527643355
mBART,Baseline,CLRR+LSR,2,204,5.028432225577452,-0.0007162185913536234
mBART,Baseline,CLRR+LSR,2,205,5.045395959232415,-0.017679952246316688
mBART,Baseline,CLRR+LSR,2,206,5.01678569723825,0.01093030974784881
mBART,Baseline,CLRR+LSR,2,207,5.0438531772264295,-0.01613717024033079
mBART,Baseline,CLRR+LSR,2,208,5.027428197207694,0.00028780977840447974
mBART,Baseline,CLRR+LSR,2,209,5.023254208975466,0.004461798010632734
mBART,Baseline,CLRR+LSR,2,210,5.030629761148916,-0.0029137541628170283
mBART,Baseline,CLRR+LSR,2,211,5.028761260737507,-0.0010452537514087368
mBART,Baseline,CLRR+LSR,2,212,5.023535850830511,0.004180156155587866
mBART,Baseline,CLRR+LSR,2,213,5.029402852977542,-0.0016868459914434197
mBART,Baseline,CLRR+LSR,2,214,5.027789944927179,-7.393794107990459e-05
mBART,Baseline,CLRR+LSR,2,215,5.036364518157823,-0.008648511171724493
mBART,Baseline,CLRR+LSR,2,216,5.027854934413028,-0.0001389274269296692
mBART,Baseline,CLRR+LSR,2,217,5.02887973307395,-0.0011637260878512024
mBART,Baseline,CLRR+LSR,2,218,5.0168406860817285,0.010875320904370156
mBART,Baseline,CLRR+LSR,2,219,5.028612340614885,-0.0008963336287859391
mBART,Baseline,CLRR+LSR,2,220,5.028823247232523,-0.0011072402464247233
mBART,Baseline,CLRR+LSR,2,221,5.029888182451243,-0.002172175465144477
mBART,Baseline,CLRR+LSR,2,222,5.03378116641859,-0.00606515943249164
mBART,Baseline,CLRR+LSR,2,223,5.02771373001025,2.2769758487584113e-06
mBART,Baseline,CLRR+LSR,2,224,5.024841656979197,0.002874350006901949
mBART,Baseline,CLRR+LSR,2,225,5.027253512416674,0.0004624945694242655
mBART,Baseline,CLRR+LSR,2,226,5.020223389230022,0.0074926177560765694
mBART,Baseline,CLRR+LSR,2,227,5.028336311289166,-0.000620304303067698
mBART,Baseline,CLRR+LSR,2,228,5.020350317511902,0.0073656894741969126
mBART,Baseline,CLRR+LSR,2,229,5.022363864663699,0.005352142322399445
mBART,Baseline,CLRR+LSR,2,230,5.027782508545176,-6.650155907728106e-05
mBART,Baseline,CLRR+LSR,2,231,5.032358756310201,-0.0046427493241019135
mBART,Baseline,CLRR+LSR,2,232,5.028951897311416,-0.0012358903253169018
mBART,Baseline,CLRR+LSR,2,233,5.028589551177399,-0.0008735441913003683
mBART,Baseline,CLRR+LSR,2,234,5.028260524313893,-0.0005445173277944804
mBART,Baseline,CLRR+LSR,2,235,5.041017935222335,-0.013301928236236549
mBART,Baseline,CLRR+LSR,2,236,5.0508978494248,-0.02318184243870114
mBART,Baseline,CLRR+LSR,2,237,5.026879202306194,0.0008368046799045459
mBART,Baseline,CLRR+LSR,2,238,5.028433571537773,-0.0007175645516745988
mBART,Baseline,CLRR+LSR,2,239,5.013982424793438,0.01373358219266052
mBART,Baseline,CLRR+LSR,2,240,5.028372761552971,-0.0006567545668723085
mBART,Baseline,CLRR+LSR,2,241,5.025155570662633,0.002560436323465254
mBART,Baseline,CLRR+LSR,2,242,5.028474517973281,-0.0007585109871826035
mBART,Baseline,CLRR+LSR,2,243,5.020661092326877,0.007054914659221367
mBART,Baseline,CLRR+LSR,2,244,5.035107571521296,-0.0073915645351974035
mBART,Baseline,CLRR+LSR,2,245,5.009636073723417,0.018079933262681536
mBART,Baseline,CLRR+LSR,2,246,5.019178090571753,0.008537916414345759
mBART,Baseline,CLRR+LSR,2,247,5.028699027763851,-0.0009830207777525857
mBART,Baseline,CLRR+LSR,2,248,5.024911062446694,0.002804944539404275
mBART,Baseline,CLRR+LSR,2,249,5.029383649030571,-0.0016676420444721174
mBART,Baseline,CLRR+LSR,2,250,5.022523031570007,0.005192975416091983
mBART,Baseline,CLRR+LSR,2,251,5.037529677790598,-0.009813670804499353
mBART,Baseline,CLRR+LSR,2,252,5.028418818919619,-0.0007028119335199534
mBART,Baseline,CLRR+LSR,2,253,5.012472705743539,0.015243301242559681
mBART,Baseline,CLRR+LSR,2,254,5.028384629652107,-0.0006686226660086447
mBART,Baseline,CLRR+LSR,2,255,5.037571349535613,-0.009855342549514035
mBART,Baseline,CLRR+LSR,2,256,5.026818797077906,0.0008972099081923091
mBART,Baseline,CLRR+LSR,2,257,5.036187994858281,-0.008471987872182396
mBART,Baseline,CLRR+LSR,2,258,5.030395659609496,-0.0026796526233976437
mBART,Baseline,CLRR+LSR,2,259,5.0229763305001,0.004739676485998601
mBART,Baseline,CLRR+LSR,2,260,5.028502782472964,-0.0007867754868655652
mBART,Baseline,CLRR+LSR,2,261,5.02678065960988,0.0009353473762185871
mBART,Baseline,CLRR+LSR,2,262,5.057311900464608,-0.02959589347850944
mBART,Baseline,CLRR+LSR,2,263,5.088292768626008,-0.06057676163990955
mBART,Baseline,CLRR+LSR,2,264,5.029228855595322,-0.001512848609223738
mBART,Baseline,CLRR+LSR,2,265,5.028325129729115,-0.0006091227430164992
mBART,Baseline,CLRR+LSR,2,266,5.027880709586379,-0.00016470260028000894
mBART,Baseline,CLRR+LSR,2,267,5.015344579464273,0.01237142752182585
mBART,Baseline,CLRR+LSR,2,268,5.027760628169327,-4.462118322834385e-05
mBART,Baseline,CLRR+LSR,2,269,5.028495253383618,-0.0007792463975189179
mBART,Baseline,CLRR+LSR,2,270,5.028153988479961,-0.00043798149386198304
mBART,Baseline,CLRR+LSR,2,271,5.02839798817989,-0.000681981193791259
mBART,Baseline,CLRR+LSR,2,272,5.028455243424808,-0.0007392364387097672
mBART,Baseline,CLRR+LSR,2,273,5.028988180968048,-0.0012721739819490097
mBART,Baseline,CLRR+LSR,2,274,5.027857613737565,-0.0001416067514661279
mBART,Baseline,CLRR+LSR,2,275,5.032938586916169,-0.005222579930070026
mBART,Baseline,CLRR+LSR,2,276,5.028247965661103,-0.0005319586750047733
mBART,Baseline,CLRR+LSR,2,277,5.026375407787299,0.0013405991987998078
mBART,Baseline,CLRR+LSR,2,278,5.028286137891355,-0.0005701309052561498
mBART,Baseline,CLRR+LSR,2,279,5.033846791821581,-0.006130784835482572
mBART,Baseline,CLRR+LSR,2,280,5.0282448007581895,-0.0005287937720908076
mBART,Baseline,CLRR+LSR,2,281,5.041090905630922,-0.013374898644823219
mBART,Baseline,CLRR+LSR,2,282,5.0188574377300075,0.008858569256091187
mBART,Baseline,CLRR+LSR,2,283,5.023307951021982,0.004408055964116642
mBART,Baseline,CLRR+LSR,2,284,5.01703523698343,0.010680770002668538
mBART,Baseline,CLRR+LSR,2,285,5.025409652053391,0.0023063549327080324
mBART,Baseline,CLRR+LSR,2,286,5.024751043054682,0.002964963931416875
mBART,Baseline,CLRR+LSR,2,287,5.025416557596978,0.0022994493891204115
mBART,Baseline,CLRR+LSR,2,288,5.0158981405518315,0.011817866434267188
mBART,Baseline,CLRR+LSR,2,289,5.028133694325469,-0.0004176873393699765
mBART,Baseline,CLRR+LSR,2,290,5.028531462992619,-0.0008154560065207761
mBART,Baseline,CLRR+LSR,2,291,5.027872556483031,-0.00015654949693200138
mBART,Baseline,CLRR+LSR,2,292,5.0287222569377,-0.0010062499516010348
mBART,Baseline,CLRR+LSR,2,293,5.02484610290959,0.002869904076508334
mBART,Baseline,CLRR+LSR,2,294,5.035134711220714,-0.007418704234614992
mBART,Baseline,CLRR+LSR,2,295,5.024986903621787,0.002729103364311314
mBART,Baseline,CLRR+LSR,2,296,5.0367215183603555,-0.00900551137425687
mBART,Baseline,CLRR+LSR,2,297,5.075875976321836,-0.048159969335737074
mBART,Baseline,CLRR+LSR,2,298,5.027114429648263,0.0006015773378358347
mBART,Baseline,CLRR+LSR,2,299,5.038750089623216,-0.011034082637117137
mBART,Baseline,CLRR+LSR,2,300,5.063645093939362,-0.03592908695326358
mBART,Baseline,CLRR+LSR,2,301,5.022871758215215,0.004844248770883297
mBART,Baseline,CLRR+LSR,2,302,5.029034288858233,-0.0013182818721340084
mBART,Baseline,CLRR+LSR,2,303,5.0140471794143,0.013668827571798658
mBART,Baseline,CLRR+LSR,2,304,5.036598707342007,-0.008882700355908213
mBART,Baseline,CLRR+LSR,2,305,5.025681017999078,0.0020349889870203697
mBART,Baseline,CLRR+LSR,2,306,5.029675225119231,-0.0019592181331322678
mBART,Baseline,CLRR+LSR,2,307,5.029279694255504,-0.001563687269404923
mBART,Baseline,CLRR+LSR,2,308,5.034174370066754,-0.006458363080655616
mBART,Baseline,CLRR+LSR,2,309,5.03475458281318,-0.007038575827081672
mBART,Baseline,CLRR+LSR,2,310,5.024477291387393,0.003238715598705255
mBART,Baseline,CLRR+LSR,2,311,5.024271305255924,0.0034447017301744154
mBART,Baseline,CLRR+LSR,2,312,5.022876889540093,0.004839117446005403
mBART,Baseline,CLRR+LSR,2,313,5.0147965646515456,0.01291944233455311
mBART,Baseline,CLRR+LSR,2,314,5.0376154425519,-0.009899435565801085
mBART,Baseline,CLRR+LSR,2,315,5.028490262177321,-0.0007742551912226503
mBART,Baseline,CLRR+LSR,2,316,5.04064651619219,-0.0129305092060914
mBART,Baseline,CLRR+LSR,2,317,5.005261402007148,0.022454604978950243
mBART,Baseline,CLRR+LSR,2,318,5.02797247367133,-0.00025646668523116034
mBART,Baseline,CLRR+LSR,2,319,5.018106100629165,0.009609906356933706
mBART,Baseline,CLRR+LSR,2,320,5.0477879753031285,-0.020071968317029842
mBART,Baseline,CLRR+LSR,2,321,5.021310111300284,0.0064058956858144
mBART,Baseline,CLRR+LSR,2,322,5.027692268044204,2.3738941894890786e-05
mBART,Baseline,CLRR+LSR,2,323,5.004314828739362,0.023401178246736265
mBART,Baseline,CLRR+LSR,2,324,5.028209306833741,-0.0004932998476423478
mBART,Baseline,CLRR+LSR,2,325,5.04737512179711,-0.019659114811011236
mBART,Baseline,CLRR+LSR,2,326,5.031321817918739,-0.003605810932640452
mBART,Baseline,CLRR+LSR,2,327,5.0286422786861955,-0.0009262717000968479
mBART,Baseline,CLRR+LSR,2,328,5.0308164376154085,-0.0031004306293098693
mBART,Baseline,CLRR+LSR,2,329,5.040356141834957,-0.012640134848858509
mBART,Baseline,CLRR+LSR,2,330,5.028488884927011,-0.0007728779409124087
mBART,Baseline,CLRR+LSR,2,331,5.02798707620072,-0.00027106921462127787
mBART,Baseline,CLRR+LSR,2,332,5.028052247561334,-0.00033624057523518047
mBART,Baseline,CLRR+LSR,2,333,5.029183153788981,-0.001467146802882624
mBART,Baseline,CLRR+LSR,2,334,5.027639904970753,7.610201534546945e-05
mBART,Baseline,CLRR+LSR,2,335,5.032323695996116,-0.004607689010017069
mBART,Baseline,CLRR+LSR,2,336,4.966313247260954,0.06140275972514431
mBART,Baseline,CLRR+LSR,2,337,5.030887132072081,-0.0031711250859824958
mBART,Baseline,CLRR+LSR,2,338,5.05420823944268,-0.026492232456581277
mBART,Baseline,CLRR+LSR,2,339,5.022323004920878,0.005393002065220642
mBART,Baseline,CLRR+LSR,2,340,5.031115972090362,-0.003399965104263103
mBART,Baseline,CLRR+LSR,2,341,5.028523757459778,-0.000807750473679647
mBART,Baseline,CLRR+LSR,2,342,5.033089411857434,-0.005373404871335197
mBART,Baseline,CLRR+LSR,2,343,5.025152401803041,0.00256360518305776
mBART,Baseline,CLRR+LSR,2,344,5.027998141639669,-0.00028213465357040945
mBART,Baseline,CLRR+LSR,2,345,5.069802022428215,-0.04208601544211632
mBART,Baseline,CLRR+LSR,2,346,5.0313206426583275,-0.0036046356722287953
mBART,Baseline,CLRR+LSR,2,347,5.033172863584516,-0.005456856598417659
mBART,Baseline,CLRR+LSR,2,348,5.029804702937582,-0.0020886959514836434
mBART,Baseline,CLRR+LSR,2,349,5.030383566386474,-0.002667559400375552
mBART,Baseline,CLRR+LSR,2,350,5.028668119865527,-0.0009521128794283129
mBART,Baseline,CLRR+LSR,2,351,5.040709609952007,-0.012993602965908124
mBART,Baseline,CLRR+LSR,2,352,5.108651014540904,-0.08093500755480498
mBART,Baseline,CLRR+LSR,2,353,5.033225487865172,-0.005509480879073436
mBART,Baseline,CLRR+LSR,2,354,5.048744462258533,-0.021028455272434243
mBART,Baseline,CLRR+LSR,2,355,5.023253375219056,0.004462631767042424
mBART,Baseline,CLRR+LSR,2,356,5.028721059051787,-0.0010050520656879058
mBART,Baseline,CLRR+LSR,2,357,5.017826734865158,0.009889272120940262
mBART,Baseline,CLRR+LSR,2,358,5.02319366936138,0.004522337624718986
mBART,Baseline,CLRR+LSR,2,359,5.028726690683085,-0.0010106836969860922
mBART,Baseline,CLRR+LSR,2,360,5.02633044244339,0.0013855645427085506
mBART,Baseline,CLRR+LSR,2,361,5.062932908621876,-0.03521690163577773
mBART,Baseline,CLRR+LSR,2,362,5.02873438784248,-0.0010183808563812846
mBART,Baseline,CLRR+LSR,2,363,5.011861347454255,0.015854659531843396
mBART,Baseline,CLRR+LSR,2,364,5.028088906459251,-0.00037289947315244376
mBART,Baseline,CLRR+LSR,2,365,5.108816207021977,-0.0811002000358787
mBART,Baseline,CLRR+LSR,2,366,5.0287195584454185,-0.0010035514593198513
mBART,Baseline,CLRR+LSR,2,367,5.028116251131079,-0.00040024414498063265
mBART,Baseline,CLRR+LSR,2,368,5.028743770828463,-0.0010277638423641378
mBART,Baseline,CLRR+LSR,2,369,5.024807569076591,0.0029084379095074553
mBART,Baseline,CLRR+LSR,2,370,5.028671554258809,-0.0009555472727100778
mBART,Baseline,CLRR+LSR,2,371,5.028850362474849,-0.0011343554887499607
mBART,Baseline,CLRR+LSR,2,372,5.029003121553147,-0.001287114567048775
mBART,Baseline,CLRR+LSR,2,373,5.032201589079078,-0.004485582092979001
mBART,Baseline,CLRR+LSR,2,374,5.024559291420182,0.003156715565916457
mBART,Baseline,CLRR+LSR,2,375,4.942206543196091,0.08550946379000735
mBART,Baseline,CLRR+LSR,2,376,5.027547405287047,0.0001686016990518624
mBART,Baseline,CLRR+LSR,2,377,5.0281610974194635,-0.00044509043336482534
mBART,Baseline,CLRR+LSR,2,378,5.029397592215652,-0.0016815852295533062
mBART,Baseline,CLRR+LSR,2,379,5.029019467375374,-0.0013034603892752017
mBART,Baseline,CLRR+LSR,2,380,4.965106457539029,0.06260954944706931
mBART,Baseline,CLRR+LSR,2,381,4.99481455094832,0.03290145603777894
mBART,Baseline,CLRR+LSR,2,382,5.028185331187602,-0.0004693242015036958
mBART,Baseline,CLRR+LSR,2,383,5.059205817155702,-0.03148981016960306
mBART,Baseline,CLRR+LSR,2,384,5.029364190733411,-0.0016481837473119043
mBART,Baseline,CLRR+LSR,2,385,5.041166843465939,-0.013450836479840689
mBART,Baseline,CLRR+LSR,2,386,5.028679023469467,-0.000963016483368051
mBART,Baseline,CLRR+LSR,2,387,5.0290824579063855,-0.0013664509202868658
mBART,Baseline,CLRR+LSR,2,388,5.025666785715165,0.0020492212709335433
mBART,Baseline,CLRR+LSR,2,389,5.028732231019436,-0.001016224033337565
mBART,Baseline,CLRR+LSR,2,390,4.987119910185886,0.04059609680021303
mBART,Baseline,CLRR+LSR,2,391,5.028421238263917,-0.0007052312778181857
mBART,Baseline,CLRR+LSR,2,392,5.028523757459778,-0.000807750473679647
mBART,Baseline,CLRR+LSR,2,393,5.034045098139311,-0.006329091153212119
mBART,Baseline,CLRR+LSR,2,394,5.035279721649882,-0.007563714663783472
mBART,Baseline,CLRR+LSR,2,395,5.005535060425457,0.022180946560641956
mBART,Baseline,CLRR+LSR,2,396,5.02276329467205,0.004952712314048924
mBART,Baseline,CLRR+LSR,2,397,5.0282230585175185,-0.0005070515314198332
mBART,Baseline,CLRR+LSR,2,398,5.027857787054868,-0.0001417800687697479
mBART,Baseline,CLRR+LSR,2,399,5.026315507474264,0.0014004995118348518
mBART,Baseline,CLRR+LSR,2,400,5.012050774142807,0.015665232843291577
mBART,Baseline,CLRR+LSR,2,401,5.02836327551409,-0.0006472685279916846
mBART,Baseline,CLRR+LSR,2,402,5.041914931296169,-0.014198924310070637
mBART,Baseline,CLRR+LSR,2,403,5.02713447151274,0.0005815354733584854
mBART,Baseline,CLRR+LSR,2,404,5.029063587430148,-0.0013475804440492567
mBART,Baseline,CLRR+LSR,2,405,5.028031344931426,-0.00031533794532734305
mBART,Baseline,CLRR+LSR,2,406,5.029784836909425,-0.002068829923326021
mBART,Baseline,CLRR+LSR,2,407,5.0233649791461,0.0043510278399985225
mBART,Baseline,CLRR+LSR,2,408,5.026079579232938,0.0016364277531604188
mBART,Baseline,CLRR+LSR,2,409,5.028703415723383,-0.0009874087372843121
mBART,Baseline,CLRR+LSR,2,410,5.028763598186304,-0.0010475912002050336
mBART,Baseline,CLRR+LSR,2,411,5.028064271038863,-0.0003482640527643355
mBART,Baseline,CLRR+LSR,2,412,4.993101046198575,0.034614960787523685
mBART,Baseline,CLRR+LSR,2,413,5.024111151851017,0.003604855135082019
mBART,Baseline,CLRR+LSR,2,414,5.030312935744423,-0.0025969287583240686
mBART,Baseline,CLRR+LSR,2,415,5.027316625372142,0.00039938161395625116
mBART,Baseline,CLRR+LSR,2,416,5.0281595681366,-0.00044356115050092626
mBART,Baseline,CLRR+LSR,2,417,5.030247458426528,-0.002531451440429322
mBART,Baseline,CLRR+LSR,2,418,5.054873314278259,-0.027157307292160482
mBART,Baseline,CLRR+LSR,2,419,5.030457915826773,-0.0027419088406741565
mBART,Baseline,CLRR+LSR,2,420,5.034358579206705,-0.006642572220606269
mBART,Baseline,CLRR+LSR,2,421,5.032213118882417,-0.0044971118963186285
mBART,Baseline,CLRR+LSR,2,422,5.027937719127355,-0.00022171214125599192
mBART,Baseline,CLRR+LSR,2,423,5.011990174128453,0.015725832857645727
mBART,Baseline,CLRR+LSR,2,424,5.020391923928164,0.007324083057934416
mBART,Baseline,CLRR+LSR,2,425,5.0252963192129965,0.002419687773102197
mBART,Baseline,CLRR+LSR,2,426,5.0605885913929,-0.03287258440680141
mBART,Baseline,CLRR+LSR,2,427,5.03280106835402,-0.005085061367921639
mBART,Baseline,CLRR+LSR,2,428,5.0310195179510835,-0.0033035109649848238
mBART,Baseline,CLRR+LSR,2,429,5.0293452524357996,-0.001629245449700889
mBART,Baseline,CLRR+LSR,2,430,5.028838558410728,-0.0011225514246291368
mBART,Baseline,CLRR+LSR,2,431,5.02910640531956,-0.001390398333461107
mBART,Baseline,CLRR+LSR,2,432,5.031187430632986,-0.0034714236468875725
mBART,Baseline,CLRR+LSR,2,433,5.028069569413351,-0.00035356242725193
mBART,Baseline,CLRR+LSR,2,434,5.0533836399620675,-0.025667632975968857
mBART,Baseline,CLRR+LSR,2,435,5.023141952985709,0.004574054000389793
mBART,Baseline,CLRR+LSR,2,436,5.028680335451895,-0.0009643284657965268
mBART,Baseline,CLRR+LSR,2,437,5.0368663888955325,-0.009150381909433847
mBART,Baseline,CLRR+LSR,2,438,5.100104332454977,-0.07238832546887863
mBART,Baseline,CLRR+LSR,2,439,5.028431793531784,-0.0007157865456850487
mBART,Baseline,CLRR+LSR,2,440,5.034034121515575,-0.006318114529475949
mBART,Baseline,CLRR+LSR,2,441,5.032590381293193,-0.004874374307094698
mBART,Baseline,CLRR+LSR,2,442,5.021914957002062,0.0058010499840364105
mBART,Baseline,CLRR+LSR,2,443,5.027114429648263,0.0006015773378358347
mBART,Baseline,CLRR+LSR,2,444,5.0312942754975545,-0.0035782685114558177
mBART,Baseline,CLRR+LSR,2,445,5.028201273493869,-0.0004852665077699214
mBART,Baseline,CLRR+LSR,2,446,5.032620442390892,-0.004904435404792906
mBART,Baseline,CLRR+LSR,2,447,5.028341418016625,-0.0006254110305263794
mBART,Baseline,CLRR+LSR,2,448,5.028972522984141,-0.001256515998042218
mBART,Baseline,CLRR+LSR,2,449,5.029007175640086,-0.0012911686539869294
mBART,Baseline,CLRR+LSR,2,450,5.028947757673949,-0.0012317506878503082
mBART,Baseline,CLRR+LSR,2,451,5.030924143427955,-0.0032081364418559133
mBART,Baseline,CLRR+LSR,2,452,5.028321577942027,-0.0006055709559280587
mBART,Baseline,CLRR+LSR,2,453,5.028834740591272,-0.0011187336051730057
mBART,Baseline,CLRR+LSR,2,454,4.9644072746568,0.06330873232929868
mBART,Baseline,CLRR+LSR,2,455,5.007603454926505,0.020112552059593725
mBART,Baseline,CLRR+LSR,2,456,5.03626608376069,-0.00855007677459163
mBART,Baseline,CLRR+LSR,2,457,5.0219056340298,0.005810372956299048
mBART,Baseline,CLRR+LSR,2,458,4.970968962906417,0.056747044079681785
mBART,Baseline,CLRR+LSR,2,459,5.029243242853825,-0.0015272358677265174
mBART,Baseline,CLRR+LSR,2,460,5.0556604612644875,-0.027944454278388875
mBART,Baseline,CLRR+LSR,2,461,5.025568796533285,0.0021472104528132974
mBART,Baseline,CLRR+LSR,2,462,5.028299286604774,-0.0005832796186755473
mBART,Baseline,CLRR+LSR,2,463,5.028341418016625,-0.0006254110305263794
mBART,Baseline,CLRR+LSR,2,464,5.028003699469961,-0.00028769248386240065
mBART,Baseline,CLRR+LSR,2,465,5.025720110003002,0.0019958969830966566
mBART,Baseline,CLRR+LSR,2,466,5.028644921001467,-0.0009289140153683206
mBART,Baseline,CLRR+LSR,2,467,5.048796985821282,-0.021080978835183117
mBART,Baseline,CLRR+LSR,2,468,7.690847989103686,-2.663131982117587
mBART,Baseline,CLRR+LSR,2,469,5.0275751216211955,0.00014088536490319825
mBART,Baseline,CLRR+LSR,2,470,5.003811271164064,0.02390473582203434
mBART,Baseline,CLRR+LSR,2,471,5.023374664573883,0.004341342412216065
mBART,Baseline,CLRR+LSR,2,472,5.0345618956833285,-0.006845888697229796
mBART,Baseline,CLRR+LSR,2,473,5.046494025395386,-0.01877801840928761
mBART,Baseline,CLRR+LSR,2,474,5.047787959306939,-0.02007195232084058
mBART,Baseline,CLRR+LSR,2,475,5.002301925669416,0.02541408131668277
mBART,Baseline,CLRR+LSR,2,476,5.0291280777623,-0.001412070776201091
mBART,Baseline,CLRR+LSR,2,477,5.030415385801058,-0.00269937881495963
mBART,Baseline,CLRR+LSR,2,478,5.027881666436835,-0.0001656594507366549
mBART,Baseline,CLRR+LSR,2,479,5.029044992159559,-0.0013289851734601399
mBART,Baseline,CLRR+LSR,2,480,5.024215032501457,0.0035009744846412616
mBART,Baseline,CLRR+LSR,2,481,5.028560114838143,-0.0008441078520444734
mBART,Baseline,CLRR+LSR,2,482,5.032552888357458,-0.00483688137135907
mBART,Baseline,CLRR+LSR,2,483,5.038704783104292,-0.010988776118193044
mBART,Baseline,CLRR+LSR,2,484,5.02819467718316,-0.00047867019706160363
mBART,Baseline,CLRR+LSR,2,485,5.028693241472608,-0.0009772344865091043
mBART,Baseline,CLRR+LSR,2,486,5.036235802037343,-0.008519795051244117
mBART,Baseline,CLRR+LSR,2,487,5.022691693492774,0.005024313493324328
mBART,Baseline,CLRR+LSR,2,488,5.032914957685005,-0.005198950698906302
mBART,Baseline,CLRR+LSR,2,489,5.028487380368539,-0.0007713733824399327
mBART,Baseline,CLRR+LSR,2,490,5.02696553996312,0.0007504670229785404
mBART,Baseline,CLRR+LSR,2,491,5.032512374433857,-0.004796367447758243
mBART,Baseline,CLRR+LSR,2,492,5.028653720392038,-0.0009377134059391778
mBART,Baseline,CLRR+LSR,2,493,5.030535899221052,-0.0028198922349531585
mBART,Baseline,CLRR+LSR,2,494,5.028455454388181,-0.0007394474020827602
mBART,Baseline,CLRR+LSR,2,495,5.012492314859786,0.015223692126312471
mBART,Baseline,CLRR+LSR,2,496,5.028363720795168,-0.0006477138090694723
mBART,Baseline,CLRR+LSR,2,497,5.032379204915291,-0.004663197929192009
mBART,Baseline,CLRR+LSR,2,498,5.029498716397402,-0.0017827094113034292
mBART,Baseline,CLRR+LSR,2,499,5.0293814802443535,-0.0016654732582548348
mBART,Baseline,CLRR+LSR,2,500,5.066224350884477,-0.03850834389837843
mBART,Baseline,CLRR+LSR,2,501,5.031237128690318,-0.0035211217042192544
mBART,Baseline,CLRR+LSR,2,502,5.026120875610255,0.0015951313758435504
mBART,Baseline,CLRR+LSR,2,503,5.019166091283099,0.00854991570300001
mBART,Baseline,CLRR+LSR,2,504,5.0287736635004485,-0.0010576565143498584
mBART,Baseline,CLRR+LSR,2,505,5.028905839402407,-0.001189832416308434
mBART,Baseline,CLRR+LSR,2,506,4.996812205586441,0.030903801399658093
mBART,Baseline,CLRR+LSR,2,507,5.028465657399057,-0.0007496504129580472
mBART,Baseline,CLRR+LSR,2,508,4.9829986713704155,0.04471733561568314
mBART,Baseline,CLRR+LSR,2,509,5.029553052636809,-0.0018370456507099675
mBART,Baseline,CLRR+LSR,2,510,4.937547207830187,0.09016879915591147
mBART,Baseline,CLRR+LSR,2,511,5.041734902873223,-0.014018895887124572
mBART,Baseline,CLRR+LSR,2,512,5.028281886759137,-0.0005658797730383469
mBART,Baseline,CLRR+LSR,2,513,5.021227525457238,0.00648848152886039
mBART,Baseline,CLRR+LSR,2,514,5.001803257065408,0.025912749920690814
mBART,Baseline,CLRR+LSR,2,515,5.080693903443835,-0.05297789645773676
mBART,Baseline,CLRR+LSR,2,516,5.020698757573006,0.00701724941309223
mBART,Baseline,CLRR+LSR,2,517,5.028552118730028,-0.0008361117439292798
mBART,Baseline,CLRR+LSR,2,518,5.0304138031850325,-0.002697796198933844
mBART,Baseline,CLRR+LSR,2,519,5.025378661299815,0.0023373456862838538
mBART,Baseline,CLRR+LSR,2,520,5.027464941857065,0.0002510651290332788
mBART,Baseline,CLRR+LSR,2,521,4.975825660327677,0.051890346658421294
mBART,Baseline,CLRR+LSR,2,522,5.035024695294986,-0.007308688308887312
mBART,Baseline,CLRR+LSR,2,523,5.031319626565473,-0.003603619579374495
mBART,Baseline,CLRR+LSR,2,524,5.02193969363419,0.005776313351908868
mBART,Baseline,CLRR+LSR,2,525,5.031195823728421,-0.003479816742322228
mBART,Baseline,CLRR+LSR,2,526,5.019539472722883,0.008176534263215629
mBART,Baseline,CLRR+LSR,2,527,5.027259874522109,0.000456132463989789
mBART,Baseline,CLRR+LSR,2,528,5.026255831265274,0.0014601757208243527
mBART,Baseline,CLRR+LSR,2,529,4.998201044900906,0.029514962085192664
mBART,Baseline,CLRR+LSR,2,530,5.0255388135636245,0.002177193422474133
mBART,Baseline,CLRR+LSR,2,531,5.020264586490363,0.007451420495735661
mBART,Baseline,CLRR+LSR,2,532,5.024332673952733,0.0033833330333656875
mBART,Baseline,CLRR+LSR,2,533,5.026395886334001,0.001320120652097856
mBART,Baseline,CLRR+LSR,2,534,5.043238096902231,-0.015522089916132131
mBART,Baseline,CLRR+LSR,2,535,5.02816221743673,-0.0004462104506313125
mBART,Baseline,CLRR+LSR,2,536,5.0284384251334195,-0.0007224181473208802
mBART,Baseline,CLRR+LSR,2,537,5.028372761552971,-0.0006567545668723085
mBART,Baseline,CLRR+LSR,2,538,4.998304215783833,0.029411791202266002
mBART,Baseline,CLRR+LSR,2,539,5.025346334949241,0.002369672036858006
mBART,Baseline,CLRR+LSR,2,540,5.023642985957803,0.004073021028295543
mBART,Baseline,CLRR+LSR,2,541,5.021647519064732,0.006068487921366383
mBART,Baseline,CLRR+LSR,2,542,5.026116830171732,0.0015991768143663876
mBART,Baseline,CLRR+LSR,2,543,5.0260064750552775,0.0017095319308211288
mBART,Baseline,CLRR+LSR,2,544,5.03586501218871,-0.008149005202611193
mBART,Baseline,CLRR+LSR,2,545,5.0277936245727695,-7.761758667079732e-05
mBART,Baseline,CLRR+LSR,2,546,5.028040777748709,-0.00032477076261017146
mBART,Baseline,CLRR+LSR,2,547,5.027759106448597,-4.309946249847485e-05
mBART,Baseline,CLRR+LSR,2,548,5.029178686180671,-0.001462679194572658
mBART,Baseline,CLRR+LSR,2,549,5.034226305075473,-0.006510298089374089
mBART,Baseline,CLRR+LSR,2,550,5.0180216429350235,0.009694364051075155
mBART,Baseline,CLRR+LSR,2,551,5.029185351723189,-0.0014693447370905943
mBART,Baseline,CLRR+LSR,2,552,5.008803384795167,0.018912622190931927
mBART,Baseline,CLRR+LSR,2,553,5.026949705124498,0.000766301861601093
mBART,Baseline,CLRR+LSR,2,554,5.0284250992871,-0.0007090923010011352
mBART,Baseline,CLRR+LSR,2,555,5.028843694477789,-0.0011276874916905655
mBART,Baseline,CLRR+LSR,2,556,5.030105300523612,-0.0023892935375133817
mBART,Baseline,CLRR+LSR,2,557,5.033585995884893,-0.0058699888987945315
mBART,Baseline,CLRR+LSR,2,558,5.039976336616215,-0.012260329630116473
mBART,Baseline,CLRR+LSR,2,559,5.029079694991264,-0.0013636880051652867
mBART,Baseline,CLRR+LSR,2,560,5.023409087819601,0.004306919166497281
mBART,Baseline,CLRR+LSR,2,561,5.013699095540938,0.014016911445160929
mBART,Baseline,CLRR+LSR,2,562,5.028393970442732,-0.0006779634566331794
mBART,Baseline,CLRR+LSR,2,563,5.039592558275611,-0.011876551289512705
mBART,Baseline,CLRR+LSR,2,564,5.032141125658725,-0.004425118672626738
mBART,Baseline,CLRR+LSR,2,565,5.027051520039224,0.0006644869468743764
mBART,Baseline,CLRR+LSR,2,566,5.0182468943898755,0.009469112596223184
mBART,Baseline,CLRR+LSR,2,567,5.025547469248563,0.0021685377375355586
mBART,Baseline,CLRR+LSR,2,568,5.02866000157533,-0.000943994589231778
mBART,Baseline,CLRR+LSR,2,569,5.02773277427878,-1.6767292681407753e-05
mBART,Baseline,CLRR+LSR,2,570,5.019190851649933,0.008525155336165824
mBART,Baseline,CLRR+LSR,2,571,5.022861897173424,0.004854109812674423
mBART,Baseline,CLRR+LSR,2,572,4.998114642239921,0.029601364746177694
mBART,Baseline,CLRR+LSR,2,573,5.021076966938855,0.006639040047243583
mBART,Baseline,CLRR+LSR,2,574,5.034005008472688,-0.006289001486589285
mBART,LSR-only,CLRR+LSR,0,0,0.6660641803945708,0.0020180023594811303
mBART,LSR-only,CLRR+LSR,0,1,0.6687726940303946,-0.0006905112763426757
mBART,LSR-only,CLRR+LSR,0,2,0.6627294833516437,0.005352699402408234
mBART,LSR-only,CLRR+LSR,0,3,0.66786191165696,0.00022027109709199522
mBART,LSR-only,CLRR+LSR,0,4,0.6689544376980479,-0.0008722549439958982
mBART,LSR-only,CLRR+LSR,0,5,0.6705265716626805,-0.0024443889086285253
mBART,LSR-only,CLRR+LSR,0,6,0.6721665300548985,-0.0040843473008465025
mBART,LSR-only,CLRR+LSR,0,7,0.5918467637600138,0.07623541899403818
mBART,LSR-only,CLRR+LSR,0,8,0.6694405536544323,-0.001358370900380379
mBART,LSR-only,CLRR+LSR,0,9,0.6717679487469042,-0.003685765992852197
mBART,LSR-only,CLRR+LSR,0,10,0.6657828827872052,0.002299299966846746
mBART,LSR-only,CLRR+LSR,0,11,0.6741273539077675,-0.006045171153715501
mBART,LSR-only,CLRR+LSR,0,12,0.6685309281148726,-0.0004487453608206238
mBART,LSR-only,CLRR+LSR,0,13,0.6685030803640402,-0.00042089760998820225
mBART,LSR-only,CLRR+LSR,0,14,0.6790373854547695,-0.010955202700717592
mBART,LSR-only,CLRR+LSR,0,15,0.6689798744562694,-0.0008976917022174291
mBART,LSR-only,CLRR+LSR,0,16,0.6980552677781908,-0.029973085024138868
mBART,LSR-only,CLRR+LSR,0,17,0.6531517271334337,0.014930455620618233
mBART,LSR-only,CLRR+LSR,0,18,0.6937638256066734,-0.025681642852621422
mBART,LSR-only,CLRR+LSR,0,19,0.669676957611717,-0.0015947748576650156
mBART,LSR-only,CLRR+LSR,0,20,0.6886743944733418,-0.02059221171928982
mBART,LSR-only,CLRR+LSR,0,21,0.67209857185318,-0.004016389099128048
mBART,LSR-only,CLRR+LSR,0,22,0.6609908764447212,0.007091306309330747
mBART,LSR-only,CLRR+LSR,0,23,0.667400486291708,0.0006816964623439503
mBART,LSR-only,CLRR+LSR,0,24,0.6686960431224485,-0.0006138603683965016
mBART,LSR-only,CLRR+LSR,0,25,0.6708106923676667,-0.0027285096136147047
mBART,LSR-only,CLRR+LSR,0,26,0.6573439369696423,0.010738245784409628
mBART,LSR-only,CLRR+LSR,0,27,0.6920301671293885,-0.023947984375336517
mBART,LSR-only,CLRR+LSR,0,28,0.6685784657310592,-0.0004962829770072119
mBART,LSR-only,CLRR+LSR,0,29,0.6698800085428296,-0.0017978257887776294
mBART,LSR-only,CLRR+LSR,0,30,0.6701996334518476,-0.0021174506977956753
mBART,LSR-only,CLRR+LSR,0,31,0.6917925956811182,-0.023710412927066216
mBART,LSR-only,CLRR+LSR,0,32,0.6689128619996474,-0.0008306792455954337
mBART,LSR-only,CLRR+LSR,0,33,0.6849507560379564,-0.016868573283904453
mBART,LSR-only,CLRR+LSR,0,34,0.6667196435357248,0.0013625392183271856
mBART,LSR-only,CLRR+LSR,0,35,0.6717312462210181,-0.0036490634669661404
mBART,LSR-only,CLRR+LSR,0,36,0.6701315068330871,-0.002049324079035131
mBART,LSR-only,CLRR+LSR,0,37,0.6610061892393411,0.007075993514710888
mBART,LSR-only,CLRR+LSR,0,38,0.6722442954106,-0.004162112656548089
mBART,LSR-only,CLRR+LSR,0,39,0.6420844333001341,0.025997749453917862
mBART,LSR-only,CLRR+LSR,0,40,0.6690865154307275,-0.0010043326766755456
mBART,LSR-only,CLRR+LSR,0,41,0.6496541203586119,0.018428062395440037
mBART,LSR-only,CLRR+LSR,0,42,0.6716374545994555,-0.003555271845403496
mBART,LSR-only,CLRR+LSR,0,43,0.6686147041016923,-0.000532521347640369
mBART,LSR-only,CLRR+LSR,0,44,0.6772940453194565,-0.009211862565404516
mBART,LSR-only,CLRR+LSR,0,45,0.6690355859577011,-0.0009534032036491169
mBART,LSR-only,CLRR+LSR,0,46,0.6715456784538638,-0.0034634956998118582
mBART,LSR-only,CLRR+LSR,0,47,0.6726686910813875,-0.004586508327335537
mBART,LSR-only,CLRR+LSR,0,48,0.6737009111530234,-0.005618728398971484
mBART,LSR-only,CLRR+LSR,0,49,0.6687458547975211,-0.0006636720434691767
mBART,LSR-only,CLRR+LSR,0,50,0.6696160094529837,-0.0015338266989317617
mBART,LSR-only,CLRR+LSR,0,51,0.666988547881811,0.0010936348722410116
mBART,LSR-only,CLRR+LSR,0,52,0.6715600230908407,-0.0034778403367887734
mBART,LSR-only,CLRR+LSR,0,53,0.6682619432076535,-0.000179760453601574
mBART,LSR-only,CLRR+LSR,0,54,0.6459260946487646,0.022156088105287353
mBART,LSR-only,CLRR+LSR,0,55,0.6686888295370821,-0.0006066467830301292
mBART,LSR-only,CLRR+LSR,0,56,0.6698968675325965,-0.0018146847785445175
mBART,LSR-only,CLRR+LSR,0,57,0.6675654757009148,0.000516707053137111
mBART,LSR-only,CLRR+LSR,0,58,0.669608243134654,-0.0015260603806019901
mBART,LSR-only,CLRR+LSR,0,59,0.6690789633675003,-0.0009967806134483226
mBART,LSR-only,CLRR+LSR,0,60,0.7105651634003465,-0.04248298064629452
mBART,LSR-only,CLRR+LSR,0,61,0.6177083455041057,0.05037383724994626
mBART,LSR-only,CLRR+LSR,0,62,0.6687686448138876,-0.0006864620598356908
mBART,LSR-only,CLRR+LSR,0,63,0.6810377028636374,-0.01295552010958545
mBART,LSR-only,CLRR+LSR,0,64,0.6691096070680942,-0.0010274243140422357
mBART,LSR-only,CLRR+LSR,0,65,0.501455420090835,0.16662676266321697
mBART,LSR-only,CLRR+LSR,0,66,0.6678155582220455,0.000266624532006432
mBART,LSR-only,CLRR+LSR,0,67,0.6691708415811632,-0.0010886588271112885
mBART,LSR-only,CLRR+LSR,0,68,0.669029762889469,-0.0009475801354170699
mBART,LSR-only,CLRR+LSR,0,69,0.7289645617904128,-0.060882379036360845
mBART,LSR-only,CLRR+LSR,0,70,0.6673212781257369,0.0007609046283150178
mBART,LSR-only,CLRR+LSR,0,71,0.6662748904685039,0.001807292285548101
mBART,LSR-only,CLRR+LSR,0,72,0.6686949352825593,-0.0006127525285073432
mBART,LSR-only,CLRR+LSR,0,73,0.6562316244335022,0.011850558320549709
mBART,LSR-only,CLRR+LSR,0,74,0.6668609764685414,0.0012212062855105899
mBART,LSR-only,CLRR+LSR,0,75,0.6696501655035689,-0.0015679827495169718
mBART,LSR-only,CLRR+LSR,0,76,0.6683914791630272,-0.000309296408975257
mBART,LSR-only,CLRR+LSR,0,77,0.6515169660391784,0.016565216714873543
mBART,LSR-only,CLRR+LSR,0,78,0.6679046762778249,0.00017750647622705173
mBART,LSR-only,CLRR+LSR,0,79,0.6674878546708243,0.0005943280832276798
mBART,LSR-only,CLRR+LSR,0,80,0.6653282407873888,0.0027539419666631204
mBART,LSR-only,CLRR+LSR,0,81,0.6982190115397735,-0.030136828785721548
mBART,LSR-only,CLRR+LSR,0,82,0.6623440688412074,0.005738113912844511
mBART,LSR-only,CLRR+LSR,0,83,0.6690357631471748,-0.000953580393122877
mBART,LSR-only,CLRR+LSR,0,84,0.6792574862734533,-0.011175303519401325
mBART,LSR-only,CLRR+LSR,0,85,0.6692897673596505,-0.001207584605598555
mBART,LSR-only,CLRR+LSR,0,86,0.6693331809662091,-0.0012509982121571284
mBART,LSR-only,CLRR+LSR,0,87,0.668803069583582,-0.0007208868295300874
mBART,LSR-only,CLRR+LSR,0,88,0.6681664312910662,-8.424853701427537e-05
mBART,LSR-only,CLRR+LSR,0,89,0.6339828407518446,0.03409934200220732
mBART,LSR-only,CLRR+LSR,0,90,0.6677216431670878,0.000360539586964137
mBART,LSR-only,CLRR+LSR,0,91,0.6722447773499916,-0.004162594595939595
mBART,LSR-only,CLRR+LSR,0,92,0.6672906832954553,0.0007914994585966895
mBART,LSR-only,CLRR+LSR,0,93,0.6592703103370603,0.008811872416991662
mBART,LSR-only,CLRR+LSR,0,94,0.6763323086826816,-0.008250125928629615
mBART,LSR-only,CLRR+LSR,0,95,0.6692936840101318,-0.0012115012560798277
mBART,LSR-only,CLRR+LSR,0,96,0.6698573048122931,-0.001775122058241152
mBART,LSR-only,CLRR+LSR,0,97,0.7101124186518462,-0.0420302358977942
mBART,LSR-only,CLRR+LSR,0,98,0.6623488046547266,0.0057333780993253924
mBART,LSR-only,CLRR+LSR,0,99,0.6690038150010125,-0.0009216322469605132
mBART,LSR-only,CLRR+LSR,0,100,0.6688388229494073,-0.0007566401953553736
mBART,LSR-only,CLRR+LSR,0,101,0.6696050795257342,-0.0015228967716822694
mBART,LSR-only,CLRR+LSR,0,102,0.6703630252945132,-0.0022808425404612365
mBART,LSR-only,CLRR+LSR,0,103,0.6753851848370367,-0.007303002082984733
mBART,LSR-only,CLRR+LSR,0,104,0.6702234739898785,-0.0021412912358265146
mBART,LSR-only,CLRR+LSR,0,105,0.6693686039654025,-0.0012864212113505857
mBART,LSR-only,CLRR+LSR,0,106,0.6630913346617753,0.0049908480922766785
mBART,LSR-only,CLRR+LSR,0,107,0.6671655749805296,0.0009166077735223155
mBART,LSR-only,CLRR+LSR,0,108,0.7134014235446742,-0.04531924079062222
mBART,LSR-only,CLRR+LSR,0,109,0.6618579047433286,0.006224278010723339
mBART,LSR-only,CLRR+LSR,0,110,0.6566576333631424,0.011424549390909533
mBART,LSR-only,CLRR+LSR,0,111,0.6691181670443633,-0.0010359842903113758
mBART,LSR-only,CLRR+LSR,0,112,0.6798158563033248,-0.011733673549272794
mBART,LSR-only,CLRR+LSR,0,113,0.6731221932676341,-0.0050400105135821605
mBART,LSR-only,CLRR+LSR,0,114,0.68290540417118,-0.014823221417127996
mBART,LSR-only,CLRR+LSR,0,115,0.6689844297783374,-0.0009022470242854297
mBART,LSR-only,CLRR+LSR,0,116,0.6652396362716644,0.0028425464823875757
mBART,LSR-only,CLRR+LSR,0,117,0.6801900962210219,-0.012107913466969933
mBART,LSR-only,CLRR+LSR,0,118,0.6707118988426899,-0.0026297160886379345
mBART,LSR-only,CLRR+LSR,0,119,0.6691134295828931,-0.001031246828841148
mBART,LSR-only,CLRR+LSR,0,120,0.6302240346885633,0.037858148065488706
mBART,LSR-only,CLRR+LSR,0,121,0.6696643908150186,-0.00158220806096665
mBART,LSR-only,CLRR+LSR,0,122,0.6613989772230298,0.006683205531022196
mBART,LSR-only,CLRR+LSR,0,123,0.6515247459670626,0.0165574367869894
mBART,LSR-only,CLRR+LSR,0,124,0.669890493104969,-0.0018083103509169973
mBART,LSR-only,CLRR+LSR,0,125,0.6881042160991235,-0.020022033345071577
mBART,LSR-only,CLRR+LSR,0,126,0.6709918374529877,-0.002909654698935782
mBART,LSR-only,CLRR+LSR,0,127,0.6907472590394761,-0.022665076285424135
mBART,LSR-only,CLRR+LSR,0,128,0.6722725642999983,-0.004190381545946309
mBART,LSR-only,CLRR+LSR,0,129,0.6884077820087171,-0.02032559925466515
mBART,LSR-only,CLRR+LSR,0,130,0.6696680977392155,-0.0015859149851635834
mBART,LSR-only,CLRR+LSR,0,131,0.669265714335161,-0.0011835315811090652
mBART,LSR-only,CLRR+LSR,0,132,0.6705799378998485,-0.002497755145796532
mBART,LSR-only,CLRR+LSR,0,133,0.6735954410404759,-0.0055132582864239055
mBART,LSR-only,CLRR+LSR,0,134,0.6889176787384983,-0.02083549598444634
mBART,LSR-only,CLRR+LSR,0,135,0.6689725967217974,-0.0008904139677454737
mBART,LSR-only,CLRR+LSR,0,136,0.6692412084144479,-0.0011590256603959403
mBART,LSR-only,CLRR+LSR,0,137,0.6675349976985707,0.0005471850554812363
mBART,LSR-only,CLRR+LSR,0,138,0.6690663533839327,-0.000984170629880765
mBART,LSR-only,CLRR+LSR,0,139,0.6698249417179412,-0.0017427589638892016
mBART,LSR-only,CLRR+LSR,0,140,0.6692745021771245,-0.0011923194230725187
mBART,LSR-only,CLRR+LSR,0,141,0.6421583464624057,0.025923836291646296
mBART,LSR-only,CLRR+LSR,0,142,0.6689738677408315,-0.0008916849867794951
mBART,LSR-only,CLRR+LSR,0,143,0.6702951471442304,-0.0022129643901784846
mBART,LSR-only,CLRR+LSR,0,144,0.6700007058597208,-0.0019185231056688679
mBART,LSR-only,CLRR+LSR,0,145,0.6683574566065467,-0.00027527385249470626
mBART,LSR-only,CLRR+LSR,0,146,0.6771561575611642,-0.00907397480711225
mBART,LSR-only,CLRR+LSR,0,147,0.6733358966507694,-0.005253713896717471
mBART,LSR-only,CLRR+LSR,0,148,0.6694507112709296,-0.0013685285168776318
mBART,LSR-only,CLRR+LSR,0,149,0.6633141955017052,0.004767987252346728
mBART,LSR-only,CLRR+LSR,0,150,0.6708602357649802,-0.002778053010928261
mBART,LSR-only,CLRR+LSR,0,151,0.6763775835811039,-0.008295400827051935
mBART,LSR-only,CLRR+LSR,0,152,0.6690118205307023,-0.0009296377766503383
mBART,LSR-only,CLRR+LSR,0,153,0.673172499985057,-0.005090317231005059
mBART,LSR-only,CLRR+LSR,0,154,0.6693141527085942,-0.0012319699545422225
mBART,LSR-only,CLRR+LSR,0,155,0.6687558508445512,-0.0006736680904992909
mBART,LSR-only,CLRR+LSR,0,156,0.675837921673569,-0.007755738919517086
mBART,LSR-only,CLRR+LSR,0,157,0.6567847495860093,0.011297433168042659
mBART,LSR-only,CLRR+LSR,0,158,0.6694668798335961,-0.0013846970795441393
mBART,LSR-only,CLRR+LSR,0,159,0.6771952308023153,-0.009113048048263295
mBART,LSR-only,CLRR+LSR,0,160,0.6646656759531702,0.003416506800881791
mBART,LSR-only,CLRR+LSR,0,161,0.6907245125604646,-0.022642329806412675
mBART,LSR-only,CLRR+LSR,0,162,0.6688946874334292,-0.0008125046793772128
mBART,LSR-only,CLRR+LSR,0,163,0.6719696393069938,-0.0038874565529418703
mBART,LSR-only,CLRR+LSR,0,164,0.6931274483858978,-0.025045265631845837
mBART,LSR-only,CLRR+LSR,0,165,0.8225726349965434,-0.15449045224249147
mBART,LSR-only,CLRR+LSR,0,166,0.6784022132128236,-0.010320030458771612
mBART,LSR-only,CLRR+LSR,0,167,0.6630661941838873,0.005015988570164609
mBART,LSR-only,CLRR+LSR,0,168,0.6688132256313359,-0.0007310428772839828
mBART,LSR-only,CLRR+LSR,0,169,0.6679461140928531,0.00013606866119886263
mBART,LSR-only,CLRR+LSR,0,170,0.6704593199442179,-0.0023771371901659677
mBART,LSR-only,CLRR+LSR,0,171,0.6674519194503574,0.0006302633036945338
mBART,LSR-only,CLRR+LSR,0,172,0.6727967538029134,-0.004714571048861416
mBART,LSR-only,CLRR+LSR,0,173,0.674268691319412,-0.0061865085653600715
mBART,LSR-only,CLRR+LSR,0,174,0.6757481313498381,-0.007665948595786176
mBART,LSR-only,CLRR+LSR,0,175,0.6809224592160739,-0.012840276462021905
mBART,LSR-only,CLRR+LSR,0,176,0.7059027426459892,-0.03782055989193722
mBART,LSR-only,CLRR+LSR,0,177,0.6681330832922008,-5.090053814882367e-05
mBART,LSR-only,CLRR+LSR,0,178,0.6712274410998518,-0.0031452583457998173
mBART,LSR-only,CLRR+LSR,0,179,0.6679945289792499,8.765377480202119e-05
mBART,LSR-only,CLRR+LSR,0,180,0.6693831227001255,-0.0013009399460734983
mBART,LSR-only,CLRR+LSR,0,181,0.6638753336588188,0.004206849095233167
mBART,LSR-only,CLRR+LSR,0,182,0.6687558508445512,-0.0006736680904992909
mBART,LSR-only,CLRR+LSR,0,183,0.6467379994887033,0.021344183265348704
mBART,LSR-only,CLRR+LSR,0,184,0.6687427201927107,-0.0006605374386587926
mBART,LSR-only,CLRR+LSR,0,185,0.6500208510321883,0.018061331721863638
mBART,LSR-only,CLRR+LSR,0,186,0.6722014422043365,-0.004119259450284574
mBART,LSR-only,CLRR+LSR,0,187,0.6670948369382792,0.0009873458157727555
mBART,LSR-only,CLRR+LSR,0,188,0.6692159333481698,-0.0011337505941177994
mBART,LSR-only,CLRR+LSR,0,189,0.6696043716558719,-0.0015221889018199874
mBART,LSR-only,CLRR+LSR,0,190,0.7101753741571102,-0.04209319140305823
mBART,LSR-only,CLRR+LSR,0,191,0.6670416663076786,0.001040516446373374
mBART,LSR-only,CLRR+LSR,0,192,0.6689639925205633,-0.00088180976651131
mBART,LSR-only,CLRR+LSR,0,193,0.6770394889296263,-0.008957306175574331
mBART,LSR-only,CLRR+LSR,0,194,0.6605488906852344,0.0075332920688175875
mBART,LSR-only,CLRR+LSR,0,195,0.6628572548710139,0.005224927883038077
mBART,LSR-only,CLRR+LSR,0,196,0.6688628033235098,-0.0007806205694578239
mBART,LSR-only,CLRR+LSR,0,197,0.6732765221801351,-0.005194339426083161
mBART,LSR-only,CLRR+LSR,0,198,0.6689859283103772,-0.0009037455563252195
mBART,LSR-only,CLRR+LSR,0,199,0.675825020354953,-0.007742837600900998
mBART,LSR-only,CLRR+LSR,0,200,0.6729965636208775,-0.004914380866825496
mBART,LSR-only,CLRR+LSR,0,201,0.6803183648513205,-0.012236182097268511
mBART,LSR-only,CLRR+LSR,0,202,0.7070479837645429,-0.038965801010490964
mBART,LSR-only,CLRR+LSR,0,203,0.6691336197869298,-0.0010514370328778
mBART,LSR-only,CLRR+LSR,0,204,0.6616213715385761,0.006460811215475815
mBART,LSR-only,CLRR+LSR,0,205,0.6510327313899822,0.017049451364069768
mBART,LSR-only,CLRR+LSR,0,206,0.6584274031176136,0.009654779636438349
mBART,LSR-only,CLRR+LSR,0,207,0.6788788351123145,-0.010796652358262548
mBART,LSR-only,CLRR+LSR,0,208,0.6070637692095104,0.06101841354454152
mBART,LSR-only,CLRR+LSR,0,209,0.6691076016887223,-0.0010254189346703413
mBART,LSR-only,CLRR+LSR,0,210,0.6684376941585306,-0.0003555114044786478
mBART,LSR-only,CLRR+LSR,0,211,0.6162493553495594,0.051832827404492576
mBART,LSR-only,CLRR+LSR,0,212,0.6687246203925561,-0.0006424376385041342
mBART,LSR-only,CLRR+LSR,0,213,0.6699048718064269,-0.0018226890523749262
mBART,LSR-only,CLRR+LSR,0,214,0.6687064771104474,-0.0006242943563954384
mBART,LSR-only,CLRR+LSR,0,215,0.6722708456394102,-0.004188662885358241
mBART,LSR-only,CLRR+LSR,0,216,0.6691254952084442,-0.0010433124543922645
mBART,LSR-only,CLRR+LSR,0,217,0.66921183213978,-0.0011296493857280154
mBART,LSR-only,CLRR+LSR,0,218,0.6460885694089811,0.021993613345070884
mBART,LSR-only,CLRR+LSR,0,219,0.7500988849496295,-0.08201670219557755
mBART,LSR-only,CLRR+LSR,0,220,0.6943450722165565,-0.026262889462504546
mBART,LSR-only,CLRR+LSR,0,221,0.6706632487916409,-0.002581066037588897
mBART,LSR-only,CLRR+LSR,0,222,0.6787375562930649,-0.010655373539012913
mBART,LSR-only,CLRR+LSR,0,223,0.6677720802156486,0.0003101025384033562
mBART,LSR-only,CLRR+LSR,0,224,0.6613701739927897,0.0067120087612622115
mBART,LSR-only,CLRR+LSR,0,225,0.6657862044954399,0.0022959782586120525
mBART,LSR-only,CLRR+LSR,0,226,0.6628181720350845,0.005264010718967427
mBART,LSR-only,CLRR+LSR,0,227,0.6688388730152148,-0.0007566902611628734
mBART,LSR-only,CLRR+LSR,0,228,0.6609076618282863,0.007174520925765648
mBART,LSR-only,CLRR+LSR,0,229,0.6789282168190383,-0.010846034064986299
mBART,LSR-only,CLRR+LSR,0,230,0.6660623902845089,0.0020197924695430913
mBART,LSR-only,CLRR+LSR,0,231,0.6743339852366397,-0.0062518024825877205
mBART,LSR-only,CLRR+LSR,0,232,0.6695428862627502,-0.0014607035086982023
mBART,LSR-only,CLRR+LSR,0,233,0.6683417139325627,-0.00025953117851074126
mBART,LSR-only,CLRR+LSR,0,234,0.6693291297377151,-0.001246946983663122
mBART,LSR-only,CLRR+LSR,0,235,0.6724796652801679,-0.004397482526115937
mBART,LSR-only,CLRR+LSR,0,236,0.6743291904517932,-0.006247007697741225
mBART,LSR-only,CLRR+LSR,0,237,0.6618385173458492,0.006243665408202759
mBART,LSR-only,CLRR+LSR,0,238,0.6689544376980479,-0.0008722549439958982
mBART,LSR-only,CLRR+LSR,0,239,0.6361216034351926,0.03196057931885932
mBART,LSR-only,CLRR+LSR,0,240,0.6476030614555057,0.020479121298546232
mBART,LSR-only,CLRR+LSR,0,241,0.6648543876340121,0.0032277951200399
mBART,LSR-only,CLRR+LSR,0,242,0.6684563870364606,-0.0003742042824086411
mBART,LSR-only,CLRR+LSR,0,243,0.6697803572867791,-0.001698174532727137
mBART,LSR-only,CLRR+LSR,0,244,0.6779940223812098,-0.009911839627157804
mBART,LSR-only,CLRR+LSR,0,245,0.6438750256950172,0.024207157059034756
mBART,LSR-only,CLRR+LSR,0,246,0.6695723187112712,-0.0014901359572192518
mBART,LSR-only,CLRR+LSR,0,247,0.6521212005155057,0.01596098223854625
mBART,LSR-only,CLRR+LSR,0,248,0.6651418139618315,0.0029403687922204824
mBART,LSR-only,CLRR+LSR,0,249,0.669036170737634,-0.0009539879835820386
mBART,LSR-only,CLRR+LSR,0,250,0.6611322004266462,0.006949982327405735
mBART,LSR-only,CLRR+LSR,0,251,0.67158400906062,-0.0035018263065680344
mBART,LSR-only,CLRR+LSR,0,252,0.6698043685932085,-0.0017221858391565092
mBART,LSR-only,CLRR+LSR,0,253,0.6327962801023368,0.03528590265171516
mBART,LSR-only,CLRR+LSR,0,254,0.6696231101464498,-0.0015409273923978617
mBART,LSR-only,CLRR+LSR,0,255,0.6544205035643174,0.013661679189734599
mBART,LSR-only,CLRR+LSR,0,256,0.6663758479479931,0.0017063348060588623
mBART,LSR-only,CLRR+LSR,0,257,0.6711471358782077,-0.003064953124155778
mBART,LSR-only,CLRR+LSR,0,258,0.6671113866423504,0.0009707961117015884
mBART,LSR-only,CLRR+LSR,0,259,0.6618054685774659,0.00627671417658604
mBART,LSR-only,CLRR+LSR,0,260,0.6706802176946418,-0.002598034940589855
mBART,LSR-only,CLRR+LSR,0,261,0.667746207583253,0.00033597517079897443
mBART,LSR-only,CLRR+LSR,0,262,0.7413027680170181,-0.07322058526296615
mBART,LSR-only,CLRR+LSR,0,263,0.7206403343940337,-0.05255815163998179
mBART,LSR-only,CLRR+LSR,0,264,0.6700333909075518,-0.001951208153499806
mBART,LSR-only,CLRR+LSR,0,265,0.6669445355396775,0.001137647214374482
mBART,LSR-only,CLRR+LSR,0,266,0.6687558508445512,-0.0006736680904992909
mBART,LSR-only,CLRR+LSR,0,267,0.6696775798549339,-0.0015953971008819678
mBART,LSR-only,CLRR+LSR,0,268,0.6681541573462084,-7.197459215646518e-05
mBART,LSR-only,CLRR+LSR,0,269,0.6688946874334292,-0.0008125046793772128
mBART,LSR-only,CLRR+LSR,0,270,0.6691815502674494,-0.0010993675133974534
mBART,LSR-only,CLRR+LSR,0,271,0.6687791436672406,-0.0006969609131886045
mBART,LSR-only,CLRR+LSR,0,272,0.6229978008169681,0.04508438193708386
mBART,LSR-only,CLRR+LSR,0,273,0.6711250925924013,-0.003042909838349317
mBART,LSR-only,CLRR+LSR,0,274,0.6811627643262241,-0.013080581572172179
mBART,LSR-only,CLRR+LSR,0,275,0.6909504888078786,-0.022868306053826615
mBART,LSR-only,CLRR+LSR,0,276,0.669511833590974,-0.0014296508369220362
mBART,LSR-only,CLRR+LSR,0,277,0.6664436716748483,0.0016385110792036528
mBART,LSR-only,CLRR+LSR,0,278,0.6688343192474022,-0.0007521364933502639
mBART,LSR-only,CLRR+LSR,0,279,0.6691858276263041,-0.0011036448722521186
mBART,LSR-only,CLRR+LSR,0,280,0.6705946981992383,-0.0025125154451863807
mBART,LSR-only,CLRR+LSR,0,281,0.6508655080061523,0.017216674747899674
mBART,LSR-only,CLRR+LSR,0,282,0.6568004371914107,0.011281745562641277
mBART,LSR-only,CLRR+LSR,0,283,0.6615017785098338,0.00658040424421813
mBART,LSR-only,CLRR+LSR,0,284,0.6728884038355396,-0.004806221081487649
mBART,LSR-only,CLRR+LSR,0,285,0.6662464001294808,0.0018357826245711806
mBART,LSR-only,CLRR+LSR,0,286,0.6682713397205582,-0.00018915696650623204
mBART,LSR-only,CLRR+LSR,0,287,0.6684970338911818,-0.00041485113712980137
mBART,LSR-only,CLRR+LSR,0,288,0.642392485321011,0.025689697433040948
mBART,LSR-only,CLRR+LSR,0,289,0.6687427201927107,-0.0006605374386587926
mBART,LSR-only,CLRR+LSR,0,290,0.6690597075456104,-0.0009775247915584373
mBART,LSR-only,CLRR+LSR,0,291,0.6689425577252308,-0.0008603749711788566
mBART,LSR-only,CLRR+LSR,0,292,0.6697334373093788,-0.0016512545553268865
mBART,LSR-only,CLRR+LSR,0,293,0.6608626321911224,0.007219550562929555
mBART,LSR-only,CLRR+LSR,0,294,0.6696344222004313,-0.0015522394463793887
mBART,LSR-only,CLRR+LSR,0,295,0.6732970237321503,-0.005214840978098323
mBART,LSR-only,CLRR+LSR,0,296,0.6647369111761989,0.003345271577853026
mBART,LSR-only,CLRR+LSR,0,297,0.7107834780046183,-0.04270129525056632
mBART,LSR-only,CLRR+LSR,0,298,0.6687233003512567,-0.0006411175972047545
mBART,LSR-only,CLRR+LSR,0,299,0.6689879321448089,-0.0009057493907569381
mBART,LSR-only,CLRR+LSR,0,300,0.7222499394479946,-0.05416775669394269
mBART,LSR-only,CLRR+LSR,0,301,0.6614376512196642,0.00664453153438771
mBART,LSR-only,CLRR+LSR,0,302,0.6693649363143521,-0.001282753560300165
mBART,LSR-only,CLRR+LSR,0,303,0.6525123584928849,0.015569824261167042
mBART,LSR-only,CLRR+LSR,0,304,0.6690897091012502,-0.001007526347198251
mBART,LSR-only,CLRR+LSR,0,305,0.6653632138358496,0.0027189689182023358
mBART,LSR-only,CLRR+LSR,0,306,0.6697653420495939,-0.0016831592955419694
mBART,LSR-only,CLRR+LSR,0,307,0.6765545391061636,-0.008472356352111632
mBART,LSR-only,CLRR+LSR,0,308,0.6762097435460319,-0.00812756079197996
mBART,LSR-only,CLRR+LSR,0,309,0.6776140897953198,-0.009531907041267829
mBART,LSR-only,CLRR+LSR,0,310,0.6636239491669755,0.004458233587076421
mBART,LSR-only,CLRR+LSR,0,311,0.6691529951205197,-0.0010708123664677771
mBART,LSR-only,CLRR+LSR,0,312,0.658309201459172,0.009772981294879912
mBART,LSR-only,CLRR+LSR,0,313,0.6688461944666457,-0.0007640117125937707
mBART,LSR-only,CLRR+LSR,0,314,0.6584522783194231,0.009629904434628855
mBART,LSR-only,CLRR+LSR,0,315,0.6764666062724274,-0.008384423518375428
mBART,LSR-only,CLRR+LSR,0,316,0.708461225604978,-0.040379042850926083
mBART,LSR-only,CLRR+LSR,0,317,0.6696404828341294,-0.0015583000800774016
mBART,LSR-only,CLRR+LSR,0,318,0.6689446797609477,-0.0008624970068957794
mBART,LSR-only,CLRR+LSR,0,319,0.6637326172727747,0.0043495654812772955
mBART,LSR-only,CLRR+LSR,0,320,0.6685074490637675,-0.0004252663097155107
mBART,LSR-only,CLRR+LSR,0,321,0.6569872766417326,0.011094906112319336
mBART,LSR-only,CLRR+LSR,0,322,0.6667203703622988,0.0013618123917531477
mBART,LSR-only,CLRR+LSR,0,323,0.6366676021150361,0.03141458063901581
mBART,LSR-only,CLRR+LSR,0,324,0.6712954498362507,-0.003213267082198712
mBART,LSR-only,CLRR+LSR,0,325,0.6759321356850592,-0.00784995293100721
mBART,LSR-only,CLRR+LSR,0,326,0.6506182039622352,0.017463978791816714
mBART,LSR-only,CLRR+LSR,0,327,0.6638362464477119,0.00424593630634007
mBART,LSR-only,CLRR+LSR,0,328,0.6688012794492799,-0.0007190966952279609
mBART,LSR-only,CLRR+LSR,0,329,0.6837114324929949,-0.015629249738942974
mBART,LSR-only,CLRR+LSR,0,330,0.668930500829827,-0.000848318075775012
mBART,LSR-only,CLRR+LSR,0,331,0.6686256853245176,-0.0005435025704656482
mBART,LSR-only,CLRR+LSR,0,332,0.6684421116364909,-0.0003599288824389646
mBART,LSR-only,CLRR+LSR,0,333,0.6694902646406646,-0.0014080818866126776
mBART,LSR-only,CLRR+LSR,0,334,0.6678803214599789,0.00020186129407306908
mBART,LSR-only,CLRR+LSR,0,335,0.6633814201369468,0.00470076261710517
mBART,LSR-only,CLRR+LSR,0,336,0.6051214488239474,0.0629607339301046
mBART,LSR-only,CLRR+LSR,0,337,0.6410153166181445,0.027066866135907475
mBART,LSR-only,CLRR+LSR,0,338,0.7037686599734627,-0.03568647721941076
mBART,LSR-only,CLRR+LSR,0,339,0.6692353790640233,-0.0011531963099713494
mBART,LSR-only,CLRR+LSR,0,340,0.6692144301673082,-0.0011322474132562377
mBART,LSR-only,CLRR+LSR,0,341,0.6700799902690058,-0.00199780751495382
mBART,LSR-only,CLRR+LSR,0,342,0.6767491549712652,-0.008666972217213242
mBART,LSR-only,CLRR+LSR,0,343,0.6421762954909376,0.02590588726311438
mBART,LSR-only,CLRR+LSR,0,344,0.6672792791018125,0.0008029036522394506
mBART,LSR-only,CLRR+LSR,0,345,0.6693473049689871,-0.0012651222149351327
mBART,LSR-only,CLRR+LSR,0,346,0.6687861381072757,-0.0007039553532237619
mBART,LSR-only,CLRR+LSR,0,347,0.6771897393073374,-0.009107556553285434
mBART,LSR-only,CLRR+LSR,0,348,0.6679108892124646,0.00017129354158740284
mBART,LSR-only,CLRR+LSR,0,349,0.67421492651183,-0.006132743757778059
mBART,LSR-only,CLRR+LSR,0,350,0.6747392045289082,-0.0066570217748562754
mBART,LSR-only,CLRR+LSR,0,351,0.6722260689318773,-0.004143886177825351
mBART,LSR-only,CLRR+LSR,0,352,0.6695181023721446,-0.0014359196180926403
mBART,LSR-only,CLRR+LSR,0,353,0.6679171667843029,0.00016501596974904942
mBART,LSR-only,CLRR+LSR,0,354,0.6793069137437762,-0.011224730989724208
mBART,LSR-only,CLRR+LSR,0,355,0.6684227623347638,-0.000340579580711875
mBART,LSR-only,CLRR+LSR,0,356,0.6740285782398736,-0.005946395485821654
mBART,LSR-only,CLRR+LSR,0,357,0.6693495865841008,-0.0012674038300488633
mBART,LSR-only,CLRR+LSR,0,358,0.6684768481931869,-0.00039466543913491137
mBART,LSR-only,CLRR+LSR,0,359,0.6647931354452297,0.0032890473088222905
mBART,LSR-only,CLRR+LSR,0,360,0.6671076563506482,0.0009745264034037859
mBART,LSR-only,CLRR+LSR,0,361,0.677696185411591,-0.009614002657539089
mBART,LSR-only,CLRR+LSR,0,362,0.6810273933579367,-0.01294521060388476
mBART,LSR-only,CLRR+LSR,0,363,0.6041382651148943,0.06394391763915763
mBART,LSR-only,CLRR+LSR,0,364,0.6627506168477488,0.005331565906303126
mBART,LSR-only,CLRR+LSR,0,365,0.6694397140820492,-0.0013575313279972079
mBART,LSR-only,CLRR+LSR,0,366,0.6686448687499968,-0.0005626859959448893
mBART,LSR-only,CLRR+LSR,0,367,0.6823409677689618,-0.014258785014909847
mBART,LSR-only,CLRR+LSR,0,368,0.6684269673161616,-0.0003447845621096235
mBART,LSR-only,CLRR+LSR,0,369,0.6751074223749214,-0.007025239620869428
mBART,LSR-only,CLRR+LSR,0,370,0.6697864392914319,-0.0017042565373799334
mBART,LSR-only,CLRR+LSR,0,371,0.6690795524380633,-0.0009973696840113178
mBART,LSR-only,CLRR+LSR,0,372,0.6690293669810963,-0.0009471842270443176
mBART,LSR-only,CLRR+LSR,0,373,0.6739753230059939,-0.005893140251941986
mBART,LSR-only,CLRR+LSR,0,374,0.6523448446599076,0.01573733809414435
mBART,LSR-only,CLRR+LSR,0,375,0.5829216810904327,0.08516050166361921
mBART,LSR-only,CLRR+LSR,0,376,0.6636021229789186,0.004480059775133327
mBART,LSR-only,CLRR+LSR,0,377,0.6692157485240386,-0.0011335657699866886
mBART,LSR-only,CLRR+LSR,0,378,0.6684410471420605,-0.000358864388008584
mBART,LSR-only,CLRR+LSR,0,379,0.6706525069488478,-0.002570324194795859
mBART,LSR-only,CLRR+LSR,0,380,0.6134069158363253,0.05467526691772662
mBART,LSR-only,CLRR+LSR,0,381,0.6693292769980737,-0.0012470942440216959
mBART,LSR-only,CLRR+LSR,0,382,0.6687412230628418,-0.0006590403087898267
mBART,LSR-only,CLRR+LSR,0,383,0.6946082426549474,-0.026526059900895405
mBART,LSR-only,CLRR+LSR,0,384,0.6709746693249059,-0.002892486570853947
mBART,LSR-only,CLRR+LSR,0,385,0.6860207792221296,-0.017938596468077606
mBART,LSR-only,CLRR+LSR,0,386,0.6691799099116231,-0.0010977271575711711
mBART,LSR-only,CLRR+LSR,0,387,0.6627686327065057,0.0053135500475463004
mBART,LSR-only,CLRR+LSR,0,388,0.6686992011489785,-0.0006170183949265606
mBART,LSR-only,CLRR+LSR,0,389,0.6766680458353314,-0.008585863081279399
mBART,LSR-only,CLRR+LSR,0,390,0.6692379829463526,-0.00115580019230066
mBART,LSR-only,CLRR+LSR,0,391,0.6691028742783054,-0.0010206915242534365
mBART,LSR-only,CLRR+LSR,0,392,0.6700799902690058,-0.00199780751495382
mBART,LSR-only,CLRR+LSR,0,393,0.6684508233036581,-0.00036864054960616954
mBART,LSR-only,CLRR+LSR,0,394,0.6721231306462023,-0.0040409478921503705
mBART,LSR-only,CLRR+LSR,0,395,0.668993975676301,-0.0009117929222490773
mBART,LSR-only,CLRR+LSR,0,396,0.6617100143430612,0.006372168410990753
mBART,LSR-only,CLRR+LSR,0,397,0.6689001098213971,-0.0008179270673451811
mBART,LSR-only,CLRR+LSR,0,398,0.6710249312645225,-0.0029427485104704942
mBART,LSR-only,CLRR+LSR,0,399,0.6712845589804672,-0.003202376226415282
mBART,LSR-only,CLRR+LSR,0,400,0.6670720286373211,0.001010154116730888
mBART,LSR-only,CLRR+LSR,0,401,0.6677846501774631,0.0002975325765888215
mBART,LSR-only,CLRR+LSR,0,402,0.6687925152284961,-0.0007103324744441863
mBART,LSR-only,CLRR+LSR,0,403,0.6692233077427581,-0.0011411249887061103
mBART,LSR-only,CLRR+LSR,0,404,0.6654148680979048,0.002667314656147113
mBART,LSR-only,CLRR+LSR,0,405,0.6604981786029924,0.007584004151059531
mBART,LSR-only,CLRR+LSR,0,406,0.6681658961258812,-8.371337182921934e-05
mBART,LSR-only,CLRR+LSR,0,407,0.6621527669717686,0.005929415782283343
mBART,LSR-only,CLRR+LSR,0,408,0.6663622444721717,0.0017199382818802178
mBART,LSR-only,CLRR+LSR,0,409,0.6695416390136586,-0.0014594562596066396
mBART,LSR-only,CLRR+LSR,0,410,0.6410044579987613,0.02707772475529069
mBART,LSR-only,CLRR+LSR,0,411,0.6691336197869298,-0.0010514370328778
mBART,LSR-only,CLRR+LSR,0,412,0.6222109104850801,0.04587127226897181
mBART,LSR-only,CLRR+LSR,0,413,0.6837123754126644,-0.01563019265861243
mBART,LSR-only,CLRR+LSR,0,414,0.67594603190215,-0.007863849148098012
mBART,LSR-only,CLRR+LSR,0,415,0.6674563512929694,0.0006258314610825266
mBART,LSR-only,CLRR+LSR,0,416,0.6690577565691598,-0.0009755738151078219
mBART,LSR-only,CLRR+LSR,0,417,0.6212401576525828,0.046842025101469176
mBART,LSR-only,CLRR+LSR,0,418,0.6697110891927096,-0.0016289064386576513
mBART,LSR-only,CLRR+LSR,0,419,0.6721773151649941,-0.0040951324109421705
mBART,LSR-only,CLRR+LSR,0,420,0.671400565510865,-0.0033183827568130653
mBART,LSR-only,CLRR+LSR,0,421,0.6646105226751224,0.003471660078929517
mBART,LSR-only,CLRR+LSR,0,422,0.6690995706093084,-0.001017387855256402
mBART,LSR-only,CLRR+LSR,0,423,0.6485781638447392,0.019504018909312748
mBART,LSR-only,CLRR+LSR,0,424,0.6693256211755418,-0.0012434384214898841
mBART,LSR-only,CLRR+LSR,0,425,0.6689097391762253,-0.0008275564221733589
mBART,LSR-only,CLRR+LSR,0,426,0.6757164657710817,-0.0076342830170297304
mBART,LSR-only,CLRR+LSR,0,427,0.7014892797830292,-0.03340709702897726
mBART,LSR-only,CLRR+LSR,0,428,0.6762368508234644,-0.008154668069412452
mBART,LSR-only,CLRR+LSR,0,429,0.6695187156022797,-0.0014365328482277562
mBART,LSR-only,CLRR+LSR,0,430,0.6676188370194751,0.0004633457345768477
mBART,LSR-only,CLRR+LSR,0,431,0.6696164879913162,-0.0015343052372642774
mBART,LSR-only,CLRR+LSR,0,432,0.67031907727484,-0.002236894520788013
mBART,LSR-only,CLRR+LSR,0,433,0.6729934235575321,-0.004911240803480155
mBART,LSR-only,CLRR+LSR,0,434,0.6695487571080463,-0.0014665743539943321
mBART,LSR-only,CLRR+LSR,0,435,0.658963653795432,0.009118528958619976
mBART,LSR-only,CLRR+LSR,0,436,0.6704852696330406,-0.002403086878988603
mBART,LSR-only,CLRR+LSR,0,437,0.661019712691818,0.007062470062233928
mBART,LSR-only,CLRR+LSR,0,438,0.6764736936968241,-0.008391510942772129
mBART,LSR-only,CLRR+LSR,0,439,0.669890493104969,-0.0018083103509169973
mBART,LSR-only,CLRR+LSR,0,440,0.6753302099341489,-0.007248027180096983
mBART,LSR-only,CLRR+LSR,0,441,0.6694392305277184,-0.0013570477736664088
mBART,LSR-only,CLRR+LSR,0,442,0.6601835348866452,0.007898647867406794
mBART,LSR-only,CLRR+LSR,0,443,0.6680431510901741,3.9031663877864275e-05
mBART,LSR-only,CLRR+LSR,0,444,0.6730825091674042,-0.005000326413352241
mBART,LSR-only,CLRR+LSR,0,445,0.6691663189939447,-0.0010841362398927856
mBART,LSR-only,CLRR+LSR,0,446,0.669965414078824,-0.0018832313247720833
mBART,LSR-only,CLRR+LSR,0,447,0.6688103910318297,-0.0007282082777777532
mBART,LSR-only,CLRR+LSR,0,448,0.6666028618380047,0.0014793209160472998
mBART,LSR-only,CLRR+LSR,0,449,0.6702554819496243,-0.002173299195572298
mBART,LSR-only,CLRR+LSR,0,450,0.6185179947864974,0.049564187967554574
mBART,LSR-only,CLRR+LSR,0,451,0.6707633386376983,-0.002681155883646369
mBART,LSR-only,CLRR+LSR,0,452,0.6692552358364061,-0.0011730530823541585
mBART,LSR-only,CLRR+LSR,0,453,0.6696824253816018,-0.001600242627549875
mBART,LSR-only,CLRR+LSR,0,454,0.689236822564137,-0.02115463981008503
mBART,LSR-only,CLRR+LSR,0,455,0.6850081918270199,-0.01692600907296793
mBART,LSR-only,CLRR+LSR,0,456,0.6766039606393335,-0.008521777885281523
mBART,LSR-only,CLRR+LSR,0,457,0.635572177855984,0.03251000489806799
mBART,LSR-only,CLRR+LSR,0,458,0.6073163105091552,0.06076587224489671
mBART,LSR-only,CLRR+LSR,0,459,0.6737223435433108,-0.005640160789258886
mBART,LSR-only,CLRR+LSR,0,460,0.7074745499195458,-0.03939236716549388
mBART,LSR-only,CLRR+LSR,0,461,0.6656754358271186,0.002406746926933323
mBART,LSR-only,CLRR+LSR,0,462,0.6605142116802298,0.007567971073822122
mBART,LSR-only,CLRR+LSR,0,463,0.6612250561674671,0.006857126586584883
mBART,LSR-only,CLRR+LSR,0,464,0.6252192392935676,0.04286294346048436
mBART,LSR-only,CLRR+LSR,0,465,0.6637913801420758,0.004290802611976119
mBART,LSR-only,CLRR+LSR,0,466,0.6689984408732528,-0.000916258119200819
mBART,LSR-only,CLRR+LSR,0,467,0.6693172731835162,-0.0012350904294642362
mBART,LSR-only,CLRR+LSR,0,468,0.6284628322587018,0.03961935049535015
mBART,LSR-only,CLRR+LSR,0,469,0.6678857706075867,0.0001964121464652635
mBART,LSR-only,CLRR+LSR,0,470,0.5853023772669701,0.08277980548708186
mBART,LSR-only,CLRR+LSR,0,471,0.6622663492130485,0.005815833541003457
mBART,LSR-only,CLRR+LSR,0,472,0.6805218137362168,-0.012439630982164829
mBART,LSR-only,CLRR+LSR,0,473,0.6811591019400574,-0.013076919186005398
mBART,LSR-only,CLRR+LSR,0,474,0.6690463259958186,-0.0009641432417666351
mBART,LSR-only,CLRR+LSR,0,475,0.6690595320113566,-0.0009773492573046383
mBART,LSR-only,CLRR+LSR,0,476,0.670221424198175,-0.00213924144412303
mBART,LSR-only,CLRR+LSR,0,477,0.6691242232680104,-0.0010420405139583977
mBART,LSR-only,CLRR+LSR,0,478,0.6672528280584373,0.0008293546956146258
mBART,LSR-only,CLRR+LSR,0,479,0.6697342177459404,-0.0016520349918884847
mBART,LSR-only,CLRR+LSR,0,480,0.6635211209917209,0.0045610617623310645
mBART,LSR-only,CLRR+LSR,0,481,0.6666139985157535,0.00146818423829842
mBART,LSR-only,CLRR+LSR,0,482,0.65757248513275,0.010509697621301939
mBART,LSR-only,CLRR+LSR,0,483,0.683410810128521,-0.01532862737446905
mBART,LSR-only,CLRR+LSR,0,484,0.6673329231116654,0.0007492596423865905
mBART,LSR-only,CLRR+LSR,0,485,0.6697377413883174,-0.001655558634265475
mBART,LSR-only,CLRR+LSR,0,486,0.6810064156346591,-0.012924232880607178
mBART,LSR-only,CLRR+LSR,0,487,0.6690620643622935,-0.000979881608241584
mBART,LSR-only,CLRR+LSR,0,488,0.674357746018817,-0.006275563264765083
mBART,LSR-only,CLRR+LSR,0,489,0.6689365534075193,-0.0008543706534673845
mBART,LSR-only,CLRR+LSR,0,490,0.697020980851331,-0.02893879809727906
mBART,LSR-only,CLRR+LSR,0,491,0.668603211162818,-0.000521028408766
mBART,LSR-only,CLRR+LSR,0,492,0.668019292829154,6.288992489800194e-05
mBART,LSR-only,CLRR+LSR,0,493,0.6691563617899412,-0.0010741790358892445
mBART,LSR-only,CLRR+LSR,0,494,0.6692843959643113,-0.001202213210259373
mBART,LSR-only,CLRR+LSR,0,495,0.6483721236415612,0.019710059112490796
mBART,LSR-only,CLRR+LSR,0,496,0.6691880732681916,-0.0011058905141396735
mBART,LSR-only,CLRR+LSR,0,497,0.6743346412647355,-0.006252458510683567
mBART,LSR-only,CLRR+LSR,0,498,0.6630722899943358,0.005009892759716195
mBART,LSR-only,CLRR+LSR,0,499,0.6834295891976296,-0.015347406443577682
mBART,LSR-only,CLRR+LSR,0,500,0.67065563892276,-0.002573456168708077
mBART,LSR-only,CLRR+LSR,0,501,0.66477111666131,0.00331106609274201
mBART,LSR-only,CLRR+LSR,0,502,0.6698489560873071,-0.001766773333255145
mBART,LSR-only,CLRR+LSR,0,503,0.666315483382256,0.0017666993717959656
mBART,LSR-only,CLRR+LSR,0,504,0.6711044448157004,-0.003022262061648462
mBART,LSR-only,CLRR+LSR,0,505,0.6690556068213276,-0.00097342406727563
mBART,LSR-only,CLRR+LSR,0,506,0.627289583591228,0.04079259916282396
mBART,LSR-only,CLRR+LSR,0,507,0.6698603696111753,-0.0017781868571233872
mBART,LSR-only,CLRR+LSR,0,508,0.6103457422332248,0.05773644052082716
mBART,LSR-only,CLRR+LSR,0,509,0.6713719627679993,-0.0032897800139473077
mBART,LSR-only,CLRR+LSR,0,510,0.6706810065484241,-0.0025988237943721515
mBART,LSR-only,CLRR+LSR,0,511,0.6693554247850138,-0.0012732420309617964
mBART,LSR-only,CLRR+LSR,0,512,0.6688537441910114,-0.0007715614369594448
mBART,LSR-only,CLRR+LSR,0,513,0.6571736157114785,0.01090856704257348
mBART,LSR-only,CLRR+LSR,0,514,0.6692486162761497,-0.0011664335220977762
mBART,LSR-only,CLRR+LSR,0,515,0.6694072075949578,-0.0013250248409057974
mBART,LSR-only,CLRR+LSR,0,516,0.6689935274211471,-0.000911344667095193
mBART,LSR-only,CLRR+LSR,0,517,0.6688647028197536,-0.0007825200657016751
mBART,LSR-only,CLRR+LSR,0,518,0.6686154075878363,-0.0005332248337843737
mBART,LSR-only,CLRR+LSR,0,519,0.6883671402030878,-0.0202849574490358
mBART,LSR-only,CLRR+LSR,0,520,0.671134981111269,-0.003052798357217057
mBART,LSR-only,CLRR+LSR,0,521,0.5988610993134067,0.06922108344064526
mBART,LSR-only,CLRR+LSR,0,522,0.6730283235580075,-0.004946140803955501
mBART,LSR-only,CLRR+LSR,0,523,0.6727353975105324,-0.004653214756480395
mBART,LSR-only,CLRR+LSR,0,524,0.6694275540658801,-0.001345371311828103
mBART,LSR-only,CLRR+LSR,0,525,0.6698189708106774,-0.0017367880566254712
mBART,LSR-only,CLRR+LSR,0,526,0.6803109765591699,-0.012228793805117988
mBART,LSR-only,CLRR+LSR,0,527,0.6688464222202164,-0.0007642394661644403
mBART,LSR-only,CLRR+LSR,0,528,0.6794916994026714,-0.011409516648619444
mBART,LSR-only,CLRR+LSR,0,529,0.6703421902539866,-0.002260007499934602
mBART,LSR-only,CLRR+LSR,0,530,0.6643883880924335,0.0036937946616184547
mBART,LSR-only,CLRR+LSR,0,531,0.6580048186387195,0.010077364115332443
mBART,LSR-only,CLRR+LSR,0,532,0.6631902987368399,0.004891884017212078
mBART,LSR-only,CLRR+LSR,0,533,0.6572849229218249,0.010797259832227013
mBART,LSR-only,CLRR+LSR,0,534,0.6670345629113541,0.0010476198426978556
mBART,LSR-only,CLRR+LSR,0,535,0.668877446195097,-0.0007952634410450798
mBART,LSR-only,CLRR+LSR,0,536,0.7093582659538278,-0.041276083199775826
mBART,LSR-only,CLRR+LSR,0,537,0.6690179269773822,-0.0009357442233302038
mBART,LSR-only,CLRR+LSR,0,538,0.670139156572489,-0.002056973818437058
mBART,LSR-only,CLRR+LSR,0,539,0.6691136574907226,-0.0010314747366706456
mBART,LSR-only,CLRR+LSR,0,540,0.6631718032519522,0.004910379502099715
mBART,LSR-only,CLRR+LSR,0,541,0.6525397872823078,0.015542395471744186
mBART,LSR-only,CLRR+LSR,0,542,0.6624922124294557,0.005589970324596294
mBART,LSR-only,CLRR+LSR,0,543,0.664494817615072,0.0035873651389799477
mBART,LSR-only,CLRR+LSR,0,544,0.6691196676040221,-0.0010374848499701272
mBART,LSR-only,CLRR+LSR,0,545,0.6652446325959147,0.0028375501581372475
mBART,LSR-only,CLRR+LSR,0,546,0.668607820037078,-0.0005256372830260148
mBART,LSR-only,CLRR+LSR,0,547,0.6690025436962017,-0.0009203609421497561
mBART,LSR-only,CLRR+LSR,0,548,0.6706950870060702,-0.002612904252018211
mBART,LSR-only,CLRR+LSR,0,549,0.6829567925872091,-0.014874609833157137
mBART,LSR-only,CLRR+LSR,0,550,0.6478888214657701,0.020193361288281864
mBART,LSR-only,CLRR+LSR,0,551,0.6672458041690597,0.0008363785849923033
mBART,LSR-only,CLRR+LSR,0,552,0.6454717191571078,0.022610463596944186
mBART,LSR-only,CLRR+LSR,0,553,0.6615398098232639,0.006542372930788076
mBART,LSR-only,CLRR+LSR,0,554,0.6676777829579841,0.000404399796067878
mBART,LSR-only,CLRR+LSR,0,555,0.654282898571811,0.013799284182240967
mBART,LSR-only,CLRR+LSR,0,556,0.6692187516059676,-0.001136568851915598
mBART,LSR-only,CLRR+LSR,0,557,0.6660385683556385,0.002043614398413496
mBART,LSR-only,CLRR+LSR,0,558,0.6680266840124744,5.549874157750878e-05
mBART,LSR-only,CLRR+LSR,0,559,0.669480921775893,-0.0013987390218410667
mBART,LSR-only,CLRR+LSR,0,560,0.6621988933032803,0.005883289450771656
mBART,LSR-only,CLRR+LSR,0,561,0.6491543472327344,0.018927835521317604
mBART,LSR-only,CLRR+LSR,0,562,0.6687998361598062,-0.0007176534057542483
mBART,LSR-only,CLRR+LSR,0,563,0.7497418254972494,-0.08165964274319748
mBART,LSR-only,CLRR+LSR,0,564,0.6740744807472012,-0.005992297993149265
mBART,LSR-only,CLRR+LSR,0,565,0.6743728272783294,-0.006290644524277411
mBART,LSR-only,CLRR+LSR,0,566,0.6594607052957713,0.00862147745828068
mBART,LSR-only,CLRR+LSR,0,567,0.6659372811754132,0.0021449015786387804
mBART,LSR-only,CLRR+LSR,0,568,0.6693690374198304,-0.0012868546657784918
mBART,LSR-only,CLRR+LSR,0,569,0.6686948786535076,-0.000612695899455673
mBART,LSR-only,CLRR+LSR,0,570,0.6568411177928155,0.011241064961236447
mBART,LSR-only,CLRR+LSR,0,571,0.6622449803234076,0.005837202430644339
mBART,LSR-only,CLRR+LSR,0,572,0.6691028742783054,-0.0010206915242534365
mBART,LSR-only,CLRR+LSR,0,573,0.6551007688734956,0.012981413880556403
mBART,LSR-only,CLRR+LSR,0,574,0.6656332786473094,0.0024489041067425887
mBART,LSR-only,CLRR+LSR,2,0,0.5055953737860683,0.001513507360520805
mBART,LSR-only,CLRR+LSR,2,1,0.5076256338424727,-0.0005167526958835822
mBART,LSR-only,CLRR+LSR,2,2,0.503177181676925,0.003931699469664096
mBART,LSR-only,CLRR+LSR,2,3,0.5071058219045099,3.0592420792174835e-06
mBART,LSR-only,CLRR+LSR,2,4,0.5077746393312275,-0.0006657581846383209
mBART,LSR-only,CLRR+LSR,2,5,0.5089699994463359,-0.001861118299746778
mBART,LSR-only,CLRR+LSR,2,6,0.5101860513868139,-0.0030771702402248025
mBART,LSR-only,CLRR+LSR,2,7,0.4498286410615471,0.05728024008504207
mBART,LSR-only,CLRR+LSR,2,8,0.5080587411884494,-0.0009498600418602621
mBART,LSR-only,CLRR+LSR,2,9,0.5098832162266547,-0.0027743350800655264
mBART,LSR-only,CLRR+LSR,2,10,0.5055310711093917,0.0015778100371974801
mBART,LSR-only,CLRR+LSR,2,11,0.51146029406911,-0.0043514129225208364
mBART,LSR-only,CLRR+LSR,2,12,0.5078083668617062,-0.0006994857151170208
mBART,LSR-only,CLRR+LSR,2,13,0.5074225581531309,-0.0003136770065417238
mBART,LSR-only,CLRR+LSR,2,14,0.5155585582081947,-0.008449677061605598
mBART,LSR-only,CLRR+LSR,2,15,0.5077867193596575,-0.0006778382130683269
mBART,LSR-only,CLRR+LSR,2,16,0.529688821386479,-0.02257994023988985
mBART,LSR-only,CLRR+LSR,2,17,0.49604486955775684,0.011064011588832301
mBART,LSR-only,CLRR+LSR,2,18,0.526325565725756,-0.01921668457916681
mBART,LSR-only,CLRR+LSR,2,19,0.508301630696586,-0.0011927495499968188
mBART,LSR-only,CLRR+LSR,2,20,0.5224320996712457,-0.015323218524656568
mBART,LSR-only,CLRR+LSR,2,21,0.510139664463459,-0.0030307833168699005
mBART,LSR-only,CLRR+LSR,2,22,0.5020678779886012,0.005041003157987944
mBART,LSR-only,CLRR+LSR,2,23,0.5067358800745083,0.0003730010720808252
mBART,LSR-only,CLRR+LSR,2,24,0.5076237031961313,-0.0005148220495421185
mBART,LSR-only,CLRR+LSR,2,25,0.5090103999885116,-0.0019015188419224671
mBART,LSR-only,CLRR+LSR,2,26,0.49918568621126624,0.007923194935322897
mBART,LSR-only,CLRR+LSR,2,27,0.5251064005148045,-0.017997519368215364
mBART,LSR-only,CLRR+LSR,2,28,0.5075678147044158,-0.00045893355782666845
mBART,LSR-only,CLRR+LSR,2,29,0.5084906265163127,-0.0013817453697235749
mBART,LSR-only,CLRR+LSR,2,30,0.5085648584803728,-0.0014559773337836646
mBART,LSR-only,CLRR+LSR,2,31,0.5247747223003962,-0.017665841153807094
mBART,LSR-only,CLRR+LSR,2,32,0.5076822087637112,-0.0005733276171220325
mBART,LSR-only,CLRR+LSR,2,33,0.5195634214347074,-0.01245454028811821
mBART,LSR-only,CLRR+LSR,2,34,0.5060949232192726,0.0010139579273165111
mBART,LSR-only,CLRR+LSR,2,35,0.509571415866219,-0.002462534719629872
mBART,LSR-only,CLRR+LSR,2,36,0.5085055931773503,-0.0013967120307611935
mBART,LSR-only,CLRR+LSR,2,37,0.5018308458184393,0.005278035328149855
mBART,LSR-only,CLRR+LSR,2,38,0.5098759070896115,-0.002767025943022361
mBART,LSR-only,CLRR+LSR,2,39,0.4878657823142092,0.019243098832379957
mBART,LSR-only,CLRR+LSR,2,40,0.5075881867468688,-0.00047930560027964475
mBART,LSR-only,CLRR+LSR,2,41,0.4933560305745601,0.013752850572029018
mBART,LSR-only,CLRR+LSR,2,42,0.5098675599905569,-0.0027586788439677434
mBART,LSR-only,CLRR+LSR,2,43,0.5075275480321686,-0.0004186668855794551
mBART,LSR-only,CLRR+LSR,2,44,0.514100907685787,-0.0069920265391978376
mBART,LSR-only,CLRR+LSR,2,45,0.5078337399819546,-0.0007248588353654384
mBART,LSR-only,CLRR+LSR,2,46,0.5094233053961439,-0.0023144242495547473
mBART,LSR-only,CLRR+LSR,2,47,0.5104963944830025,-0.003387513336413406
mBART,LSR-only,CLRR+LSR,2,48,0.5113290275600306,-0.0042201464134414834
mBART,LSR-only,CLRR+LSR,2,49,0.507673176894933,-0.0005642957483438238
mBART,LSR-only,CLRR+LSR,2,50,0.508281146576401,-0.0011722654298118584
mBART,LSR-only,CLRR+LSR,2,51,0.5064927693461563,0.0006161118004328614
mBART,LSR-only,CLRR+LSR,2,52,0.5095333769776893,-0.0024244958311001596
mBART,LSR-only,CLRR+LSR,2,53,0.5073200136247955,-0.00021113247820636616
mBART,LSR-only,CLRR+LSR,2,54,0.49031904084589684,0.016789840300692305
mBART,LSR-only,CLRR+LSR,2,55,0.5075774858522166,-0.00046860470562748446
mBART,LSR-only,CLRR+LSR,2,56,0.5084851511724686,-0.001376270025879478
mBART,LSR-only,CLRR+LSR,2,57,0.5069543776529173,0.00015450349367185368
mBART,LSR-only,CLRR+LSR,2,58,0.5082650825121533,-0.0011562013655641579
mBART,LSR-only,CLRR+LSR,2,59,0.5078624271850956,-0.0007535460385064141
mBART,LSR-only,CLRR+LSR,2,60,0.5388033541055641,-0.031694472958974984
mBART,LSR-only,CLRR+LSR,2,61,0.469315982550615,0.03779289859597412
mBART,LSR-only,CLRR+LSR,2,62,0.5076290240330472,-0.0005201428864580748
mBART,LSR-only,CLRR+LSR,2,63,0.5167598416013384,-0.009650960454749224
mBART,LSR-only,CLRR+LSR,2,64,0.5078913587152094,-0.0007824775686202656
mBART,LSR-only,CLRR+LSR,2,65,0.36032794959242054,0.1467809315541686
mBART,LSR-only,CLRR+LSR,2,66,0.507078476673005,3.0404473584155767e-05
mBART,LSR-only,CLRR+LSR,2,67,0.5079427437009905,-0.0008338625544013212
mBART,LSR-only,CLRR+LSR,2,68,0.5078231917828937,-0.0007143106363045604
mBART,LSR-only,CLRR+LSR,2,69,0.5531053473776062,-0.04599646623101705
mBART,LSR-only,CLRR+LSR,2,70,0.5067492167965746,0.00035966435001455466
mBART,LSR-only,CLRR+LSR,2,71,0.5057465317935517,0.001362349353037473
mBART,LSR-only,CLRR+LSR,2,72,0.5075654311830853,-0.00045655003649613946
mBART,LSR-only,CLRR+LSR,2,73,0.498268384102996,0.008840497043593132
mBART,LSR-only,CLRR+LSR,2,74,0.506210678443189,0.0008982027034001305
mBART,LSR-only,CLRR+LSR,2,75,0.5082892130665648,-0.0011803319199756857
mBART,LSR-only,CLRR+LSR,2,76,0.5074376558406613,-0.00032877469407210924
mBART,LSR-only,CLRR+LSR,2,77,0.49467760767605284,0.012431273470536297
mBART,LSR-only,CLRR+LSR,2,78,0.5070509443301674,5.79368164217442e-05
mBART,LSR-only,CLRR+LSR,2,79,0.5071295123986985,-2.0631252109382103e-05
mBART,LSR-only,CLRR+LSR,2,80,0.5048377769309162,0.0022711042156728922
mBART,LSR-only,CLRR+LSR,2,81,0.5298121537083631,-0.022703272561773957
mBART,LSR-only,CLRR+LSR,2,82,0.5026126990080719,0.004496182138517213
mBART,LSR-only,CLRR+LSR,2,83,0.5078405898319325,-0.0007317086853433352
mBART,LSR-only,CLRR+LSR,2,84,0.515747022818374,-0.008638141671784894
mBART,LSR-only,CLRR+LSR,2,85,0.5080295297128181,-0.0009206485662289765
mBART,LSR-only,CLRR+LSR,2,86,0.5080582399776574,-0.000949358831068281
mBART,LSR-only,CLRR+LSR,2,87,0.5076605740217168,-0.0005516928751276851
mBART,LSR-only,CLRR+LSR,2,88,0.5072471599170498,-0.00013827877046068693
mBART,LSR-only,CLRR+LSR,2,89,0.4816007411107357,0.025508140035853444
mBART,LSR-only,CLRR+LSR,2,90,0.5069868886455602,0.00012199250102895576
mBART,LSR-only,CLRR+LSR,2,91,0.5102534306243243,-0.0031445494777351257
mBART,LSR-only,CLRR+LSR,2,92,0.5064505321375243,0.000658349009064807
mBART,LSR-only,CLRR+LSR,2,93,0.5005741789090337,0.006534702237555479
mBART,LSR-only,CLRR+LSR,2,94,0.5130285092436822,-0.00591962809709301
mBART,LSR-only,CLRR+LSR,2,95,0.5080231410473033,-0.0009142599007141428
mBART,LSR-only,CLRR+LSR,2,96,0.5083894963632289,-0.0012806152166398022
mBART,LSR-only,CLRR+LSR,2,97,0.5601488656966787,-0.053039984550089514
mBART,LSR-only,CLRR+LSR,2,98,0.5028728469385157,0.0042360342080733915
mBART,LSR-only,CLRR+LSR,2,99,0.5078010051798714,-0.0006921240332822265
mBART,LSR-only,CLRR+LSR,2,100,0.5076838040691989,-0.0005749229226097441
mBART,LSR-only,CLRR+LSR,2,101,0.5081950599700207,-0.0010861788234315384
mBART,LSR-only,CLRR+LSR,2,102,0.5087658710833125,-0.0016569899367233631
mBART,LSR-only,CLRR+LSR,2,103,0.5125483785357794,-0.005439497389190251
mBART,LSR-only,CLRR+LSR,2,104,0.5086670338098251,-0.001558152663236001
mBART,LSR-only,CLRR+LSR,2,105,0.508015669235629,-0.0009067880890398783
mBART,LSR-only,CLRR+LSR,2,106,0.5032958724079712,0.0038130087386178957
mBART,LSR-only,CLRR+LSR,2,107,0.5061704203624089,0.0009384607841802506
mBART,LSR-only,CLRR+LSR,2,108,0.5410737479600414,-0.03396486681345223
mBART,LSR-only,CLRR+LSR,2,109,0.5020965952262628,0.00501228592032632
mBART,LSR-only,CLRR+LSR,2,110,0.49861875975259906,0.00849012139399008
mBART,LSR-only,CLRR+LSR,2,111,0.507887850836859,-0.000778969690269804
mBART,LSR-only,CLRR+LSR,2,112,0.5158131168042921,-0.008704235657702952
mBART,LSR-only,CLRR+LSR,2,113,0.5104750964932663,-0.003366215346677137
mBART,LSR-only,CLRR+LSR,2,114,0.5183291335210498,-0.01122025237446067
mBART,LSR-only,CLRR+LSR,2,115,0.5077934274515918,-0.0006845463050026979
mBART,LSR-only,CLRR+LSR,2,116,0.5053136260067781,0.0017952551398110472
mBART,LSR-only,CLRR+LSR,2,117,0.5160831845786973,-0.008974303432108144
mBART,LSR-only,CLRR+LSR,2,118,0.5090567258388603,-0.0019478446922711612
mBART,LSR-only,CLRR+LSR,2,119,0.5078947328168368,-0.0007858516702476948
mBART,LSR-only,CLRR+LSR,2,120,0.4783436988502565,0.028765182296332625
mBART,LSR-only,CLRR+LSR,2,121,0.5082354455739733,-0.0011265644273841247
mBART,LSR-only,CLRR+LSR,2,122,0.5020249545432343,0.0050839266033548824
mBART,LSR-only,CLRR+LSR,2,123,0.4948313072544259,0.012277573892163218
mBART,LSR-only,CLRR+LSR,2,124,0.5084386269343071,-0.0013297457877179397
mBART,LSR-only,CLRR+LSR,2,125,0.5221322660726244,-0.015023384926035277
mBART,LSR-only,CLRR+LSR,2,126,0.5029450350864373,0.0041638460601518545
mBART,LSR-only,CLRR+LSR,2,127,0.5241784987693663,-0.017069617622777145
mBART,LSR-only,CLRR+LSR,2,128,0.5099959391283981,-0.0028870579818089936
mBART,LSR-only,CLRR+LSR,2,129,0.5224584719588137,-0.015349590812224534
mBART,LSR-only,CLRR+LSR,2,130,0.5082990248719739,-0.0011901437253847291
mBART,LSR-only,CLRR+LSR,2,131,0.5077132053049631,-0.00060432415837397
mBART,LSR-only,CLRR+LSR,2,132,0.508962984582709,-0.0018541034361199138
mBART,LSR-only,CLRR+LSR,2,133,0.5114160195888786,-0.004307138442289471
mBART,LSR-only,CLRR+LSR,2,134,0.5226067730276185,-0.015497891881029346
mBART,LSR-only,CLRR+LSR,2,135,0.5077881478822164,-0.0006792667356272375
mBART,LSR-only,CLRR+LSR,2,136,0.5079878347080431,-0.0008789535614539545
mBART,LSR-only,CLRR+LSR,2,137,0.5065670556996587,0.0005418254469304884
mBART,LSR-only,CLRR+LSR,2,138,0.5078519440654539,-0.0007430629188647231
mBART,LSR-only,CLRR+LSR,2,139,0.5083655273527192,-0.0012566462061300854
mBART,LSR-only,CLRR+LSR,2,140,0.5080183865348076,-0.0009095053882184345
mBART,LSR-only,CLRR+LSR,2,141,0.4876434869623125,0.01946539418427662
mBART,LSR-only,CLRR+LSR,2,142,0.5077890351972236,-0.000680154050634485
mBART,LSR-only,CLRR+LSR,2,143,0.5087256685736428,-0.001616787427053623
mBART,LSR-only,CLRR+LSR,2,144,0.5085951878297159,-0.0014863066831267702
mBART,LSR-only,CLRR+LSR,2,145,0.5073768246797457,-0.00026794353315651165
mBART,LSR-only,CLRR+LSR,2,146,0.5139287842536575,-0.00681990310706837
mBART,LSR-only,CLRR+LSR,2,147,0.5115013174862142,-0.00439243633962505
mBART,LSR-only,CLRR+LSR,2,148,0.50816003610311,-0.001051154956520861
mBART,LSR-only,CLRR+LSR,2,149,0.5035270922142168,0.003581788932372376
mBART,LSR-only,CLRR+LSR,2,150,0.509263003950057,-0.0021541228034678284
mBART,LSR-only,CLRR+LSR,2,151,0.5132063871436685,-0.006097505997079367
mBART,LSR-only,CLRR+LSR,2,152,0.5078263024356069,-0.00071742128901775
mBART,LSR-only,CLRR+LSR,2,153,0.5111561053708051,-0.004047224224215995
mBART,LSR-only,CLRR+LSR,2,154,0.5080120199031057,-0.0009031387565165971
mBART,LSR-only,CLRR+LSR,2,155,0.5075935975208168,-0.000484716374227645
mBART,LSR-only,CLRR+LSR,2,156,0.5128746591405289,-0.005765777993939736
mBART,LSR-only,CLRR+LSR,2,157,0.49857050521800517,0.008538375928583974
mBART,LSR-only,CLRR+LSR,2,158,0.5081626908368087,-0.0010538096902195093
mBART,LSR-only,CLRR+LSR,2,159,0.5140286810849943,-0.006919799938405191
mBART,LSR-only,CLRR+LSR,2,160,0.5044859918364999,0.002622889310089249
mBART,LSR-only,CLRR+LSR,2,161,0.5238975781176727,-0.01678869697108354
mBART,LSR-only,CLRR+LSR,2,162,0.5077339751849586,-0.0006250940383694115
mBART,LSR-only,CLRR+LSR,2,163,0.5100145736367665,-0.0029056924901773584
mBART,LSR-only,CLRR+LSR,2,164,0.5258469297207142,-0.018738048574125088
mBART,LSR-only,CLRR+LSR,2,165,0.6449280209745822,-0.1378191398279931
mBART,LSR-only,CLRR+LSR,2,166,0.5147167143368314,-0.007607833190242275
mBART,LSR-only,CLRR+LSR,2,167,0.5034204462110772,0.003688434935511964
mBART,LSR-only,CLRR+LSR,2,168,0.5076524739508628,-0.0005435928042736293
mBART,LSR-only,CLRR+LSR,2,169,0.5068743268947209,0.0002345542518682464
mBART,LSR-only,CLRR+LSR,2,170,0.5033216167131229,0.0037872644334662198
mBART,LSR-only,CLRR+LSR,2,171,0.5067597141300197,0.0003491670165693961
mBART,LSR-only,CLRR+LSR,2,172,0.5106649137910679,-0.0035560326444787904
mBART,LSR-only,CLRR+LSR,2,173,0.5117642941634344,-0.0046554130168452446
mBART,LSR-only,CLRR+LSR,2,174,0.5130856246295536,-0.005976743482964508
mBART,LSR-only,CLRR+LSR,2,175,0.5168436370907656,-0.009734755944176499
mBART,LSR-only,CLRR+LSR,2,176,0.5350672399123937,-0.027958358765804547
mBART,LSR-only,CLRR+LSR,2,177,0.5067372155232057,0.00037166562338342146
mBART,LSR-only,CLRR+LSR,2,178,0.5092586862439035,-0.002149805097314328
mBART,LSR-only,CLRR+LSR,2,179,0.507202639613304,-9.37584667148883e-05
mBART,LSR-only,CLRR+LSR,2,180,0.5080947516580174,-0.0009858705114282884
mBART,LSR-only,CLRR+LSR,2,181,0.5039634709310263,0.003145410215562805
mBART,LSR-only,CLRR+LSR,2,182,0.5075935975208168,-0.000484716374227645
mBART,LSR-only,CLRR+LSR,2,183,0.4911660537751352,0.015942827371453916
mBART,LSR-only,CLRR+LSR,2,184,0.5076068575135757,-0.0004979763669865633
mBART,LSR-only,CLRR+LSR,2,185,0.493446978957504,0.01366190218908514
mBART,LSR-only,CLRR+LSR,2,186,0.5099407010965678,-0.002831819949978609
mBART,LSR-only,CLRR+LSR,2,187,0.5062547586428927,0.0008541225036964306
mBART,LSR-only,CLRR+LSR,2,188,0.5079658269672009,-0.0008569458206117986
mBART,LSR-only,CLRR+LSR,2,189,0.508269791927475,-0.001160910780885871
mBART,LSR-only,CLRR+LSR,2,190,0.538509774296017,-0.031400893149427844
mBART,LSR-only,CLRR+LSR,2,191,0.5059693686600788,0.0011395124865103412
mBART,LSR-only,CLRR+LSR,2,192,0.5077848337059478,-0.0006759525593587057
mBART,LSR-only,CLRR+LSR,2,193,0.5139098176067947,-0.00680093646020552
mBART,LSR-only,CLRR+LSR,2,194,0.5014507529249244,0.005658128221664782
mBART,LSR-only,CLRR+LSR,2,195,0.5029871763189568,0.0041217048276323
mBART,LSR-only,CLRR+LSR,2,196,0.5077049029161671,-0.000596021769577959
mBART,LSR-only,CLRR+LSR,2,197,0.5109537821290893,-0.0038449009825001212
mBART,LSR-only,CLRR+LSR,2,198,0.5077912226470893,-0.0006823415005001721
mBART,LSR-only,CLRR+LSR,2,199,0.5130720812753609,-0.005963200128771717
mBART,LSR-only,CLRR+LSR,2,200,0.5108181507122218,-0.003709269565632667
mBART,LSR-only,CLRR+LSR,2,201,0.5161045104986322,-0.00899562935204301
mBART,LSR-only,CLRR+LSR,2,202,0.5365221618829032,-0.029413280736314107
mBART,LSR-only,CLRR+LSR,2,203,0.5078749566547067,-0.0007660755081175807
mBART,LSR-only,CLRR+LSR,2,204,0.5019220645923212,0.005186816554267892
mBART,LSR-only,CLRR+LSR,2,205,0.4944013010206021,0.01270758012598705
mBART,LSR-only,CLRR+LSR,2,206,0.49986773053825573,0.007241150608333413
mBART,LSR-only,CLRR+LSR,2,207,0.5153714172697796,-0.0082625361231905
mBART,LSR-only,CLRR+LSR,2,208,0.4613162502848489,0.045792630861740236
mBART,LSR-only,CLRR+LSR,2,209,0.5078834577474858,-0.000774576600896637
mBART,LSR-only,CLRR+LSR,2,210,0.5075304225958739,-0.0004215414492847458
mBART,LSR-only,CLRR+LSR,2,211,0.4680768728808751,0.03903200826571407
mBART,LSR-only,CLRR+LSR,2,212,0.5076001720570922,-0.0004912909105030394
mBART,LSR-only,CLRR+LSR,2,213,0.5084336818165376,-0.001324800669948445
mBART,LSR-only,CLRR+LSR,2,214,0.5079351582947389,-0.0008262771481497566
mBART,LSR-only,CLRR+LSR,2,215,0.5101971100175717,-0.00308822887098259
mBART,LSR-only,CLRR+LSR,2,216,0.5078932439846966,-0.0007843628381074552
mBART,LSR-only,CLRR+LSR,2,217,0.5079858123729117,-0.000876931226322597
mBART,LSR-only,CLRR+LSR,2,218,0.49053644549809405,0.016572435648495087
mBART,LSR-only,CLRR+LSR,2,219,0.5688334006787734,-0.061724519532184274
mBART,LSR-only,CLRR+LSR,2,220,0.5270536757311817,-0.01994479458459253
mBART,LSR-only,CLRR+LSR,2,221,0.5089044238293887,-0.001795542682799578
mBART,LSR-only,CLRR+LSR,2,222,0.5150541793097396,-0.007945298163150483
mBART,LSR-only,CLRR+LSR,2,223,0.5070335778184543,7.530332813487917e-05
mBART,LSR-only,CLRR+LSR,2,224,0.5019730756309393,0.0051358055156498494
mBART,LSR-only,CLRR+LSR,2,225,0.5054734163291101,0.0016354648174790043
mBART,LSR-only,CLRR+LSR,2,226,0.5031037077978127,0.004005173348776481
mBART,LSR-only,CLRR+LSR,2,227,0.5076869464413498,-0.0005780652947606768
mBART,LSR-only,CLRR+LSR,2,228,0.5016643668276046,0.005444514318984517
mBART,LSR-only,CLRR+LSR,2,229,0.5151872342130801,-0.008078353066490962
mBART,LSR-only,CLRR+LSR,2,230,0.5056789862746562,0.0014298948719329019
mBART,LSR-only,CLRR+LSR,2,231,0.5119439259171763,-0.00483504477058716
mBART,LSR-only,CLRR+LSR,2,232,0.5084229730560281,-0.0013140919094389858
mBART,LSR-only,CLRR+LSR,2,233,0.507388211768248,-0.0002793306216588576
mBART,LSR-only,CLRR+LSR,2,234,0.5080616399248044,-0.0009527587782152125
mBART,LSR-only,CLRR+LSR,2,235,0.5103500060980117,-0.0032411249514225915
mBART,LSR-only,CLRR+LSR,2,236,0.5115259743710325,-0.004417093224443391
mBART,LSR-only,CLRR+LSR,2,237,0.5026527112692172,0.004456169877371963
mBART,LSR-only,CLRR+LSR,2,238,0.5077746393312275,-0.0006657581846383209
mBART,LSR-only,CLRR+LSR,2,239,0.48326273808728715,0.023846143059301994
mBART,LSR-only,CLRR+LSR,2,240,0.4917386836145674,0.015370197532021734
mBART,LSR-only,CLRR+LSR,2,241,0.5048209560709047,0.002287925075684427
mBART,LSR-only,CLRR+LSR,2,242,0.5073939905650242,-0.00028510941843507
mBART,LSR-only,CLRR+LSR,2,243,0.5083234215267893,-0.0012145403802001908
mBART,LSR-only,CLRR+LSR,2,244,0.5145594118521899,-0.007450530705600755
mBART,LSR-only,CLRR+LSR,2,245,0.48908447405697686,0.018024407089612282
mBART,LSR-only,CLRR+LSR,2,246,0.508243058217527,-0.0011341770709378807
mBART,LSR-only,CLRR+LSR,2,247,0.4953352520246419,0.011773629121947238
mBART,LSR-only,CLRR+LSR,2,248,0.5049712097276888,0.002137671418900311
mBART,LSR-only,CLRR+LSR,2,249,0.5078567738373998,-0.0007478926908106587
mBART,LSR-only,CLRR+LSR,2,250,0.5016242536929418,0.005484627453647306
mBART,LSR-only,CLRR+LSR,2,251,0.5099488571996353,-0.0028399760530462004
mBART,LSR-only,CLRR+LSR,2,252,0.5083377956001058,-0.001228914453516694
mBART,LSR-only,CLRR+LSR,2,253,0.48078362354273096,0.026325257603858176
mBART,LSR-only,CLRR+LSR,2,254,0.5082049853097281,-0.001096104163138989
mBART,LSR-only,CLRR+LSR,2,255,0.4968524635340401,0.01025641761254903
mBART,LSR-only,CLRR+LSR,2,256,0.5058336320980388,0.0012752490485503643
mBART,LSR-only,CLRR+LSR,2,257,0.5091870588297951,-0.0020781776832059506
mBART,LSR-only,CLRR+LSR,2,258,0.5066841204249641,0.000424760721625006
mBART,LSR-only,CLRR+LSR,2,259,0.5023352449885365,0.0047736361580525966
mBART,LSR-only,CLRR+LSR,2,260,0.5089265708499937,-0.001817689703404568
mBART,LSR-only,CLRR+LSR,2,261,0.5069118542123121,0.00019702693427703366
mBART,LSR-only,CLRR+LSR,2,262,0.5622187186606062,-0.0551098375140171
mBART,LSR-only,CLRR+LSR,2,263,0.5680545324300788,-0.06094565128348961
mBART,LSR-only,CLRR+LSR,2,264,0.5085181427165324,-0.0014092615699432542
mBART,LSR-only,CLRR+LSR,2,265,0.5064637385047348,0.0006451426418543349
mBART,LSR-only,CLRR+LSR,2,266,0.5075935975208168,-0.000484716374227645
mBART,LSR-only,CLRR+LSR,2,267,0.508245202760083,-0.0011363216134938625
mBART,LSR-only,CLRR+LSR,2,268,0.5072417284326711,-0.00013284728608198293
mBART,LSR-only,CLRR+LSR,2,269,0.5077339751849586,-0.0006250940383694115
mBART,LSR-only,CLRR+LSR,2,270,0.5079253644048833,-0.0008164832582941983
mBART,LSR-only,CLRR+LSR,2,271,0.5076462965708082,-0.0005374154242190343
mBART,LSR-only,CLRR+LSR,2,272,0.4732734427113243,0.03383543843526482
mBART,LSR-only,CLRR+LSR,2,273,0.5091962048599683,-0.0020873237133791633
mBART,LSR-only,CLRR+LSR,2,274,0.516873997028835,-0.009765115882245823
mBART,LSR-only,CLRR+LSR,2,275,0.5240788126679767,-0.016969931521387593
mBART,LSR-only,CLRR+LSR,2,276,0.5081566329504099,-0.0010477518038207734
mBART,LSR-only,CLRR+LSR,2,277,0.5059547094659145,0.001154171680674665
mBART,LSR-only,CLRR+LSR,2,278,0.507680241044902,-0.0005713598983128065
mBART,LSR-only,CLRR+LSR,2,279,0.5078653538595681,-0.0007564727129789617
mBART,LSR-only,CLRR+LSR,2,280,0.5088514506228492,-0.0017425694762600585
mBART,LSR-only,CLRR+LSR,2,281,0.4936902725099692,0.013418608636619922
mBART,LSR-only,CLRR+LSR,2,282,0.4986547710646292,0.008454110081959954
mBART,LSR-only,CLRR+LSR,2,283,0.502106611612831,0.005002269533758152
mBART,LSR-only,CLRR+LSR,2,284,0.5106589623866995,-0.0035500812401103587
mBART,LSR-only,CLRR+LSR,2,285,0.5057255444444628,0.0013833367021263143
mBART,LSR-only,CLRR+LSR,2,286,0.5073304368530849,-0.0002215557064957352
mBART,LSR-only,CLRR+LSR,2,287,0.5074217348243124,-0.0003128536777232682
mBART,LSR-only,CLRR+LSR,2,288,0.48755675885520944,0.019552122291379703
mBART,LSR-only,CLRR+LSR,2,289,0.5076068575135757,-0.0004979763669865633
mBART,LSR-only,CLRR+LSR,2,290,0.5078548781828758,-0.0007459970362866386
mBART,LSR-only,CLRR+LSR,2,291,0.5077625409104343,-0.0006536597638451269
mBART,LSR-only,CLRR+LSR,2,292,0.5082764910593731,-0.0011676099127839734
mBART,LSR-only,CLRR+LSR,2,293,0.5017972651921419,0.005311615954447291
mBART,LSR-only,CLRR+LSR,2,294,0.5082166365981422,-0.0011077554515530608
mBART,LSR-only,CLRR+LSR,2,295,0.5111777487283824,-0.004068867581793256
mBART,LSR-only,CLRR+LSR,2,296,0.5047400753282218,0.002368805818367292
mBART,LSR-only,CLRR+LSR,2,297,0.5393058353681468,-0.03219695422155766
mBART,LSR-only,CLRR+LSR,2,298,0.5075924697442176,-0.000483588597628426
mBART,LSR-only,CLRR+LSR,2,299,0.5077991198660641,-0.0006902387194749338
mBART,LSR-only,CLRR+LSR,2,300,0.5476436403926748,-0.04053475924608563
mBART,LSR-only,CLRR+LSR,2,301,0.5019964811442286,0.005112400002360573
mBART,LSR-only,CLRR+LSR,2,302,0.5081009655454523,-0.0009920843988631134
mBART,LSR-only,CLRR+LSR,2,303,0.49535712843618285,0.011751752710406294
mBART,LSR-only,CLRR+LSR,2,304,0.5078736720198442,-0.0007647908732550945
mBART,LSR-only,CLRR+LSR,2,305,0.5054176288760033,0.0016912522705858635
mBART,LSR-only,CLRR+LSR,2,306,0.5083937536393393,-0.001284872492750111
mBART,LSR-only,CLRR+LSR,2,307,0.5132594809231605,-0.006150599776571397
mBART,LSR-only,CLRR+LSR,2,308,0.5132785821380104,-0.006169700991421223
mBART,LSR-only,CLRR+LSR,2,309,0.5142719314357151,-0.007163050289126005
mBART,LSR-only,CLRR+LSR,2,310,0.503776164999234,0.003332716147355086
mBART,LSR-only,CLRR+LSR,2,311,0.5079200524320981,-0.0008111712855090047
mBART,LSR-only,CLRR+LSR,2,312,0.4997957041233292,0.0073131770232599536
mBART,LSR-only,CLRR+LSR,2,313,0.5076923346965643,-0.0005834535499751325
mBART,LSR-only,CLRR+LSR,2,314,0.49974311414350936,0.007365767003079782
mBART,LSR-only,CLRR+LSR,2,315,0.51326490970769,-0.006156028561100868
mBART,LSR-only,CLRR+LSR,2,316,0.5369283331165882,-0.029819451969999022
mBART,LSR-only,CLRR+LSR,2,317,0.5082112347497159,-0.0011023536031267156
mBART,LSR-only,CLRR+LSR,2,318,0.5077342374754004,-0.0006253563288112218
mBART,LSR-only,CLRR+LSR,2,319,0.5041295654131552,0.002979315733433907
mBART,LSR-only,CLRR+LSR,2,320,0.5072264970828151,-0.00011761593622594546
mBART,LSR-only,CLRR+LSR,2,321,0.4986914119247494,0.008417469221839724
mBART,LSR-only,CLRR+LSR,2,322,0.5060232408116327,0.0010856403349563948
mBART,LSR-only,CLRR+LSR,2,323,0.48354955342270856,0.023559327723880585
mBART,LSR-only,CLRR+LSR,2,324,0.5096043427996726,-0.002495461653083453
mBART,LSR-only,CLRR+LSR,2,325,0.5126730215124944,-0.005564140365905246
mBART,LSR-only,CLRR+LSR,2,326,0.4938014724404063,0.013307408706182855
mBART,LSR-only,CLRR+LSR,2,327,0.5038535602119687,0.0032553209346204426
mBART,LSR-only,CLRR+LSR,2,328,0.5074569910326687,-0.00034810988607958393
mBART,LSR-only,CLRR+LSR,2,329,0.5188230214372922,-0.011714140290703057
mBART,LSR-only,CLRR+LSR,2,330,0.5077603552322287,-0.0006514740856395917
mBART,LSR-only,CLRR+LSR,2,331,0.5075146142696809,-0.0004057331230917782
mBART,LSR-only,CLRR+LSR,2,332,0.5073864538118826,-0.00027757266529349067
mBART,LSR-only,CLRR+LSR,2,333,0.5081990213114587,-0.0010901401648695241
mBART,LSR-only,CLRR+LSR,2,334,0.5070344712607593,7.440988582985142e-05
mBART,LSR-only,CLRR+LSR,2,335,0.5034104667321273,0.003698414414461837
mBART,LSR-only,CLRR+LSR,2,336,0.4598794983207668,0.04722938282582234
mBART,LSR-only,CLRR+LSR,2,337,0.4867377787883811,0.02037110235820805
mBART,LSR-only,CLRR+LSR,2,338,0.533823354997498,-0.02671447385090886
mBART,LSR-only,CLRR+LSR,2,339,0.5079802341189534,-0.0008713529723642921
mBART,LSR-only,CLRR+LSR,2,340,0.5080691574511,-0.0009602763045108986
mBART,LSR-only,CLRR+LSR,2,341,0.5085797432241002,-0.0014708620775110148
mBART,LSR-only,CLRR+LSR,2,342,0.51319535612053,-0.006086474973940881
mBART,LSR-only,CLRR+LSR,2,343,0.487469907754015,0.019638973392574144
mBART,LSR-only,CLRR+LSR,2,344,0.5064388134280371,0.0006700677185520476
mBART,LSR-only,CLRR+LSR,2,345,0.5080751609085254,-0.0009662797619363062
mBART,LSR-only,CLRR+LSR,2,346,0.5077201403877574,-0.0006112592411682272
mBART,LSR-only,CLRR+LSR,2,347,0.5140446661103084,-0.0069357849637192714
mBART,LSR-only,CLRR+LSR,2,348,0.5071349974731376,-2.61163265484754e-05
mBART,LSR-only,CLRR+LSR,2,349,0.5118886516040071,-0.004779770457417953
mBART,LSR-only,CLRR+LSR,2,350,0.5118228419906181,-0.004713960844028975
mBART,LSR-only,CLRR+LSR,2,351,0.5102327850549813,-0.0031239039083921227
mBART,LSR-only,CLRR+LSR,2,352,0.5082086070799967,-0.0010997259334075693
mBART,LSR-only,CLRR+LSR,2,353,0.5068530366320871,0.00025584451450200163
mBART,LSR-only,CLRR+LSR,2,354,0.5154171382356161,-0.008308257089026938
mBART,LSR-only,CLRR+LSR,2,355,0.5074412559032702,-0.0003323747566810198
mBART,LSR-only,CLRR+LSR,2,356,0.511381706847228,-0.004272825700638805
mBART,LSR-only,CLRR+LSR,2,357,0.5080702403942468,-0.0009613592476576116
mBART,LSR-only,CLRR+LSR,2,358,0.5074776563532204,-0.0003687752066312555
mBART,LSR-only,CLRR+LSR,2,359,0.504498142181319,0.0026107389652700874
mBART,LSR-only,CLRR+LSR,2,360,0.506886522568859,0.00022235857773011958
mBART,LSR-only,CLRR+LSR,2,361,0.5143366155565268,-0.007227734409937625
mBART,LSR-only,CLRR+LSR,2,362,0.5169168140992539,-0.0098079329526648
mBART,LSR-only,CLRR+LSR,2,363,0.4588352256013728,0.04827365554521634
mBART,LSR-only,CLRR+LSR,2,364,0.502990318061503,0.00411856308508618
mBART,LSR-only,CLRR+LSR,2,365,0.5081320363177895,-0.0010231551712003295
mBART,LSR-only,CLRR+LSR,2,366,0.5076133734237835,-0.0005044922771944016
mBART,LSR-only,CLRR+LSR,2,367,0.5176915076195883,-0.010582626472999124
mBART,LSR-only,CLRR+LSR,2,368,0.5074569366354176,-0.00034805548882843595
mBART,LSR-only,CLRR+LSR,2,369,0.5123226325065033,-0.005213751359914198
mBART,LSR-only,CLRR+LSR,2,370,0.5083869381523378,-0.0012780570057486784
mBART,LSR-only,CLRR+LSR,2,371,0.5078854648058169,-0.0007765836592277253
mBART,LSR-only,CLRR+LSR,2,372,0.507904561328143,-0.0007956801815538483
mBART,LSR-only,CLRR+LSR,2,373,0.5116187151184874,-0.004509833971898303
mBART,LSR-only,CLRR+LSR,2,374,0.49530138171312643,0.01180749943346271
mBART,LSR-only,CLRR+LSR,2,375,0.42167843413307793,0.08543044701351121
mBART,LSR-only,CLRR+LSR,2,376,0.503753594277871,0.0033552868687181103
mBART,LSR-only,CLRR+LSR,2,377,0.507975742809176,-0.0008668616625868708
mBART,LSR-only,CLRR+LSR,2,378,0.5073670669804358,-0.00025818583384662475
mBART,LSR-only,CLRR+LSR,2,379,0.5089061419564835,-0.0017972608098943965
mBART,LSR-only,CLRR+LSR,2,380,0.44455691085292415,0.062551970293665
mBART,LSR-only,CLRR+LSR,2,381,0.5080472423377564,-0.0009383611911673029
mBART,LSR-only,CLRR+LSR,2,382,0.5076090606746995,-0.0005001795281103227
mBART,LSR-only,CLRR+LSR,2,383,0.5275246312724349,-0.020415750125845733
mBART,LSR-only,CLRR+LSR,2,384,0.5091547624816783,-0.0020458813350892058
mBART,LSR-only,CLRR+LSR,2,385,0.5205870628075289,-0.013478181660939725
mBART,LSR-only,CLRR+LSR,2,386,0.50794934407336,-0.0008404629267708685
mBART,LSR-only,CLRR+LSR,2,387,0.5032824523025781,0.003826428844011076
mBART,LSR-only,CLRR+LSR,2,388,0.5073947129847696,-0.0002858318381804281
mBART,LSR-only,CLRR+LSR,2,389,0.5137133104725855,-0.006604429325996364
mBART,LSR-only,CLRR+LSR,2,390,0.5079844118161247,-0.0008755306695356069
mBART,LSR-only,CLRR+LSR,2,391,0.5078822391414732,-0.0007733579948840941
mBART,LSR-only,CLRR+LSR,2,392,0.5085797432241002,-0.0014708620775110148
mBART,LSR-only,CLRR+LSR,2,393,0.5074550714485433,-0.00034619030195415235
mBART,LSR-only,CLRR+LSR,2,394,0.5101703105696167,-0.003061429423027562
mBART,LSR-only,CLRR+LSR,2,395,0.5078886627481971,-0.0007797816016079651
mBART,LSR-only,CLRR+LSR,2,396,0.5024541421538267,0.004654738992762475
mBART,LSR-only,CLRR+LSR,2,397,0.507725398424558,-0.0006165172779688533
mBART,LSR-only,CLRR+LSR,2,398,0.509323072765536,-0.0022141916189468702
mBART,LSR-only,CLRR+LSR,2,399,0.509313053659838,-0.002204172513248892
mBART,LSR-only,CLRR+LSR,2,400,0.5062983790352789,0.000810502111310285
mBART,LSR-only,CLRR+LSR,2,401,0.5070253855608833,8.349558570586169e-05
mBART,LSR-only,CLRR+LSR,2,402,0.5076561856437607,-0.0005473044971715524
mBART,LSR-only,CLRR+LSR,2,403,0.5079780443058581,-0.000869163159268993
mBART,LSR-only,CLRR+LSR,2,404,0.5049879992269268,0.0021208819196623097
mBART,LSR-only,CLRR+LSR,2,405,0.50194388698511,0.005164994161479086
mBART,LSR-only,CLRR+LSR,2,406,0.5070446652173324,6.421592925676123e-05
mBART,LSR-only,CLRR+LSR,2,407,0.5025304583435286,0.004578422803060533
mBART,LSR-only,CLRR+LSR,2,408,0.5058328283878524,0.0012760527587367676
mBART,LSR-only,CLRR+LSR,2,409,0.5082122484792251,-0.0011033673326359406
mBART,LSR-only,CLRR+LSR,2,410,0.48679124292672427,0.020317638219864875
mBART,LSR-only,CLRR+LSR,2,411,0.5078749566547067,-0.0007660755081175807
mBART,LSR-only,CLRR+LSR,2,412,0.47253633510480597,0.03457254604178317
mBART,LSR-only,CLRR+LSR,2,413,0.5185651139373206,-0.011456232790731491
mBART,LSR-only,CLRR+LSR,2,414,0.5131722492861321,-0.006063368139543002
mBART,LSR-only,CLRR+LSR,2,415,0.5067862539073396,0.00032262723924958436
mBART,LSR-only,CLRR+LSR,2,416,0.5078340836488167,-0.0007252025022275177
mBART,LSR-only,CLRR+LSR,2,417,0.47189627504999265,0.03521260609659649
mBART,LSR-only,CLRR+LSR,2,418,0.5084847221486051,-0.0013758410020159317
mBART,LSR-only,CLRR+LSR,2,419,0.5102035587516802,-0.0030946776050910785
mBART,LSR-only,CLRR+LSR,2,420,0.5096489815206233,-0.002540100374034182
mBART,LSR-only,CLRR+LSR,2,421,0.504737418902252,0.0023714622443371525
mBART,LSR-only,CLRR+LSR,2,422,0.5078140557673549,-0.0007051746207658027
mBART,LSR-only,CLRR+LSR,2,423,0.4922645913165873,0.014844289830001856
mBART,LSR-only,CLRR+LSR,2,424,0.5080559396078073,-0.0009470584612181199
mBART,LSR-only,CLRR+LSR,2,425,0.5078334052779425,-0.0007245241313533768
mBART,LSR-only,CLRR+LSR,2,426,0.512845079430388,-0.005736198283798899
mBART,LSR-only,CLRR+LSR,2,427,0.5322746873318245,-0.02516580618523534
mBART,LSR-only,CLRR+LSR,2,428,0.5134563505167407,-0.006347469370151515
mBART,LSR-only,CLRR+LSR,2,429,0.5082261469229685,-0.0011172657763793836
mBART,LSR-only,CLRR+LSR,2,430,0.5069016889170683,0.00020719222952081395
mBART,LSR-only,CLRR+LSR,2,431,0.5084867637641928,-0.0013778826176036318
mBART,LSR-only,CLRR+LSR,2,432,0.5089222447468273,-0.0018133636002382048
mBART,LSR-only,CLRR+LSR,2,433,0.5103776589016924,-0.003268777755103258
mBART,LSR-only,CLRR+LSR,2,434,0.5082449666017688,-0.0011360854551796251
mBART,LSR-only,CLRR+LSR,2,435,0.49991482812451693,0.007194053022072211
mBART,LSR-only,CLRR+LSR,2,436,0.508843386889513,-0.0017345057429238864
mBART,LSR-only,CLRR+LSR,2,437,0.5020874501299701,0.005021431016619005
mBART,LSR-only,CLRR+LSR,2,438,0.5137596542933451,-0.006650773146755995
mBART,LSR-only,CLRR+LSR,2,439,0.5084386269343071,-0.0013297457877179397
mBART,LSR-only,CLRR+LSR,2,440,0.512583432284444,-0.005474551137854888
mBART,LSR-only,CLRR+LSR,2,441,0.5082501258716583,-0.001141244725069157
mBART,LSR-only,CLRR+LSR,2,442,0.5008741414113196,0.006234739735269557
mBART,LSR-only,CLRR+LSR,2,443,0.5071502248501005,-4.1343703511387275e-05
mBART,LSR-only,CLRR+LSR,2,444,0.5107246457208312,-0.003615764574242064
mBART,LSR-only,CLRR+LSR,2,445,0.5076404161693873,-0.0005315350227981241
mBART,LSR-only,CLRR+LSR,2,446,0.5083427153639697,-0.0012338342173805472
mBART,LSR-only,CLRR+LSR,2,447,0.507665962294265,-0.0005570811476758308
mBART,LSR-only,CLRR+LSR,2,448,0.5059959267127532,0.0011129544338359665
mBART,LSR-only,CLRR+LSR,2,449,0.5086184498127402,-0.00150956866615104
mBART,LSR-only,CLRR+LSR,2,450,0.4698559426550055,0.03725293849158362
mBART,LSR-only,CLRR+LSR,2,451,0.5090029985703026,-0.0018941174237134817
mBART,LSR-only,CLRR+LSR,2,452,0.5080108364549574,-0.0009019553083682297
mBART,LSR-only,CLRR+LSR,2,453,0.5082453733292986,-0.0011364921827095031
mBART,LSR-only,CLRR+LSR,2,454,0.5231945436843688,-0.016085662537779655
mBART,LSR-only,CLRR+LSR,2,455,0.5198885379911324,-0.012779656844543297
mBART,LSR-only,CLRR+LSR,2,456,0.5135930711294421,-0.006484189982852939
mBART,LSR-only,CLRR+LSR,2,457,0.48250031576076324,0.024608565385825898
mBART,LSR-only,CLRR+LSR,2,458,0.46143341947007954,0.0456754616765096
mBART,LSR-only,CLRR+LSR,2,459,0.5111354007013524,-0.004026519554763297
mBART,LSR-only,CLRR+LSR,2,460,0.5366831122574531,-0.02957423111086399
mBART,LSR-only,CLRR+LSR,2,461,0.5053857806631861,0.0017231004834030728
mBART,LSR-only,CLRR+LSR,2,462,0.5015047116801803,0.005604169466408848
mBART,LSR-only,CLRR+LSR,2,463,0.5019008327683636,0.005208048378225527
mBART,LSR-only,CLRR+LSR,2,464,0.47501388460968386,0.032094996536905285
mBART,LSR-only,CLRR+LSR,2,465,0.5037023420190465,0.0034065391275426293
mBART,LSR-only,CLRR+LSR,2,466,0.5078164071803144,-0.0007075260337252587
mBART,LSR-only,CLRR+LSR,2,467,0.5082363991051295,-0.0011275179585403805
mBART,LSR-only,CLRR+LSR,2,468,0.48746660113990714,0.019642280006682
mBART,LSR-only,CLRR+LSR,2,469,0.5070386699432667,7.021120332240116e-05
mBART,LSR-only,CLRR+LSR,2,470,0.44505037646372614,0.062058504682863
mBART,LSR-only,CLRR+LSR,2,471,0.5026838043697808,0.004425076776808368
mBART,LSR-only,CLRR+LSR,2,472,0.5162473106355137,-0.009138429488924515
mBART,LSR-only,CLRR+LSR,2,473,0.5167170462669581,-0.009608165120368994
mBART,LSR-only,CLRR+LSR,2,474,0.5078449817809201,-0.0007361006343309384
mBART,LSR-only,CLRR+LSR,2,475,0.5078480308005737,-0.0007391496539845832
mBART,LSR-only,CLRR+LSR,2,476,0.5087236055596023,-0.0016147244130131355
mBART,LSR-only,CLRR+LSR,2,477,0.5078923558093784,-0.0007834746627892741
mBART,LSR-only,CLRR+LSR,2,478,0.5066139253131965,0.0004949558333926518
mBART,LSR-only,CLRR+LSR,2,479,0.5082927816517859,-0.0011839005051967888
mBART,LSR-only,CLRR+LSR,2,480,0.5036246384053946,0.003484242741194521
mBART,LSR-only,CLRR+LSR,2,481,0.5060140225890528,0.0010948585575363268
mBART,LSR-only,CLRR+LSR,2,482,0.4993152804354395,0.007793600711149651
mBART,LSR-only,CLRR+LSR,2,483,0.5186271111646121,-0.01151823001802299
mBART,LSR-only,CLRR+LSR,2,484,0.5066891648151071,0.00041971633148207843
mBART,LSR-only,CLRR+LSR,2,485,0.508353428517907,-0.00124454737131785
mBART,LSR-only,CLRR+LSR,2,486,0.516745248403133,-0.00963636725654382
mBART,LSR-only,CLRR+LSR,2,487,0.5079312144475487,-0.000822333300959599
mBART,LSR-only,CLRR+LSR,2,488,0.512026033657925,-0.004917152511335843
mBART,LSR-only,CLRR+LSR,2,489,0.5077648578452241,-0.0006559766986349302
mBART,LSR-only,CLRR+LSR,2,490,0.5284968847585318,-0.021388003611942707
mBART,LSR-only,CLRR+LSR,2,491,0.5075895094156877,-0.0004806282690985597
mBART,LSR-only,CLRR+LSR,2,492,0.5071360336940138,-2.715254742469142e-05
mBART,LSR-only,CLRR+LSR,2,493,0.5079939116316972,-0.0008850304851080182
mBART,LSR-only,CLRR+LSR,2,494,0.5080152101565325,-0.000906329009943363
mBART,LSR-only,CLRR+LSR,2,495,0.4922521333920855,0.01485674775450363
mBART,LSR-only,CLRR+LSR,2,496,0.50794053832972,-0.0008316571831308295
mBART,LSR-only,CLRR+LSR,2,497,0.5118095751385674,-0.004700693991978255
mBART,LSR-only,CLRR+LSR,2,498,0.5034266226129169,0.0036822585336722113
mBART,LSR-only,CLRR+LSR,2,499,0.5189270350085025,-0.011818153861913316
mBART,LSR-only,CLRR+LSR,2,500,0.5090557642144198,-0.0019468830678306404
mBART,LSR-only,CLRR+LSR,2,501,0.5045041312600667,0.002604749886522484
mBART,LSR-only,CLRR+LSR,2,502,0.5083799032207317,-0.001271022074142536
mBART,LSR-only,CLRR+LSR,2,503,0.5057891579992777,0.0013197231473114357
mBART,LSR-only,CLRR+LSR,2,504,0.5091717591599263,-0.002062878013337155
mBART,LSR-only,CLRR+LSR,2,505,0.5078711753350973,-0.0007622941885081502
mBART,LSR-only,CLRR+LSR,2,506,0.4764157206128914,0.03069316053369775
mBART,LSR-only,CLRR+LSR,2,507,0.5083817123360639,-0.0012728311894747435
mBART,LSR-only,CLRR+LSR,2,508,0.46333955772529833,0.04376932342129081
mBART,LSR-only,CLRR+LSR,2,509,0.5094019917556949,-0.002293110609105753
mBART,LSR-only,CLRR+LSR,2,510,0.508991382097328,-0.0018825009507388302
mBART,LSR-only,CLRR+LSR,2,511,0.508005919289932,-0.0008970381433428543
mBART,LSR-only,CLRR+LSR,2,512,0.5076946328766709,-0.000585751730081796
mBART,LSR-only,CLRR+LSR,2,513,0.4994621591138113,0.007646722032777831
mBART,LSR-only,CLRR+LSR,2,514,0.5080612106039766,-0.0009523294573874352
mBART,LSR-only,CLRR+LSR,2,515,0.5081001894545416,-0.0009913083079524654
mBART,LSR-only,CLRR+LSR,2,516,0.5078003404476092,-0.0006914593010201031
mBART,LSR-only,CLRR+LSR,2,517,0.5077151913981588,-0.0006063102515696528
mBART,LSR-only,CLRR+LSR,2,518,0.5075738769701132,-0.00046499582352410584
mBART,LSR-only,CLRR+LSR,2,519,0.5228330702634807,-0.01572418911689155
mBART,LSR-only,CLRR+LSR,2,520,0.5094061605991733,-0.0022972794525841778
mBART,LSR-only,CLRR+LSR,2,521,0.45516060201581254,0.0519482791307766
mBART,LSR-only,CLRR+LSR,2,522,0.5106895677402967,-0.0035806865937075827
mBART,LSR-only,CLRR+LSR,2,523,0.5109602253043768,-0.0038513441577876506
mBART,LSR-only,CLRR+LSR,2,524,0.5081176566273378,-0.0010087754807486249
mBART,LSR-only,CLRR+LSR,2,525,0.5083610838367214,-0.0012522026901322647
mBART,LSR-only,CLRR+LSR,2,526,0.5161741938066449,-0.009065312660055724
mBART,LSR-only,CLRR+LSR,2,527,0.5076892442554346,-0.0005803631088454608
mBART,LSR-only,CLRR+LSR,2,528,0.515616290079933,-0.008507408933343896
mBART,LSR-only,CLRR+LSR,2,529,0.5087402053172241,-0.0016313241706349402
mBART,LSR-only,CLRR+LSR,2,530,0.5044816683360906,0.0026272128104984915
mBART,LSR-only,CLRR+LSR,2,531,0.49969387023275047,0.007415010913838671
mBART,LSR-only,CLRR+LSR,2,532,0.5034609927632339,0.00364788838335528
mBART,LSR-only,CLRR+LSR,2,533,0.499014428492746,0.00809445265384312
mBART,LSR-only,CLRR+LSR,2,534,0.506822753275717,0.00028612787087212155
mBART,LSR-only,CLRR+LSR,2,535,0.5077112529854375,-0.0006023718388483701
mBART,LSR-only,CLRR+LSR,2,536,0.5381781710710314,-0.031069289924442245
mBART,LSR-only,CLRR+LSR,2,537,0.5078179100352465,-0.0007090288886573148
mBART,LSR-only,CLRR+LSR,2,538,0.5085842776277971,-0.00147539648120798
mBART,LSR-only,CLRR+LSR,2,539,0.5078879625064125,-0.0007790813598234081
mBART,LSR-only,CLRR+LSR,2,540,0.5035041830855569,0.003604698061032252
mBART,LSR-only,CLRR+LSR,2,541,0.49565763851989075,0.011451242626698388
mBART,LSR-only,CLRR+LSR,2,542,0.5030607093393087,0.004048171807280454
mBART,LSR-only,CLRR+LSR,2,543,0.5044284100116165,0.0026804711349726063
mBART,LSR-only,CLRR+LSR,2,544,0.5079771082370499,-0.0008682270904607492
mBART,LSR-only,CLRR+LSR,2,545,0.5053340308299283,0.0017748503166608032
mBART,LSR-only,CLRR+LSR,2,546,0.5075048433973492,-0.0003959622507601068
mBART,LSR-only,CLRR+LSR,2,547,0.5078001174621107,-0.0006912363155215928
mBART,LSR-only,CLRR+LSR,2,548,0.5089436215977976,-0.0018347404512084609
mBART,LSR-only,CLRR+LSR,2,549,0.5180582738981769,-0.010949392751587794
mBART,LSR-only,CLRR+LSR,2,550,0.492075782084747,0.015033099061842137
mBART,LSR-only,CLRR+LSR,2,551,0.5067004879060057,0.00040839324058339344
mBART,LSR-only,CLRR+LSR,2,552,0.49007364831334144,0.017035232833247704
mBART,LSR-only,CLRR+LSR,2,553,0.5021396583280229,0.004969222818566266
mBART,LSR-only,CLRR+LSR,2,554,0.5069511762157042,0.00015770493088496096
mBART,LSR-only,CLRR+LSR,2,555,0.4965308440005245,0.010578037146064645
mBART,LSR-only,CLRR+LSR,2,556,0.5079713328404658,-0.0008624516938766646
mBART,LSR-only,CLRR+LSR,2,557,0.505661131437261,0.00144774970932815
mBART,LSR-only,CLRR+LSR,2,558,0.5069269480982079,0.00018193304838121094
mBART,LSR-only,CLRR+LSR,2,559,0.5081857131457426,-0.001076831999153427
mBART,LSR-only,CLRR+LSR,2,560,0.5028444947538624,0.004264386392726749
mBART,LSR-only,CLRR+LSR,2,561,0.4930627434113646,0.014046137735224562
mBART,LSR-only,CLRR+LSR,2,562,0.5076615735696421,-0.0005526924230530028
mBART,LSR-only,CLRR+LSR,2,563,0.5684872660264872,-0.06137838487989811
mBART,LSR-only,CLRR+LSR,2,564,0.5116097562554458,-0.004500875108856661
mBART,LSR-only,CLRR+LSR,2,565,0.5118453402674845,-0.0047364591208953755
mBART,LSR-only,CLRR+LSR,2,566,0.5004468609250097,0.006662020221579468
mBART,LSR-only,CLRR+LSR,2,567,0.5052973318598362,0.001811549286752978
mBART,LSR-only,CLRR+LSR,2,568,0.5080846516128545,-0.0009757704662654021
mBART,LSR-only,CLRR+LSR,2,569,0.5075783089247388,-0.00046942777814962255
mBART,LSR-only,CLRR+LSR,2,570,0.49867239108356287,0.00843649006302627
mBART,LSR-only,CLRR+LSR,2,571,0.5028116163354426,0.004297264811146562
mBART,LSR-only,CLRR+LSR,2,572,0.5078822391414732,-0.0007733579948840941
mBART,LSR-only,CLRR+LSR,2,573,0.4972947462066699,0.009814134939919228
mBART,LSR-only,CLRR+LSR,2,574,0.5051689660811363,0.0019399150654528796
NLLB,Baseline,CLRR+LSR,0,0,0.6390205946536973,-0.004112311881591779
NLLB,Baseline,CLRR+LSR,0,1,0.6355581518024209,-0.0006498690303153865
NLLB,Baseline,CLRR+LSR,0,2,0.6358648346256182,-0.0009565518535126216
NLLB,Baseline,CLRR+LSR,0,3,0.640702837052542,-0.005794554280436515
NLLB,Baseline,CLRR+LSR,0,4,0.6352314216772825,-0.0003231389051769895
NLLB,Baseline,CLRR+LSR,0,5,0.6344321049562378,0.0004761778158677288
NLLB,Baseline,CLRR+LSR,0,6,0.6382206750743062,-0.0033123923022007062
NLLB,Baseline,CLRR+LSR,0,7,0.6181727440630329,0.016735538709072628
NLLB,Baseline,CLRR+LSR,0,8,0.6355551272251443,-0.0006468444530387529
NLLB,Baseline,CLRR+LSR,0,9,0.6361287691042143,-0.0012204863321088055
NLLB,Baseline,CLRR+LSR,0,10,0.6398308575866452,-0.004922574814539615
NLLB,Baseline,CLRR+LSR,0,11,0.6359302636214323,-0.001021980849326809
NLLB,Baseline,CLRR+LSR,0,12,0.635880003689433,-0.0009717209173274455
NLLB,Baseline,CLRR+LSR,0,13,0.6349052400868835,3.0426852219989087e-06
NLLB,Baseline,CLRR+LSR,0,14,0.6253293523722441,0.009578930399861463
NLLB,Baseline,CLRR+LSR,0,15,0.6274892647432164,0.007419018028889113
NLLB,Baseline,CLRR+LSR,0,16,0.6355827708528601,-0.0006744880807545428
NLLB,Baseline,CLRR+LSR,0,17,0.6266985878202238,0.00820969495188173
NLLB,Baseline,CLRR+LSR,0,18,0.6330505655682401,0.0018577172038654055
NLLB,Baseline,CLRR+LSR,0,19,0.6359659225969256,-0.0010576398248201002
NLLB,Baseline,CLRR+LSR,0,20,0.6391980913539701,-0.004289808581864563
NLLB,Baseline,CLRR+LSR,0,21,0.6363061289439642,-0.0013978461718586743
NLLB,Baseline,CLRR+LSR,0,22,0.6440742779633997,-0.00916599519129413
NLLB,Baseline,CLRR+LSR,0,23,0.6351077026259553,-0.00019941985384974714
NLLB,Baseline,CLRR+LSR,0,24,0.6349871151299844,-7.883235787886633e-05
NLLB,Baseline,CLRR+LSR,0,25,0.636660150112359,-0.0017518673402534546
NLLB,Baseline,CLRR+LSR,0,26,0.6196156770476708,0.015292605724434694
NLLB,Baseline,CLRR+LSR,0,27,0.5769011532843802,0.05800712948772535
NLLB,Baseline,CLRR+LSR,0,28,0.6399054058294169,-0.00499712305731137
NLLB,Baseline,CLRR+LSR,0,29,0.6361794203065845,-0.0012711375344789388
NLLB,Baseline,CLRR+LSR,0,30,0.6332710959825878,0.0016371867895177417
NLLB,Baseline,CLRR+LSR,0,31,0.6358285270906183,-0.0009202443185127862
NLLB,Baseline,CLRR+LSR,0,32,0.6329342055275173,0.0019740772445882016
NLLB,Baseline,CLRR+LSR,0,33,0.6423303431090748,-0.007422060336969238
NLLB,Baseline,CLRR+LSR,0,34,0.6312261887534198,0.0036820940186856888
NLLB,Baseline,CLRR+LSR,0,35,0.6279669162730261,0.006941366499079393
NLLB,Baseline,CLRR+LSR,0,36,0.6359846024926448,-0.0010763197205392316
NLLB,Baseline,CLRR+LSR,0,37,0.6393284113561535,-0.004420128584047944
NLLB,Baseline,CLRR+LSR,0,38,0.6350924814656054,-0.00018419869349983742
NLLB,Baseline,CLRR+LSR,0,39,0.6360172621676465,-0.0011089793955409988
NLLB,Baseline,CLRR+LSR,0,40,0.6320514950682288,0.002856787703876762
NLLB,Baseline,CLRR+LSR,0,41,0.6352780313096336,-0.00036974853752802517
NLLB,Baseline,CLRR+LSR,0,42,0.6343450233805168,0.000563259391588744
NLLB,Baseline,CLRR+LSR,0,43,0.6357359091232109,-0.0008276263511053372
NLLB,Baseline,CLRR+LSR,0,44,0.6366628918264894,-0.0017546090543838488
NLLB,Baseline,CLRR+LSR,0,45,0.6092153480867069,0.025692934685398683
NLLB,Baseline,CLRR+LSR,0,46,0.638820860718118,-0.003912577946012519
NLLB,Baseline,CLRR+LSR,0,47,0.6436329070893656,-0.008724624317260066
NLLB,Baseline,CLRR+LSR,0,48,0.632929679282201,0.001978603489904529
NLLB,Baseline,CLRR+LSR,0,49,0.6347843746297297,0.00012390814237583925
NLLB,Baseline,CLRR+LSR,0,50,0.6071589292632726,0.027749353508832897
NLLB,Baseline,CLRR+LSR,0,51,0.6363299327226404,-0.0014216499505348423
NLLB,Baseline,CLRR+LSR,0,52,0.6386797886746596,-0.00377150590255404
NLLB,Baseline,CLRR+LSR,0,53,0.6364196810713789,-0.001511398299273381
NLLB,Baseline,CLRR+LSR,0,54,0.6361134721709689,-0.0012051893988633822
NLLB,Baseline,CLRR+LSR,0,55,0.6384835159510338,-0.003575233178928272
NLLB,Baseline,CLRR+LSR,0,56,0.6553825956010151,-0.020474312828909547
NLLB,Baseline,CLRR+LSR,0,57,0.6365624336107611,-0.0016541508386556103
NLLB,Baseline,CLRR+LSR,0,58,0.6364689053524266,-0.0015606225803210805
NLLB,Baseline,CLRR+LSR,0,59,0.6394704308004577,-0.004562148028352198
NLLB,Baseline,CLRR+LSR,0,60,0.6411046185028049,-0.006196335730699332
NLLB,Baseline,CLRR+LSR,0,61,0.6339550542493857,0.00095322852271984
NLLB,Baseline,CLRR+LSR,0,62,0.6232714247092339,0.011636858062871624
NLLB,Baseline,CLRR+LSR,0,63,0.6407107354122257,-0.005802452640120137
NLLB,Baseline,CLRR+LSR,0,64,0.6379863817860585,-0.0030780990139529507
NLLB,Baseline,CLRR+LSR,0,65,0.635721393053192,-0.0008131102810864377
NLLB,Baseline,CLRR+LSR,0,66,0.6352536757837619,-0.0003453930116563697
NLLB,Baseline,CLRR+LSR,0,67,0.6337208649971835,0.0011874177749220394
NLLB,Baseline,CLRR+LSR,0,68,0.6304838214503761,0.004424461321729467
NLLB,Baseline,CLRR+LSR,0,69,0.6357804612881957,-0.0008721785160901163
NLLB,Baseline,CLRR+LSR,0,70,0.6485268298355944,-0.013618547063488862
NLLB,Baseline,CLRR+LSR,0,71,0.6246264745702526,0.010281808201852982
NLLB,Baseline,CLRR+LSR,0,72,0.6364314529037998,-0.0015231701316942292
NLLB,Baseline,CLRR+LSR,0,73,0.6327731325875696,0.0021351501845359167
NLLB,Baseline,CLRR+LSR,0,74,0.638931306302096,-0.00402302352999051
NLLB,Baseline,CLRR+LSR,0,75,0.6435574213811481,-0.008649138609042595
NLLB,Baseline,CLRR+LSR,0,76,0.6354713881433369,-0.0005631053712313872
NLLB,Baseline,CLRR+LSR,0,77,0.6583305484252815,-0.023422265653175955
NLLB,Baseline,CLRR+LSR,0,78,0.6348914091602964,1.6873611809131717e-05
NLLB,Baseline,CLRR+LSR,0,79,0.636554712018599,-0.001646429246493497
NLLB,Baseline,CLRR+LSR,0,80,0.6237463525064797,0.011161930265625841
NLLB,Baseline,CLRR+LSR,0,81,0.6355535854588776,-0.0006453026867720979
NLLB,Baseline,CLRR+LSR,0,82,0.6364175346113381,-0.0015092518392325616
NLLB,Baseline,CLRR+LSR,0,83,0.6358678652842951,-0.0009595825121895274
NLLB,Baseline,CLRR+LSR,0,84,0.6450944423899596,-0.010186159617854074
NLLB,Baseline,CLRR+LSR,0,85,0.6331327216667262,0.001775561105379353
NLLB,Baseline,CLRR+LSR,0,86,0.6247063569714424,0.010201925800663147
NLLB,Baseline,CLRR+LSR,0,87,0.6325881337877117,0.0023201489843938106
NLLB,Baseline,CLRR+LSR,0,88,0.6342722749782155,0.0006360077938900588
NLLB,Baseline,CLRR+LSR,0,89,0.6364028154849422,-0.001494532712836616
NLLB,Baseline,CLRR+LSR,0,90,0.635306807772329,-0.0003985250002234153
NLLB,Baseline,CLRR+LSR,0,91,0.6369461988091558,-0.0020379160370502802
NLLB,Baseline,CLRR+LSR,0,92,0.622701320246696,0.012206962525409537
NLLB,Baseline,CLRR+LSR,0,93,0.6334782010708864,0.0014300817012191658
NLLB,Baseline,CLRR+LSR,0,94,0.6364441660380908,-0.001535883265985305
NLLB,Baseline,CLRR+LSR,0,95,0.642239040979236,-0.007330758207130472
NLLB,Baseline,CLRR+LSR,0,96,0.636002915712746,-0.0010946329406404942
NLLB,Baseline,CLRR+LSR,0,97,0.6485318984598507,-0.013623615687745172
NLLB,Baseline,CLRR+LSR,0,98,0.6353904603072973,-0.0004821775351917523
NLLB,Baseline,CLRR+LSR,0,99,0.6347269842153658,0.0001812985567397618
NLLB,Baseline,CLRR+LSR,0,100,0.6352306044816487,-0.00032232170954316075
NLLB,Baseline,CLRR+LSR,0,101,0.6363000252678628,-0.0013917424957572422
NLLB,Baseline,CLRR+LSR,0,102,0.6367088749543885,-0.0018005921822830118
NLLB,Baseline,CLRR+LSR,0,103,0.6359998800801812,-0.0010915973080756203
NLLB,Baseline,CLRR+LSR,0,104,0.6369445614692939,-0.002036278697188365
NLLB,Baseline,CLRR+LSR,0,105,0.6354777473793263,-0.0005694646072207377
NLLB,Baseline,CLRR+LSR,0,106,0.6366022927154322,-0.0016940099433266909
NLLB,Baseline,CLRR+LSR,0,107,0.6272222235186344,0.0076860592534711
NLLB,Baseline,CLRR+LSR,0,108,0.6337620245485347,0.0011462582235708396
NLLB,Baseline,CLRR+LSR,0,109,0.6529539894061713,-0.018045706634065795
NLLB,Baseline,CLRR+LSR,0,110,0.6365533067922069,-0.00164502402010136
NLLB,Baseline,CLRR+LSR,0,111,0.6363754883639992,-0.0014672055918936167
NLLB,Baseline,CLRR+LSR,0,112,0.6359315061557478,-0.0010232233836422466
NLLB,Baseline,CLRR+LSR,0,113,0.6427077090772606,-0.007799426305155066
NLLB,Baseline,CLRR+LSR,0,114,0.6448918120002247,-0.009983529228119181
NLLB,Baseline,CLRR+LSR,0,115,0.6340862421725895,0.0008220405995160718
NLLB,Baseline,CLRR+LSR,0,116,0.6327639414162807,0.0021443413558248636
NLLB,Baseline,CLRR+LSR,0,117,0.6323830792137208,0.0025252035583847032
NLLB,Baseline,CLRR+LSR,0,118,0.6363855824569171,-0.0014772996848115838
NLLB,Baseline,CLRR+LSR,0,119,0.6368762701605348,-0.001967987388429293
NLLB,Baseline,CLRR+LSR,0,120,0.6190543476984676,0.01585393507363797
NLLB,Baseline,CLRR+LSR,0,121,0.6262685300246371,0.008639752747468421
NLLB,Baseline,CLRR+LSR,0,122,0.6378589874160561,-0.0029507046439505302
NLLB,Baseline,CLRR+LSR,0,123,0.6368971641160623,-0.0019888813439568054
NLLB,Baseline,CLRR+LSR,0,124,0.6359767316699614,-0.0010684488978558448
NLLB,Baseline,CLRR+LSR,0,125,0.6345248011193725,0.0003834816527330531
NLLB,Baseline,CLRR+LSR,0,126,0.636835295102335,-0.0019270123302295161
NLLB,Baseline,CLRR+LSR,0,127,0.6252748614772017,0.009633421294903854
NLLB,Baseline,CLRR+LSR,0,128,0.6366722212291656,-0.0017639384570600214
NLLB,Baseline,CLRR+LSR,0,129,0.635051921788012,-0.00014363901590641603
NLLB,Baseline,CLRR+LSR,0,130,0.636276212054959,-0.0013679292828534528
NLLB,Baseline,CLRR+LSR,0,131,0.6120605591857959,0.0228477235863096
NLLB,Baseline,CLRR+LSR,0,132,0.6510569123509189,-0.016148629578813356
NLLB,Baseline,CLRR+LSR,0,133,0.6422069851291159,-0.007298702357010356
NLLB,Baseline,CLRR+LSR,0,134,0.6274711622026246,0.007437120569480982
NLLB,Baseline,CLRR+LSR,0,135,0.6357025296532708,-0.0007942468811652503
NLLB,Baseline,CLRR+LSR,0,136,0.6365916030903644,-0.0016833203182589074
NLLB,Baseline,CLRR+LSR,0,137,0.6351621125952853,-0.0002538298231797853
NLLB,Baseline,CLRR+LSR,0,138,0.6611835034056028,-0.026275220633497298
NLLB,Baseline,CLRR+LSR,0,139,0.6359613733052942,-0.0010530905331886942
NLLB,Baseline,CLRR+LSR,0,140,0.6346352050525947,0.00027307771951079474
NLLB,Baseline,CLRR+LSR,0,141,0.635075949529881,-0.00016766675777546425
NLLB,Baseline,CLRR+LSR,0,142,0.6272862352313417,0.007622047540763788
NLLB,Baseline,CLRR+LSR,0,143,0.6361432898090769,-0.001235007036971325
NLLB,Baseline,CLRR+LSR,0,144,0.6042636236206,0.030644659151505493
NLLB,Baseline,CLRR+LSR,0,145,0.6337413241073033,0.001166958664802209
NLLB,Baseline,CLRR+LSR,0,146,0.6355087577504577,-0.000600474978352139
NLLB,Baseline,CLRR+LSR,0,147,0.63643273927722,-0.0015244565051144576
NLLB,Baseline,CLRR+LSR,0,148,0.6369160190966063,-0.0020077363245007973
NLLB,Baseline,CLRR+LSR,0,149,0.6356424633016644,-0.0007341805295588699
NLLB,Baseline,CLRR+LSR,0,150,0.6367650240559826,-0.001856741283877028
NLLB,Baseline,CLRR+LSR,0,151,0.6300029524137045,0.004905330358401017
NLLB,Baseline,CLRR+LSR,0,152,0.6358471072623821,-0.0009388244902766019
NLLB,Baseline,CLRR+LSR,0,153,0.6358830356962724,-0.0009747529241668218
NLLB,Baseline,CLRR+LSR,0,154,0.635856561286916,-0.0009482785148104966
NLLB,Baseline,CLRR+LSR,0,155,0.6350519715483145,-0.00014368877620896114
NLLB,Baseline,CLRR+LSR,0,156,0.6353383566336888,-0.00043007386158322447
NLLB,Baseline,CLRR+LSR,0,157,0.6361871026888632,-0.001278819916757712
NLLB,Baseline,CLRR+LSR,0,158,0.6367720047914407,-0.0018637220193351567
NLLB,Baseline,CLRR+LSR,0,159,0.636164894211138,-0.00125661143903244
NLLB,Baseline,CLRR+LSR,0,160,0.6396330315446139,-0.004724748772508391
NLLB,Baseline,CLRR+LSR,0,161,0.6362310754860072,-0.001322792713901677
NLLB,Baseline,CLRR+LSR,0,162,0.6349023388297699,5.9439423356622e-06
NLLB,Baseline,CLRR+LSR,0,163,0.6221175232857128,0.012790759486392744
NLLB,Baseline,CLRR+LSR,0,164,0.635405900302116,-0.0004976175300104302
NLLB,Baseline,CLRR+LSR,0,165,0.6090948882667941,0.025813394505311393
NLLB,Baseline,CLRR+LSR,0,166,0.6354924320499862,-0.0005841492778806412
NLLB,Baseline,CLRR+LSR,0,167,0.6366812661408581,-0.0017729833687525343
NLLB,Baseline,CLRR+LSR,0,168,0.6360170546727275,-0.0011087719006219743
NLLB,Baseline,CLRR+LSR,0,169,0.6359790677902186,-0.0010707850181130851
NLLB,Baseline,CLRR+LSR,0,170,0.6426406603739547,-0.007732377601849194
NLLB,Baseline,CLRR+LSR,0,171,0.6361854797062971,-0.0012771969341915934
NLLB,Baseline,CLRR+LSR,0,172,0.6958363762028323,-0.060928093430726804
NLLB,Baseline,CLRR+LSR,0,173,0.6522115783188926,-0.017303295546787112
NLLB,Baseline,CLRR+LSR,0,174,0.6358700316886434,-0.0009617489165378856
NLLB,Baseline,CLRR+LSR,0,175,0.6283795930633556,0.0065286897087499796
NLLB,Baseline,CLRR+LSR,0,176,0.6290797246992526,0.005828558072852985
NLLB,Baseline,CLRR+LSR,0,177,0.6377461478387865,-0.0028378650666809335
NLLB,Baseline,CLRR+LSR,0,178,0.6354449694168594,-0.0005366866447538143
NLLB,Baseline,CLRR+LSR,0,179,0.6373550210873749,-0.0024467383152693145
NLLB,Baseline,CLRR+LSR,0,180,0.6355144572908369,-0.0006061745187313505
NLLB,Baseline,CLRR+LSR,0,181,0.6358103455653552,-0.0009020627932496694
NLLB,Baseline,CLRR+LSR,0,182,0.6350519715483145,-0.00014368877620896114
NLLB,Baseline,CLRR+LSR,0,183,0.6331031719750637,0.00180511079704182
NLLB,Baseline,CLRR+LSR,0,184,0.6355075797099197,-0.0005992969378141311
NLLB,Baseline,CLRR+LSR,0,185,0.6372445402611557,-0.0023362574890501975
NLLB,Baseline,CLRR+LSR,0,186,0.6304055927731316,0.004502689998973963
NLLB,Baseline,CLRR+LSR,0,187,0.6380415922457257,-0.003133309473620116
NLLB,Baseline,CLRR+LSR,0,188,0.6284979583281505,0.006410324443955062
NLLB,Baseline,CLRR+LSR,0,189,0.6056323771622463,0.029275905609859265
NLLB,Baseline,CLRR+LSR,0,190,0.6172314509980215,0.01767683177408408
NLLB,Baseline,CLRR+LSR,0,191,0.6340573232806843,0.0008509594914212215
NLLB,Baseline,CLRR+LSR,0,192,0.6262898104741961,0.008618472297909463
NLLB,Baseline,CLRR+LSR,0,193,0.6455241452558571,-0.01061586248375157
NLLB,Baseline,CLRR+LSR,0,194,0.628769804124385,0.006138478647720547
NLLB,Baseline,CLRR+LSR,0,195,0.6464028257441736,-0.01149454297206809
NLLB,Baseline,CLRR+LSR,0,196,0.6356935547058349,-0.0007852719337293479
NLLB,Baseline,CLRR+LSR,0,197,0.6361440998543308,-0.00123581708222531
NLLB,Baseline,CLRR+LSR,0,198,0.6255469951949788,0.009361287577126731
NLLB,Baseline,CLRR+LSR,0,199,0.6358523275193484,-0.0009440447472428559
NLLB,Baseline,CLRR+LSR,0,200,0.6260721933122753,0.008836089459830276
NLLB,Baseline,CLRR+LSR,0,201,0.6382161477800459,-0.003307865007940336
NLLB,Baseline,CLRR+LSR,0,202,0.597746680570113,0.037161602201992494
NLLB,Baseline,CLRR+LSR,0,203,0.7252298728951025,-0.09032159012299701
NLLB,Baseline,CLRR+LSR,0,204,0.6461093817485732,-0.011201098976467705
NLLB,Baseline,CLRR+LSR,0,205,0.6708202859026873,-0.03591200313058174
NLLB,Baseline,CLRR+LSR,0,206,0.6387784020940757,-0.0038701193219701224
NLLB,Baseline,CLRR+LSR,0,207,0.6334235130754973,0.001484769696608268
NLLB,Baseline,CLRR+LSR,0,208,0.6358295548371586,-0.0009212720650531026
NLLB,Baseline,CLRR+LSR,0,209,0.6387081924001201,-0.003799909628014575
NLLB,Baseline,CLRR+LSR,0,210,0.6379664936856546,-0.0030582109135490754
NLLB,Baseline,CLRR+LSR,0,211,0.6361293901326199,-0.0012211073605143952
NLLB,Baseline,CLRR+LSR,0,212,0.6354923746513403,-0.0005840918792348049
NLLB,Baseline,CLRR+LSR,0,213,0.5797206693647112,0.05518761340739431
NLLB,Baseline,CLRR+LSR,0,214,0.6082558018607589,0.026652480911346643
NLLB,Baseline,CLRR+LSR,0,215,0.6297346914765161,0.005173591295589475
NLLB,Baseline,CLRR+LSR,0,216,0.6331689234754272,0.0017393592966783444
NLLB,Baseline,CLRR+LSR,0,217,0.6361506414367124,-0.0012423586646068685
NLLB,Baseline,CLRR+LSR,0,218,0.6353931129873285,-0.00048483021522294223
NLLB,Baseline,CLRR+LSR,0,219,0.639019815556896,-0.004111532784790484
NLLB,Baseline,CLRR+LSR,0,220,0.6354254965366994,-0.0005172137645939046
NLLB,Baseline,CLRR+LSR,0,221,0.6277603829439009,0.007147899828204629
NLLB,Baseline,CLRR+LSR,0,222,0.6505747424077022,-0.015666459635596652
NLLB,Baseline,CLRR+LSR,0,223,0.6328433190490586,0.0020649637230469864
NLLB,Baseline,CLRR+LSR,0,224,0.6366767070585286,-0.0017684242864230981
NLLB,Baseline,CLRR+LSR,0,225,0.6360241647736071,-0.0011158820015015891
NLLB,Baseline,CLRR+LSR,0,226,0.674068085467237,-0.03915980269513142
NLLB,Baseline,CLRR+LSR,0,227,0.6064706558052464,0.028437626966859142
NLLB,Baseline,CLRR+LSR,0,228,0.6323288333613384,0.002579449410767154
NLLB,Baseline,CLRR+LSR,0,229,0.6401131684001342,-0.005204885628028677
NLLB,Baseline,CLRR+LSR,0,230,0.6363603696237092,-0.0014520868516036955
NLLB,Baseline,CLRR+LSR,0,231,0.6476164883901436,-0.012708205618038093
NLLB,Baseline,CLRR+LSR,0,232,0.6353504074803951,-0.0004421247082895263
NLLB,Baseline,CLRR+LSR,0,233,0.6358947029597584,-0.0009864201876528256
NLLB,Baseline,CLRR+LSR,0,234,0.6502145894869766,-0.015306306714871099
NLLB,Baseline,CLRR+LSR,0,235,0.5995163279095603,0.035391954862545205
NLLB,Baseline,CLRR+LSR,0,236,0.6345299096299222,0.0003783731421833636
NLLB,Baseline,CLRR+LSR,0,237,0.6403956623372977,-0.005487379565192185
NLLB,Baseline,CLRR+LSR,0,238,0.6357505565441315,-0.0008422737720259477
NLLB,Baseline,CLRR+LSR,0,239,0.6695557689204001,-0.034647486148294604
NLLB,Baseline,CLRR+LSR,0,240,0.6138915799613898,0.02101670281071577
NLLB,Baseline,CLRR+LSR,0,241,0.6352781952400548,-0.0003699124679492627
NLLB,Baseline,CLRR+LSR,0,242,0.6352308922122454,-0.0003226094401398427
NLLB,Baseline,CLRR+LSR,0,243,0.6357630629329432,-0.0008547801608376204
NLLB,Baseline,CLRR+LSR,0,244,0.6714592955442118,-0.03655101277210626
NLLB,Baseline,CLRR+LSR,0,245,0.6422808245324152,-0.007372541760309659
NLLB,Baseline,CLRR+LSR,0,246,0.6364626674023732,-0.0015543846302676911
NLLB,Baseline,CLRR+LSR,0,247,0.6353648704807178,-0.00045658770861223275
NLLB,Baseline,CLRR+LSR,0,248,0.635405900302116,-0.0004976175300104302
NLLB,Baseline,CLRR+LSR,0,249,0.634983584737105,-7.530196499949682e-05
NLLB,Baseline,CLRR+LSR,0,250,0.6388985732166859,-0.0039902904445803244
NLLB,Baseline,CLRR+LSR,0,251,0.6501926299576244,-0.015284347185518854
NLLB,Baseline,CLRR+LSR,0,252,0.6358050591874491,-0.0008967764153435809
NLLB,Baseline,CLRR+LSR,0,253,0.6140936252246618,0.020814657547443716
NLLB,Baseline,CLRR+LSR,0,254,0.6358224599069562,-0.0009141771348506467
NLLB,Baseline,CLRR+LSR,0,255,0.6356272545473498,-0.0007189717752442704
NLLB,Baseline,CLRR+LSR,0,256,0.6357124661379974,-0.0008041833658918307
NLLB,Baseline,CLRR+LSR,0,257,0.6364319069676299,-0.0015236241955243202
NLLB,Baseline,CLRR+LSR,0,258,0.6336761512641864,0.0012321315079191208
NLLB,Baseline,CLRR+LSR,0,259,0.6351064540807361,-0.00019817130863053478
NLLB,Baseline,CLRR+LSR,0,260,0.6355311099189027,-0.000622827146797178
NLLB,Baseline,CLRR+LSR,0,261,0.6374565691526914,-0.002548286380585907
NLLB,Baseline,CLRR+LSR,0,262,0.6566561248047051,-0.021747842032599607
NLLB,Baseline,CLRR+LSR,0,263,0.6411907828987768,-0.006282500126671309
NLLB,Baseline,CLRR+LSR,0,264,0.6434265200367797,-0.008518237264674156
NLLB,Baseline,CLRR+LSR,0,265,0.6343444571259944,0.0005638256461111268
NLLB,Baseline,CLRR+LSR,0,266,0.6354202843476013,-0.0005120015754958018
NLLB,Baseline,CLRR+LSR,0,267,0.6357115879589035,-0.0008033051867979424
NLLB,Baseline,CLRR+LSR,0,268,0.6352337856476602,-0.00032550287555466184
NLLB,Baseline,CLRR+LSR,0,269,0.6541456653518196,-0.01923738257971408
NLLB,Baseline,CLRR+LSR,0,270,0.6351691753476558,-0.00026089257555028667
NLLB,Baseline,CLRR+LSR,0,271,0.6480033031681973,-0.013095020396091783
NLLB,Baseline,CLRR+LSR,0,272,0.6357006233474021,-0.0007923405752965351
NLLB,Baseline,CLRR+LSR,0,273,0.636936913056525,-0.0020286302844194637
NLLB,Baseline,CLRR+LSR,0,274,0.6865882820217468,-0.051679999249641284
NLLB,Baseline,CLRR+LSR,0,275,0.6358781119984958,-0.0009698292263902175
NLLB,Baseline,CLRR+LSR,0,276,0.6354465797070876,-0.0005382969349820854
NLLB,Baseline,CLRR+LSR,0,277,0.629113268592663,0.005795014179442504
NLLB,Baseline,CLRR+LSR,0,278,0.6268477078151733,0.008060574956932243
NLLB,Baseline,CLRR+LSR,0,279,0.6357542817851325,-0.0008459990130269546
NLLB,Baseline,CLRR+LSR,0,280,0.6280295925322843,0.006878690239821239
NLLB,Baseline,CLRR+LSR,0,281,0.6640221561805877,-0.02911387340848215
NLLB,Baseline,CLRR+LSR,0,282,0.6098425063569426,0.025065776415162944
NLLB,Baseline,CLRR+LSR,0,283,0.6359245756105576,-0.0010162928384520598
NLLB,Baseline,CLRR+LSR,0,284,0.6335634066203433,0.0013448761517622643
NLLB,Baseline,CLRR+LSR,0,285,0.6358008694035835,-0.000892586631477954
NLLB,Baseline,CLRR+LSR,0,286,0.6357657661879887,-0.000857483415883209
NLLB,Baseline,CLRR+LSR,0,287,0.6374780280650931,-0.002569745292987591
NLLB,Baseline,CLRR+LSR,0,288,0.6360812406518441,-0.0011729578797385898
NLLB,Baseline,CLRR+LSR,0,289,0.6356269521431983,-0.0007186693710927727
NLLB,Baseline,CLRR+LSR,0,290,0.6359245756105576,-0.0010162928384520598
NLLB,Baseline,CLRR+LSR,0,291,0.6342849760489795,0.0006233067231260492
NLLB,Baseline,CLRR+LSR,0,292,0.6375842063745978,-0.0026759236024922473
NLLB,Baseline,CLRR+LSR,0,293,0.6379613588296351,-0.00305307605752958
NLLB,Baseline,CLRR+LSR,0,294,0.6351717999681519,-0.0002635171960463367
NLLB,Baseline,CLRR+LSR,0,295,0.6269809454949886,0.00792733727711692
NLLB,Baseline,CLRR+LSR,0,296,0.6209266139984209,0.013981668773684675
NLLB,Baseline,CLRR+LSR,0,297,0.6852825699910632,-0.05037428721895765
NLLB,Baseline,CLRR+LSR,0,298,0.6377699778395733,-0.0028616950674678066
NLLB,Baseline,CLRR+LSR,0,299,0.652533773339611,-0.01762549056750551
NLLB,Baseline,CLRR+LSR,0,300,0.6092215147658031,0.02568676800630243
NLLB,Baseline,CLRR+LSR,0,301,0.6267820699133679,0.008126212858737603
NLLB,Baseline,CLRR+LSR,0,302,0.6376673081412001,-0.0027590253690945588
NLLB,Baseline,CLRR+LSR,0,303,0.6255857970912881,0.009322485680817394
NLLB,Baseline,CLRR+LSR,0,304,0.6376114197617575,-0.0027031369896519664
NLLB,Baseline,CLRR+LSR,0,305,0.6604846617331752,-0.02557637896106968
NLLB,Baseline,CLRR+LSR,0,306,0.6332772778558322,0.0016310049162733264
NLLB,Baseline,CLRR+LSR,0,307,0.6327472105055243,0.002161072266581243
NLLB,Baseline,CLRR+LSR,0,308,0.6349220845464796,-1.380177437404484e-05
NLLB,Baseline,CLRR+LSR,0,309,0.6355374163492513,-0.0006291335771457796
NLLB,Baseline,CLRR+LSR,0,310,0.6575514041092507,-0.02264312133714519
NLLB,Baseline,CLRR+LSR,0,311,0.6363455722861495,-0.0014372895140439823
NLLB,Baseline,CLRR+LSR,0,312,0.6257077819713608,0.009200500800744749
NLLB,Baseline,CLRR+LSR,0,313,0.6361557828948765,-0.0012475001227709726
NLLB,Baseline,CLRR+LSR,0,314,0.6266496683578797,0.008258614414225818
NLLB,Baseline,CLRR+LSR,0,315,0.636522056402514,-0.0016137736304084882
NLLB,Baseline,CLRR+LSR,0,316,0.5823340767748064,0.05257420599729912
NLLB,Baseline,CLRR+LSR,0,317,0.6183349486046019,0.016573334167503617
NLLB,Baseline,CLRR+LSR,0,318,0.5996238275579682,0.03528445521413737
NLLB,Baseline,CLRR+LSR,0,319,0.6344891115444362,0.0004191712276693238
NLLB,Baseline,CLRR+LSR,0,320,0.641523538826636,-0.006615256054530505
NLLB,Baseline,CLRR+LSR,0,321,0.6374916217820576,-0.0025833390099521125
NLLB,Baseline,CLRR+LSR,0,322,0.6354789607520104,-0.0005706779799048434
NLLB,Baseline,CLRR+LSR,0,323,0.6315372419776537,0.0033710407944518295
NLLB,Baseline,CLRR+LSR,0,324,0.6362039021281891,-0.0012956193560835771
NLLB,Baseline,CLRR+LSR,0,325,0.6397874565689285,-0.004879173796823011
NLLB,Baseline,CLRR+LSR,0,326,0.624833167798263,0.010075114973842503
NLLB,Baseline,CLRR+LSR,0,327,0.6348375627612945,7.072001081098733e-05
NLLB,Baseline,CLRR+LSR,0,328,0.6436986085587488,-0.008790325786643294
NLLB,Baseline,CLRR+LSR,0,329,0.6388351583905987,-0.003926875618493142
NLLB,Baseline,CLRR+LSR,0,330,0.635720698555426,-0.0008124157833204748
NLLB,Baseline,CLRR+LSR,0,331,0.6334330619371826,0.001475220834922908
NLLB,Baseline,CLRR+LSR,0,332,0.6325623233311468,0.0023459594409587226
NLLB,Baseline,CLRR+LSR,0,333,0.6402329424784305,-0.005324659706325008
NLLB,Baseline,CLRR+LSR,0,334,0.6359095729603421,-0.001001290188236581
NLLB,Baseline,CLRR+LSR,0,335,0.6365275634862417,-0.0016192807141361953
NLLB,Baseline,CLRR+LSR,0,336,0.6474811715826885,-0.012572888810582938
NLLB,Baseline,CLRR+LSR,0,337,0.630194222147825,0.004714060624280592
NLLB,Baseline,CLRR+LSR,0,338,0.6356153761345471,-0.0007070933624415687
NLLB,Baseline,CLRR+LSR,0,339,0.6361584440131995,-0.0012501612410940055
NLLB,Baseline,CLRR+LSR,0,340,0.6341198354631565,0.0007884473089490029
NLLB,Baseline,CLRR+LSR,0,341,0.6379520852280098,-0.0030438024559042987
NLLB,Baseline,CLRR+LSR,0,342,0.6349354844867854,-2.7201714679847555e-05
NLLB,Baseline,CLRR+LSR,0,343,0.6397396636705874,-0.004831380898481896
NLLB,Baseline,CLRR+LSR,0,344,0.639790413258579,-0.004882130486473457
NLLB,Baseline,CLRR+LSR,0,345,0.636141059295797,-0.00123277652369147
NLLB,Baseline,CLRR+LSR,0,346,0.6357236074928387,-0.0008153247207332015
NLLB,Baseline,CLRR+LSR,0,347,0.6311499010948278,0.0037583816772777112
NLLB,Baseline,CLRR+LSR,0,348,0.6376958918038227,-0.002787609031717153
NLLB,Baseline,CLRR+LSR,0,349,0.6266188054202964,0.008289477351809182
NLLB,Baseline,CLRR+LSR,0,350,0.6338332012278123,0.0010750815442932549
NLLB,Baseline,CLRR+LSR,0,351,0.6360758807046789,-0.001167597932573372
NLLB,Baseline,CLRR+LSR,0,352,0.55054158607728,0.08436669669482555
NLLB,Baseline,CLRR+LSR,0,353,0.6339302644170992,0.000978018355006327
NLLB,Baseline,CLRR+LSR,0,354,0.6231540861140878,0.01175419665801769
NLLB,Baseline,CLRR+LSR,0,355,0.6354226409202877,-0.0005143581481821258
NLLB,Baseline,CLRR+LSR,0,356,0.6324225976435809,0.0024856851285246506
NLLB,Baseline,CLRR+LSR,0,357,0.6334495783377125,0.001458704434392999
NLLB,Baseline,CLRR+LSR,0,358,0.6483297501366039,-0.01342146736449834
NLLB,Baseline,CLRR+LSR,0,359,0.6344814090053497,0.0004268737667558753
NLLB,Baseline,CLRR+LSR,0,360,0.6362039021281891,-0.0012956193560835771
NLLB,Baseline,CLRR+LSR,0,361,0.6359316115531364,-0.0010233287810308411
NLLB,Baseline,CLRR+LSR,0,362,0.6359370478772721,-0.0010287651051665847
NLLB,Baseline,CLRR+LSR,0,363,0.6166166238859017,0.018291658886203876
NLLB,Baseline,CLRR+LSR,0,364,0.6364665155109783,-0.001558232738872789
NLLB,Baseline,CLRR+LSR,0,365,0.6409846055074215,-0.006076322735315998
NLLB,Baseline,CLRR+LSR,0,366,0.644111268417193,-0.00920298564508748
NLLB,Baseline,CLRR+LSR,0,367,0.6335685065645542,0.0013397762075513242
NLLB,Baseline,CLRR+LSR,0,368,0.6350529227660804,-0.00014463999397484884
NLLB,Baseline,CLRR+LSR,0,369,0.6324571786632074,0.00245110410889815
NLLB,Baseline,CLRR+LSR,0,370,0.6360098030454484,-0.0011015202733428708
NLLB,Baseline,CLRR+LSR,0,371,0.6369281445179631,-0.002019861745857554
NLLB,Baseline,CLRR+LSR,0,372,0.6333971453701075,0.0015111374019980417
NLLB,Baseline,CLRR+LSR,0,373,0.6349302801971355,-2.19974250299515e-05
NLLB,Baseline,CLRR+LSR,0,374,0.6368857024816617,-0.0019774197095561163
NLLB,Baseline,CLRR+LSR,0,375,0.6356405574916177,-0.0007322747195122048
NLLB,Baseline,CLRR+LSR,0,376,0.6296932402051727,0.005215042566932837
NLLB,Baseline,CLRR+LSR,0,377,0.6359248581764696,-0.0010165754043640618
NLLB,Baseline,CLRR+LSR,0,378,0.6351810817982191,-0.000272799026113546
NLLB,Baseline,CLRR+LSR,0,379,0.6171439870249475,0.017764295747157988
NLLB,Baseline,CLRR+LSR,0,380,0.6350540146206942,-0.0001457318485886816
NLLB,Baseline,CLRR+LSR,0,381,0.6357725449338414,-0.0008642621617358515
NLLB,Baseline,CLRR+LSR,0,382,0.6337807965881606,0.0011274861839449812
NLLB,Baseline,CLRR+LSR,0,383,0.6357189710315563,-0.0008106882594507425
NLLB,Baseline,CLRR+LSR,0,384,0.6323185813046983,0.002589701467407224
NLLB,Baseline,CLRR+LSR,0,385,0.6259949825362288,0.008913300235876775
NLLB,Baseline,CLRR+LSR,0,386,0.6386756803784017,-0.0037673976062961856
NLLB,Baseline,CLRR+LSR,0,387,0.6291188340213782,0.0057894487507272885
NLLB,Baseline,CLRR+LSR,0,388,0.6306985643800314,0.00420971839207418
NLLB,Baseline,CLRR+LSR,0,389,0.6542879942495503,-0.019379711477444772
NLLB,Baseline,CLRR+LSR,0,390,0.6627090532385793,-0.02780077046647378
NLLB,Baseline,CLRR+LSR,0,391,0.6326423969426109,0.002265885829494607
NLLB,Baseline,CLRR+LSR,0,392,0.5185882625181968,0.11632002025390875
NLLB,Baseline,CLRR+LSR,0,393,0.6349183134087664,-1.0030636660829373e-05
NLLB,Baseline,CLRR+LSR,0,394,0.6342225386924358,0.0006857440796697034
NLLB,Baseline,CLRR+LSR,0,395,0.6413106798684449,-0.006402397096339385
NLLB,Baseline,CLRR+LSR,0,396,0.6297678787629017,0.005140404009203792
NLLB,Baseline,CLRR+LSR,0,397,0.6366050169688577,-0.0016967341967522032
NLLB,Baseline,CLRR+LSR,0,398,0.6356622988405665,-0.0007540160684609276
NLLB,Baseline,CLRR+LSR,0,399,0.6320508649278747,0.0028574178442308806
NLLB,Baseline,CLRR+LSR,0,400,0.6356811584824893,-0.000772875710383758
NLLB,Baseline,CLRR+LSR,0,401,0.6356041497004874,-0.0006958669283818608
NLLB,Baseline,CLRR+LSR,0,402,0.6329617701211969,0.0019465126509086161
NLLB,Baseline,CLRR+LSR,0,403,0.6330940559601803,0.0018142268119252236
NLLB,Baseline,CLRR+LSR,0,404,0.6392097804462722,-0.004301497674166654
NLLB,Baseline,CLRR+LSR,0,405,0.6380168313991046,-0.0031085486269990525
NLLB,Baseline,CLRR+LSR,0,406,0.6543803716219383,-0.019472088849832758
NLLB,Baseline,CLRR+LSR,0,407,0.6337658917585554,0.0011423910135501814
NLLB,Baseline,CLRR+LSR,0,408,0.6369069522467434,-0.001998669474637893
NLLB,Baseline,CLRR+LSR,0,409,0.5998186631663192,0.03508961960578638
NLLB,Baseline,CLRR+LSR,0,410,0.6412436942484891,-0.006335411476383612
NLLB,Baseline,CLRR+LSR,0,411,0.635055979303683,-0.00014769653157742368
NLLB,Baseline,CLRR+LSR,0,412,0.6336220131842722,0.0012862695878332886
NLLB,Baseline,CLRR+LSR,0,413,0.6467409650401486,-0.011832682268043015
NLLB,Baseline,CLRR+LSR,0,414,0.638782292988358,-0.0038740102162524437
NLLB,Baseline,CLRR+LSR,0,415,0.635594902273116,-0.0006866195010104548
NLLB,Baseline,CLRR+LSR,0,416,0.6357627376320565,-0.0008544548599509483
NLLB,Baseline,CLRR+LSR,0,417,0.6231121625622151,0.011796120209890404
NLLB,Baseline,CLRR+LSR,0,418,0.703594712690208,-0.06868642991810248
NLLB,Baseline,CLRR+LSR,0,419,0.6356100252396502,-0.0007017424675446193
NLLB,Baseline,CLRR+LSR,0,420,0.6313448030162263,0.0035634797558792286
NLLB,Baseline,CLRR+LSR,0,421,0.6441667288889512,-0.009258446116845676
NLLB,Baseline,CLRR+LSR,0,422,0.635775353900824,-0.0008670711287184218
NLLB,Baseline,CLRR+LSR,0,423,0.6294645315381349,0.005443751233970673
NLLB,Baseline,CLRR+LSR,0,424,0.6371961120703844,-0.002287829298278865
NLLB,Baseline,CLRR+LSR,0,425,0.6136495068589145,0.02125877591319103
NLLB,Baseline,CLRR+LSR,0,426,0.6323556766681051,0.002552606104000432
NLLB,Baseline,CLRR+LSR,0,427,0.6329538548357458,0.001954427936359693
NLLB,Baseline,CLRR+LSR,0,428,0.6353411664831796,-0.0004328837110740835
NLLB,Baseline,CLRR+LSR,0,429,0.5771742212092654,0.05773406156284011
NLLB,Baseline,CLRR+LSR,0,430,0.6424026643689729,-0.007494381596867328
NLLB,Baseline,CLRR+LSR,0,431,0.6304112869289398,0.004496995843165763
NLLB,Baseline,CLRR+LSR,0,432,0.6406923562510016,-0.00578407347889609
NLLB,Baseline,CLRR+LSR,0,433,0.6284961268475389,0.006412155924566676
NLLB,Baseline,CLRR+LSR,0,434,0.6567157826497247,-0.021807499877619207
NLLB,Baseline,CLRR+LSR,0,435,0.6349269462851801,-1.866351307455716e-05
NLLB,Baseline,CLRR+LSR,0,436,0.5667238780853037,0.06818440468680187
NLLB,Baseline,CLRR+LSR,0,437,0.6347581042071138,0.0001501785649917764
NLLB,Baseline,CLRR+LSR,0,438,0.6362399067522553,-0.0013316239801497431
NLLB,Baseline,CLRR+LSR,0,439,0.6371626713697367,-0.002254388597631163
NLLB,Baseline,CLRR+LSR,0,440,0.6590393255335343,-0.024131042761428745
NLLB,Baseline,CLRR+LSR,0,441,0.636524685888995,-0.0016164031168894866
NLLB,Baseline,CLRR+LSR,0,442,0.635959700660754,-0.001051417888648487
NLLB,Baseline,CLRR+LSR,0,443,0.636173260871983,-0.0012649780998774673
NLLB,Baseline,CLRR+LSR,0,444,0.635465558670381,-0.0005572758982754777
NLLB,Baseline,CLRR+LSR,0,445,0.6357124661379974,-0.0008041833658918307
NLLB,Baseline,CLRR+LSR,0,446,0.6339411814343627,0.0009671013377428039
NLLB,Baseline,CLRR+LSR,0,447,0.6351323064220331,-0.00022402364992757384
NLLB,Baseline,CLRR+LSR,0,448,0.6366485874178949,-0.0017403046457893367
NLLB,Baseline,CLRR+LSR,0,449,0.6357925966119797,-0.0008843138398741957
NLLB,Baseline,CLRR+LSR,0,450,0.6342714252425719,0.0006368575295336854
NLLB,Baseline,CLRR+LSR,0,451,0.6409221718780085,-0.0060138891059029476
NLLB,Baseline,CLRR+LSR,0,452,0.6360964594324834,-0.0011881766603778487
NLLB,Baseline,CLRR+LSR,0,453,0.636239833422275,-0.001331550650169433
NLLB,Baseline,CLRR+LSR,0,454,0.6355720731337886,-0.0006637903616830698
NLLB,Baseline,CLRR+LSR,0,455,0.635451588230568,-0.0005433054584624841
NLLB,Baseline,CLRR+LSR,0,456,0.6364742562671246,-0.0015659734950190796
NLLB,Baseline,CLRR+LSR,0,457,0.6072460654704255,0.02766221730168006
NLLB,Baseline,CLRR+LSR,0,458,0.635945626673811,-0.001037343901705512
NLLB,Baseline,CLRR+LSR,0,459,0.6343825976937723,0.0005256850783332823
NLLB,Baseline,CLRR+LSR,0,460,0.5591427235961444,0.07576555917596117
NLLB,Baseline,CLRR+LSR,0,461,0.6344666889374562,0.0004415938346493675
NLLB,Baseline,CLRR+LSR,0,462,0.643653539352453,-0.008745256580347416
NLLB,Baseline,CLRR+LSR,0,463,0.645916040981346,-0.011007758209240492
NLLB,Baseline,CLRR+LSR,0,464,0.6354734223833436,-0.0005651396112380525
NLLB,Baseline,CLRR+LSR,0,465,0.6391929279711821,-0.004284645199076564
NLLB,Baseline,CLRR+LSR,0,466,0.6298964830637459,0.005011799708359632
NLLB,Baseline,CLRR+LSR,0,467,0.6335678653306829,0.0013404174414226588
NLLB,Baseline,CLRR+LSR,0,468,0.6741920429616286,-0.039283760189523065
NLLB,Baseline,CLRR+LSR,0,469,0.6327257768726398,0.002182505899465781
NLLB,Baseline,CLRR+LSR,0,470,0.6462450867453438,-0.011336803973238219
NLLB,Baseline,CLRR+LSR,0,471,0.6342851146481756,0.0006231681239299292
NLLB,Baseline,CLRR+LSR,0,472,0.6295824665043259,0.005325816267779615
NLLB,Baseline,CLRR+LSR,0,473,0.6363862453859834,-0.0014779626138778923
NLLB,Baseline,CLRR+LSR,0,474,0.6359068413504794,-0.0009985585783738316
NLLB,Baseline,CLRR+LSR,0,475,0.6357384203350822,-0.0008301375629766738
NLLB,Baseline,CLRR+LSR,0,476,0.6566646597949894,-0.02175637702288391
NLLB,Baseline,CLRR+LSR,0,477,0.6343630348947578,0.0005452478773477765
NLLB,Baseline,CLRR+LSR,0,478,0.6353007747811219,-0.0003924920090163653
NLLB,Baseline,CLRR+LSR,0,479,0.6342162833464648,0.0006919994256406881
NLLB,Baseline,CLRR+LSR,0,480,0.6352496050732785,-0.0003413223011730082
NLLB,Baseline,CLRR+LSR,0,481,0.6308109286111225,0.004097354160983002
NLLB,Baseline,CLRR+LSR,0,482,0.6380135208710254,-0.003105238098919827
NLLB,Baseline,CLRR+LSR,0,483,0.6311171457139757,0.0037911370581298343
NLLB,Baseline,CLRR+LSR,0,484,0.6350569674441253,-0.0001486846720197832
NLLB,Baseline,CLRR+LSR,0,485,0.6090161257799807,0.025892156992124882
NLLB,Baseline,CLRR+LSR,0,486,0.6367930589252371,-0.00188477615313154
NLLB,Baseline,CLRR+LSR,0,487,0.6632850200922444,-0.0283767373201389
NLLB,Baseline,CLRR+LSR,0,488,0.6378185535745597,-0.0029102708024542068
NLLB,Baseline,CLRR+LSR,0,489,0.6363029077884228,-0.0013946250163172635
NLLB,Baseline,CLRR+LSR,0,490,0.6374731390236441,-0.002564856251538572
NLLB,Baseline,CLRR+LSR,0,491,0.6439910773590221,-0.00908279458691652
NLLB,Baseline,CLRR+LSR,0,492,0.6355045595109416,-0.0005962767388361101
NLLB,Baseline,CLRR+LSR,0,493,0.6310992493243912,0.0038090334477143273
NLLB,Baseline,CLRR+LSR,0,494,0.6141824996515961,0.020725783120509433
NLLB,Baseline,CLRR+LSR,0,495,0.6358531660105466,-0.0009448832384411077
NLLB,Baseline,CLRR+LSR,0,496,0.6358432253398192,-0.000934942567713648
NLLB,Baseline,CLRR+LSR,0,497,0.6411486254984915,-0.006240342726385961
NLLB,Baseline,CLRR+LSR,0,498,0.6359306470032635,-0.0010223642311579795
NLLB,Baseline,CLRR+LSR,0,499,0.6342537991380368,0.0006544836340687255
NLLB,Baseline,CLRR+LSR,0,500,0.577586699054029,0.057321583718076496
NLLB,Baseline,CLRR+LSR,0,501,0.6354048620263395,-0.0004965792542339642
NLLB,Baseline,CLRR+LSR,0,502,0.6390986930585711,-0.004190410286465607
NLLB,Baseline,CLRR+LSR,0,503,0.6358761365664218,-0.0009678537943162979
NLLB,Baseline,CLRR+LSR,0,504,0.6357505565441315,-0.0008422737720259477
NLLB,Baseline,CLRR+LSR,0,505,0.632111811986368,0.002796470785737526
NLLB,Baseline,CLRR+LSR,0,506,0.6357329720863998,-0.0008246893142942469
NLLB,Baseline,CLRR+LSR,0,507,0.6362792767626022,-0.0013709939904966717
NLLB,Baseline,CLRR+LSR,0,508,0.6127135920253544,0.022194690746751178
NLLB,Baseline,CLRR+LSR,0,509,0.6341259442140998,0.0007823385580056907
NLLB,Baseline,CLRR+LSR,0,510,0.6257583912209572,0.009149891551148315
NLLB,Baseline,CLRR+LSR,0,511,0.6421233966356272,-0.007215113863521694
NLLB,Baseline,CLRR+LSR,0,512,0.7026925715867609,-0.06778428881465537
NLLB,Baseline,CLRR+LSR,0,513,0.6394438451187838,-0.00453556234667829
NLLB,Baseline,CLRR+LSR,0,514,0.6379336488102076,-0.0030253660381021064
NLLB,Baseline,CLRR+LSR,0,515,0.6410338885957945,-0.006125605823688929
NLLB,Baseline,CLRR+LSR,0,516,0.6357536308497629,-0.0008453480776573485
NLLB,Baseline,CLRR+LSR,0,517,0.6393891601795403,-0.004480877407434747
NLLB,Baseline,CLRR+LSR,0,518,0.6324272161220446,0.0024810666500609813
NLLB,Baseline,CLRR+LSR,0,519,0.6361978951028924,-0.001289612330786838
NLLB,Baseline,CLRR+LSR,0,520,0.6343296303505994,0.0005786524215061206
NLLB,Baseline,CLRR+LSR,0,521,0.5707591349316239,0.06414914784048165
NLLB,Baseline,CLRR+LSR,0,522,0.633510975825061,0.001397306947044541
NLLB,Baseline,CLRR+LSR,0,523,0.6349622835347706,-5.4000762665040725e-05
NLLB,Baseline,CLRR+LSR,0,524,0.6308204559688892,0.004087826803216288
NLLB,Baseline,CLRR+LSR,0,525,0.6308547108154272,0.004053571956678326
NLLB,Baseline,CLRR+LSR,0,526,0.6231907772307412,0.011717505541364304
NLLB,Baseline,CLRR+LSR,0,527,0.6356870090311801,-0.0007787262590746025
NLLB,Baseline,CLRR+LSR,0,528,0.6417839271662267,-0.006875644394121139
NLLB,Baseline,CLRR+LSR,0,529,0.6281721072564963,0.006736175515609233
NLLB,Baseline,CLRR+LSR,0,530,0.6303706474554307,0.004537635316674837
NLLB,Baseline,CLRR+LSR,0,531,0.6357713113214007,-0.0008630285492952083
NLLB,Baseline,CLRR+LSR,0,532,0.6362493707886347,-0.0013410880165292127
NLLB,Baseline,CLRR+LSR,0,533,0.6355918810275547,-0.0006835982554491693
NLLB,Baseline,CLRR+LSR,0,534,0.6355552255906591,-0.0006469428185535975
NLLB,Baseline,CLRR+LSR,0,535,0.635528814398171,-0.000620531626065457
NLLB,Baseline,CLRR+LSR,0,536,0.6358700615258019,-0.0009617787536964073
NLLB,Baseline,CLRR+LSR,0,537,0.6362189747165754,-0.0013106919444698661
NLLB,Baseline,CLRR+LSR,0,538,0.6354308709930105,-0.000522588220905007
NLLB,Baseline,CLRR+LSR,0,539,0.6379599430039313,-0.0030516602318257924
NLLB,Baseline,CLRR+LSR,0,540,0.6345617505265224,0.0003465322455831199
NLLB,Baseline,CLRR+LSR,0,541,0.6400830760281337,-0.0051747932560282095
NLLB,Baseline,CLRR+LSR,0,542,0.6360839413976169,-0.0011756586255113888
NLLB,Baseline,CLRR+LSR,0,543,0.6366655135809562,-0.0017572308088507071
NLLB,Baseline,CLRR+LSR,0,544,0.6482993914307951,-0.013391108658689532
NLLB,Baseline,CLRR+LSR,0,545,0.6287317698752126,0.006176512896892916
NLLB,Baseline,CLRR+LSR,0,546,0.638616335935831,-0.0037080531637254666
NLLB,Baseline,CLRR+LSR,0,547,0.6348903733680089,1.7909404096627668e-05
NLLB,Baseline,CLRR+LSR,0,548,0.6318428516597887,0.00306543111231683
NLLB,Baseline,CLRR+LSR,0,549,0.6298016404335076,0.005106642338597922
NLLB,Baseline,CLRR+LSR,0,550,0.6361437353233885,-0.0012354525512829895
NLLB,Baseline,CLRR+LSR,0,551,0.6315839434118455,0.003324339360259998
NLLB,Baseline,CLRR+LSR,0,552,0.6401447348192306,-0.005236452047125084
NLLB,Baseline,CLRR+LSR,0,553,0.6278017128278801,0.007106569944225427
NLLB,Baseline,CLRR+LSR,0,554,0.629736807456819,0.0051714753152865
NLLB,Baseline,CLRR+LSR,0,555,0.6559307978998916,-0.02102251512778608
NLLB,Baseline,CLRR+LSR,0,556,0.6375738981321284,-0.002665615360022855
NLLB,Baseline,CLRR+LSR,0,557,0.6493928431588909,-0.014484560386785361
NLLB,Baseline,CLRR+LSR,0,558,0.6422217734437154,-0.007313490671609912
NLLB,Baseline,CLRR+LSR,0,559,0.6396630911615713,-0.004754808389465737
NLLB,Baseline,CLRR+LSR,0,560,0.6364248129710415,-0.0015165301989359392
NLLB,Baseline,CLRR+LSR,0,561,0.6490917791335313,-0.014183496361425796
NLLB,Baseline,CLRR+LSR,0,562,0.6351323064220331,-0.00022402364992757384
NLLB,Baseline,CLRR+LSR,0,563,0.6361672238747307,-0.001258941102625144
NLLB,Baseline,CLRR+LSR,0,564,0.6352496050732785,-0.0003413223011730082
NLLB,Baseline,CLRR+LSR,0,565,0.6358769721491768,-0.0009686893770712857
NLLB,Baseline,CLRR+LSR,0,566,0.6372666236248197,-0.002358340852714136
NLLB,Baseline,CLRR+LSR,0,567,0.6388075894073939,-0.0038993066352883687
NLLB,Baseline,CLRR+LSR,0,568,0.6485802339196383,-0.013671951147532724
NLLB,Baseline,CLRR+LSR,0,569,0.6350540146206942,-0.0001457318485886816
NLLB,Baseline,CLRR+LSR,0,570,0.6354379865651012,-0.0005297037929956616
NLLB,Baseline,CLRR+LSR,0,571,0.6393636997901027,-0.004455417017997121
NLLB,Baseline,CLRR+LSR,0,572,0.6362575131122643,-0.001349230340158769
NLLB,Baseline,CLRR+LSR,0,573,0.6346168700913761,0.0002914126807294082
NLLB,Baseline,CLRR+LSR,0,574,0.6362427114639146,-0.0013344286918091086
NLLB,Baseline,CLRR+LSR,2,0,0.47942651790000035,-0.0030864996867290273
NLLB,Baseline,CLRR+LSR,2,1,0.4768287128714572,-0.0004886946581859064
NLLB,Baseline,CLRR+LSR,2,2,0.47705713457702714,-0.0007171163637558209
NLLB,Baseline,CLRR+LSR,2,3,0.48068291660739426,-0.00434289839412294
NLLB,Baseline,CLRR+LSR,2,4,0.4765813188729471,-0.0002413006596757583
NLLB,Baseline,CLRR+LSR,2,5,0.4759827108025281,0.0003573074107432461
NLLB,Baseline,CLRR+LSR,2,6,0.4788225314107155,-0.0024825131974441916
NLLB,Baseline,CLRR+LSR,2,7,0.46378830172405827,0.01255171648921305
NLLB,Baseline,CLRR+LSR,2,8,0.47682613897171855,-0.00048612075844722824
NLLB,Baseline,CLRR+LSR,2,9,0.4772571292059702,-0.0009171109926988663
NLLB,Baseline,CLRR+LSR,2,10,0.4800340075709624,-0.003693989357691052
NLLB,Baseline,CLRR+LSR,2,11,0.4771063298871727,-0.0007663116739013986
NLLB,Baseline,CLRR+LSR,2,12,0.47706880985277067,-0.0007287916394993488
NLLB,Baseline,CLRR+LSR,2,13,0.47633813057287355,1.887640397768564e-06
NLLB,Baseline,CLRR+LSR,2,14,0.46915973483113405,0.007180283382137276
NLLB,Baseline,CLRR+LSR,2,15,0.47077630125905046,0.005563716954220865
NLLB,Baseline,CLRR+LSR,2,16,0.47684605852015594,-0.0005060403068846142
NLLB,Baseline,CLRR+LSR,2,17,0.4701832603382776,0.006156757874993701
NLLB,Baseline,CLRR+LSR,2,18,0.47494870684050916,0.0013913113727621607
NLLB,Baseline,CLRR+LSR,2,19,0.4771342709686017,-0.0007942527553304046
NLLB,Baseline,CLRR+LSR,2,20,0.4795596294625035,-0.0032196112492322015
NLLB,Baseline,CLRR+LSR,2,21,0.477389528241833,-0.0010495100285616843
NLLB,Baseline,CLRR+LSR,2,22,0.48322063807026616,-0.006880619856994841
NLLB,Baseline,CLRR+LSR,2,23,0.4764873372970939,-0.00014731908382259462
NLLB,Baseline,CLRR+LSR,2,24,0.4763983883391134,-5.837012584208878e-05
NLLB,Baseline,CLRR+LSR,2,25,0.4776569932159056,-0.0013169750026342797
NLLB,Baseline,CLRR+LSR,2,26,0.46486599664021355,0.011474021573057769
NLLB,Baseline,CLRR+LSR,2,27,0.43267519498473206,0.04366482322853926
NLLB,Baseline,CLRR+LSR,2,28,0.4800914605465749,-0.0037514423333036007
NLLB,Baseline,CLRR+LSR,2,29,0.47729136743796197,-0.0009513492246906452
NLLB,Baseline,CLRR+LSR,2,30,0.4751064132958813,0.0012336049173899966
NLLB,Baseline,CLRR+LSR,2,31,0.47703132988200636,-0.0006913116687350396
NLLB,Baseline,CLRR+LSR,2,32,0.4748588558377964,0.0014811623754749093
NLLB,Baseline,CLRR+LSR,2,33,0.4819025397051746,-0.005562521491903283
NLLB,Baseline,CLRR+LSR,2,34,0.4735709624196591,0.0027690557936121962
NLLB,Baseline,CLRR+LSR,2,35,0.4711358303438882,0.005204187869383148
NLLB,Baseline,CLRR+LSR,2,36,0.4771489343569435,-0.0008089161436721781
NLLB,Baseline,CLRR+LSR,2,37,0.4796544323463827,-0.0033144141331113985
NLLB,Baseline,CLRR+LSR,2,38,0.47647785793355446,-0.0001378397202831394
NLLB,Baseline,CLRR+LSR,2,39,0.4771732469933312,-0.0008332287800598692
NLLB,Baseline,CLRR+LSR,2,40,0.4741945160552472,0.002145502158024115
NLLB,Baseline,CLRR+LSR,2,41,0.4766160322495505,-0.00027601403627919296
NLLB,Baseline,CLRR+LSR,2,42,0.47591893563714294,0.0004210825761283843
NLLB,Baseline,CLRR+LSR,2,43,0.47696066960717687,-0.0006206513939055469
NLLB,Baseline,CLRR+LSR,2,44,0.47765930195926565,-0.0013192837459943263
NLLB,Baseline,CLRR+LSR,2,45,0.4570653252262247,0.01927469298704665
NLLB,Baseline,CLRR+LSR,2,46,0.4792772978925317,-0.002937279679260385
NLLB,Baseline,CLRR+LSR,2,47,0.4828901093633782,-0.0065500911501068515
NLLB,Baseline,CLRR+LSR,2,48,0.47485798637771026,0.0014820318355610596
NLLB,Baseline,CLRR+LSR,2,49,0.47624525492484615,9.476328842517034e-05
NLLB,Baseline,CLRR+LSR,2,50,0.4555290077780949,0.020811010435176414
NLLB,Baseline,CLRR+LSR,2,51,0.47740836253518104,-0.00106834432190972
NLLB,Baseline,CLRR+LSR,2,52,0.47916852768093676,-0.002828509467665441
NLLB,Baseline,CLRR+LSR,2,53,0.4774765714203699,-0.0011365532070986006
NLLB,Baseline,CLRR+LSR,2,54,0.47724646803759185,-0.0009064498243205321
NLLB,Baseline,CLRR+LSR,2,55,0.47901957349933966,-0.002679555286068336
NLLB,Baseline,CLRR+LSR,2,56,0.49169650494162376,-0.015356486728352436
NLLB,Baseline,CLRR+LSR,2,57,0.4775809945970426,-0.0012409763837712973
NLLB,Baseline,CLRR+LSR,2,58,0.4775123736679081,-0.0011723554546367865
NLLB,Baseline,CLRR+LSR,2,59,0.4797650176738806,-0.003424999460609257
NLLB,Baseline,CLRR+LSR,2,60,0.48098575077143835,-0.004645732558167026
NLLB,Baseline,CLRR+LSR,2,61,0.47562629590381533,0.0007137223094559886
NLLB,Baseline,CLRR+LSR,2,62,0.4676139751845483,0.00872604302872304
NLLB,Baseline,CLRR+LSR,2,63,0.48069184817690314,-0.004351829963631815
NLLB,Baseline,CLRR+LSR,2,64,0.4786475798264451,-0.002307561613173803
NLLB,Baseline,CLRR+LSR,2,65,0.4769501573691084,-0.000610139155837075
NLLB,Baseline,CLRR+LSR,2,66,0.47659752945662603,-0.0002575112433547133
NLLB,Baseline,CLRR+LSR,2,67,0.4754526790845297,0.0008873391287416155
NLLB,Baseline,CLRR+LSR,2,68,0.47302251463676903,0.0033175035765022898
NLLB,Baseline,CLRR+LSR,2,69,0.47699437921163224,-0.0006543609983609144
NLLB,Baseline,CLRR+LSR,2,70,0.48655804082923915,-0.010218022615967826
NLLB,Baseline,CLRR+LSR,2,71,0.4686267679002949,0.007713250312976427
NLLB,Baseline,CLRR+LSR,2,72,0.4774861778939403,-0.001146159680669001
NLLB,Baseline,CLRR+LSR,2,73,0.47473956875322365,0.0016004494600476704
NLLB,Baseline,CLRR+LSR,2,74,0.47935476304493285,-0.003014744831661531
NLLB,Baseline,CLRR+LSR,2,75,0.4828242062826842,-0.006484188069412866
NLLB,Baseline,CLRR+LSR,2,76,0.47676024124021765,-0.0004202230269463314
NLLB,Baseline,CLRR+LSR,2,77,0.4939044076127601,-0.01756438939948879
NLLB,Baseline,CLRR+LSR,2,78,0.47632615370886455,1.3864504406768674e-05
NLLB,Baseline,CLRR+LSR,2,79,0.4775780368843279,-0.001238018671056551
NLLB,Baseline,CLRR+LSR,2,80,0.46796677384343965,0.008373244369831667
NLLB,Baseline,CLRR+LSR,2,81,0.47682414621905167,-0.00048412800578034876
NLLB,Baseline,CLRR+LSR,2,82,0.4774719503125908,-0.0011319320993194992
NLLB,Baseline,CLRR+LSR,2,83,0.47705971282045745,-0.0007196946071861277
NLLB,Baseline,CLRR+LSR,2,84,0.4839788124506903,-0.007638794237418978
NLLB,Baseline,CLRR+LSR,2,85,0.4750083957269631,0.0013316224863082482
NLLB,Baseline,CLRR+LSR,2,86,0.4686900055547021,0.0076500126585692385
NLLB,Baseline,CLRR+LSR,2,87,0.47459997253134567,0.0017400456819256505
NLLB,Baseline,CLRR+LSR,2,88,0.47586048241115364,0.000479535802117681
NLLB,Baseline,CLRR+LSR,2,89,0.47746091246088085,-0.0011208942476095274
NLLB,Baseline,CLRR+LSR,2,90,0.4766376472021747,-0.00029762898890339784
NLLB,Baseline,CLRR+LSR,2,91,0.4778706491186,-0.0015306309053286782
NLLB,Baseline,CLRR+LSR,2,92,0.4671850750263111,0.009154943186960196
NLLB,Baseline,CLRR+LSR,2,93,0.4752692053186305,0.001070812894640838
NLLB,Baseline,CLRR+LSR,2,94,0.47749329690950404,-0.001153278696232718
NLLB,Baseline,CLRR+LSR,2,95,0.4818384925715655,-0.005498474358294203
NLLB,Baseline,CLRR+LSR,2,96,0.47716138231877814,-0.0008213641055068166
NLLB,Baseline,CLRR+LSR,2,97,0.48656150420077715,-0.01022148598750583
NLLB,Baseline,CLRR+LSR,2,98,0.47670196032070855,-0.00036194210743722977
NLLB,Baseline,CLRR+LSR,2,99,0.47620111724866376,0.00013890096460755785
NLLB,Baseline,CLRR+LSR,2,100,0.476578976969094,-0.00023895875582269355
NLLB,Baseline,CLRR+LSR,2,101,0.4773856329334478,-0.001045614720176502
NLLB,Baseline,CLRR+LSR,2,102,0.47769195824639255,-0.001351940033121224
NLLB,Baseline,CLRR+LSR,2,103,0.47715880006129474,-0.0008187818480234199
NLLB,Baseline,CLRR+LSR,2,104,0.47786848023490514,-0.001528462021633814
NLLB,Baseline,CLRR+LSR,2,105,0.4767672065072226,-0.000427188293951275
NLLB,Baseline,CLRR+LSR,2,106,0.47761385564719205,-0.0012738374339207326
NLLB,Baseline,CLRR+LSR,2,107,0.47058057873068293,0.005759439482588391
NLLB,Baseline,CLRR+LSR,2,108,0.4754748268258986,0.0008651913873727324
NLLB,Baseline,CLRR+LSR,2,109,0.4898737374945039,-0.013533719281232592
NLLB,Baseline,CLRR+LSR,2,110,0.47757512221738807,-0.0012351040041167494
NLLB,Baseline,CLRR+LSR,2,111,0.4774428835973552,-0.0011028653840838842
NLLB,Baseline,CLRR+LSR,2,112,0.4771047266165489,-0.0007647084032775808
NLLB,Baseline,CLRR+LSR,2,113,0.4821945352435577,-0.005854517030286388
NLLB,Baseline,CLRR+LSR,2,114,0.4838292793856258,-0.007489261172354489
NLLB,Baseline,CLRR+LSR,2,115,0.47572720660442513,0.0006128116088461866
NLLB,Baseline,CLRR+LSR,2,116,0.4747329875390154,0.0016070306742559382
NLLB,Baseline,CLRR+LSR,2,117,0.47444392953418024,0.0018960886790910791
NLLB,Baseline,CLRR+LSR,2,118,0.4774447886513844,-0.0011047704381130785
NLLB,Baseline,CLRR+LSR,2,119,0.47781720266503847,-0.001477184451767144
NLLB,Baseline,CLRR+LSR,2,120,0.464442709862416,0.01189730835085534
NLLB,Baseline,CLRR+LSR,2,121,0.46986461276952873,0.006475405443742588
NLLB,Baseline,CLRR+LSR,2,122,0.4785596084348178,-0.002219590221546497
NLLB,Baseline,CLRR+LSR,2,123,0.47783925230386615,-0.0014992340905948254
NLLB,Baseline,CLRR+LSR,2,124,0.47714202666780636,-0.0008020084545350414
NLLB,Baseline,CLRR+LSR,2,125,0.47605716846145896,0.00028284975181236405
NLLB,Baseline,CLRR+LSR,2,126,0.4777832955410979,-0.0014432773278265643
NLLB,Baseline,CLRR+LSR,2,127,0.4691188835490916,0.007221134664179729
NLLB,Baseline,CLRR+LSR,2,128,0.4776626715916201,-0.0013226533783488037
NLLB,Baseline,CLRR+LSR,2,129,0.4764526500210433,-0.00011263180777199011
NLLB,Baseline,CLRR+LSR,2,130,0.4773667928662455,-0.0010267746529741828
NLLB,Baseline,CLRR+LSR,2,131,0.4592058187839516,0.017134199429319708
NLLB,Baseline,CLRR+LSR,2,132,0.48845320470864095,-0.012113186495369632
NLLB,Baseline,CLRR+LSR,2,133,0.4818038090166592,-0.00546379080338788
NLLB,Baseline,CLRR+LSR,2,134,0.47076476952637947,0.005575248686891854
NLLB,Baseline,CLRR+LSR,2,135,0.47693596060772947,-0.0005959423944581488
NLLB,Baseline,CLRR+LSR,2,136,0.47760476388648243,-0.0012647456732111095
NLLB,Baseline,CLRR+LSR,2,137,0.47652956161076965,-0.00018954339749832627
NLLB,Baseline,CLRR+LSR,2,138,0.49604814447598855,-0.01970812626271723
NLLB,Baseline,CLRR+LSR,2,139,0.477129007160066,-0.0007889889467946887
NLLB,Baseline,CLRR+LSR,2,140,0.47613260897718135,0.00020740923608997264
NLLB,Baseline,CLRR+LSR,2,141,0.47646466261627296,-0.00012464440300163915
NLLB,Baseline,CLRR+LSR,2,142,0.4706249955245152,0.005715022688756122
NLLB,Baseline,CLRR+LSR,2,143,0.4772656385289409,-0.0009256203156695619
NLLB,Baseline,CLRR+LSR,2,144,0.45327457808954286,0.023065440123728465
NLLB,Baseline,CLRR+LSR,2,145,0.47546781431378093,0.0008722038994903869
NLLB,Baseline,CLRR+LSR,2,146,0.4767905173671956,-0.0004504991539242553
NLLB,Baseline,CLRR+LSR,2,147,0.47748365281333705,-0.0011436346000657238
NLLB,Baseline,CLRR+LSR,2,148,0.47784030259659893,-0.0015002843833276103
NLLB,Baseline,CLRR+LSR,2,149,0.4768914219097802,-0.0005514036965088565
NLLB,Baseline,CLRR+LSR,2,150,0.4777367970553499,-0.001396778842078561
NLLB,Baseline,CLRR+LSR,2,151,0.4726602849113437,0.0036797333019276124
NLLB,Baseline,CLRR+LSR,2,152,0.47704353541963584,-0.0007035172063645234
NLLB,Baseline,CLRR+LSR,2,153,0.4770713892299856,-0.0007313710167142773
NLLB,Baseline,CLRR+LSR,2,154,0.4770521033253754,-0.0007120851121040772
NLLB,Baseline,CLRR+LSR,2,155,0.47642856606641004,-8.854785313872071e-05
NLLB,Baseline,CLRR+LSR,2,156,0.4766621143436076,-0.00032209613033629125
NLLB,Baseline,CLRR+LSR,2,157,0.4773005624458282,-0.0009605442325568703
NLLB,Baseline,CLRR+LSR,2,158,0.47773993647717106,-0.0013999182638997354
NLLB,Baseline,CLRR+LSR,2,159,0.47728324002309996,-0.0009432218098286427
NLLB,Baseline,CLRR+LSR,2,160,0.4798854430651076,-0.0035454248518362874
NLLB,Baseline,CLRR+LSR,2,161,0.47733294201403886,-0.0009929238007675423
NLLB,Baseline,CLRR+LSR,2,162,0.47633409183266906,5.926380602261361e-06
NLLB,Baseline,CLRR+LSR,2,163,0.4667466703221219,0.009593347891149406
NLLB,Baseline,CLRR+LSR,2,164,0.47671333099282975,-0.00037331277955843234
NLLB,Baseline,CLRR+LSR,2,165,0.45698125080203766,0.019358767411233657
NLLB,Baseline,CLRR+LSR,2,166,0.4767782185231262,-0.0004382003098548637
NLLB,Baseline,CLRR+LSR,2,167,0.4776723976794237,-0.0013323794661523891
NLLB,Baseline,CLRR+LSR,2,168,0.4771735776106425,-0.0008335593973711752
NLLB,Baseline,CLRR+LSR,2,169,0.4771431788207874,-0.0008031606075160624
NLLB,Baseline,CLRR+LSR,2,170,0.48212091943641155,-0.0057809012231402335
NLLB,Baseline,CLRR+LSR,2,171,0.47730106500656255,-0.0009610467932912314
NLLB,Baseline,CLRR+LSR,2,172,0.5220358870617829,-0.04569586884851162
NLLB,Baseline,CLRR+LSR,2,173,0.4893198437085733,-0.012979825495301966
NLLB,Baseline,CLRR+LSR,2,174,0.47706304641630304,-0.000723028203031717
NLLB,Baseline,CLRR+LSR,2,175,0.47144688776426946,0.004893130449001859
NLLB,Baseline,CLRR+LSR,2,176,0.47196957676388607,0.004370441449385254
NLLB,Baseline,CLRR+LSR,2,177,0.47847361381548303,-0.002133595602211713
NLLB,Baseline,CLRR+LSR,2,178,0.4767430155457255,-0.00040299733245419134
NLLB,Baseline,CLRR+LSR,2,179,0.47817905612324374,-0.0018390379099724186
NLLB,Baseline,CLRR+LSR,2,180,0.47680084132116285,-0.00046082310789152814
NLLB,Baseline,CLRR+LSR,2,181,0.4770154977750991,-0.0006754795618277853
NLLB,Baseline,CLRR+LSR,2,182,0.47642856606641004,-8.854785313872071e-05
NLLB,Baseline,CLRR+LSR,2,183,0.47497946604201147,0.0013605521712598545
NLLB,Baseline,CLRR+LSR,2,184,0.476789877581016,-0.00044985936774466495
NLLB,Baseline,CLRR+LSR,2,185,0.4780971451223124,-0.0017571269090410624
NLLB,Baseline,CLRR+LSR,2,186,0.47296529201384807,0.0033747261994232503
NLLB,Baseline,CLRR+LSR,2,187,0.4786900216416452,-0.0023500034283738813
NLLB,Baseline,CLRR+LSR,2,188,0.4715339685259341,0.004806049687337222
NLLB,Baseline,CLRR+LSR,2,189,0.4543820998466028,0.021957918366668494
NLLB,Baseline,CLRR+LSR,2,190,0.46307513896352503,0.013264879249746286
NLLB,Baseline,CLRR+LSR,2,191,0.4757057309759283,0.0006342872373430453
NLLB,Baseline,CLRR+LSR,2,192,0.46987480951421645,0.00646520869905487
NLLB,Baseline,CLRR+LSR,2,193,0.48430678461170373,-0.007966766398432412
NLLB,Baseline,CLRR+LSR,2,194,0.4717385942897394,0.004601423923531911
NLLB,Baseline,CLRR+LSR,2,195,0.4849596046234197,-0.008619586410148372
NLLB,Baseline,CLRR+LSR,2,196,0.4769274701548447,-0.0005874519415733914
NLLB,Baseline,CLRR+LSR,2,197,0.47726703430257267,-0.0009270160893013468
NLLB,Baseline,CLRR+LSR,2,198,0.4693147427368931,0.007025275476378212
NLLB,Baseline,CLRR+LSR,2,199,0.47704886631139587,-0.0007088480981245482
NLLB,Baseline,CLRR+LSR,2,200,0.4697130266591909,0.006626991554080419
NLLB,Baseline,CLRR+LSR,2,201,0.47882029324789777,-0.0024802750346264446
NLLB,Baseline,CLRR+LSR,2,202,0.4484683370162301,0.027871681197041198
NLLB,Baseline,CLRR+LSR,2,203,0.5655898464971312,-0.08924982828385986
NLLB,Baseline,CLRR+LSR,2,204,0.4847348842106687,-0.00839486599739736
NLLB,Baseline,CLRR+LSR,2,205,0.5032767389680775,-0.02693672075480613
NLLB,Baseline,CLRR+LSR,2,206,0.4792516217015539,-0.002911603488282566
NLLB,Baseline,CLRR+LSR,2,207,0.47522717647117574,0.0011128417420955827
NLLB,Baseline,CLRR+LSR,2,208,0.47703126889047454,-0.0006912506772032145
NLLB,Baseline,CLRR+LSR,2,209,0.4791914272045421,-0.0028514089912707874
NLLB,Baseline,CLRR+LSR,2,210,0.4786755613307818,-0.002335543117510497
NLLB,Baseline,CLRR+LSR,2,211,0.4772560035063318,-0.0009159852930604728
NLLB,Baseline,CLRR+LSR,2,212,0.47677877225832965,-0.0004387540450583316
NLLB,Baseline,CLRR+LSR,2,213,0.43495285603862754,0.04138716217464378
NLLB,Baseline,CLRR+LSR,2,214,0.4563501650438564,0.01998985316941493
NLLB,Baseline,CLRR+LSR,2,215,0.4724600627379143,0.003879955475357022
NLLB,Baseline,CLRR+LSR,2,216,0.475034907932697,0.0013051102805743398
NLLB,Baseline,CLRR+LSR,2,217,0.4772693726251873,-0.0009293544119159947
NLLB,Baseline,CLRR+LSR,2,218,0.4767013664940567,-0.0003613482807853785
NLLB,Baseline,CLRR+LSR,2,219,0.47942334946609755,-0.003083331252826227
NLLB,Baseline,CLRR+LSR,2,220,0.47672641968149954,-0.00038640146822821464
NLLB,Baseline,CLRR+LSR,2,221,0.4709776886475172,0.005362329565754109
NLLB,Baseline,CLRR+LSR,2,222,0.4880902394538982,-0.011750221240626857
NLLB,Baseline,CLRR+LSR,2,223,0.4747901003240571,0.001549917889214214
NLLB,Baseline,CLRR+LSR,2,224,0.4776678175179896,-0.001327799304718269
NLLB,Baseline,CLRR+LSR,2,225,0.4771770000274991,-0.0008369818142277552
NLLB,Baseline,CLRR+LSR,2,226,0.505709109791189,-0.029369091577917672
NLLB,Baseline,CLRR+LSR,2,227,0.45501356931202785,0.021326448901243467
NLLB,Baseline,CLRR+LSR,2,228,0.4744040573817774,0.0019359608314939436
NLLB,Baseline,CLRR+LSR,2,229,0.48024022991583415,-0.003900211702562828
NLLB,Baseline,CLRR+LSR,2,230,0.4774276438167444,-0.0010876256034730858
NLLB,Baseline,CLRR+LSR,2,231,0.48587062408090453,-0.009530605867633213
NLLB,Baseline,CLRR+LSR,2,232,0.4766711457135955,-0.0003311275003241576
NLLB,Baseline,CLRR+LSR,2,233,0.4770798328179353,-0.0007398146046639908
NLLB,Baseline,CLRR+LSR,2,234,0.4878221778317311,-0.011482159618459775
NLLB,Baseline,CLRR+LSR,2,235,0.4497950716648873,0.02654494654838402
NLLB,Baseline,CLRR+LSR,2,236,0.4760530444315343,0.00028697378173703214
NLLB,Baseline,CLRR+LSR,2,237,0.4804587087917618,-0.004118690578490458
NLLB,Baseline,CLRR+LSR,2,238,0.47697225075801875,-0.0006322325447474242
NLLB,Baseline,CLRR+LSR,2,239,0.502330264297175,-0.025990246083903656
NLLB,Baseline,CLRR+LSR,2,240,0.4605761426833759,0.015763875529895444
NLLB,Baseline,CLRR+LSR,2,241,0.4766175011891338,-0.0002774829758624975
NLLB,Baseline,CLRR+LSR,2,242,0.47658198467678403,-0.00024196646351271056
NLLB,Baseline,CLRR+LSR,2,243,0.47698051865102364,-0.0006405004377523227
NLLB,Baseline,CLRR+LSR,2,244,0.5037495468206963,-0.02740952860742496
NLLB,Baseline,CLRR+LSR,2,245,0.48186325889324166,-0.005523240679970343
NLLB,Baseline,CLRR+LSR,2,246,0.47750639651379245,-0.0011663783005211315
NLLB,Baseline,CLRR+LSR,2,247,0.4766824907719638,-0.00034247255869246374
NLLB,Baseline,CLRR+LSR,2,248,0.47671333099282975,-0.00037331277955843234
NLLB,Baseline,CLRR+LSR,2,249,0.4763928706094376,-5.2852396166258586e-05
NLLB,Baseline,CLRR+LSR,2,250,0.47933377263961496,-0.002993754426343642
NLLB,Baseline,CLRR+LSR,2,251,0.48780366425837585,-0.011463646045104525
NLLB,Baseline,CLRR+LSR,2,252,0.47701230599832023,-0.0006722877850489084
NLLB,Baseline,CLRR+LSR,2,253,0.46072533764637136,0.015614680566899963
NLLB,Baseline,CLRR+LSR,2,254,0.4770261684520012,-0.0006861502387298657
NLLB,Baseline,CLRR+LSR,2,255,0.47688031408865683,-0.0005402958753855103
NLLB,Baseline,CLRR+LSR,2,256,0.47694171347694514,-0.0006016952636738182
NLLB,Baseline,CLRR+LSR,2,257,0.47748573396633986,-0.0011457157530685436
NLLB,Baseline,CLRR+LSR,2,258,0.4754148431039873,0.0009251751092840266
NLLB,Baseline,CLRR+LSR,2,259,0.47648649621740624,-0.00014647800413492007
NLLB,Baseline,CLRR+LSR,2,260,0.47680654565592384,-0.0004665274426525201
NLLB,Baseline,CLRR+LSR,2,261,0.4782562876247418,-0.0019162694114704948
NLLB,Baseline,CLRR+LSR,2,262,0.4926479495000162,-0.016307931286744903
NLLB,Baseline,CLRR+LSR,2,263,0.4810525581869225,-0.004712539973651175
NLLB,Baseline,CLRR+LSR,2,264,0.4827256668335398,-0.006385648620268469
NLLB,Baseline,CLRR+LSR,2,265,0.4759141108505869,0.0004259073626844412
NLLB,Baseline,CLRR+LSR,2,266,0.47672462513554414,-0.0003846069222728232
NLLB,Baseline,CLRR+LSR,2,267,0.47694303941545435,-0.0006030212021830295
NLLB,Baseline,CLRR+LSR,2,268,0.47658166640954214,-0.00024164819627081613
NLLB,Baseline,CLRR+LSR,2,269,0.4907673713882037,-0.014427353174932378
NLLB,Baseline,CLRR+LSR,2,270,0.4765360239353722,-0.0001960057221008782
NLLB,Baseline,CLRR+LSR,2,271,0.486163034181299,-0.009823015968027704
NLLB,Baseline,CLRR+LSR,2,272,0.4769347994298432,-0.0005947812165718602
NLLB,Baseline,CLRR+LSR,2,273,0.4778649603394669,-0.0015249421261955831
NLLB,Baseline,CLRR+LSR,2,274,0.5150975188876199,-0.03875750067434858
NLLB,Baseline,CLRR+LSR,2,275,0.47706109578904865,-0.0007210775757773291
NLLB,Baseline,CLRR+LSR,2,276,0.47674427994480695,-0.0004042617315356267
NLLB,Baseline,CLRR+LSR,2,277,0.4719909386373988,0.004349079575872494
NLLB,Baseline,CLRR+LSR,2,278,0.4702940893133949,0.006045928899876429
NLLB,Baseline,CLRR+LSR,2,279,0.4769771430463763,-0.0006371248331049628
NLLB,Baseline,CLRR+LSR,2,280,0.4711856945303907,0.005154323682880602
NLLB,Baseline,CLRR+LSR,2,281,0.4981771885136599,-0.021837170300388564
NLLB,Baseline,CLRR+LSR,2,282,0.4575436448764396,0.018796373336831707
NLLB,Baseline,CLRR+LSR,2,283,0.47710253439437444,-0.0007625161811031234
NLLB,Baseline,CLRR+LSR,2,284,0.4753321940922355,0.0010078241210358385
NLLB,Baseline,CLRR+LSR,2,285,0.47701140054354596,-0.0006713823302746391
NLLB,Baseline,CLRR+LSR,2,286,0.4769833593772148,-0.0006433411639434894
NLLB,Baseline,CLRR+LSR,2,287,0.4782640867230583,-0.0019240685097869914
NLLB,Baseline,CLRR+LSR,2,288,0.4772195873952221,-0.0008795691819507567
NLLB,Baseline,CLRR+LSR,2,289,0.4768805951891615,-0.0005405769758901613
NLLB,Baseline,CLRR+LSR,2,290,0.47710253439437444,-0.0007625161811031234
NLLB,Baseline,CLRR+LSR,2,291,0.4758689168741679,0.0004711013391034413
NLLB,Baseline,CLRR+LSR,2,292,0.47834578369729286,-0.0020057654840215378
NLLB,Baseline,CLRR+LSR,2,293,0.47863075940127153,-0.0022907411880002115
NLLB,Baseline,CLRR+LSR,2,294,0.47653601242072163,-0.00019599420745031182
NLLB,Baseline,CLRR+LSR,2,295,0.47039510620071034,0.005944912012560977
NLLB,Baseline,CLRR+LSR,2,296,0.4658530774545504,0.01048694075872092
NLLB,Baseline,CLRR+LSR,2,297,0.5141255238937674,-0.0377855056804961
NLLB,Baseline,CLRR+LSR,2,298,0.47848596960604795,-0.002145951392776624
NLLB,Baseline,CLRR+LSR,2,299,0.4895597950625259,-0.013219776849254572
NLLB,Baseline,CLRR+LSR,2,300,0.45707621784650954,0.019263800366761785
NLLB,Baseline,CLRR+LSR,2,301,0.47024559116547415,0.0060944270477971685
NLLB,Baseline,CLRR+LSR,2,302,0.4784130494542218,-0.0020730312409504847
NLLB,Baseline,CLRR+LSR,2,303,0.4693446730792026,0.006995345134068742
NLLB,Baseline,CLRR+LSR,2,304,0.47836509365842517,-0.0020250754451538455
NLLB,Baseline,CLRR+LSR,2,305,0.4955243362416315,-0.01918431802836018
NLLB,Baseline,CLRR+LSR,2,306,0.47511591104080786,0.0012241071724634622
NLLB,Baseline,CLRR+LSR,2,307,0.4747185474005704,0.0016214708127009203
NLLB,Baseline,CLRR+LSR,2,308,0.4763499992309068,-9.981017635496414e-06
NLLB,Baseline,CLRR+LSR,2,309,0.4768103039329681,-0.00047028571969676136
NLLB,Baseline,CLRR+LSR,2,310,0.49332280027005027,-0.016982782056778944
NLLB,Baseline,CLRR+LSR,2,311,0.47742014730819626,-0.001080129094924942
NLLB,Baseline,CLRR+LSR,2,312,0.4694479632817501,0.00689205493152123
NLLB,Baseline,CLRR+LSR,2,313,0.4772773812284292,-0.0009373630151578993
NLLB,Baseline,CLRR+LSR,2,314,0.47015229660195246,0.006187721611318864
NLLB,Baseline,CLRR+LSR,2,315,0.4775525954645037,-0.0012125772512323607
NLLB,Baseline,CLRR+LSR,2,316,0.4369057427809935,0.03943427543227784
NLLB,Baseline,CLRR+LSR,2,317,0.46391020159063245,0.012429816622638867
NLLB,Baseline,CLRR+LSR,2,318,0.44987707033891056,0.026462947874360765
NLLB,Baseline,CLRR+LSR,2,319,0.47602818673080627,0.00031183148246505255
NLLB,Baseline,CLRR+LSR,2,320,0.48130144938309094,-0.004961431169819619
NLLB,Baseline,CLRR+LSR,2,321,0.4782767972000954,-0.0019367789868240948
NLLB,Baseline,CLRR+LSR,2,322,0.4767678310714576,-0.0004278128581862717
NLLB,Baseline,CLRR+LSR,2,323,0.4738148181623405,0.0025252000509308203
NLLB,Baseline,CLRR+LSR,2,324,0.47731248083070277,-0.0009724626174314466
NLLB,Baseline,CLRR+LSR,2,325,0.48000050479252465,-0.0036604865792533303
NLLB,Baseline,CLRR+LSR,2,326,0.4687778150052804,0.007562203207990947
NLLB,Baseline,CLRR+LSR,2,327,0.4762862982009697,5.372001230163903e-05
NLLB,Baseline,CLRR+LSR,2,328,0.48292914986864766,-0.006589131655376335
NLLB,Baseline,CLRR+LSR,2,329,0.47928359210787796,-0.0029435738946066436
NLLB,Baseline,CLRR+LSR,2,330,0.4769495601868776,-0.0006095419736062979
NLLB,Baseline,CLRR+LSR,2,331,0.4752287633767054,0.0011112548365659336
NLLB,Baseline,CLRR+LSR,2,332,0.47458082496957843,0.0017591932436928914
NLLB,Baseline,CLRR+LSR,2,333,0.4803360428765462,-0.003996024663274866
NLLB,Baseline,CLRR+LSR,2,334,0.47709287586681803,-0.0007528576535467124
NLLB,Baseline,CLRR+LSR,2,335,0.4775518394791476,-0.0012118212658762673
NLLB,Baseline,CLRR+LSR,2,336,0.48577796250186367,-0.009437944288592348
NLLB,Baseline,CLRR+LSR,2,337,0.47280188465386175,0.003538133559409573
NLLB,Baseline,CLRR+LSR,2,338,0.4768710111685248,-0.0005309929552534953
NLLB,Baseline,CLRR+LSR,2,339,0.47727889739806884,-0.0009388791847975142
NLLB,Baseline,CLRR+LSR,2,340,0.4757471796439816,0.0005928385692897109
NLLB,Baseline,CLRR+LSR,2,341,0.4786199128060211,-0.0022798945927497982
NLLB,Baseline,CLRR+LSR,2,342,0.47635715477391116,-1.7136560639841036e-05
NLLB,Baseline,CLRR+LSR,2,343,0.4799652563431973,-0.0036252381299259895
NLLB,Baseline,CLRR+LSR,2,344,0.4800054467275867,-0.003665428514315394
NLLB,Baseline,CLRR+LSR,2,345,0.4772644483619093,-0.0009244301486379669
NLLB,Baseline,CLRR+LSR,2,346,0.47695015698744747,-0.0006101387741761499
NLLB,Baseline,CLRR+LSR,2,347,0.4735213373352529,0.002818680878018398
NLLB,Baseline,CLRR+LSR,2,348,0.4784349971949542,-0.0020949789816828712
NLLB,Baseline,CLRR+LSR,2,349,0.4701277009845004,0.006212317228770914
NLLB,Baseline,CLRR+LSR,2,350,0.4755287817618523,0.0008112364514190062
NLLB,Baseline,CLRR+LSR,2,351,0.4772158617156723,-0.000875843502400997
NLLB,Baseline,CLRR+LSR,2,352,0.4130713585521839,0.06326865966108741
NLLB,Baseline,CLRR+LSR,2,353,0.4756090766837797,0.0007309415294916022
NLLB,Baseline,CLRR+LSR,2,354,0.4675205723800122,0.00881944583325911
NLLB,Baseline,CLRR+LSR,2,355,0.47672480604514433,-0.00038478783187301246
NLLB,Baseline,CLRR+LSR,2,356,0.4744730513749893,0.0018669668382820248
NLLB,Baseline,CLRR+LSR,2,357,0.47524645257976417,0.0010935656335071542
NLLB,Baseline,CLRR+LSR,2,358,0.48640861609071173,-0.01006859787744041
NLLB,Baseline,CLRR+LSR,2,359,0.4760260586754814,0.0003139595377898985
NLLB,Baseline,CLRR+LSR,2,360,0.47731248083070277,-0.0009724626174314466
NLLB,Baseline,CLRR+LSR,2,361,0.4771081881058752,-0.0007681698926038649
NLLB,Baseline,CLRR+LSR,2,362,0.47711137352635724,-0.0007713553130859196
NLLB,Baseline,CLRR+LSR,2,363,0.4626265238749987,0.013713494338272625
NLLB,Baseline,CLRR+LSR,2,364,0.4775081499269813,-0.0011681317137099967
NLLB,Baseline,CLRR+LSR,2,365,0.4808969184049179,-0.004556900191646562
NLLB,Baseline,CLRR+LSR,2,366,0.48324014215787336,-0.0069001239446020435
NLLB,Baseline,CLRR+LSR,2,367,0.4753368497737842,0.001003168439487112
NLLB,Baseline,CLRR+LSR,2,368,0.4764456931431411,-0.00010567492986979232
NLLB,Baseline,CLRR+LSR,2,369,0.474500581809588,0.0018394364036833366
NLLB,Baseline,CLRR+LSR,2,370,0.4771668109023377,-0.0008267926890663801
NLLB,Baseline,CLRR+LSR,2,371,0.4778569018886625,-0.0015168836753911563
NLLB,Baseline,CLRR+LSR,2,372,0.47520606408699884,0.001133954126272485
NLLB,Baseline,CLRR+LSR,2,373,0.4763520241722734,-1.2005959002081568e-05
NLLB,Baseline,CLRR+LSR,2,374,0.47782639490567824,-0.001486376692406921
NLLB,Baseline,CLRR+LSR,2,375,0.47689004066381635,-0.0005500224505450291
NLLB,Baseline,CLRR+LSR,2,376,0.4724342507443282,0.003905767468943111
NLLB,Baseline,CLRR+LSR,2,377,0.47710283547581156,-0.0007628172625402385
NLLB,Baseline,CLRR+LSR,2,378,0.47654533410634237,-0.00020531589307104525
NLLB,Baseline,CLRR+LSR,2,379,0.46301553397533723,0.013324484237934087
NLLB,Baseline,CLRR+LSR,2,380,0.4764300352867128,-9.001707344147292e-05
NLLB,Baseline,CLRR+LSR,2,381,0.4769885101756337,-0.0006484919623623853
NLLB,Baseline,CLRR+LSR,2,382,0.47549767359624084,0.0008423446170304771
NLLB,Baseline,CLRR+LSR,2,383,0.4769475571784998,-0.0006075389652284713
NLLB,Baseline,CLRR+LSR,2,384,0.4744024986710418,0.0019375195422295377
NLLB,Baseline,CLRR+LSR,2,385,0.469658027217692,0.006681990995579312
NLLB,Baseline,CLRR+LSR,2,386,0.47916593178666034,-0.002825913573389016
NLLB,Baseline,CLRR+LSR,2,387,0.4719927933932073,0.004347224820064
NLLB,Baseline,CLRR+LSR,2,388,0.47318325323144705,0.003156764981824267
NLLB,Baseline,CLRR+LSR,2,389,0.4908727789321734,-0.014532760718902082
NLLB,Baseline,CLRR+LSR,2,390,0.49719171059525635,-0.020851692381985032
NLLB,Baseline,CLRR+LSR,2,391,0.4746398530365834,0.0017001651766879178
NLLB,Baseline,CLRR+LSR,2,392,0.3675743729889387,0.10876564522433263
NLLB,Baseline,CLRR+LSR,2,393,0.4763452759414051,-5.257728133756245e-06
NLLB,Baseline,CLRR+LSR,2,394,0.47582668107638604,0.0005133371368852835
NLLB,Baseline,CLRR+LSR,2,395,0.48114635586383514,-0.004806337650563819
NLLB,Baseline,CLRR+LSR,2,396,0.47248533964242156,0.0038546785708497566
NLLB,Baseline,CLRR+LSR,2,397,0.47761620810512717,-0.00127618989185585
NLLB,Baseline,CLRR+LSR,2,398,0.4769054117891809,-0.0005653935759095674
NLLB,Baseline,CLRR+LSR,2,399,0.4742033198846869,0.00213669832858443
NLLB,Baseline,CLRR+LSR,2,400,0.47691913109340156,-0.0005791128801302392
NLLB,Baseline,CLRR+LSR,2,401,0.4768629757793992,-0.0005229575661278574
NLLB,Baseline,CLRR+LSR,2,402,0.47488060716317193,0.0014594110500993906
NLLB,Baseline,CLRR+LSR,2,403,0.4749793662981947,0.001360651915076616
NLLB,Baseline,CLRR+LSR,2,404,0.4795658908917062,-0.0032258726784348823
NLLB,Baseline,CLRR+LSR,2,405,0.4786698289040796,-0.002329810690808287
NLLB,Baseline,CLRR+LSR,2,406,0.49093998526779004,-0.014599967054518714
NLLB,Baseline,CLRR+LSR,2,407,0.4754851132384932,0.0008549049747781368
NLLB,Baseline,CLRR+LSR,2,408,0.4778421887327635,-0.0015021705194921964
NLLB,Baseline,CLRR+LSR,2,409,0.4500209620486757,0.026319056164595622
NLLB,Baseline,CLRR+LSR,2,410,0.481090741880422,-0.00475072366715068
NLLB,Baseline,CLRR+LSR,2,411,0.4764314452568055,-9.142704353415354e-05
NLLB,Baseline,CLRR+LSR,2,412,0.47537713433521134,0.0009628838780599835
NLLB,Baseline,CLRR+LSR,2,413,0.4852119838817348,-0.008871965668463488
NLLB,Baseline,CLRR+LSR,2,414,0.479246240337309,-0.002906222124037683
NLLB,Baseline,CLRR+LSR,2,415,0.4768551503057026,-0.0005151320924312586
NLLB,Baseline,CLRR+LSR,2,416,0.47698078273971767,-0.0006407645264463468
NLLB,Baseline,CLRR+LSR,2,417,0.4674978699834522,0.008842148229819102
NLLB,Baseline,CLRR+LSR,2,418,0.5278557497236758,-0.05151573151040445
NLLB,Baseline,CLRR+LSR,2,419,0.47686520875765126,-0.0005251905443799387
NLLB,Baseline,CLRR+LSR,2,420,0.4736763498977492,0.0026636683155221164
NLLB,Baseline,CLRR+LSR,2,421,0.48328305840482244,-0.00694304019155112
NLLB,Baseline,CLRR+LSR,2,422,0.47699011802118996,-0.000650099807918636
NLLB,Baseline,CLRR+LSR,2,423,0.47225561435918806,0.004084403854083263
NLLB,Baseline,CLRR+LSR,2,424,0.47805919947449205,-0.0017191812612207258
NLLB,Baseline,CLRR+LSR,2,425,0.4603915568737218,0.015948461339549524
NLLB,Baseline,CLRR+LSR,2,426,0.47442303453472867,0.0019169836785426497
NLLB,Baseline,CLRR+LSR,2,427,0.4748733952763935,0.001466622936877826
NLLB,Baseline,CLRR+LSR,2,428,0.47666322485426704,-0.00032320664099572127
NLLB,Baseline,CLRR+LSR,2,429,0.43287972035689926,0.043460297856372065
NLLB,Baseline,CLRR+LSR,2,430,0.481963885252231,-0.0056238670389596734
NLLB,Baseline,CLRR+LSR,2,431,0.47296004024949667,0.0033799779637746497
NLLB,Baseline,CLRR+LSR,2,432,0.4806775876177536,-0.004337569404482267
NLLB,Baseline,CLRR+LSR,2,433,0.47152692423766496,0.004813093975606364
NLLB,Baseline,CLRR+LSR,2,434,0.49269209092488353,-0.01635207271161221
NLLB,Baseline,CLRR+LSR,2,435,0.4763514423166768,-1.1424103405488495e-05
NLLB,Baseline,CLRR+LSR,2,436,0.42520386055923787,0.051136157654033454
NLLB,Baseline,CLRR+LSR,2,437,0.47623182819656407,0.0001081900167072547
NLLB,Baseline,CLRR+LSR,2,438,0.477340394014524,-0.0010003758012526731
NLLB,Baseline,CLRR+LSR,2,439,0.47803411358696835,-0.0016940953736970243
NLLB,Baseline,CLRR+LSR,2,440,0.4944432001423884,-0.018103181929117085
NLLB,Baseline,CLRR+LSR,2,441,0.4775499719266456,-0.00120995371337429
NLLB,Baseline,CLRR+LSR,2,442,0.4771305925999041,-0.0007905743866327697
NLLB,Baseline,CLRR+LSR,2,443,0.4772919077586195,-0.0009518895453481946
NLLB,Baseline,CLRR+LSR,2,444,0.47675866857377436,-0.0004186503605030367
NLLB,Baseline,CLRR+LSR,2,445,0.47694396228088465,-0.0006039440676133268
NLLB,Baseline,CLRR+LSR,2,446,0.4756137769065969,0.0007262413066744244
NLLB,Baseline,CLRR+LSR,2,447,0.4765069118805645,-0.00016689366729316646
NLLB,Baseline,CLRR+LSR,2,448,0.4776477931308083,-0.0013077749175369746
NLLB,Baseline,CLRR+LSR,2,449,0.477003473928713,-0.0006634557154416854
NLLB,Baseline,CLRR+LSR,2,450,0.47586516702474846,0.00047485118852286234
NLLB,Baseline,CLRR+LSR,2,451,0.4808477781041187,-0.004507759890847396
NLLB,Baseline,CLRR+LSR,2,452,0.4772307027988454,-0.0008906845855740642
NLLB,Baseline,CLRR+LSR,2,453,0.4773404920719493,-0.0010004738586779638
NLLB,Baseline,CLRR+LSR,2,454,0.4768443497926782,-0.0005043315794068803
NLLB,Baseline,CLRR+LSR,2,455,0.47674786900583044,-0.0004078507925591168
NLLB,Baseline,CLRR+LSR,2,456,0.47751667528259745,-0.0011766570693261258
NLLB,Baseline,CLRR+LSR,2,457,0.45559144773407745,0.020748570479193873
NLLB,Baseline,CLRR+LSR,2,458,0.4771190218482637,-0.0007790036349923923
NLLB,Baseline,CLRR+LSR,2,459,0.47594270140126227,0.000397316812009052
NLLB,Baseline,CLRR+LSR,2,460,0.4195173350768311,0.05682268313644023
NLLB,Baseline,CLRR+LSR,2,461,0.4760052549486833,0.00033476326458803385
NLLB,Baseline,CLRR+LSR,2,462,0.48290511315492957,-0.006565094941658245
NLLB,Baseline,CLRR+LSR,2,463,0.48459370667414525,-0.008253688460873931
NLLB,Baseline,CLRR+LSR,2,464,0.4767644037269694,-0.00042438551369805566
NLLB,Baseline,CLRR+LSR,2,465,0.4795530879190206,-0.003213069705749305
NLLB,Baseline,CLRR+LSR,2,466,0.4725872302075427,0.0037527880057286467
NLLB,Baseline,CLRR+LSR,2,467,0.4753325887578832,0.0010074294553881202
NLLB,Baseline,CLRR+LSR,2,468,0.5057815471846965,-0.029441528971425157
NLLB,Baseline,CLRR+LSR,2,469,0.47470120368987345,0.001638814523397869
NLLB,Baseline,CLRR+LSR,2,470,0.48484764600452657,-0.008507627791255246
NLLB,Baseline,CLRR+LSR,2,471,0.47587451948839465,0.0004654987248766673
NLLB,Baseline,CLRR+LSR,2,472,0.47235463933270516,0.003985378880566159
NLLB,Baseline,CLRR+LSR,2,473,0.4774485342538206,-0.00110851604054929
NLLB,Baseline,CLRR+LSR,2,474,0.4770889298434753,-0.0007489116302039633
NLLB,Baseline,CLRR+LSR,2,475,0.4769631553977618,-0.0006231371844904743
NLLB,Baseline,CLRR+LSR,2,476,0.49266116331735077,-0.01632114510407945
NLLB,Baseline,CLRR+LSR,2,477,0.4759354643794875,0.00040455383378379395
NLLB,Baseline,CLRR+LSR,2,478,0.4766332393163264,-0.00029322110305507465
NLLB,Baseline,CLRR+LSR,2,479,0.4758242043756429,0.0005158138376284427
NLLB,Baseline,CLRR+LSR,2,480,0.4765943071696199,-0.0002542889563486028
NLLB,Baseline,CLRR+LSR,2,481,0.4732695750390583,0.003070443174213011
NLLB,Baseline,CLRR+LSR,2,482,0.47866607438190734,-0.002326056168636015
NLLB,Baseline,CLRR+LSR,2,483,0.4734994661080325,0.002840552105238814
NLLB,Baseline,CLRR+LSR,2,484,0.47645061869514826,-0.00011060048187694349
NLLB,Baseline,CLRR+LSR,2,485,0.4569210523262708,0.01941896588700054
NLLB,Baseline,CLRR+LSR,2,486,0.47775621705565285,-0.001416198842381533
NLLB,Baseline,CLRR+LSR,2,487,0.4976216899850421,-0.02128167177177076
NLLB,Baseline,CLRR+LSR,2,488,0.47851513919286326,-0.002175120979591938
NLLB,Baseline,CLRR+LSR,2,489,0.4773881021786419,-0.0010480839653705942
NLLB,Baseline,CLRR+LSR,2,490,0.478273434028349,-0.001933415815077666
NLLB,Baseline,CLRR+LSR,2,491,0.4831509551902915,-0.006810936977020177
NLLB,Baseline,CLRR+LSR,2,492,0.47678730735144725,-0.0004472891381759325
NLLB,Baseline,CLRR+LSR,2,493,0.4734836780398002,0.002856340173471139
NLLB,Baseline,CLRR+LSR,2,494,0.46079864013689154,0.015541378076379786
NLLB,Baseline,CLRR+LSR,2,495,0.47704868985493043,-0.0007086716416591088
NLLB,Baseline,CLRR+LSR,2,496,0.4770423520609537,-0.0007023338476823682
NLLB,Baseline,CLRR+LSR,2,497,0.481020650042403,-0.004680631829131698
NLLB,Baseline,CLRR+LSR,2,498,0.47710769903908634,-0.0007676808258150203
NLLB,Baseline,CLRR+LSR,2,499,0.4758431461544248,0.0004968720588465203
NLLB,Baseline,CLRR+LSR,2,500,0.4333424097760403,0.042997608437230994
NLLB,Baseline,CLRR+LSR,2,501,0.4767111698902564,-0.0003711516769850931
NLLB,Baseline,CLRR+LSR,2,502,0.4794917855161831,-0.0031517673029117788
NLLB,Baseline,CLRR+LSR,2,503,0.4770676386959334,-0.0007276204826620614
NLLB,Baseline,CLRR+LSR,2,504,0.47697225075801875,-0.0006322325447474242
NLLB,Baseline,CLRR+LSR,2,505,0.4742466066897517,0.002093411523519606
NLLB,Baseline,CLRR+LSR,2,506,0.4769599613246438,-0.0006199431113724785
NLLB,Baseline,CLRR+LSR,2,507,0.4773704492508646,-0.0010304310375932602
NLLB,Baseline,CLRR+LSR,2,508,0.4596969969125517,0.016643021300719596
NLLB,Baseline,CLRR+LSR,2,509,0.47575477078523143,0.0005852474280398923
NLLB,Baseline,CLRR+LSR,2,510,0.469475038947456,0.0068649792658153075
NLLB,Baseline,CLRR+LSR,2,511,0.4817542441862255,-0.005414225972954156
NLLB,Baseline,CLRR+LSR,2,512,0.5273799854539707,-0.05103996724069937
NLLB,Baseline,CLRR+LSR,2,513,0.47975300887452654,-0.003412990661255222
NLLB,Baseline,CLRR+LSR,2,514,0.4786140694925436,-0.002274051279272271
NLLB,Baseline,CLRR+LSR,2,515,0.4809329294437621,-0.0045929112304907704
NLLB,Baseline,CLRR+LSR,2,516,0.476974264653343,-0.0006342464400717063
NLLB,Baseline,CLRR+LSR,2,517,0.47970310758551093,-0.003363089372239614
NLLB,Baseline,CLRR+LSR,2,518,0.4744790422301861,0.0018609759830852113
NLLB,Baseline,CLRR+LSR,2,519,0.47730925743803354,-0.0009692392247622195
NLLB,Baseline,CLRR+LSR,2,520,0.4759018560289512,0.00043816218432013443
NLLB,Baseline,CLRR+LSR,2,521,0.42822924648162086,0.04811077173165046
NLLB,Baseline,CLRR+LSR,2,522,0.4752941472382535,0.0010458709750178485
NLLB,Baseline,CLRR+LSR,2,523,0.47638563956449786,-4.562135122654354e-05
NLLB,Baseline,CLRR+LSR,2,524,0.47327552945557727,0.0030644887576940505
NLLB,Baseline,CLRR+LSR,2,525,0.47330090163587535,0.0030391165773959727
NLLB,Baseline,CLRR+LSR,2,526,0.4675527889973363,0.008787229215935
NLLB,Baseline,CLRR+LSR,2,527,0.47692512687279276,-0.0005851086595214383
NLLB,Baseline,CLRR+LSR,2,528,0.48149905981625807,-0.005159041602986747
NLLB,Baseline,CLRR+LSR,2,529,0.4712900965738509,0.005049921639420418
NLLB,Baseline,CLRR+LSR,2,530,0.4729384716003491,0.003401546612922246
NLLB,Baseline,CLRR+LSR,2,531,0.4769884264508004,-0.0006484082375290967
NLLB,Baseline,CLRR+LSR,2,532,0.47734607203517676,-0.0010060538219054393
NLLB,Baseline,CLRR+LSR,2,533,0.4768525792551337,-0.0005125610418623694
NLLB,Baseline,CLRR+LSR,2,534,0.4768246188692036,-0.00048460065593225465
NLLB,Baseline,CLRR+LSR,2,535,0.4768032369013291,-0.0004632186880577649
NLLB,Baseline,CLRR+LSR,2,536,0.47706247087755393,-0.0007224526642826135
NLLB,Baseline,CLRR+LSR,2,537,0.4773254350141354,-0.0009854168008640585
NLLB,Baseline,CLRR+LSR,2,538,0.4767313436041931,-0.00039132539092179286
NLLB,Baseline,CLRR+LSR,2,539,0.47863571169055064,-0.0022956934772793147
NLLB,Baseline,CLRR+LSR,2,540,0.4760829219924201,0.0002570962208512384
NLLB,Baseline,CLRR+LSR,2,541,0.4802314109566339,-0.0038913927433625872
NLLB,Baseline,CLRR+LSR,2,542,0.4772224270242198,-0.0008824088109484762
NLLB,Baseline,CLRR+LSR,2,543,0.4776583576196973,-0.0013183394064260057
NLLB,Baseline,CLRR+LSR,2,544,0.4863809700035642,-0.010040951790292851
NLLB,Baseline,CLRR+LSR,2,545,0.4717124890831528,0.004627529130118546
NLLB,Baseline,CLRR+LSR,2,546,0.47912323630579756,-0.0027832180925262406
NLLB,Baseline,CLRR+LSR,2,547,0.47632512447316167,1.489374010965605e-05
NLLB,Baseline,CLRR+LSR,2,548,0.4740445901991279,0.002295428014143397
NLLB,Baseline,CLRR+LSR,2,549,0.4725107784603253,0.003829239752946023
NLLB,Baseline,CLRR+LSR,2,550,0.47726786739012717,-0.0009278491768558439
NLLB,Baseline,CLRR+LSR,2,551,0.4738420526072691,0.0024979656060022393
NLLB,Baseline,CLRR+LSR,2,552,0.48027208314878855,-0.003932064935517232
NLLB,Baseline,CLRR+LSR,2,553,0.4710100804025874,0.005329937810683916
NLLB,Baseline,CLRR+LSR,2,554,0.4724612531265695,0.0038787650867018186
NLLB,Baseline,CLRR+LSR,2,555,0.4921044411807056,-0.0157644229674343
NLLB,Baseline,CLRR+LSR,2,556,0.47834436388422574,-0.0020043456709544216
NLLB,Baseline,CLRR+LSR,2,557,0.48719978716578183,-0.010859768952510507
NLLB,Baseline,CLRR+LSR,2,558,0.4818273812225531,-0.005487363009281765
NLLB,Baseline,CLRR+LSR,2,559,0.47990828729629165,-0.0035682690830203256
NLLB,Baseline,CLRR+LSR,2,560,0.4774867086907246,-0.0011466904774533049
NLLB,Baseline,CLRR+LSR,2,561,0.4869804320572424,-0.010640413843971075
NLLB,Baseline,CLRR+LSR,2,562,0.4765069118805645,-0.00016689366729316646
NLLB,Baseline,CLRR+LSR,2,563,0.47728509719687473,-0.000945078983603409
NLLB,Baseline,CLRR+LSR,2,564,0.47659655443964155,-0.00025653622637022977
NLLB,Baseline,CLRR+LSR,2,565,0.47706623096461875,-0.0007262127513474326
NLLB,Baseline,CLRR+LSR,2,566,0.4781102613772923,-0.0017702431640209682
NLLB,Baseline,CLRR+LSR,2,567,0.47926544838168006,-0.002925430168408738
NLLB,Baseline,CLRR+LSR,2,568,0.48659632681602716,-0.010256308602755837
NLLB,Baseline,CLRR+LSR,2,569,0.4764300352867128,-9.001707344147292e-05
NLLB,Baseline,CLRR+LSR,2,570,0.4767359579162047,-0.00039593970293339
NLLB,Baseline,CLRR+LSR,2,571,0.4796826158020622,-0.003342597588790852
NLLB,Baseline,CLRR+LSR,2,572,0.47735405771223505,-0.0010140394989637258
NLLB,Baseline,CLRR+LSR,2,573,0.47611994101267996,0.00022007720059136204
NLLB,Baseline,CLRR+LSR,2,574,0.47734295798094273,-0.001002939767671407
mT5,Baseline,CLRR+LSR,0,0,1.6189502165718785,-0.008164397809099277
mT5,Baseline,CLRR+LSR,0,1,1.6094844964299284,0.0013013223328508516
mT5,Baseline,CLRR+LSR,0,2,1.6132588409182347,-0.0024730221554554177
mT5,Baseline,CLRR+LSR,0,3,1.6138420592757523,-0.0030562405129730408
mT5,Baseline,CLRR+LSR,0,4,1.6127957117306453,-0.0020098929678660227
mT5,Baseline,CLRR+LSR,0,5,1.634619276346334,-0.023833457583554818
mT5,Baseline,CLRR+LSR,0,6,1.6140841570754656,-0.003298338312686333
mT5,Baseline,CLRR+LSR,0,7,1.6143951505285026,-0.0036093317657233115
mT5,Baseline,CLRR+LSR,0,8,1.6127870736493604,-0.002001254886581094
mT5,Baseline,CLRR+LSR,0,9,1.606221033094899,0.004564785667880322
mT5,Baseline,CLRR+LSR,0,10,1.6145207043864414,-0.0037348856236620875
mT5,Baseline,CLRR+LSR,0,11,1.6108114834632898,-2.566470051057479e-05
mT5,Baseline,CLRR+LSR,0,12,1.6159636888954516,-0.005177870132672346
mT5,Baseline,CLRR+LSR,0,13,1.6062057683205797,0.004580050442199557
mT5,Baseline,CLRR+LSR,0,14,1.611031085338615,-0.0002452665758356787
mT5,Baseline,CLRR+LSR,0,15,1.6042137311468876,0.006572087615891675
mT5,Baseline,CLRR+LSR,0,16,1.612742379753949,-0.001956560991169809
mT5,Baseline,CLRR+LSR,0,17,1.6105507062553412,0.00023511250743801781
mT5,Baseline,CLRR+LSR,0,18,1.612391603544391,-0.0016057847816117743
mT5,Baseline,CLRR+LSR,0,19,1.602195622590461,0.008590196172318265
mT5,Baseline,CLRR+LSR,0,20,1.6144615265176672,-0.0036757077548879025
mT5,Baseline,CLRR+LSR,0,21,1.611524723965955,-0.0007389052031756549
mT5,Baseline,CLRR+LSR,0,22,1.5968718656971044,0.013913953065674889
mT5,Baseline,CLRR+LSR,0,23,1.612689689771079,-0.0019038710082996957
mT5,Baseline,CLRR+LSR,0,24,1.61331201839445,-0.002526199631670778
mT5,Baseline,CLRR+LSR,0,25,1.6130807416450716,-0.002294922882292383
mT5,Baseline,CLRR+LSR,0,26,1.6143551176406241,-0.003569298877844851
mT5,Baseline,CLRR+LSR,0,27,1.6114898064483265,-0.0007039876855472471
mT5,Baseline,CLRR+LSR,0,28,1.61384617438895,-0.0030603556261707965
mT5,Baseline,CLRR+LSR,0,29,1.611963760022599,-0.001177941259819626
mT5,Baseline,CLRR+LSR,0,30,1.6124084841765915,-0.0016226654138122854
mT5,Baseline,CLRR+LSR,0,31,1.612751859373434,-0.0019660406106547512
mT5,Baseline,CLRR+LSR,0,32,1.612210698364569,-0.0014248796017897192
mT5,Baseline,CLRR+LSR,0,33,1.6124980794695905,-0.0017122607068111861
mT5,Baseline,CLRR+LSR,0,34,1.6147457657498503,-0.003959946987071028
mT5,Baseline,CLRR+LSR,0,35,1.6131520814765246,-0.002366262713745293
mT5,Baseline,CLRR+LSR,0,36,1.6127382322692805,-0.001952413506501216
mT5,Baseline,CLRR+LSR,0,37,1.5869823502103158,0.023803468552463514
mT5,Baseline,CLRR+LSR,0,38,1.6127382322692805,-0.001952413506501216
mT5,Baseline,CLRR+LSR,0,39,1.6188278687323887,-0.008042049969609444
mT5,Baseline,CLRR+LSR,0,40,1.6128099777082472,-0.0020241589454679243
mT5,Baseline,CLRR+LSR,0,41,1.6133898585751156,-0.0026040398123363673
mT5,Baseline,CLRR+LSR,0,42,1.6139668754975993,-0.0031810567348200536
mT5,Baseline,CLRR+LSR,0,43,1.6103910188409465,0.000394799921832778
mT5,Baseline,CLRR+LSR,0,44,1.6129167410079903,-0.0021309222452110532
mT5,Baseline,CLRR+LSR,0,45,1.6129735584323113,-0.0021877396695320073
mT5,Baseline,CLRR+LSR,0,46,1.612289683321566,-0.001503864558786816
mT5,Baseline,CLRR+LSR,0,47,1.6128140015040024,-0.0020281827412231834
mT5,Baseline,CLRR+LSR,0,48,1.597048375699079,0.013737443063700283
mT5,Baseline,CLRR+LSR,0,49,1.5943908307684138,0.01639498799436545
mT5,Baseline,CLRR+LSR,0,50,1.6223953366529331,-0.011609517890153853
mT5,Baseline,CLRR+LSR,0,51,1.5831056871369293,0.027680131625849924
mT5,Baseline,CLRR+LSR,0,52,1.6126348964358659,-0.0018490776730866187
mT5,Baseline,CLRR+LSR,0,53,1.612804603498783,-0.002018784736003809
mT5,Baseline,CLRR+LSR,0,54,1.613033054988838,-0.002247236226058824
mT5,Baseline,CLRR+LSR,0,55,1.6127519135252806,-0.0019660947625013137
mT5,Baseline,CLRR+LSR,0,56,1.6145895037768856,-0.0038036850141063283
mT5,Baseline,CLRR+LSR,0,57,1.6144652956647523,-0.003679476901973011
mT5,Baseline,CLRR+LSR,0,58,1.6054110676033773,0.0053747511594020025
mT5,Baseline,CLRR+LSR,0,59,1.6105507062553412,0.00023511250743801781
mT5,Baseline,CLRR+LSR,0,60,1.5929587544407742,0.017827064322005093
mT5,Baseline,CLRR+LSR,0,61,1.6113641652600155,-0.000578346497236204
mT5,Baseline,CLRR+LSR,0,62,1.6126274713226598,-0.0018416525598805578
mT5,Baseline,CLRR+LSR,0,63,1.6126764981319752,-0.0018906793691959578
mT5,Baseline,CLRR+LSR,0,64,1.619646736282963,-0.008860917520183698
mT5,Baseline,CLRR+LSR,0,65,1.6140603445573776,-0.003274525794598304
mT5,Baseline,CLRR+LSR,0,66,1.5918631667995884,0.018922651963190873
mT5,Baseline,CLRR+LSR,0,67,1.6135433625358537,-0.0027575437730744667
mT5,Baseline,CLRR+LSR,0,68,1.6128139153614969,-0.0020280965987176103
mT5,Baseline,CLRR+LSR,0,69,1.6129735584323113,-0.0021877396695320073
mT5,Baseline,CLRR+LSR,0,70,1.6155921258586918,-0.004806307095912565
mT5,Baseline,CLRR+LSR,0,71,1.609986071658966,0.0007997471038132531
mT5,Baseline,CLRR+LSR,0,72,1.6121206994512223,-0.0013348806884430076
mT5,Baseline,CLRR+LSR,0,73,1.6098767708001631,0.0009090479626161496
mT5,Baseline,CLRR+LSR,0,74,1.6090637436215154,0.001722075141263879
mT5,Baseline,CLRR+LSR,0,75,1.614238512923662,-0.0034526941608827855
mT5,Baseline,CLRR+LSR,0,76,1.615397234631815,-0.004611415869035795
mT5,Baseline,CLRR+LSR,0,77,1.6117166485518588,-0.0009308297890795458
mT5,Baseline,CLRR+LSR,0,78,1.6122802243225687,-0.0014944055597894135
mT5,Baseline,CLRR+LSR,0,79,1.6077983907669582,0.002987427995821079
mT5,Baseline,CLRR+LSR,0,80,1.61307297264484,-0.0022871538820607995
mT5,Baseline,CLRR+LSR,0,81,1.6099370028501268,0.0008488159126525119
mT5,Baseline,CLRR+LSR,0,82,1.60636818618977,0.0044176325730092
mT5,Baseline,CLRR+LSR,0,83,1.6133833783699796,-0.002597559607200317
mT5,Baseline,CLRR+LSR,0,84,1.6180038337898326,-0.007218015027053326
mT5,Baseline,CLRR+LSR,0,85,1.6137879824980867,-0.0030021637353074837
mT5,Baseline,CLRR+LSR,0,86,1.608049382591263,0.00273643617151631
mT5,Baseline,CLRR+LSR,0,87,1.6127963850900562,-0.002010566327276919
mT5,Baseline,CLRR+LSR,0,88,1.6132508339158358,-0.0024650151530565267
mT5,Baseline,CLRR+LSR,0,89,1.6202601455095786,-0.009474326746799377
mT5,Baseline,CLRR+LSR,0,90,1.610844842564556,-5.9023801776803e-05
mT5,Baseline,CLRR+LSR,0,91,1.6147600303817544,-0.003974211618975154
mT5,Baseline,CLRR+LSR,0,92,1.6136024004322111,-0.0028165816694318835
mT5,Baseline,CLRR+LSR,0,93,1.6094301289691382,0.0013556897936410905
mT5,Baseline,CLRR+LSR,0,94,1.6134714499931455,-0.0026856312303662477
mT5,Baseline,CLRR+LSR,0,95,1.6135392487481646,-0.002753429985385303
mT5,Baseline,CLRR+LSR,0,96,1.6024108281328235,0.008374990629955725
mT5,Baseline,CLRR+LSR,0,97,1.6128178526771073,-0.0020320339143280464
mT5,Baseline,CLRR+LSR,0,98,1.61285028057768,-0.002064461814900831
mT5,Baseline,CLRR+LSR,0,99,1.612693745759386,-0.0019079269966066903
mT5,Baseline,CLRR+LSR,0,100,1.6122898467898183,-0.0015040280270390838
mT5,Baseline,CLRR+LSR,0,101,1.6106180514645647,0.0001677672982145495
mT5,Baseline,CLRR+LSR,0,102,1.606042141561776,0.004743677201003216
mT5,Baseline,CLRR+LSR,0,103,1.613672922658962,-0.00288710389618263
mT5,Baseline,CLRR+LSR,0,104,1.614310575038039,-0.0035247562752598327
mT5,Baseline,CLRR+LSR,0,105,1.6041989192925286,0.006586899470250707
mT5,Baseline,CLRR+LSR,0,106,1.613361435371579,-0.002575616608799791
mT5,Baseline,CLRR+LSR,0,107,1.612631882015049,-0.0018460632522696585
mT5,Baseline,CLRR+LSR,0,108,1.6076963216385334,0.003089497124245888
mT5,Baseline,CLRR+LSR,0,109,1.6054695428245056,0.005316275938273662
mT5,Baseline,CLRR+LSR,0,110,1.612932798817396,-0.002146980054616776
mT5,Baseline,CLRR+LSR,0,111,1.6108002888892186,-1.447012643929213e-05
mT5,Baseline,CLRR+LSR,0,112,1.6063259975391926,0.00445982122358668
mT5,Baseline,CLRR+LSR,0,113,1.613089827747097,-0.002304008984317818
mT5,Baseline,CLRR+LSR,0,114,1.6128217502489735,-0.002035931486194187
mT5,Baseline,CLRR+LSR,0,115,1.6129735584323113,-0.0021877396695320073
mT5,Baseline,CLRR+LSR,0,116,1.6064978236451335,0.004287995117645771
mT5,Baseline,CLRR+LSR,0,117,1.6134361178648229,-0.0026502991020436184
mT5,Baseline,CLRR+LSR,0,118,1.6167769832309489,-0.0059911644681696075
mT5,Baseline,CLRR+LSR,0,119,1.6133742891677807,-0.0025884704050014307
mT5,Baseline,CLRR+LSR,0,120,1.613721566288148,-0.002935747525368626
mT5,Baseline,CLRR+LSR,0,121,1.6078074013013026,0.0029784174614766457
mT5,Baseline,CLRR+LSR,0,122,1.6129735584323113,-0.0021877396695320073
mT5,Baseline,CLRR+LSR,0,123,1.6174842305058759,-0.0066984117430965995
mT5,Baseline,CLRR+LSR,0,124,1.596071599943226,0.01471421881955326
mT5,Baseline,CLRR+LSR,0,125,1.6117132646651564,-0.0009274459023771442
mT5,Baseline,CLRR+LSR,0,126,1.6161683080770537,-0.00538248931427443
mT5,Baseline,CLRR+LSR,0,127,1.6139452455123688,-0.003159426749589578
mT5,Baseline,CLRR+LSR,0,128,1.6195778092075281,-0.008791990444748876
mT5,Baseline,CLRR+LSR,0,129,1.608842718519039,0.0019431002437402256
mT5,Baseline,CLRR+LSR,0,130,1.6224339851339824,-0.01164816637120314
mT5,Baseline,CLRR+LSR,0,131,1.6161772243211674,-0.005391405558388129
mT5,Baseline,CLRR+LSR,0,132,1.6253438994462597,-0.014558080683480412
mT5,Baseline,CLRR+LSR,0,133,1.6130994845145956,-0.0023136657518163517
mT5,Baseline,CLRR+LSR,0,134,1.612623361706972,-0.0018375429441928048
mT5,Baseline,CLRR+LSR,0,135,1.608711016248848,0.0020748025139312176
mT5,Baseline,CLRR+LSR,0,136,1.6140761986668304,-0.0032903799040511217
mT5,Baseline,CLRR+LSR,0,137,1.6053405256531867,0.0054452931095925194
mT5,Baseline,CLRR+LSR,0,138,1.6126883785399393,-0.0019025597771600289
mT5,Baseline,CLRR+LSR,0,139,1.610460676263057,0.0003251424997223751
mT5,Baseline,CLRR+LSR,0,140,1.6138286030260218,-0.0030427842632425595
mT5,Baseline,CLRR+LSR,0,141,1.5987665839401757,0.012019234822603586
mT5,Baseline,CLRR+LSR,0,142,1.6129735584323113,-0.0021877396695320073
mT5,Baseline,CLRR+LSR,0,143,1.6164403091115878,-0.005654490348808494
mT5,Baseline,CLRR+LSR,0,144,1.6153579628137145,-0.004572144050935201
mT5,Baseline,CLRR+LSR,0,145,1.6132061159569444,-0.002420297194165144
mT5,Baseline,CLRR+LSR,0,146,1.6126948521913498,-0.0019090334285705168
mT5,Baseline,CLRR+LSR,0,147,1.6052167752121331,0.0055690435506461355
mT5,Baseline,CLRR+LSR,0,148,1.5995702729577044,0.011215545805074889
mT5,Baseline,CLRR+LSR,0,149,1.610151072881056,0.0006347458817232976
mT5,Baseline,CLRR+LSR,0,150,1.612578839440256,-0.0017930206774767754
mT5,Baseline,CLRR+LSR,0,151,1.5967476318584852,0.014038186904294037
mT5,Baseline,CLRR+LSR,0,152,1.613325219721263,-0.0025394009584838173
mT5,Baseline,CLRR+LSR,0,153,1.6157930126553621,-0.005007193892582862
mT5,Baseline,CLRR+LSR,0,154,1.6133316988350943,-0.002545880072315043
mT5,Baseline,CLRR+LSR,0,155,1.6122558995121254,-0.001470080749346181
mT5,Baseline,CLRR+LSR,0,156,1.6045389797502088,0.006246839012570504
mT5,Baseline,CLRR+LSR,0,157,1.6136423948898866,-0.0028565761271073242
mT5,Baseline,CLRR+LSR,0,158,1.6139980213627938,-0.0032122026000145354
mT5,Baseline,CLRR+LSR,0,159,1.5923171268162166,0.018468691946562643
mT5,Baseline,CLRR+LSR,0,160,1.6094694988713947,0.0013163198913845875
mT5,Baseline,CLRR+LSR,0,161,1.6136643688902623,-0.0028785501274830594
mT5,Baseline,CLRR+LSR,0,162,1.613490200756372,-0.002704381993592797
mT5,Baseline,CLRR+LSR,0,163,1.6159213244621533,-0.005135505699374043
mT5,Baseline,CLRR+LSR,0,164,1.6125112683940568,-0.0017254496312775203
mT5,Baseline,CLRR+LSR,0,165,1.6129289472276014,-0.0021431284648221194
mT5,Baseline,CLRR+LSR,0,166,1.614698726447509,-0.003912907684729738
mT5,Baseline,CLRR+LSR,0,167,1.6053542053997276,0.005431613363051646
mT5,Baseline,CLRR+LSR,0,168,1.6072312514276517,0.003554567335127601
mT5,Baseline,CLRR+LSR,0,169,1.6129061435885879,-0.002120324825808595
mT5,Baseline,CLRR+LSR,0,170,1.6122324296548163,-0.0014466108920370147
mT5,Baseline,CLRR+LSR,0,171,1.613767165692666,-0.002981346929886719
mT5,Baseline,CLRR+LSR,0,172,1.612352600447851,-0.0015667816850717387
mT5,Baseline,CLRR+LSR,0,173,1.6123517041372066,-0.001565885374427367
mT5,Baseline,CLRR+LSR,0,174,1.6131929163304868,-0.002407097567707517
mT5,Baseline,CLRR+LSR,0,175,1.6118848622224666,-0.0010990434596873655
mT5,Baseline,CLRR+LSR,0,176,1.6154597541294864,-0.004673935366707127
mT5,Baseline,CLRR+LSR,0,177,1.6132641244914732,-0.002478305728693897
mT5,Baseline,CLRR+LSR,0,178,1.6134865057902301,-0.0027006870274508543
mT5,Baseline,CLRR+LSR,0,179,1.6144132002654983,-0.003627381502719018
mT5,Baseline,CLRR+LSR,0,180,1.5950213620769,0.015764456685879225
mT5,Baseline,CLRR+LSR,0,181,1.605299544399406,0.005486274363373234
mT5,Baseline,CLRR+LSR,0,182,1.614814612753415,-0.004028793990635826
mT5,Baseline,CLRR+LSR,0,183,1.6133211069886473,-0.0025352882258680154
mT5,Baseline,CLRR+LSR,0,184,1.6068969418285581,0.0038888769342211305
mT5,Baseline,CLRR+LSR,0,185,1.6002090675427647,0.010576751220014557
mT5,Baseline,CLRR+LSR,0,186,1.6128059216136812,-0.002020102850901928
mT5,Baseline,CLRR+LSR,0,187,1.6120573590958367,-0.0012715403330574304
mT5,Baseline,CLRR+LSR,0,188,1.6159681123553264,-0.0051822935925471825
mT5,Baseline,CLRR+LSR,0,189,1.6141359072189294,-0.0033500884561501465
mT5,Baseline,CLRR+LSR,0,190,1.6167782519718568,-0.005992433209077497
mT5,Baseline,CLRR+LSR,0,191,1.6129748708703167,-0.0021890521075373925
mT5,Baseline,CLRR+LSR,0,192,1.613262993224379,-0.002477174461599674
mT5,Baseline,CLRR+LSR,0,193,1.6130898723247542,-0.002304053561974939
mT5,Baseline,CLRR+LSR,0,194,1.6136187815283973,-0.0028329627656180634
mT5,Baseline,CLRR+LSR,0,195,1.615730763027095,-0.004944944264315687
mT5,Baseline,CLRR+LSR,0,196,1.6134322502898142,-0.0026464315270349204
mT5,Baseline,CLRR+LSR,0,197,1.6085573249932263,0.0022284937695529194
mT5,Baseline,CLRR+LSR,0,198,1.613268379728809,-0.002482560966029723
mT5,Baseline,CLRR+LSR,0,199,1.612533802312342,-0.0017479835495626261
mT5,Baseline,CLRR+LSR,0,200,1.593874122177012,0.01691169658576719
mT5,Baseline,CLRR+LSR,0,201,1.6137810669135764,-0.002995248150797103
mT5,Baseline,CLRR+LSR,0,202,1.6151209099974917,-0.004335091234712429
mT5,Baseline,CLRR+LSR,0,203,1.6094258910041903,0.0013599277585889524
mT5,Baseline,CLRR+LSR,0,204,1.614645015747862,-0.0038591969850827468
mT5,Baseline,CLRR+LSR,0,205,1.5965632405502248,0.01422257821255446
mT5,Baseline,CLRR+LSR,0,206,1.6180936968195887,-0.007307878056809436
mT5,Baseline,CLRR+LSR,0,207,1.6111950006130575,-0.0004091818502782729
mT5,Baseline,CLRR+LSR,0,208,1.5686395024600701,0.04214631630270915
mT5,Baseline,CLRR+LSR,0,209,1.6108002888892186,-1.447012643929213e-05
mT5,Baseline,CLRR+LSR,0,210,1.6159110250469668,-0.005125206284187556
mT5,Baseline,CLRR+LSR,0,211,1.605398423953015,0.0053873948097642455
mT5,Baseline,CLRR+LSR,0,212,1.609084451923878,0.0017013668389012082
mT5,Baseline,CLRR+LSR,0,213,1.6307285430704042,-0.019942724307624893
mT5,Baseline,CLRR+LSR,0,214,1.575898006454965,0.03488781230781424
mT5,Baseline,CLRR+LSR,0,215,1.6099370028501268,0.0008488159126525119
mT5,Baseline,CLRR+LSR,0,216,1.6129869867395898,-0.0022011679768105807
mT5,Baseline,CLRR+LSR,0,217,1.6136769616965543,-0.002891142933775015
mT5,Baseline,CLRR+LSR,0,218,1.592155588434287,0.018630230328492203
mT5,Baseline,CLRR+LSR,0,219,1.6141304626549156,-0.0033446438921362898
mT5,Baseline,CLRR+LSR,0,220,1.611027057147159,-0.00024123838437972722
mT5,Baseline,CLRR+LSR,0,221,1.6137137851126981,-0.0029279663499188757
mT5,Baseline,CLRR+LSR,0,222,1.5957319560125676,0.0150538627502117
mT5,Baseline,CLRR+LSR,0,223,1.6051813420484242,0.0056044767143550445
mT5,Baseline,CLRR+LSR,0,224,1.6140841570754656,-0.003298338312686333
mT5,Baseline,CLRR+LSR,0,225,1.6135433625358537,-0.0027575437730744667
mT5,Baseline,CLRR+LSR,0,226,1.613534806178504,-0.002748987415724713
mT5,Baseline,CLRR+LSR,0,227,1.60723904292625,0.0035467758365292923
mT5,Baseline,CLRR+LSR,0,228,1.6130451219599449,-0.0022593031971656075
mT5,Baseline,CLRR+LSR,0,229,1.6137311184217236,-0.0029452996589443003
mT5,Baseline,CLRR+LSR,0,230,1.6133248321812248,-0.002539013418445535
mT5,Baseline,CLRR+LSR,0,231,1.5970659241760146,0.013719894586764703
mT5,Baseline,CLRR+LSR,0,232,1.6121323420564728,-0.0013465232936935578
mT5,Baseline,CLRR+LSR,0,233,1.6129869867395898,-0.0022011679768105807
mT5,Baseline,CLRR+LSR,0,234,1.5920992288039635,0.01868658995881578
mT5,Baseline,CLRR+LSR,0,235,1.6134943186434558,-0.0027084998806765626
mT5,Baseline,CLRR+LSR,0,236,1.6140062531152886,-0.0032204343525092938
mT5,Baseline,CLRR+LSR,0,237,1.6165972090707452,-0.005811390307965958
mT5,Baseline,CLRR+LSR,0,238,1.6152196272518307,-0.004433808489051394
mT5,Baseline,CLRR+LSR,0,239,1.5843585141926937,0.026427304570085575
mT5,Baseline,CLRR+LSR,0,240,1.6132020036674577,-0.002416184904678431
mT5,Baseline,CLRR+LSR,0,241,1.6128586158684683,-0.0020727971056890837
mT5,Baseline,CLRR+LSR,0,242,1.6090763381812536,0.0017094805815256464
mT5,Baseline,CLRR+LSR,0,243,1.5983173577729826,0.012468460989796704
mT5,Baseline,CLRR+LSR,0,244,1.6195950021449876,-0.008809183382208374
mT5,Baseline,CLRR+LSR,0,245,1.615102893758519,-0.004317074995739745
mT5,Baseline,CLRR+LSR,0,246,1.6146922859831525,-0.003906467220373244
mT5,Baseline,CLRR+LSR,0,247,1.6124585948989072,-0.0016727761361279292
mT5,Baseline,CLRR+LSR,0,248,1.6126031362261495,-0.001817317463370216
mT5,Baseline,CLRR+LSR,0,249,1.6131019546102214,-0.002316135847442169
mT5,Baseline,CLRR+LSR,0,250,1.611074916067941,-0.00028909730516168963
mT5,Baseline,CLRR+LSR,0,251,1.6031732277941488,0.007612590968630428
mT5,Baseline,CLRR+LSR,0,252,1.6138722572933393,-0.0030864385305600095
mT5,Baseline,CLRR+LSR,0,253,1.6144308790946287,-0.0036450603318494146
mT5,Baseline,CLRR+LSR,0,254,1.613200645661836,-0.002414826899056699
mT5,Baseline,CLRR+LSR,0,255,1.6038035932990589,0.006982225463720404
mT5,Baseline,CLRR+LSR,0,256,1.5910782962649046,0.019707522497874663
mT5,Baseline,CLRR+LSR,0,257,1.6132061159569444,-0.002420297194165144
mT5,Baseline,CLRR+LSR,0,258,1.6149328443055309,-0.004147025542751592
mT5,Baseline,CLRR+LSR,0,259,1.60495033025886,0.0058354885039193505
mT5,Baseline,CLRR+LSR,0,260,1.5992676461918327,0.011518172570946561
mT5,Baseline,CLRR+LSR,0,261,1.6072501695944688,0.0035356491683105062
mT5,Baseline,CLRR+LSR,0,262,1.6137706592693046,-0.002984840506525366
mT5,Baseline,CLRR+LSR,0,263,1.6145336742889231,-0.003747855526143873
mT5,Baseline,CLRR+LSR,0,264,1.6109600594612363,-0.00017424069845706214
mT5,Baseline,CLRR+LSR,0,265,1.6134041965112305,-0.002618377748451195
mT5,Baseline,CLRR+LSR,0,266,1.6120533384873372,-0.001267519724557964
mT5,Baseline,CLRR+LSR,0,267,1.6039792956979246,0.0068065230648546304
mT5,Baseline,CLRR+LSR,0,268,1.6129249628925448,-0.002139144129765569
mT5,Baseline,CLRR+LSR,0,269,1.6187549094342701,-0.007969090671490875
mT5,Baseline,CLRR+LSR,0,270,1.6130898723247542,-0.002304053561974939
mT5,Baseline,CLRR+LSR,0,271,1.6100350128402061,0.00075080592257315
mT5,Baseline,CLRR+LSR,0,272,1.604263443593048,0.006522375169731198
mT5,Baseline,CLRR+LSR,0,273,1.6133211069886473,-0.0025352882258680154
mT5,Baseline,CLRR+LSR,0,274,1.6071798576695313,0.0036059610932479558
mT5,Baseline,CLRR+LSR,0,275,1.6101113040963186,0.0006745146664606239
mT5,Baseline,CLRR+LSR,0,276,1.6074195356407248,0.0033662831220544476
mT5,Baseline,CLRR+LSR,0,277,1.6166449503549645,-0.005859131592185207
mT5,Baseline,CLRR+LSR,0,278,1.6128495322576057,-0.00206371349482648
mT5,Baseline,CLRR+LSR,0,279,1.6120492475094315,-0.0012634287466521954
mT5,Baseline,CLRR+LSR,0,280,1.6134865057902301,-0.0027006870274508543
mT5,Baseline,CLRR+LSR,0,281,1.5857050347457387,0.025080784017040614
mT5,Baseline,CLRR+LSR,0,282,1.6087846735092128,0.0020011452535664276
mT5,Baseline,CLRR+LSR,0,283,1.613156109087142,-0.002370290324362756
mT5,Baseline,CLRR+LSR,0,284,1.6141752069817583,-0.0033893882189790503
mT5,Baseline,CLRR+LSR,0,285,1.6125701414153077,-0.0017843226525284805
mT5,Baseline,CLRR+LSR,0,286,1.6130807416450716,-0.002294922882292383
mT5,Baseline,CLRR+LSR,0,287,1.6129129180498376,-0.0021270992870583427
mT5,Baseline,CLRR+LSR,0,288,1.6167069162291057,-0.005921097466326408
mT5,Baseline,CLRR+LSR,0,289,1.6125112683940568,-0.0017254496312775203
mT5,Baseline,CLRR+LSR,0,290,1.6134943186434558,-0.0027084998806765626
mT5,Baseline,CLRR+LSR,0,291,1.6076425862891064,0.0031432324736728745
mT5,Baseline,CLRR+LSR,0,292,1.6106803216346242,0.00010549712815510759
mT5,Baseline,CLRR+LSR,0,293,1.6215512125179234,-0.010765393755144181
mT5,Baseline,CLRR+LSR,0,294,1.6155574213031798,-0.0047716025404005435
mT5,Baseline,CLRR+LSR,0,295,1.6107290051155596,5.681364721965565e-05
mT5,Baseline,CLRR+LSR,0,296,1.613216708441164,-0.0024308896783846734
mT5,Baseline,CLRR+LSR,0,297,1.6050040039727147,0.0057818147900645656
mT5,Baseline,CLRR+LSR,0,298,1.610160467700669,0.0006253510621103686
mT5,Baseline,CLRR+LSR,0,299,1.6131195067237956,-0.0023336879610162953
mT5,Baseline,CLRR+LSR,0,300,1.5960193352921106,0.014766483470668668
mT5,Baseline,CLRR+LSR,0,301,1.6147654692132205,-0.003979650450441241
mT5,Baseline,CLRR+LSR,0,302,1.6193977893652622,-0.008611970602482977
mT5,Baseline,CLRR+LSR,0,303,1.6132763959227239,-0.002490577159944607
mT5,Baseline,CLRR+LSR,0,304,1.6136022630641484,-0.002816444301369181
mT5,Baseline,CLRR+LSR,0,305,1.6125602869917959,-0.0017744682290166125
mT5,Baseline,CLRR+LSR,0,306,1.6200392604745222,-0.009253441711742916
mT5,Baseline,CLRR+LSR,0,307,1.607869714569902,0.0029161041928773557
mT5,Baseline,CLRR+LSR,0,308,1.6041378015514631,0.006648017211316137
mT5,Baseline,CLRR+LSR,0,309,1.601340064734888,0.009445754027891162
mT5,Baseline,CLRR+LSR,0,310,1.6027579972326844,0.008027821530094847
mT5,Baseline,CLRR+LSR,0,311,1.6125204194035634,-0.001734600640784123
mT5,Baseline,CLRR+LSR,0,312,1.6084406296906772,0.0023451890721020163
mT5,Baseline,CLRR+LSR,0,313,1.61280049545078,-0.002014676688000705
mT5,Baseline,CLRR+LSR,0,314,1.6130317351867793,-0.0022459164240000717
mT5,Baseline,CLRR+LSR,0,315,1.5702306814502274,0.04055513731255189
mT5,Baseline,CLRR+LSR,0,316,1.6153929021827764,-0.00460708341999716
mT5,Baseline,CLRR+LSR,0,317,1.612297544689893,-0.001511725927113794
mT5,Baseline,CLRR+LSR,0,318,1.6125071593695832,-0.001721340606803956
mT5,Baseline,CLRR+LSR,0,319,1.6146532534401068,-0.0038674346773275303
mT5,Baseline,CLRR+LSR,0,320,1.616358277289816,-0.005572458527036694
mT5,Baseline,CLRR+LSR,0,321,1.6121114206850704,-0.001325601922291142
mT5,Baseline,CLRR+LSR,0,322,1.611950427111112,-0.001164608348332763
mT5,Baseline,CLRR+LSR,0,323,1.6138954834450976,-0.003109664682318325
mT5,Baseline,CLRR+LSR,0,324,1.6164230951535465,-0.005637276390767276
mT5,Baseline,CLRR+LSR,0,325,1.606783904828526,0.0040019139342533094
mT5,Baseline,CLRR+LSR,0,326,1.623270243037826,-0.012484424275046813
mT5,Baseline,CLRR+LSR,0,327,1.6157754814573728,-0.004989662694593555
mT5,Baseline,CLRR+LSR,0,328,1.6138332589175777,-0.0030474401547984087
mT5,Baseline,CLRR+LSR,0,329,1.6142919066510988,-0.00350608788831952
mT5,Baseline,CLRR+LSR,0,330,1.5982572349753452,0.012528583787434044
mT5,Baseline,CLRR+LSR,0,331,1.6146401590303556,-0.0038543402675763616
mT5,Baseline,CLRR+LSR,0,332,1.6120492475094315,-0.0012634287466521954
mT5,Baseline,CLRR+LSR,0,333,1.6142887290623884,-0.003502910299609141
mT5,Baseline,CLRR+LSR,0,334,1.606378053187794,0.004407765574985234
mT5,Baseline,CLRR+LSR,0,335,1.6156876888933596,-0.004901870130580299
mT5,Baseline,CLRR+LSR,0,336,1.6146532534401068,-0.0038674346773275303
mT5,Baseline,CLRR+LSR,0,337,1.585609964553366,0.025175854209413373
mT5,Baseline,CLRR+LSR,0,338,1.613651158622596,-0.002865339859816629
mT5,Baseline,CLRR+LSR,0,339,1.6133833850337744,-0.0025975662709951663
mT5,Baseline,CLRR+LSR,0,340,1.6147782369144892,-0.00399241815170992
mT5,Baseline,CLRR+LSR,0,341,1.6140062531152886,-0.0032204343525092938
mT5,Baseline,CLRR+LSR,0,342,1.6168325227616345,-0.006046703998855207
mT5,Baseline,CLRR+LSR,0,343,1.583864113763826,0.02692170499895319
mT5,Baseline,CLRR+LSR,0,344,1.6113115627372556,-0.0005257439744763559
mT5,Baseline,CLRR+LSR,0,345,1.6105804863987938,0.0002053323639854554
mT5,Baseline,CLRR+LSR,0,346,1.614011233325523,-0.0032254145627437225
mT5,Baseline,CLRR+LSR,0,347,1.6137753647275597,-0.0029895459647804046
mT5,Baseline,CLRR+LSR,0,348,1.6195820243942016,-0.00879620563142236
mT5,Baseline,CLRR+LSR,0,349,1.605859198983099,0.00492661977968023
mT5,Baseline,CLRR+LSR,0,350,1.6115890319854902,-0.0008032132227109301
mT5,Baseline,CLRR+LSR,0,351,1.6081112755396534,0.0026745432231258803
mT5,Baseline,CLRR+LSR,0,352,1.6143591704312437,-0.0035733516684643973
mT5,Baseline,CLRR+LSR,0,353,1.613655601595382,-0.002869782832602752
mT5,Baseline,CLRR+LSR,0,354,1.6146532534401068,-0.0038674346773275303
mT5,Baseline,CLRR+LSR,0,355,1.6138281071170093,-0.0030422883542300383
mT5,Baseline,CLRR+LSR,0,356,1.5942293617501004,0.016556457012678827
mT5,Baseline,CLRR+LSR,0,357,1.6090655917956695,0.001720226967109717
mT5,Baseline,CLRR+LSR,0,358,1.6136064635819105,-0.002820644819131246
mT5,Baseline,CLRR+LSR,0,359,1.6211705975250563,-0.010384778762277058
mT5,Baseline,CLRR+LSR,0,360,1.6143420770390522,-0.003556258276272928
mT5,Baseline,CLRR+LSR,0,361,1.5756724761504763,0.03511334261230292
mT5,Baseline,CLRR+LSR,0,362,1.6132973574284941,-0.002511538665714852
mT5,Baseline,CLRR+LSR,0,363,1.613717986104028,-0.0029321673412487925
mT5,Baseline,CLRR+LSR,0,364,1.6114516211634209,-0.0006658024006416241
mT5,Baseline,CLRR+LSR,0,365,1.6134361178648229,-0.0026502991020436184
mT5,Baseline,CLRR+LSR,0,366,1.6133020373748268,-0.0025162186120475383
mT5,Baseline,CLRR+LSR,0,367,1.613490169895412,-0.0027043511326327874
mT5,Baseline,CLRR+LSR,0,368,1.6130490648637066,-0.0022632461009273186
mT5,Baseline,CLRR+LSR,0,369,1.608034787238851,0.0027510315239283045
mT5,Baseline,CLRR+LSR,0,370,1.599429458486564,0.011356360276215227
mT5,Baseline,CLRR+LSR,0,371,1.6132581760484896,-0.0024723572857103804
mT5,Baseline,CLRR+LSR,0,372,1.6173822030231833,-0.006596384260403987
mT5,Baseline,CLRR+LSR,0,373,1.5955070967421179,0.015278722020661384
mT5,Baseline,CLRR+LSR,0,374,1.6162041910963518,-0.005418372333572563
mT5,Baseline,CLRR+LSR,0,375,1.6130654786162903,-0.0022796598535110846
mT5,Baseline,CLRR+LSR,0,376,1.6136015368912844,-0.002815718128505118
mT5,Baseline,CLRR+LSR,0,377,1.610902804673735,-0.00011698591095576916
mT5,Baseline,CLRR+LSR,0,378,1.6121543838299885,-0.001368565067209282
mT5,Baseline,CLRR+LSR,0,379,1.6137311073835159,-0.002945288620736619
mT5,Baseline,CLRR+LSR,0,380,1.6124247350922518,-0.0016389163294725506
mT5,Baseline,CLRR+LSR,0,381,1.6192641094668518,-0.008478290704072577
mT5,Baseline,CLRR+LSR,0,382,1.6124496950755773,-0.0016638763127980738
mT5,Baseline,CLRR+LSR,0,383,1.61688634188973,-0.006100523126950641
mT5,Baseline,CLRR+LSR,0,384,1.6135821603571214,-0.0027963415943421666
mT5,Baseline,CLRR+LSR,0,385,1.604558136113945,0.006227682648834332
mT5,Baseline,CLRR+LSR,0,386,1.5959010128911428,0.01488480587163643
mT5,Baseline,CLRR+LSR,0,387,1.6141886780545347,-0.0034028592917554334
mT5,Baseline,CLRR+LSR,0,388,1.613900357872109,-0.0031145391093296837
mT5,Baseline,CLRR+LSR,0,389,1.6245416146719567,-0.013755795909177415
mT5,Baseline,CLRR+LSR,0,390,1.6130451219599449,-0.0022593031971656075
mT5,Baseline,CLRR+LSR,0,391,1.6133169478249227,-0.002531129062143478
mT5,Baseline,CLRR+LSR,0,392,1.6061452803874179,0.0046405383753613805
mT5,Baseline,CLRR+LSR,0,393,1.613480836969849,-0.0026950182070697437
mT5,Baseline,CLRR+LSR,0,394,1.6089618865491255,0.001823932213653734
mT5,Baseline,CLRR+LSR,0,395,1.6054721516626849,0.005313667100094399
mT5,Baseline,CLRR+LSR,0,396,1.6144093393881587,-0.003623520625379406
mT5,Baseline,CLRR+LSR,0,397,1.6130140629365304,-0.002228244173751115
mT5,Baseline,CLRR+LSR,0,398,1.6112597625431464,-0.00047394378036713647
mT5,Baseline,CLRR+LSR,0,399,1.614799628565427,-0.00401380980264765
mT5,Baseline,CLRR+LSR,0,400,1.614349365362025,-0.003563546599245626
mT5,Baseline,CLRR+LSR,0,401,1.5984665243040173,0.012319294458762009
mT5,Baseline,CLRR+LSR,0,402,1.6126807921020436,-0.0018949733392643608
mT5,Baseline,CLRR+LSR,0,403,1.6130853735880644,-0.0022995548252850995
mT5,Baseline,CLRR+LSR,0,404,1.6034019983489056,0.007383820413873643
mT5,Baseline,CLRR+LSR,0,405,1.6113072739453207,-0.0005214551825414304
mT5,Baseline,CLRR+LSR,0,406,1.6164354998752275,-0.005649681112448235
mT5,Baseline,CLRR+LSR,0,407,1.6134319534038655,-0.0026461346410862063
mT5,Baseline,CLRR+LSR,0,408,1.6129830483743053,-0.0021972296115260193
mT5,Baseline,CLRR+LSR,0,409,1.5756724761504763,0.03511334261230292
mT5,Baseline,CLRR+LSR,0,410,1.6193407189439766,-0.008554900181197311
mT5,Baseline,CLRR+LSR,0,411,1.6127291872992808,-0.0019433685365015663
mT5,Baseline,CLRR+LSR,0,412,1.6134859144585736,-0.0027000956957943245
mT5,Baseline,CLRR+LSR,0,413,1.607366047157706,0.0034197716050732296
mT5,Baseline,CLRR+LSR,0,414,1.5972605758278986,0.013525242934880666
mT5,Baseline,CLRR+LSR,0,415,1.6127914124537952,-0.002005593691015939
mT5,Baseline,CLRR+LSR,0,416,1.619106644827645,-0.008320826064865727
mT5,Baseline,CLRR+LSR,0,417,1.6148851082097897,-0.004099289447010435
mT5,Baseline,CLRR+LSR,0,418,1.6139868560895696,-0.0032010373267903347
mT5,Baseline,CLRR+LSR,0,419,1.614478531629615,-0.0036927128668358122
mT5,Baseline,CLRR+LSR,0,420,1.6183717423466746,-0.007585923583895315
mT5,Baseline,CLRR+LSR,0,421,1.6140153491920621,-0.0032295304292828675
mT5,Baseline,CLRR+LSR,0,422,1.6120533544473092,-0.0012675356845299746
mT5,Baseline,CLRR+LSR,0,423,1.6107989761321404,-1.3157369361138649e-05
mT5,Baseline,CLRR+LSR,0,424,1.6135565787875397,-0.002770760024760399
mT5,Baseline,CLRR+LSR,0,425,1.6145817816000196,-0.003795962837240374
mT5,Baseline,CLRR+LSR,0,426,1.6003242640180142,0.010461554744765067
mT5,Baseline,CLRR+LSR,0,427,1.6139002556010604,-0.003114436838281165
mT5,Baseline,CLRR+LSR,0,428,1.6164258162693699,-0.0056399975065906105
mT5,Baseline,CLRR+LSR,0,429,1.614482632641832,-0.0036968138790527405
mT5,Baseline,CLRR+LSR,0,430,1.6125828576304215,-0.0017970388676422644
mT5,Baseline,CLRR+LSR,0,431,1.6166297147803368,-0.005843896017557526
mT5,Baseline,CLRR+LSR,0,432,1.6216289995477977,-0.010843180785018447
mT5,Baseline,CLRR+LSR,0,433,1.6204915303422984,-0.00970571157951916
mT5,Baseline,CLRR+LSR,0,434,1.614425729675503,-0.003639910912723643
mT5,Baseline,CLRR+LSR,0,435,1.6136688439111362,-0.0028830251483569214
mT5,Baseline,CLRR+LSR,0,436,1.6287729652935425,-0.017987146530763276
mT5,Baseline,CLRR+LSR,0,437,1.6128178526771073,-0.0020320339143280464
mT5,Baseline,CLRR+LSR,0,438,1.613958456657893,-0.0031726378951137946
mT5,Baseline,CLRR+LSR,0,439,1.613774774099416,-0.0029889553366366783
mT5,Baseline,CLRR+LSR,0,440,1.59434846001259,0.016437358750189368
mT5,Baseline,CLRR+LSR,0,441,1.6180284115361134,-0.007242592773334167
mT5,Baseline,CLRR+LSR,0,442,1.6133211469700948,-0.0025353282073155015
mT5,Baseline,CLRR+LSR,0,443,1.6122316028840284,-0.0014457841212491829
mT5,Baseline,CLRR+LSR,0,444,1.6039722364288451,0.006813582333934143
mT5,Baseline,CLRR+LSR,0,445,1.5837881918123218,0.026997626950457487
mT5,Baseline,CLRR+LSR,0,446,1.611619202772573,-0.000833384009793825
mT5,Baseline,CLRR+LSR,0,447,1.6127914124537952,-0.002005593691015939
mT5,Baseline,CLRR+LSR,0,448,1.6141190882252863,-0.0033332694625070047
mT5,Baseline,CLRR+LSR,0,449,1.6129735584323113,-0.0021877396695320073
mT5,Baseline,CLRR+LSR,0,450,1.584598185389055,0.026187633373724317
mT5,Baseline,CLRR+LSR,0,451,1.6115466242838323,-0.0007608055210530651
mT5,Baseline,CLRR+LSR,0,452,1.613436921488975,-0.002651102726195731
mT5,Baseline,CLRR+LSR,0,453,1.5831689991439424,0.027616819618836885
mT5,Baseline,CLRR+LSR,0,454,1.613503796635607,-0.0027179778728276816
mT5,Baseline,CLRR+LSR,0,455,1.6150502404309375,-0.004264421668158214
mT5,Baseline,CLRR+LSR,0,456,1.610684132381368,0.00010168638141117015
mT5,Baseline,CLRR+LSR,0,457,1.6134950890600077,-0.00270927029722845
mT5,Baseline,CLRR+LSR,0,458,1.6071318150770146,0.0036540036857646285
mT5,Baseline,CLRR+LSR,0,459,1.6134332688929645,-0.0026474501301851916
mT5,Baseline,CLRR+LSR,0,460,1.6102260650511138,0.0005597537116655005
mT5,Baseline,CLRR+LSR,0,461,1.6160653090906427,-0.005279490327863456
mT5,Baseline,CLRR+LSR,0,462,1.614002137242334,-0.003216318479554836
mT5,Baseline,CLRR+LSR,0,463,1.6126937061471152,-0.0019078873843358934
mT5,Baseline,CLRR+LSR,0,464,1.61331201839445,-0.002526199631670778
mT5,Baseline,CLRR+LSR,0,465,1.6151737696038104,-0.004387950841031163
mT5,Baseline,CLRR+LSR,0,466,1.6103458759713334,0.0004399427914458798
mT5,Baseline,CLRR+LSR,0,467,1.6169653804478168,-0.006179561685037527
mT5,Baseline,CLRR+LSR,0,468,1.602370405780686,0.008415412982093251
mT5,Baseline,CLRR+LSR,0,469,1.6124046112103168,-0.001618792447537487
mT5,Baseline,CLRR+LSR,0,470,1.6114791097556314,-0.0006932909928520914
mT5,Baseline,CLRR+LSR,0,471,1.6142377996136386,-0.003451980850859293
mT5,Baseline,CLRR+LSR,0,472,1.6141233908876513,-0.003337572124872068
mT5,Baseline,CLRR+LSR,0,473,1.6146384577758957,-0.003852639013116388
mT5,Baseline,CLRR+LSR,0,474,1.6130317794388969,-0.0022459606761175976
mT5,Baseline,CLRR+LSR,0,475,1.6098305748729382,0.0009552438898410287
mT5,Baseline,CLRR+LSR,0,476,1.6104882673480168,0.0002975514147625091
mT5,Baseline,CLRR+LSR,0,477,1.619214142553358,-0.008428323790578673
mT5,Baseline,CLRR+LSR,0,478,1.6194485067199205,-0.008662687957141202
mT5,Baseline,CLRR+LSR,0,479,1.6132538653818065,-0.00246804661902722
mT5,Baseline,CLRR+LSR,0,480,1.6115505799175356,-0.0007647611547563216
mT5,Baseline,CLRR+LSR,0,481,1.5865380944631422,0.024247724299637063
mT5,Baseline,CLRR+LSR,0,482,1.608049136816656,0.0027366819461231984
mT5,Baseline,CLRR+LSR,0,483,1.609660795283646,0.0011250234791333469
mT5,Baseline,CLRR+LSR,0,484,1.6127424286846237,-0.001956609921844432
mT5,Baseline,CLRR+LSR,0,485,1.6032152137765756,0.007570604986203655
mT5,Baseline,CLRR+LSR,0,486,1.6138434730663276,-0.0030576543035483184
mT5,Baseline,CLRR+LSR,0,487,1.6145432416361212,-0.003757422873341909
mT5,Baseline,CLRR+LSR,0,488,1.6159238502434254,-0.005138031480646177
mT5,Baseline,CLRR+LSR,0,489,1.6098260342632953,0.0009597844994839733
mT5,Baseline,CLRR+LSR,0,490,1.6129947813415395,-0.002208962578760243
mT5,Baseline,CLRR+LSR,0,491,1.6276552286693962,-0.016869409906616895
mT5,Baseline,CLRR+LSR,0,492,1.6125112683940568,-0.0017254496312775203
mT5,Baseline,CLRR+LSR,0,493,1.6144298326182147,-0.003644013855435446
mT5,Baseline,CLRR+LSR,0,494,1.6133898585751156,-0.0026040398123363673
mT5,Baseline,CLRR+LSR,0,495,1.6133029298111747,-0.0025171110483954706
mT5,Baseline,CLRR+LSR,0,496,1.6102800830909016,0.0005057356718776163
mT5,Baseline,CLRR+LSR,0,497,1.6125693674988968,-0.001783548736117524
mT5,Baseline,CLRR+LSR,0,498,1.613325219721263,-0.0025394009584838173
mT5,Baseline,CLRR+LSR,0,499,1.6120632032677333,-0.001277384504954071
mT5,Baseline,CLRR+LSR,0,500,1.615526363894248,-0.004740545131468821
mT5,Baseline,CLRR+LSR,0,501,1.6080918016738757,0.0026940170889035997
mT5,Baseline,CLRR+LSR,0,502,1.6125944520760456,-0.0018086333132663057
mT5,Baseline,CLRR+LSR,0,503,1.6132495151596995,-0.002463696396920234
mT5,Baseline,CLRR+LSR,0,504,1.6127464876232258,-0.001960668860446546
mT5,Baseline,CLRR+LSR,0,505,1.6104026213708202,0.0003831973919590226
mT5,Baseline,CLRR+LSR,0,506,1.6133660630910782,-0.002580244328298953
mT5,Baseline,CLRR+LSR,0,507,1.61331201839445,-0.002526199631670778
mT5,Baseline,CLRR+LSR,0,508,1.613725783417789,-0.0029399646550096747
mT5,Baseline,CLRR+LSR,0,509,1.6109757115661099,-0.00018989280333059355
mT5,Baseline,CLRR+LSR,0,510,1.6145950196231835,-0.0038092008604042604
mT5,Baseline,CLRR+LSR,0,511,1.6127382322692805,-0.001952413506501216
mT5,Baseline,CLRR+LSR,0,512,1.6128495322576057,-0.00206371349482648
mT5,Baseline,CLRR+LSR,0,513,1.6136065458438367,-0.002820727081057406
mT5,Baseline,CLRR+LSR,0,514,1.5852616765140128,0.025524142248766424
mT5,Baseline,CLRR+LSR,0,515,1.6132632442190964,-0.0024774254563171283
mT5,Baseline,CLRR+LSR,0,516,1.6134277493142761,-0.0026419305514968627
mT5,Baseline,CLRR+LSR,0,517,1.6099989613986736,0.0007868573641056642
mT5,Baseline,CLRR+LSR,0,518,1.613037114213932,-0.0022512954511526573
mT5,Baseline,CLRR+LSR,0,519,1.6129208519535903,-0.0021350331908109865
mT5,Baseline,CLRR+LSR,0,520,1.6114887077123452,-0.0007028889495659385
mT5,Baseline,CLRR+LSR,0,521,1.6136026711242257,-0.0028168523614464647
mT5,Baseline,CLRR+LSR,0,522,1.601956162322253,0.008829656440526357
mT5,Baseline,CLRR+LSR,0,523,1.612337144837114,-0.0015513260743347246
mT5,Baseline,CLRR+LSR,0,524,1.6138288499529096,-0.0030430311901303853
mT5,Baseline,CLRR+LSR,0,525,1.6135524536232362,-0.002766634860456918
mT5,Baseline,CLRR+LSR,0,526,1.6148794815556835,-0.00409366279290424
mT5,Baseline,CLRR+LSR,0,527,1.601552740313779,0.009233078449000232
mT5,Baseline,CLRR+LSR,0,528,1.6092343639826954,0.001551454780083894
mT5,Baseline,CLRR+LSR,0,529,1.6140603445573776,-0.003274525794598304
mT5,Baseline,CLRR+LSR,0,530,1.612235537976562,-0.0014497192137827852
mT5,Baseline,CLRR+LSR,0,531,1.5981380053211813,0.012647813441597933
mT5,Baseline,CLRR+LSR,0,532,1.602937666019093,0.00784815274368622
mT5,Baseline,CLRR+LSR,0,533,1.6127914124537952,-0.002005593691015939
mT5,Baseline,CLRR+LSR,0,534,1.6138825966491996,-0.0030967778864203765
mT5,Baseline,CLRR+LSR,0,535,1.61286286204931,-0.0020770432865306887
mT5,Baseline,CLRR+LSR,0,536,1.6131425016672134,-0.0023566829044341375
mT5,Baseline,CLRR+LSR,0,537,1.6158184030242708,-0.005032584261491557
mT5,Baseline,CLRR+LSR,0,538,1.6136015368912844,-0.002815718128505118
mT5,Baseline,CLRR+LSR,0,539,1.6052271221244148,0.005558696638364502
mT5,Baseline,CLRR+LSR,0,540,1.602421638099754,0.008364180663025245
mT5,Baseline,CLRR+LSR,0,541,1.6144337772563118,-0.0036479584935324993
mT5,Baseline,CLRR+LSR,0,542,1.613775495902198,-0.002989677139418667
mT5,Baseline,CLRR+LSR,0,543,1.56877085008131,0.042014968681469256
mT5,Baseline,CLRR+LSR,0,544,1.600219807157547,0.010566011605232184
mT5,Baseline,CLRR+LSR,0,545,1.6128059216136812,-0.002020102850901928
mT5,Baseline,CLRR+LSR,0,546,1.6122802243225687,-0.0014944055597894135
mT5,Baseline,CLRR+LSR,0,547,1.6128139153614969,-0.0020280965987176103
mT5,Baseline,CLRR+LSR,0,548,1.6138288499529096,-0.0030430311901303853
mT5,Baseline,CLRR+LSR,0,549,1.6105599854745973,0.00022583328818193138
mT5,Baseline,CLRR+LSR,0,550,1.6150269379039228,-0.004241119141143557
mT5,Baseline,CLRR+LSR,0,551,1.6169263144874453,-0.0061404957246660175
mT5,Baseline,CLRR+LSR,0,552,1.6128178526771073,-0.0020320339143280464
mT5,Baseline,CLRR+LSR,0,553,1.6062188313485644,0.004566987414214907
mT5,Baseline,CLRR+LSR,0,554,1.6074693054345452,0.0033165133282340165
mT5,Baseline,CLRR+LSR,0,555,1.6143463100413076,-0.0035604912785283105
mT5,Baseline,CLRR+LSR,0,556,1.6135433625358537,-0.0027575437730744667
mT5,Baseline,CLRR+LSR,0,557,1.6152734895524974,-0.004487670789718123
mT5,Baseline,CLRR+LSR,0,558,1.62459422303552,-0.01380840427274066
mT5,Baseline,CLRR+LSR,0,559,1.61436335265212,-0.0035775338893406783
mT5,Baseline,CLRR+LSR,0,560,1.6086075906943673,0.002178228068411947
mT5,Baseline,CLRR+LSR,0,561,1.614069441255877,-0.00328362249309766
mT5,Baseline,CLRR+LSR,0,562,1.6127914124537952,-0.002005593691015939
mT5,Baseline,CLRR+LSR,0,563,1.614451537511333,-0.0036657187485538145
mT5,Baseline,CLRR+LSR,0,564,1.6118184036837278,-0.0010325849209484872
mT5,Baseline,CLRR+LSR,0,565,1.6103948705610431,0.0003909482017361299
mT5,Baseline,CLRR+LSR,0,566,1.6151695649869797,-0.004383746224200458
mT5,Baseline,CLRR+LSR,0,567,1.6108040602030798,-1.8241440300492684e-05
mT5,Baseline,CLRR+LSR,0,568,1.608157962382144,0.0026278563806352295
mT5,Baseline,CLRR+LSR,0,569,1.6039189540844783,0.006866864678300999
mT5,Baseline,CLRR+LSR,0,570,1.6125736167827291,-0.0017877980199498822
mT5,Baseline,CLRR+LSR,0,571,1.597934463130473,0.012851355632306216
mT5,Baseline,CLRR+LSR,0,572,1.6129789794512597,-0.002193160688480411
mT5,Baseline,CLRR+LSR,0,573,1.610667899488063,0.00011791927471627162
mT5,Baseline,CLRR+LSR,0,574,1.6132102282397671,-0.0024244094769878544
mT5,Baseline,CLRR+LSR,2,0,1.2357521138073415,-0.006161116017501023
mT5,Baseline,CLRR+LSR,2,1,1.2286522571577203,0.000938740632120183
mT5,Baseline,CLRR+LSR,2,2,1.2314825583983784,-0.001891560608537901
mT5,Baseline,CLRR+LSR,2,3,1.2319200254909384,-0.0023290277010978855
mT5,Baseline,CLRR+LSR,2,4,1.2311350012965971,-0.0015440035067566527
mT5,Baseline,CLRR+LSR,2,5,1.2474998157352983,-0.017908817945457844
mT5,Baseline,CLRR+LSR,2,6,1.2321015900653336,-0.0025105922754931065
mT5,Baseline,CLRR+LSR,2,7,1.2323349085498072,-0.0027439107599667167
mT5,Baseline,CLRR+LSR,2,8,1.2311296964032037,-0.0015386986133631986
mT5,Baseline,CLRR+LSR,2,9,1.2262034572693934,0.0033875405204470965
mT5,Baseline,CLRR+LSR,2,10,1.2324312395092933,-0.0028402417194528518
mT5,Baseline,CLRR+LSR,2,11,1.229646148964918,-5.515117507748357e-05
mT5,Baseline,CLRR+LSR,2,12,1.2335116607177778,-0.003920662927937357
mT5,Baseline,CLRR+LSR,2,13,1.2261932989680733,0.0033976988217672144
mT5,Baseline,CLRR+LSR,2,14,1.2298118364406703,-0.00022083865082977994
mT5,Baseline,CLRR+LSR,2,15,1.2246985864609452,0.004892411328895285
mT5,Baseline,CLRR+LSR,2,16,1.231095370250912,-0.0015043724610714904
mT5,Baseline,CLRR+LSR,2,17,1.2294520468742216,0.00013895091561888506
mT5,Baseline,CLRR+LSR,2,18,1.230832514798382,-0.0012415170085415816
mT5,Baseline,CLRR+LSR,2,19,1.2231844454433562,0.00640655234648424
mT5,Baseline,CLRR+LSR,2,20,1.2323861903163515,-0.002795192526511059
mT5,Baseline,CLRR+LSR,2,21,1.2301820269583081,-0.0005910291684676494
mT5,Baseline,CLRR+LSR,2,22,1.2191929314070005,0.010398066382840021
mT5,Baseline,CLRR+LSR,2,23,1.2310621108160666,-0.0014711130262261563
mT5,Baseline,CLRR+LSR,2,24,1.2315226567450752,-0.0019316589552347274
mT5,Baseline,CLRR+LSR,2,25,1.231349388242978,-0.001758390453137526
mT5,Baseline,CLRR+LSR,2,26,1.2323046644583409,-0.0027136666685003696
mT5,Baseline,CLRR+LSR,2,27,1.2301566707971148,-0.000565673007274281
mT5,Baseline,CLRR+LSR,2,28,1.2319231088385107,-0.00233211104867026
mT5,Baseline,CLRR+LSR,2,29,1.2305099999134579,-0.0009190021236173962
mT5,Baseline,CLRR+LSR,2,30,1.2308445846395748,-0.0012535868497343117
mT5,Baseline,CLRR+LSR,2,31,1.2311023639437662,-0.001511366153925664
mT5,Baseline,CLRR+LSR,2,32,1.2307038039168745,-0.0011128061270340162
mT5,Baseline,CLRR+LSR,2,33,1.2309123381112816,-0.0013213403214411557
mT5,Baseline,CLRR+LSR,2,34,1.2326043389799661,-0.00301334119012564
mT5,Baseline,CLRR+LSR,2,35,1.2314031064689592,-0.0018121086791187402
mT5,Baseline,CLRR+LSR,2,36,1.2310928464630608,-0.0015018486732203407
mT5,Baseline,CLRR+LSR,2,37,1.2117743882433518,0.01781660954648867
mT5,Baseline,CLRR+LSR,2,38,1.2310928464630608,-0.0015018486732203407
mT5,Baseline,CLRR+LSR,2,39,1.2356599747279495,-0.006068976938109039
mT5,Baseline,CLRR+LSR,2,40,1.2311461697656862,-0.0015551719758457594
mT5,Baseline,CLRR+LSR,2,41,1.231581433497848,-0.0019904357080076096
mT5,Baseline,CLRR+LSR,2,42,1.2320123179420035,-0.002421320152163009
mT5,Baseline,CLRR+LSR,2,43,1.2293320997667192,0.00025889802312129007
mT5,Baseline,CLRR+LSR,2,44,1.2312267934414654,-0.0016357956516248606
mT5,Baseline,CLRR+LSR,2,45,1.2312685654135858,-0.0016775676237452686
mT5,Baseline,CLRR+LSR,2,46,1.2307561097178619,-0.0011651119280213784
mT5,Baseline,CLRR+LSR,2,47,1.2311486009017845,-0.0015576031119439726
mT5,Baseline,CLRR+LSR,2,48,1.2193256183390813,0.010265379450759227
mT5,Baseline,CLRR+LSR,2,49,1.217332198249336,0.012258799540504572
mT5,Baseline,CLRR+LSR,2,50,1.238334460423581,-0.008743462633740595
mT5,Baseline,CLRR+LSR,2,51,1.2088679555880097,0.020723042201830744
mT5,Baseline,CLRR+LSR,2,52,1.2310163054718326,-0.0014253076819921162
mT5,Baseline,CLRR+LSR,2,53,1.2311416689954,-0.0015506712055595173
mT5,Baseline,CLRR+LSR,2,54,1.2313150516138536,-0.0017240538240130832
mT5,Baseline,CLRR+LSR,2,55,1.2311089919401206,-0.0015179941502800887
mT5,Baseline,CLRR+LSR,2,56,1.2324797889248078,-0.0028887911349673168
mT5,Baseline,CLRR+LSR,2,57,1.2323866739363765,-0.0027956761465359747
mT5,Baseline,CLRR+LSR,2,58,1.2255958465054086,0.0039951512844318415
mT5,Baseline,CLRR+LSR,2,59,1.2294520468742216,0.00013895091561888506
mT5,Baseline,CLRR+LSR,2,60,1.2162574070322503,0.013333590757590219
mT5,Baseline,CLRR+LSR,2,61,1.230061421929284,-0.0004704241394435371
mT5,Baseline,CLRR+LSR,2,62,1.2310098128018785,-0.0014188150120379994
mT5,Baseline,CLRR+LSR,2,63,1.2310468018444989,-0.001455804054658394
mT5,Baseline,CLRR+LSR,2,64,1.2362739354770436,-0.006682937687203072
mT5,Baseline,CLRR+LSR,2,65,1.2320835546576587,-0.002492556867818241
mT5,Baseline,CLRR+LSR,2,66,1.215436997722747,0.014154000067093442
mT5,Baseline,CLRR+LSR,2,67,1.231695975895747,-0.0021049781059065964
mT5,Baseline,CLRR+LSR,2,68,1.2311491200108615,-0.00155812222102103
mT5,Baseline,CLRR+LSR,2,69,1.2312685654135858,-0.0016775676237452686
mT5,Baseline,CLRR+LSR,2,70,1.2332355490339895,-0.0036445512441489747
mT5,Baseline,CLRR+LSR,2,71,1.2290279269395872,0.000563070850253311
mT5,Baseline,CLRR+LSR,2,72,1.2306297754104065,-0.0010387776205660337
mT5,Baseline,CLRR+LSR,2,73,1.2289476331050952,0.0006433646847452401
mT5,Baseline,CLRR+LSR,2,74,1.2283361014701448,0.0012548963196956642
mT5,Baseline,CLRR+LSR,2,75,1.2322173598290678,-0.0026263620392272813
mT5,Baseline,CLRR+LSR,2,76,1.2330850068861365,-0.003494009096296047
mT5,Baseline,CLRR+LSR,2,77,1.2303260315530538,-0.0007350337632132664
mT5,Baseline,CLRR+LSR,2,78,1.2307491316829737,-0.0011581338931332397
mT5,Baseline,CLRR+LSR,2,79,1.2273909002146937,0.002200097575146831
mT5,Baseline,CLRR+LSR,2,80,1.2313500394552834,-0.0017590416654429397
mT5,Baseline,CLRR+LSR,2,81,1.2289907928138732,0.0006002049759672445
mT5,Baseline,CLRR+LSR,2,82,1.2263144400007793,0.0032765577890612185
mT5,Baseline,CLRR+LSR,2,83,1.2315763899296246,-0.0019853921397841034
mT5,Baseline,CLRR+LSR,2,84,1.2350424940514055,-0.0054514962615650475
mT5,Baseline,CLRR+LSR,2,85,1.2318792479176852,-0.0022882501278447265
mT5,Baseline,CLRR+LSR,2,86,1.2275750821629647,0.0020159156268757528
mT5,Baseline,CLRR+LSR,2,87,1.2311360944419625,-0.001545096652121991
mT5,Baseline,CLRR+LSR,2,88,1.2314781999393847,-0.001887202149544187
mT5,Baseline,CLRR+LSR,2,89,1.236733829951171,-0.007142832161330492
mT5,Baseline,CLRR+LSR,2,90,1.2296726793174395,-8.168152759902014e-05
mT5,Baseline,CLRR+LSR,2,91,1.2326089205279636,-0.003017922738123069
mT5,Baseline,CLRR+LSR,2,92,1.231740476356388,-0.002149478566547458
mT5,Baseline,CLRR+LSR,2,93,1.2286106775735472,0.00098032021629324
mT5,Baseline,CLRR+LSR,2,94,1.2316419294405554,-0.0020509316507149045
mT5,Baseline,CLRR+LSR,2,95,1.2316928935454965,-0.0021018957556560025
mT5,Baseline,CLRR+LSR,2,96,1.2233463655811407,0.006244632208699752
mT5,Baseline,CLRR+LSR,2,97,1.2311514863047854,-0.0015604885149449466
mT5,Baseline,CLRR+LSR,2,98,1.2311779076425866,-0.0015869098527461212
mT5,Baseline,CLRR+LSR,2,99,1.2310585618873588,-0.001467564097518359
mT5,Baseline,CLRR+LSR,2,100,1.2307610776894258,-0.0011700798995852857
mT5,Baseline,CLRR+LSR,2,101,1.2295027723615308,8.822542830966285e-05
mT5,Baseline,CLRR+LSR,2,102,1.2260701462894787,0.0035208515003617435
mT5,Baseline,CLRR+LSR,2,103,1.231793576427227,-0.0022025786373864875
mT5,Baseline,CLRR+LSR,2,104,1.2322715053598428,-0.0026805075700022662
mT5,Baseline,CLRR+LSR,2,105,1.2246881839280563,0.00490281386178415
mT5,Baseline,CLRR+LSR,2,106,1.231561113486889,-0.0019701156970484135
mT5,Baseline,CLRR+LSR,2,107,1.231011229454574,-0.0014202316647335955
mT5,Baseline,CLRR+LSR,2,108,1.227311078617956,0.0022799191718845258
mT5,Baseline,CLRR+LSR,2,109,1.225640637871063,0.003950359918777568
mT5,Baseline,CLRR+LSR,2,110,1.2312370750177157,-0.0016460772278752422
mT5,Baseline,CLRR+LSR,2,111,1.2296395129089266,-4.8515119086101066e-05
mT5,Baseline,CLRR+LSR,2,112,1.2262825952026946,0.003308402587145931
mT5,Baseline,CLRR+LSR,2,113,1.231356201692424,-0.001765203902583501
mT5,Baseline,CLRR+LSR,2,114,1.2311538239507933,-0.0015628261609528238
mT5,Baseline,CLRR+LSR,2,115,1.2312685654135858,-0.0016775676237452686
mT5,Baseline,CLRR+LSR,2,116,1.226412365751398,0.003178632038442597
mT5,Baseline,CLRR+LSR,2,117,1.2316151076097257,-0.0020241098198852114
mT5,Baseline,CLRR+LSR,2,118,1.234127474310212,-0.00453647652037148
mT5,Baseline,CLRR+LSR,2,119,1.231574997987933,-0.001984000198092417
mT5,Baseline,CLRR+LSR,2,120,1.2318292249296645,-0.0022382271398240228
mT5,Baseline,CLRR+LSR,2,121,1.227394351302351,0.0021966464874894065
mT5,Baseline,CLRR+LSR,2,122,1.2312685654135858,-0.0016775676237452686
mT5,Baseline,CLRR+LSR,2,123,1.2346501940836379,-0.005059196293797363
mT5,Baseline,CLRR+LSR,2,124,1.218591718169551,0.01099927962028957
mT5,Baseline,CLRR+LSR,2,125,1.2303252529670536,-0.00073425517721315
mT5,Baseline,CLRR+LSR,2,126,1.2336938801260469,-0.0041028823362063704
mT5,Baseline,CLRR+LSR,2,127,1.2319978540021412,-0.0024068562123007453
mT5,Baseline,CLRR+LSR,2,128,1.2362208867643059,-0.00662988897446537
mT5,Baseline,CLRR+LSR,2,129,1.228171104195082,0.00141989359475847
mT5,Baseline,CLRR+LSR,2,130,1.2383637853639722,-0.00877278757413169
mT5,Baseline,CLRR+LSR,2,131,1.233671604637359,-0.004080606847518542
mT5,Baseline,CLRR+LSR,2,132,1.2405452834771311,-0.010954285687290621
mT5,Baseline,CLRR+LSR,2,133,1.2313670151893001,-0.0017760173994596506
mT5,Baseline,CLRR+LSR,2,134,1.2310067336005015,-0.0014157358106610118
mT5,Baseline,CLRR+LSR,2,135,1.2280736589360317,0.0015173388538087806
mT5,Baseline,CLRR+LSR,2,136,1.2320975644947585,-0.0025065667049180007
mT5,Baseline,CLRR+LSR,2,137,1.2255457911346634,0.004045206655177047
mT5,Baseline,CLRR+LSR,2,138,1.2310600771057234,-0.0014690793158829152
mT5,Baseline,CLRR+LSR,2,139,1.229383384436681,0.00020761335315944152
mT5,Baseline,CLRR+LSR,2,140,1.2319105213542998,-0.0023195235644593026
mT5,Baseline,CLRR+LSR,2,141,1.2206139891275338,0.008977008662306663
mT5,Baseline,CLRR+LSR,2,142,1.2312685654135858,-0.0016775676237452686
mT5,Baseline,CLRR+LSR,2,143,1.2338669926453036,-0.00427599485546315
mT5,Baseline,CLRR+LSR,2,144,1.233055380711367,-0.003464382921526621
mT5,Baseline,CLRR+LSR,2,145,1.2314438530426624,-0.0018528552528218611
mT5,Baseline,CLRR+LSR,2,146,1.2310596876358777,-0.0014686898460372078
mT5,Baseline,CLRR+LSR,2,147,1.225454057103451,0.00413694068638959
mT5,Baseline,CLRR+LSR,2,148,1.2212161485705866,0.00837484921925391
mT5,Baseline,CLRR+LSR,2,149,1.2291523306010008,0.0004386671888396698
mT5,Baseline,CLRR+LSR,2,150,1.2309730050767698,-0.0013820072869292765
mT5,Baseline,CLRR+LSR,2,151,1.2190989801076966,0.010492017682143917
mT5,Baseline,CLRR+LSR,2,152,1.2315325536244748,-0.0019415558346342898
mT5,Baseline,CLRR+LSR,2,153,1.2333829992164675,-0.0037920014266270563
mT5,Baseline,CLRR+LSR,2,154,1.2315375962205621,-0.0019465984307216466
mT5,Baseline,CLRR+LSR,2,155,1.2307308809933604,-0.0011398832035198758
mT5,Baseline,CLRR+LSR,2,156,1.2249428889193745,0.004648108870465961
mT5,Baseline,CLRR+LSR,2,157,1.2317706918823141,-0.0021796940924736496
mT5,Baseline,CLRR+LSR,2,158,1.2320365983795152,-0.00244560058967469
mT5,Baseline,CLRR+LSR,2,159,1.2157766243781243,0.013814373411716208
mT5,Baseline,CLRR+LSR,2,160,1.2286409934571192,0.0009500043327212992
mT5,Baseline,CLRR+LSR,2,161,1.2317859958134716,-0.0021949980236311006
mT5,Baseline,CLRR+LSR,2,162,1.2316570569746328,-0.0020660591847923016
mT5,Baseline,CLRR+LSR,2,163,1.2334782209737885,-0.003887223183947963
mT5,Baseline,CLRR+LSR,2,164,1.230922225681594,-0.0013312278917534393
mT5,Baseline,CLRR+LSR,2,165,1.2312341892817456,-0.0016431914919050605
mT5,Baseline,CLRR+LSR,2,166,1.232562275258327,-0.0029712774684864662
mT5,Baseline,CLRR+LSR,2,167,1.2255541744577716,0.004036823332068895
mT5,Baseline,CLRR+LSR,2,168,1.2269626574305121,0.0026283403593283516
mT5,Baseline,CLRR+LSR,2,169,1.2312170796932804,-0.0016260819034399354
mT5,Baseline,CLRR+LSR,2,170,1.2091803053029162,0.020410692486924287
mT5,Baseline,CLRR+LSR,2,171,1.2318665785135043,-0.0022755807236638503
mT5,Baseline,CLRR+LSR,2,172,1.2308022120304605,-0.0012112142406199844
mT5,Baseline,CLRR+LSR,2,173,1.230802839709813,-0.0012118419199724784
mT5,Baseline,CLRR+LSR,2,174,1.2314339574745414,-0.00184295968470094
mT5,Baseline,CLRR+LSR,2,175,1.2304512017568978,-0.0008602039670573269
mT5,Baseline,CLRR+LSR,2,176,1.2331325605331331,-0.0035415627432926478
mT5,Baseline,CLRR+LSR,2,177,1.231485820378658,-0.0018948225888175685
mT5,Baseline,CLRR+LSR,2,178,1.2316541749571592,-0.0020631771673187416
mT5,Baseline,CLRR+LSR,2,179,1.2323490278852982,-0.0027580300954577197
mT5,Baseline,CLRR+LSR,2,180,1.2178047931212959,0.011786204668544631
mT5,Baseline,CLRR+LSR,2,181,1.225512376042862,0.004078621746978595
mT5,Baseline,CLRR+LSR,2,182,1.2326502086079687,-0.0030592108181282107
mT5,Baseline,CLRR+LSR,2,183,1.231529472066307,-0.0019384742764665397
mT5,Baseline,CLRR+LSR,2,184,1.2267116960661495,0.002879301723690997
mT5,Baseline,CLRR+LSR,2,185,1.2216931828385822,0.007897814951258297
mT5,Baseline,CLRR+LSR,2,186,1.231144301562447,-0.0015533037726065402
mT5,Baseline,CLRR+LSR,2,187,1.230581582020688,-0.0009905842308475243
mT5,Baseline,CLRR+LSR,2,188,1.2335143912787805,-0.003923393488939997
mT5,Baseline,CLRR+LSR,2,189,1.232139853682653,-0.002548855892812618
mT5,Baseline,CLRR+LSR,2,190,1.2341213910577786,-0.004530393267938138
mT5,Baseline,CLRR+LSR,2,191,1.2312706087049015,-0.0016796109150609695
mT5,Baseline,CLRR+LSR,2,192,1.2314862532230548,-0.0018952554332143379
mT5,Baseline,CLRR+LSR,2,193,1.23135681969879,-0.001765821908949583
mT5,Baseline,CLRR+LSR,2,194,1.2317521670260003,-0.0021611692361598323
mT5,Baseline,CLRR+LSR,2,195,1.2333360983077664,-0.00374510051792587
mT5,Baseline,CLRR+LSR,2,196,1.23161937689766,-0.0020283791078195
mT5,Baseline,CLRR+LSR,2,197,1.2279570535370214,0.0016339442528190418
mT5,Baseline,CLRR+LSR,2,198,1.2314907657863352,-0.0018997679964947167
mT5,Baseline,CLRR+LSR,2,199,1.2309388894008508,-0.0013478916110103434
mT5,Baseline,CLRR+LSR,2,200,1.2169440178765702,0.01264697991327024
mT5,Baseline,CLRR+LSR,2,201,1.2318751260981542,-0.0022841283083137043
mT5,Baseline,CLRR+LSR,2,202,1.2328786502142788,-0.003287652424438292
mT5,Baseline,CLRR+LSR,2,203,1.228607638947322,0.0009833588425185447
mT5,Baseline,CLRR+LSR,2,204,1.2325221161784627,-0.002931118388622256
mT5,Baseline,CLRR+LSR,2,205,1.218960248773949,0.01063074901589145
mT5,Baseline,CLRR+LSR,2,206,1.235106628948794,-0.005515631158953482
mT5,Baseline,CLRR+LSR,2,207,1.2299344821680904,-0.0003434843782499364
mT5,Baseline,CLRR+LSR,2,208,1.1980168583042112,0.03157413948562926
mT5,Baseline,CLRR+LSR,2,209,1.2296395129089266,-4.8515119086101066e-05
mT5,Baseline,CLRR+LSR,2,210,1.2334840904796467,-0.003893092689806199
mT5,Baseline,CLRR+LSR,2,211,1.2255870858124709,0.004003911977369601
mT5,Baseline,CLRR+LSR,2,212,1.2283517840502052,0.0012392137396353142
mT5,Baseline,CLRR+LSR,2,213,1.2445845841504077,-0.014993586360567246
mT5,Baseline,CLRR+LSR,2,214,1.2034624781534387,0.026128519636401837
mT5,Baseline,CLRR+LSR,2,215,1.2289907928138732,0.0006002049759672445
mT5,Baseline,CLRR+LSR,2,216,1.2312785177370733,-0.0016875199472328184
mT5,Baseline,CLRR+LSR,2,217,1.2318014474538148,-0.002210449663974323
mT5,Baseline,CLRR+LSR,2,218,1.2156557517730855,0.013935246016754999
mT5,Baseline,CLRR+LSR,2,219,1.2321353009214593,-0.002544303131618797
mT5,Baseline,CLRR+LSR,2,220,1.2298088182928701,-0.00021782050302965317
mT5,Baseline,CLRR+LSR,2,221,1.2318244480327767,-0.002233450242936197
mT5,Baseline,CLRR+LSR,2,222,1.218336602699536,0.01125439509030457
mT5,Baseline,CLRR+LSR,2,223,1.225424459125878,0.004166538663962438
mT5,Baseline,CLRR+LSR,2,224,1.2321015900653336,-0.0025105922754931065
mT5,Baseline,CLRR+LSR,2,225,1.231695975895747,-0.0021049781059065964
mT5,Baseline,CLRR+LSR,2,226,1.2316901483906215,-0.00209915060078103
mT5,Baseline,CLRR+LSR,2,227,1.226968520850693,0.002622476939147411
mT5,Baseline,CLRR+LSR,2,228,1.2313223360578291,-0.001731338267988658
mT5,Baseline,CLRR+LSR,2,229,1.2318368565032083,-0.0022458587133677987
mT5,Baseline,CLRR+LSR,2,230,1.2315359527409155,-0.0019449549510750508
mT5,Baseline,CLRR+LSR,2,231,1.2193375006422844,0.010253497147556079
mT5,Baseline,CLRR+LSR,2,232,1.230636747018703,-0.0010457492288624692
mT5,Baseline,CLRR+LSR,2,233,1.2312785177370733,-0.0016875199472328184
mT5,Baseline,CLRR+LSR,2,234,1.2156127975721893,0.013978200217651171
mT5,Baseline,CLRR+LSR,2,235,1.2316595580819243,-0.0020685602920837987
mT5,Baseline,CLRR+LSR,2,236,1.232042766233664,-0.0024517684438234433
mT5,Baseline,CLRR+LSR,2,237,1.2339854376913477,-0.00439443990150723
mT5,Baseline,CLRR+LSR,2,238,1.232952790404648,-0.003361792614807513
mT5,Baseline,CLRR+LSR,2,239,1.209807648559618,0.019783349230222402
mT5,Baseline,CLRR+LSR,2,240,1.2314407718394178,-0.001849774049577313
mT5,Baseline,CLRR+LSR,2,241,1.231182981945175,-0.0015919841553344583
mT5,Baseline,CLRR+LSR,2,242,1.2283462633896023,0.001244734400238201
mT5,Baseline,CLRR+LSR,2,243,1.2202762705955514,0.009314727194289052
mT5,Baseline,CLRR+LSR,2,244,1.2362353892895683,-0.006644391499727842
mT5,Baseline,CLRR+LSR,2,245,1.2328664245659549,-0.003275426776114365
mT5,Baseline,CLRR+LSR,2,246,1.232557895776834,-0.0029668979869934553
mT5,Baseline,CLRR+LSR,2,247,1.230883559789726,-0.0012925619998855886
mT5,Baseline,CLRR+LSR,2,248,1.2309915543828662,-0.0014005565930257369
mT5,Baseline,CLRR+LSR,2,249,1.231364122180734,-0.00177312439089361
mT5,Baseline,CLRR+LSR,2,250,1.2298444569225815,-0.0002534591327409963
mT5,Baseline,CLRR+LSR,2,251,1.2239163042149768,0.005674693574863721
mT5,Baseline,CLRR+LSR,2,252,1.2319435970550878,-0.002352599265247335
mT5,Baseline,CLRR+LSR,2,253,1.2323608207586463,-0.0027698229688057907
mT5,Baseline,CLRR+LSR,2,254,1.2314392780876555,-0.0018482802978150303
mT5,Baseline,CLRR+LSR,2,255,1.2243914723201694,0.0051995254696710624
mT5,Baseline,CLRR+LSR,2,256,1.2148522608480765,0.014738736941763975
mT5,Baseline,CLRR+LSR,2,257,1.2314438530426624,-0.0018528552528218611
mT5,Baseline,CLRR+LSR,2,258,1.2327369556925323,-0.003145957902691787
mT5,Baseline,CLRR+LSR,2,259,1.2252511665317698,0.004339831258070692
mT5,Baseline,CLRR+LSR,2,260,1.2209896062838959,0.008601391505944633
mT5,Baseline,CLRR+LSR,2,261,1.2269756891439263,0.002615308645914194
mT5,Baseline,CLRR+LSR,2,262,1.2318662625799326,-0.002275264790092102
mT5,Baseline,CLRR+LSR,2,263,1.2324383020173872,-0.002847304227546754
mT5,Baseline,CLRR+LSR,2,264,1.229758354117282,-0.00016735632744158124
mT5,Baseline,CLRR+LSR,2,265,1.2315928082979477,-0.0020018105081072157
mT5,Baseline,CLRR+LSR,2,266,1.2305785695513038,-0.0009875717614633572
mT5,Baseline,CLRR+LSR,2,267,1.2245223681516473,0.005068629638193212
mT5,Baseline,CLRR+LSR,2,268,1.2312383747336204,-0.0016473769437799213
mT5,Baseline,CLRR+LSR,2,269,1.2356050161212906,-0.0060140183314500995
mT5,Baseline,CLRR+LSR,2,270,1.23135681969879,-0.001765821908949583
mT5,Baseline,CLRR+LSR,2,271,1.229064850929674,0.0005261468601664987
mT5,Baseline,CLRR+LSR,2,272,1.2247359822379393,0.004855015551901154
mT5,Baseline,CLRR+LSR,2,273,1.231529472066307,-0.0019384742764665397
mT5,Baseline,CLRR+LSR,2,274,1.226928753021478,0.0026622447683624095
mT5,Baseline,CLRR+LSR,2,275,1.229122754198067,0.0004682435917735539
mT5,Baseline,CLRR+LSR,2,276,1.227102758012376,0.002488239777464596
mT5,Baseline,CLRR+LSR,2,277,1.2340208625531468,-0.004429864763306313
mT5,Baseline,CLRR+LSR,2,278,1.2311761703667612,-0.0015851725769207015
mT5,Baseline,CLRR+LSR,2,279,1.2305760882324006,-0.0009850904425601215
mT5,Baseline,CLRR+LSR,2,280,1.2316541749571592,-0.0020631771673187416
mT5,Baseline,CLRR+LSR,2,281,1.2108164131177377,0.0187745846721028
mT5,Baseline,CLRR+LSR,2,282,1.2281273527722139,0.0014636450176266358
mT5,Baseline,CLRR+LSR,2,283,1.2314055401765809,-0.001814542386740392
mT5,Baseline,CLRR+LSR,2,284,1.2321696614340718,-0.002578663644231316
mT5,Baseline,CLRR+LSR,2,285,1.2309664827078373,-0.001375484917996772
mT5,Baseline,CLRR+LSR,2,286,1.231349388242978,-0.001758390453137526
mT5,Baseline,CLRR+LSR,2,287,1.231231095595303,-0.0016400978054624815
mT5,Baseline,CLRR+LSR,2,288,1.2340688466317604,-0.004477848841919929
mT5,Baseline,CLRR+LSR,2,289,1.230922225681594,-0.0013312278917534393
mT5,Baseline,CLRR+LSR,2,290,1.2316595580819243,-0.0020685602920837987
mT5,Baseline,CLRR+LSR,2,291,1.227271166673217,0.002319831116623483
mT5,Baseline,CLRR+LSR,2,292,1.2295496898962517,4.130789358880449e-05
mT5,Baseline,CLRR+LSR,2,293,1.237699869539716,-0.008108871749875401
mT5,Baseline,CLRR+LSR,2,294,1.233206497421226,-0.0036154996313855214
mT5,Baseline,CLRR+LSR,2,295,1.2295858364430163,5.161346824156254e-06
mT5,Baseline,CLRR+LSR,2,296,1.2314519780639297,-0.0018609802740892079
mT5,Baseline,CLRR+LSR,2,297,1.225291641965438,0.00429935582440244
mT5,Baseline,CLRR+LSR,2,298,1.2291599605838024,0.0004310372060380985
mT5,Baseline,CLRR+LSR,2,299,1.231378674332706,-0.0017876765428654906
mT5,Baseline,CLRR+LSR,2,300,1.2185540002668893,0.011036997522951175
mT5,Baseline,CLRR+LSR,2,301,1.232611377803154,-0.003020380013313506
mT5,Baseline,CLRR+LSR,2,302,1.2360858078020254,-0.006494810012184882
mT5,Baseline,CLRR+LSR,2,303,1.2314956027326676,-0.0019046049428270706
mT5,Baseline,CLRR+LSR,2,304,1.2317409576967777,-0.0021499599069372266
mT5,Baseline,CLRR+LSR,2,305,1.2309592081078442,-0.0013682103180037153
mT5,Baseline,CLRR+LSR,2,306,1.2365672086553898,-0.006976210865549337
mT5,Baseline,CLRR+LSR,2,307,1.227441191280862,0.002149806508978447
mT5,Baseline,CLRR+LSR,2,308,1.2246427155194488,0.0049482822703916796
mT5,Baseline,CLRR+LSR,2,309,1.2225492855198166,0.007041712270023925
mT5,Baseline,CLRR+LSR,2,310,1.2236071008991414,0.005983896890699114
mT5,Baseline,CLRR+LSR,2,311,1.2309278020537526,-0.0013368042639121391
mT5,Baseline,CLRR+LSR,2,312,1.227867793450554,0.0017232043392865215
mT5,Baseline,CLRR+LSR,2,313,1.2311391742152518,-0.001548176425411274
mT5,Baseline,CLRR+LSR,2,314,1.2313129990046616,-0.0017220012148211339
mT5,Baseline,CLRR+LSR,2,315,1.1992125681118968,0.030378429677943686
mT5,Baseline,CLRR+LSR,2,316,1.2330823419171648,-0.003491344127324325
mT5,Baseline,CLRR+LSR,2,317,1.2307614158096651,-0.0011704180198246483
mT5,Baseline,CLRR+LSR,2,318,1.2309191469087635,-0.0013281491189229833
mT5,Baseline,CLRR+LSR,2,319,1.2325282884715172,-0.0029372906816766964
mT5,Baseline,CLRR+LSR,2,320,1.2338077053864387,-0.0042167075965982015
mT5,Baseline,CLRR+LSR,2,321,1.2306229327664808,-0.0010319349766403363
mT5,Baseline,CLRR+LSR,2,322,1.2305008330463019,-0.0009098352564613776
mT5,Baseline,CLRR+LSR,2,323,1.2319597256231312,-0.0023687278332906736
mT5,Baseline,CLRR+LSR,2,324,1.233855840284237,-0.004264842494396515
mT5,Baseline,CLRR+LSR,2,325,1.2266262332932683,0.0029647644965722364
mT5,Baseline,CLRR+LSR,2,326,1.2389896960323994,-0.0093986982425589
mT5,Baseline,CLRR+LSR,2,327,1.2333716165471595,-0.003780618757319054
mT5,Baseline,CLRR+LSR,2,328,1.2319128435525473,-0.0023218457627067757
mT5,Baseline,CLRR+LSR,2,329,1.2322570374230022,-0.0026660396331616987
mT5,Baseline,CLRR+LSR,2,330,1.2202315480271944,0.009359449762646133
mT5,Baseline,CLRR+LSR,2,331,1.232518716394849,-0.0029277186050085113
mT5,Baseline,CLRR+LSR,2,332,1.2305760882324006,-0.0009850904425601215
mT5,Baseline,CLRR+LSR,2,333,1.2322551261579053,-0.002664128368064844
mT5,Baseline,CLRR+LSR,2,334,1.2263221065320447,0.0032688912577958362
mT5,Baseline,CLRR+LSR,2,335,1.2333027453231389,-0.003711747533298393
mT5,Baseline,CLRR+LSR,2,336,1.2325282884715172,-0.0029372906816766964
mT5,Baseline,CLRR+LSR,2,337,1.210745725663699,0.0188452721261414
mT5,Baseline,CLRR+LSR,2,338,1.2317778484870372,-0.002186850697196707
mT5,Baseline,CLRR+LSR,2,339,1.2315758113242143,-0.0019848135343738527
mT5,Baseline,CLRR+LSR,2,340,1.2326207065270278,-0.003029708737187331
mT5,Baseline,CLRR+LSR,2,341,1.232042766233664,-0.0024517684438234433
mT5,Baseline,CLRR+LSR,2,342,1.2341623135943132,-0.004571315804472675
mT5,Baseline,CLRR+LSR,2,343,1.2094394648849716,0.02015153290486893
mT5,Baseline,CLRR+LSR,2,344,1.2300229220847836,-0.0004319242949430979
mT5,Baseline,CLRR+LSR,2,345,1.2294730894515737,0.00011790833826674785
mT5,Baseline,CLRR+LSR,2,346,1.2320465032510879,-0.002455505461247398
mT5,Baseline,CLRR+LSR,2,347,1.2318684977524184,-0.002277499962577867
mT5,Baseline,CLRR+LSR,2,348,1.2362258259722028,-0.0066348281823622735
mT5,Baseline,CLRR+LSR,2,349,1.22593228968746,0.003658708102380448
mT5,Baseline,CLRR+LSR,2,350,1.2302328211629217,-0.0006418233730811629
mT5,Baseline,CLRR+LSR,2,351,1.2276209977379797,0.001970000051860765
mT5,Baseline,CLRR+LSR,2,352,1.2323082847643354,-0.0027172869744949146
mT5,Baseline,CLRR+LSR,2,353,1.2317805927649652,-0.00218959497512472
mT5,Baseline,CLRR+LSR,2,354,1.2325282884715172,-0.0029372906816766964
mT5,Baseline,CLRR+LSR,2,355,1.2319102623550684,-0.0023192645652279076
mT5,Baseline,CLRR+LSR,2,356,1.2172112760169354,0.012379721772905139
mT5,Baseline,CLRR+LSR,2,357,1.228338660232208,0.0012523375576325435
mT5,Baseline,CLRR+LSR,2,358,1.2317441050721127,-0.0021531072822722486
mT5,Baseline,CLRR+LSR,2,359,1.2374166360462677,-0.007825638256427236
mT5,Baseline,CLRR+LSR,2,360,1.2322960616365908,-0.0027050638467502885
mT5,Baseline,CLRR+LSR,2,361,1.203293519541254,0.026297478248586525
mT5,Baseline,CLRR+LSR,2,362,1.231511069880074,-0.0019200720902334822
mT5,Baseline,CLRR+LSR,2,363,1.231825820749349,-0.002234822959508609
mT5,Baseline,CLRR+LSR,2,364,1.2301262387954108,-0.0005352410055703416
mT5,Baseline,CLRR+LSR,2,365,1.2316151076097257,-0.0020241098198852114
mT5,Baseline,CLRR+LSR,2,366,1.2315139950495135,-0.0019229972596730427
mT5,Baseline,CLRR+LSR,2,367,1.231655866330812,-0.002064868540971432
mT5,Baseline,CLRR+LSR,2,368,1.2313247069593163,-0.0017337091694757945
mT5,Baseline,CLRR+LSR,2,369,1.2275664855718444,0.002024512217996044
mT5,Baseline,CLRR+LSR,2,370,1.2211099877508804,0.008481010038960068
mT5,Baseline,CLRR+LSR,2,371,1.2314814724592864,-0.0018904746694459185
mT5,Baseline,CLRR+LSR,2,372,1.234575224374765,-0.004984226584924478
mT5,Baseline,CLRR+LSR,2,373,1.2181735761593124,0.011417421630528057
mT5,Baseline,CLRR+LSR,2,374,1.2336906761835356,-0.004099678393695072
mT5,Baseline,CLRR+LSR,2,375,1.2313379327694394,-0.0017469349795988798
mT5,Baseline,CLRR+LSR,2,376,1.2317398238343302,-0.002148826044489738
mT5,Baseline,CLRR+LSR,2,377,1.22971578429236,-0.00012478650251956935
mT5,Baseline,CLRR+LSR,2,378,1.23065594103134,-0.0010649432414995275
mT5,Baseline,CLRR+LSR,2,379,1.231837432581655,-0.002246434791814522
mT5,Baseline,CLRR+LSR,2,380,1.2308571045158176,-0.0012661067259771563
mT5,Baseline,CLRR+LSR,2,381,1.235987348677904,-0.006396350888063562
mT5,Baseline,CLRR+LSR,2,382,1.2308763008186472,-0.0012853030288066947
mT5,Baseline,CLRR+LSR,2,383,1.234203481175689,-0.00461248338584852
mT5,Baseline,CLRR+LSR,2,384,1.2317280973572933,-0.0021370995674527826
mT5,Baseline,CLRR+LSR,2,385,1.2249560806770283,0.004634917112812165
mT5,Baseline,CLRR+LSR,2,386,1.2184635754751398,0.011127422314700652
mT5,Baseline,CLRR+LSR,2,387,1.2321791787146315,-0.0025881809247909615
mT5,Baseline,CLRR+LSR,2,388,1.2319633832938224,-0.0023723855039818886
mT5,Baseline,CLRR+LSR,2,389,1.2399439590686439,-0.010352961278803363
mT5,Baseline,CLRR+LSR,2,390,1.2313223360578291,-0.001731338267988658
mT5,Baseline,CLRR+LSR,2,391,1.2315269398656272,-0.001935942075786734
mT5,Baseline,CLRR+LSR,2,392,1.2261475770768886,0.0034434207129518946
mT5,Baseline,CLRR+LSR,2,393,1.231649450939209,-0.0020584531493685887
mT5,Baseline,CLRR+LSR,2,394,1.2282597446323273,0.0013312531575131459
mT5,Baseline,CLRR+LSR,2,395,1.2256417868655682,0.003949210924272251
mT5,Baseline,CLRR+LSR,2,396,1.2323452068956406,-0.002754209105800154
mT5,Baseline,CLRR+LSR,2,397,1.2312997519586202,-0.0017087541687796914
mT5,Baseline,CLRR+LSR,2,398,1.2299888189165085,-0.0003978211266679743
mT5,Baseline,CLRR+LSR,2,399,1.232640126879025,-0.0030491290891845324
mT5,Baseline,CLRR+LSR,2,400,1.2323010449436556,-0.002710047153815065
mT5,Baseline,CLRR+LSR,2,401,1.2203889201898979,0.009202077599942626
mT5,Baseline,CLRR+LSR,2,402,1.231049434473444,-0.001458436683603459
mT5,Baseline,CLRR+LSR,2,403,1.2313516934713813,-0.0017606956815408026
mT5,Baseline,CLRR+LSR,2,404,1.22408920128963,0.005501796500210432
mT5,Baseline,CLRR+LSR,2,405,1.2300197085047908,-0.00042871071495032
mT5,Baseline,CLRR+LSR,2,406,1.233864551664714,-0.0042735538748734925
mT5,Baseline,CLRR+LSR,2,407,1.2316125698408893,-0.0020215720510488033
mT5,Baseline,CLRR+LSR,2,408,1.2312755669447668,-0.0016845691549263186
mT5,Baseline,CLRR+LSR,2,409,1.203293519541254,0.026297478248586525
mT5,Baseline,CLRR+LSR,2,410,1.2360438430251093,-0.006452845235268789
mT5,Baseline,CLRR+LSR,2,411,1.231085480024598,-0.001494482234757566
mT5,Baseline,CLRR+LSR,2,412,1.2316538452653378,-0.0020628474754973425
mT5,Baseline,CLRR+LSR,2,413,1.2270630309089263,0.0025279668809141675
mT5,Baseline,CLRR+LSR,2,414,1.2194834103776584,0.010107587412182095
mT5,Baseline,CLRR+LSR,2,415,1.2311323630933408,-0.0015413653035003527
mT5,Baseline,CLRR+LSR,2,416,1.2358697850639038,-0.00627878727406328
mT5,Baseline,CLRR+LSR,2,417,1.2327014083294627,-0.0031104105396222437
mT5,Baseline,CLRR+LSR,2,418,1.2320282132978302,-0.0024372155079896984
mT5,Baseline,CLRR+LSR,2,419,1.2323971789386325,-0.002806181148792053
mT5,Baseline,CLRR+LSR,2,420,1.2353162463317626,-0.005725248541922134
mT5,Baseline,CLRR+LSR,2,421,1.2320495871747892,-0.002458589384948695
mT5,Baseline,CLRR+LSR,2,422,1.23058458698794,-0.0009935891980994427
mT5,Baseline,CLRR+LSR,2,423,1.2296374697687642,-4.647197892371224e-05
mT5,Baseline,CLRR+LSR,2,424,1.231705301367065,-0.002114303577224419
mT5,Baseline,CLRR+LSR,2,425,1.2324744717067944,-0.0028834739169538715
mT5,Baseline,CLRR+LSR,2,426,1.2217869700732784,0.007804027716562079
mT5,Baseline,CLRR+LSR,2,427,1.2319638899701966,-0.0023728921803560787
mT5,Baseline,CLRR+LSR,2,428,1.233856823117439,-0.004265825327598449
mT5,Baseline,CLRR+LSR,2,429,1.2323996696274455,-0.0028086718376050257
mT5,Baseline,CLRR+LSR,2,430,1.230975431592483,-0.0013844338026425262
mT5,Baseline,CLRR+LSR,2,431,1.2340112931252238,-0.004420295335383351
mT5,Baseline,CLRR+LSR,2,432,1.237761232070703,-0.008170234280862498
mT5,Baseline,CLRR+LSR,2,433,1.2369068639875533,-0.00731586619771285
mT5,Baseline,CLRR+LSR,2,434,1.2323572485416667,-0.002766250751826238
mT5,Baseline,CLRR+LSR,2,435,1.231791105283504,-0.0022001074936635057
mT5,Baseline,CLRR+LSR,2,436,1.243117787503365,-0.0135267897135245
mT5,Baseline,CLRR+LSR,2,437,1.2311514863047854,-0.0015604885149449466
mT5,Baseline,CLRR+LSR,2,438,1.2320077582233298,-0.0024167604334892623
mT5,Baseline,CLRR+LSR,2,439,1.2318693457177012,-0.0022783479278607466
mT5,Baseline,CLRR+LSR,2,440,1.2172986926179608,0.012292305171879736
mT5,Baseline,CLRR+LSR,2,441,1.235057917286059,-0.00546691949621847
mT5,Baseline,CLRR+LSR,2,442,1.2315300862152645,-0.001939088425424007
mT5,Baseline,CLRR+LSR,2,443,1.2307123322282063,-0.0011213344383658175
mT5,Baseline,CLRR+LSR,2,444,1.2245177738971256,0.005073223892714918
mT5,Baseline,CLRR+LSR,2,445,1.209381024660737,0.020209973129103442
mT5,Baseline,CLRR+LSR,2,446,1.2302540786482261,-0.0006630808583856229
mT5,Baseline,CLRR+LSR,2,447,1.2311323630933408,-0.0015413653035003527
mT5,Baseline,CLRR+LSR,2,448,1.2321290037710888,-0.0025380059812483147
mT5,Baseline,CLRR+LSR,2,449,1.2312685654135858,-0.0016775676237452686
mT5,Baseline,CLRR+LSR,2,450,1.209986901327143,0.019604096462697562
mT5,Baseline,CLRR+LSR,2,451,1.2301984420984935,-0.0006074443086530046
mT5,Baseline,CLRR+LSR,2,452,1.2316155957308683,-0.002024597941027828
mT5,Baseline,CLRR+LSR,2,453,1.2089161257374905,0.02067487205234997
mT5,Baseline,CLRR+LSR,2,454,1.2316659675525106,-0.002074969762670076
mT5,Baseline,CLRR+LSR,2,455,1.2328261526338649,-0.0032351548440243683
mT5,Baseline,CLRR+LSR,2,456,1.2295519601909155,3.903759892498471e-05
mT5,Baseline,CLRR+LSR,2,457,1.2316594380098933,-0.002068440220052814
mT5,Baseline,CLRR+LSR,2,458,1.2268873268034919,0.0027036709863486053
mT5,Baseline,CLRR+LSR,2,459,1.2316146167227955,-0.002023618932954996
mT5,Baseline,CLRR+LSR,2,460,1.2292082007973555,0.00038279699248500165
mT5,Baseline,CLRR+LSR,2,461,1.2335878403410039,-0.003996842551163393
mT5,Baseline,CLRR+LSR,2,462,1.2320396823080668,-0.0024486845182263295
mT5,Baseline,CLRR+LSR,2,463,1.2310591158716018,-0.0014681180817612827
mT5,Baseline,CLRR+LSR,2,464,1.2315226567450752,-0.0019316589552347274
mT5,Baseline,CLRR+LSR,2,465,1.2329174603426178,-0.003326462552777354
mT5,Baseline,CLRR+LSR,2,466,1.22929790631912,0.0002930914707204302
mT5,Baseline,CLRR+LSR,2,467,1.2342605052932791,-0.004669507503438641
mT5,Baseline,CLRR+LSR,2,468,0.6823043063317362,0.5472866914581043
mT5,Baseline,CLRR+LSR,2,469,1.230848270704671,-0.0012572729148305761
mT5,Baseline,CLRR+LSR,2,470,1.2301470082976027,-0.0005560105077622168
mT5,Baseline,CLRR+LSR,2,471,1.2322162374663694,-0.0026252396765289454
mT5,Baseline,CLRR+LSR,2,472,1.232131642487147,-0.0025406446973064156
mT5,Baseline,CLRR+LSR,2,473,1.2325167220441453,-0.002925724254304818
mT5,Baseline,CLRR+LSR,2,474,1.231311865336537,-0.0017208675466964252
mT5,Baseline,CLRR+LSR,2,475,1.2289116138292364,0.0006793839606040741
mT5,Baseline,CLRR+LSR,2,476,1.229405926361732,0.0001850714281084187
mT5,Baseline,CLRR+LSR,2,477,1.2359496496995783,-0.0063586519097378336
mT5,Baseline,CLRR+LSR,2,478,1.2361296257122611,-0.006538627922420659
mT5,Baseline,CLRR+LSR,2,479,1.2314788248807127,-0.0018878270908722072
mT5,Baseline,CLRR+LSR,2,480,1.230206965106619,-0.0006159673167784874
mT5,Baseline,CLRR+LSR,2,481,1.2114424958767063,0.01814850191313422
mT5,Baseline,CLRR+LSR,2,482,1.227573599823661,0.0020173979661795016
mT5,Baseline,CLRR+LSR,2,483,1.228783488916593,0.0008075088732475422
mT5,Baseline,CLRR+LSR,2,484,1.2310959907688006,-0.001504992978960118
mT5,Baseline,CLRR+LSR,2,485,1.2239516438705014,0.0056393539193391184
mT5,Baseline,CLRR+LSR,2,486,1.2319215602263265,-0.0023305624364859945
mT5,Baseline,CLRR+LSR,2,487,1.2324455287874243,-0.002854530997583815
mT5,Baseline,CLRR+LSR,2,488,1.2334796753243307,-0.0038886775344901814
mT5,Baseline,CLRR+LSR,2,489,1.228907602169492,0.0006833956203484703
mT5,Baseline,CLRR+LSR,2,490,1.2312892088984944,-0.0016982111086538687
mT5,Baseline,CLRR+LSR,2,491,1.2422803836678376,-0.012689385877997061
mT5,Baseline,CLRR+LSR,2,492,1.230922225681594,-0.0013312278917534393
mT5,Baseline,CLRR+LSR,2,493,1.2323597407962286,-0.0027687430063880747
mT5,Baseline,CLRR+LSR,2,494,1.231581433497848,-0.0019904357080076096
mT5,Baseline,CLRR+LSR,2,495,1.2315158414356193,-0.0019248436457788287
mT5,Baseline,CLRR+LSR,2,496,1.229248934612873,0.00034206317696749977
mT5,Baseline,CLRR+LSR,2,497,1.2309660173596857,-0.001375019569845204
mT5,Baseline,CLRR+LSR,2,498,1.2315325536244748,-0.0019415558346342898
mT5,Baseline,CLRR+LSR,2,499,1.2305866878038447,-0.0009956900140042357
mT5,Baseline,CLRR+LSR,2,500,1.2331818602163893,-0.0035908624265488243
mT5,Baseline,CLRR+LSR,2,501,1.227607682843456,0.0019833149463845956
mT5,Baseline,CLRR+LSR,2,502,1.2309829537051455,-0.0013919559153050542
mT5,Baseline,CLRR+LSR,2,503,1.231476148795386,-0.0018851510055455378
mT5,Baseline,CLRR+LSR,2,504,1.2310978654861615,-0.0015068676963210237
mT5,Baseline,CLRR+LSR,2,505,1.229339626957751,0.0002513708320894814
mT5,Baseline,CLRR+LSR,2,506,1.2315634106011508,-0.001972412811310331
mT5,Baseline,CLRR+LSR,2,507,1.2315226567450752,-0.0019316589552347274
mT5,Baseline,CLRR+LSR,2,508,1.23183180317015,-0.002240805380309574
mT5,Baseline,CLRR+LSR,2,509,1.2297690320827828,-0.00017803429294227513
mT5,Baseline,CLRR+LSR,2,510,1.2324849793957564,-0.0028939816059159185
mT5,Baseline,CLRR+LSR,2,511,1.2310928464630608,-0.0015018486732203407
mT5,Baseline,CLRR+LSR,2,512,1.2311761703667612,-0.0015851725769207015
mT5,Baseline,CLRR+LSR,2,513,1.231744752244433,-0.002153754454592427
mT5,Baseline,CLRR+LSR,2,514,1.2104854393990863,0.01910555839075423
mT5,Baseline,CLRR+LSR,2,515,1.2314864672519565,-0.0018954694621160506
mT5,Baseline,CLRR+LSR,2,516,1.2316100035103204,-0.0020190057204798606
mT5,Baseline,CLRR+LSR,2,517,1.2290374753746907,0.0005535224151498319
mT5,Baseline,CLRR+LSR,2,518,1.2313169206913792,-0.0017259229015387234
mT5,Baseline,CLRR+LSR,2,519,1.2312298736405434,-0.0016388758507028811
mT5,Baseline,CLRR+LSR,2,520,1.2301603488150468,-0.0005693510252062772
mT5,Baseline,CLRR+LSR,2,521,1.231740096135169,-0.002149098345328504
mT5,Baseline,CLRR+LSR,2,522,1.2230057458287158,0.006585251961124694
mT5,Baseline,CLRR+LSR,2,523,1.2307941444260337,-0.001203146636193253
mT5,Baseline,CLRR+LSR,2,524,1.2319101226140585,-0.002319124824218033
mT5,Baseline,CLRR+LSR,2,525,1.231702793089521,-0.00211179529968053
mT5,Baseline,CLRR+LSR,2,526,1.232697300193184,-0.0031063024033435305
mT5,Baseline,CLRR+LSR,2,527,1.2227031858971946,0.006887811892645868
mT5,Baseline,CLRR+LSR,2,528,1.2284695710822273,0.0011214267076131712
mT5,Baseline,CLRR+LSR,2,529,1.2320835546576587,-0.002492556867818241
mT5,Baseline,CLRR+LSR,2,530,1.2307152805563035,-0.0011242827664630362
mT5,Baseline,CLRR+LSR,2,531,1.220141695022738,0.009449302767102541
mT5,Baseline,CLRR+LSR,2,532,1.2237413322173958,0.005849665572444707
mT5,Baseline,CLRR+LSR,2,533,1.2311323630933408,-0.0015413653035003527
mT5,Baseline,CLRR+LSR,2,534,1.2319512374183428,-0.002360239628502292
mT5,Baseline,CLRR+LSR,2,535,1.2311921662647647,-0.0016011684749241972
mT5,Baseline,CLRR+LSR,2,536,1.2313954528514133,-0.001804455061572785
mT5,Baseline,CLRR+LSR,2,537,1.2334028417932106,-0.0038118440033700907
mT5,Baseline,CLRR+LSR,2,538,1.2317398238343302,-0.002148826044489738
mT5,Baseline,CLRR+LSR,2,539,1.2254591289463104,0.004131868843530118
mT5,Baseline,CLRR+LSR,2,540,1.2233537717559182,0.006237226033922294
mT5,Baseline,CLRR+LSR,2,541,1.232362696319833,-0.0027716985299925945
mT5,Baseline,CLRR+LSR,2,542,1.2318704752898952,-0.0022794775000547496
mT5,Baseline,CLRR+LSR,2,543,1.1981167122315037,0.031474285558336756
mT5,Baseline,CLRR+LSR,2,544,1.2217056545715872,0.007885343218253293
mT5,Baseline,CLRR+LSR,2,545,1.231144301562447,-0.0015533037726065402
mT5,Baseline,CLRR+LSR,2,546,1.2307491316829737,-0.0011581338931332397
mT5,Baseline,CLRR+LSR,2,547,1.2311491200108615,-0.00155812222102103
mT5,Baseline,CLRR+LSR,2,548,1.2319101226140585,-0.002319124824218033
mT5,Baseline,CLRR+LSR,2,549,1.2294590051664298,0.00013199262341068163
mT5,Baseline,CLRR+LSR,2,550,1.2328110081016779,-0.0032200103118373846
mT5,Baseline,CLRR+LSR,2,551,1.2342336595244334,-0.004642661734592934
mT5,Baseline,CLRR+LSR,2,552,1.2311514863047854,-0.0015604885149449466
mT5,Baseline,CLRR+LSR,2,553,1.226202254637181,0.003388743152659579
mT5,Baseline,CLRR+LSR,2,554,1.2271404187693866,0.002450579020453869
mT5,Baseline,CLRR+LSR,2,555,1.2322998193641963,-0.002708821574355813
mT5,Baseline,CLRR+LSR,2,556,1.231695975895747,-0.0021049781059065964
mT5,Baseline,CLRR+LSR,2,557,1.2329956163000162,-0.0034046185101757054
mT5,Baseline,CLRR+LSR,2,558,1.239983986548988,-0.010392988759147403
mT5,Baseline,CLRR+LSR,2,559,1.2323108347442902,-0.0027198369544496614
mT5,Baseline,CLRR+LSR,2,560,1.227994950829801,0.0015960469600395655
mT5,Baseline,CLRR+LSR,2,561,1.232090376058263,-0.002499378268422614
mT5,Baseline,CLRR+LSR,2,562,1.2311323630933408,-0.0015413653035003527
mT5,Baseline,CLRR+LSR,2,563,1.2323769415421446,-0.002785943752304121
mT5,Baseline,CLRR+LSR,2,564,1.230402560291322,-0.0008115625014815109
mT5,Baseline,CLRR+LSR,2,565,1.2293344021061472,0.0002565956836932948
mT5,Baseline,CLRR+LSR,2,566,1.232914890714612,-0.003323892924771421
mT5,Baseline,CLRR+LSR,2,567,1.229641753609195,-5.07558193545421e-05
mT5,Baseline,CLRR+LSR,2,568,1.2276568211826473,0.0019341766071931943
mT5,Baseline,CLRR+LSR,2,569,1.2244780655213265,0.005112932268513948
mT5,Baseline,CLRR+LSR,2,570,1.2309752040641064,-0.0013842062742659422
mT5,Baseline,CLRR+LSR,2,571,1.2199897832588338,0.009601214531006708
mT5,Baseline,CLRR+LSR,2,572,1.2312731021169694,-0.0016821043271288971
mT5,Baseline,CLRR+LSR,2,573,1.2295409682898533,5.002949998722528e-05
mT5,Baseline,CLRR+LSR,2,574,1.2314469342429137,-0.001855936453073248
