source,target
SANKENARENTSI ASHI TARAPOTO,CARTA DE TARAPOTO
"Ora Panamazonía apatoyetirori kipatsi perantarinisato kantakotirori asikantari añantari jero nampitsipe isaikantari ashaninkape maaroni jibajeitirori pesatoperori nampitsisanori, nijasatipe, sharakasatipe jero otsipape janika aro timayetatsi ashijei timatsiri irotake akenkeshiretiri aparo ashira kipatsi onkantea ontsipatearo akemisantero, asankane antayetiri, maaronipe kantatsiri jero opoñaka areta ashi marojeini jero amenakoteri kantakotiriri, apitsatantatsiri jeri ashitarantinkari. Okameka opoñaka tsompoiki ora kantakotiriri ashitarantinkari jero obametanti ashi antyarotantari inchatoshi yora jibatirori ninatantatsiri, sabikaintsiri itiyankeri ninatantatsiri tempa akairori kantashiyetachari kenkeshiareantsi.","La Panamazonía está formada por territorios históricamente construidos por la Naturaleza y por los pueblos originarios, comunidades locales, ribereñas, campesinas y otras quienes hemos fecundado nuestros sentidos de vida en estas realidades e imaginarios. Un sentido de territorialidad basado en relaciones de respeto e integración con el tejido amazónico en todas sus dimensiones, no sólo material, sino espiritual, cultural y de uso; todas ellas en disputa histórica desde la violenta llegada de sociedades y visiones colonialistas, expoliadoras y mercantilistas."
"Ora antyarori ashi yoka otsipataro ashi ora oshekipe okantakosanoti, oka meka apitiro ora opiaja ashi ora vigencia derechope kisakoteri ashira nampitsipe, iropero ora aretachari ashipe tsinanepe. Okantabetaka ashi irori ora nampitsipe amazónicos jeri sharakasatipe tampishijetake jero sabikarvetatsiri eiro ajokiro ashi arori ankisakotero sabikantsi, ashipera kipatsipe. Jeroketi, ora nampitsi okarati tin nampitsisatope ashi otsapijaki Amazónica oijatiro ora ashi Macapá apatojeita ara Tarapoki –nampitsi Perú atsipata arentipe, jero atsirope ashi otsipa poñachari areji ajatake oka meka ashi ora Amazonía jero nampitsipe kajemantatsiri VIII Apatojeitantsi Panamazónico. Oka shiakantsika ashitarantinkari, okanti meka ora okametsatanteari amenakotantsi jero ashi inchatomashi kenashiri. Oka obametsata antiro ashi antabetinkaro otsipa nampitsisato, jero anampisato, kantakotiroripe nampitsi Perú ashi ora Panamazonía ojokanajero ashivetaro kari kantakoteri ashi nampitsipe jero ora asaikantari añantari amashitachaneri.","Esta disputa se enmarca dentro del despliegue del sistema capitalista y el modelo de desarrollo depredador, patriarcal y racista, instaurado desde la imposición del colonialismo generador de desigualdades en todas sus formas. El desarrollo de este sistema, acompañado de los diversos fundamentalismos, está incidiendo en el retroceso de la vigencia de los derechos de los pueblos, especialmente los alcanzados por las mujeres. Muy a pesar de ello, los pueblos amazónicos y andinos resistimos y pervivimos con el indeclinable compromiso de defender la vida en nuestros territorios. Por eso, los pueblos de los nueve países de la cuenca amazónica, tomando la posta de Macapá, reunidos en Tarapoto-Perú, junto a hermanas y hermanos de otras latitudes acudimos al llamado de la Amazonía y sus pueblos, convocados por el VIII Foro Social Panamazónico."
"Oiro Katsini amashitanakerone kantantsi ashi ora kipatsi, ashiperori yoyetanteri oshekitanta ashipe amashiyetanakerone, tsame amenero kantachari jero otimakotanakerone añantyari oka saikantsikika. Jero oka sabikaintsiri ashi nampitsipee ashaninka. Meka oka konijaro irointi amenakoti ora pinkatsatantsi, jero ashisanotari, kantakoteri iramenasanotero irointi anteri amenakotiro ora pinkatsatantsi aisati ashisanori jero kantakoyeteri te iramenasanotero irointi yantabeti. Okempetameka apoki antayetatsiri ora apatorentsi sanpitantsi okantashita kantantsi irointi antiro opeantari nampitsipe ora okantari osabikipe jeroi kenketsari amejeitantsi. Jero aisati akakoteri amenakoyetiro ashi otsipara nampitsipe de la Amazonía. Antero sankerentsi kantakoyeteri ari onkametsateri asankanepe jero kisakoyeteri ashipe nampitsipe ashanikape iroperori ora tsinanepe otimira ashi otsempeki.","El modelo civilizatorio capitalista, se expresa actualmente en el desarrollo extractivista y de “economía verde”. Este es implementado a través de empresas transnacionales y nacionales amparados por los Estados de la Panamazonía que dejan de lado su papel de garante de los derechos de los pueblos y la Naturaleza, poniendo en serio peligro la sostenibilidad de los territorios, la soberanía alimentaria, aumentando nuestra vulnerabilidad frente a los impactos del cambio climático y provocando graves cambios socioculturales en la Naturaleza y la vida de los pueblos."
"Añakero nampitsipe amazónicos jeri sharakasatipe aisati arori orape konijatakotirori jero ora nampitsi Perú, ameniro ora kantashitachari ashi okametsantanteari antaperotirori jero kantirori irobakerape nijantacha irobetaka ikantetira kempeji ora timantsi sabikatsitea, kametsa sabikantsi, arotake amenerone kipatsi. Ora ashi nampitsi irotake ora obayeri ashi kisantsipe onkantempa osintsite ora amenakoteri ashi tsinanipe, shebaterone shintsitantsi jero antasanotea iroperori amitakotantsi ora amenakotiriri kejijari, mineras, santaripe, betsikayeterone poshiniri jero ashi antyarope amitakotantsi. okameka añakero ora VIII Apatotantsi pinkatsaro Panamazónico okanti asintsitero amenakotero aisati antsipabakanakea alianza, articulación aisati movilización ashebajeitanakea ashi ora nampitsipe amazónicos jeri sharakasatipe oñakerora asabikantari, kipatsi jero sabikantsi. Meka ora kenkeshireantsi akeri ora anijanteri:","En este escenario se limita cada vez más la soberanía y autodeterminación y los derechos son menos reconocidos y más violentados. Tal como viene sucediendo con la consulta previa libre e informada, cuya aplicación se está convirtiendo en un procedimiento administrativo, cuando sabemos que debe basarse en el respeto a los derechos de los pueblos, los estándares ambientales y el diálogo intercultural. Además los poderes legislativos de los países de la Panamazonía aprueban leyes que atentan contra la espiritualidad y los derechos de los pueblos, en especial contra el derecho de las mujeres a la autonomía y de sus cuerpos. Frente a ello, los pueblos amazónicos y andinos continuamos resistiendo y movilizándonos para transformar las sociedades y los Estados, cuestionando el modelo de desarrollo extractivista y afirmando nuevos paradigmas basados en propuestas como la Vida Plena, el Buen Vivir, Vivir Bien y el autogobierno territorial. La respuesta de los Estados es la criminalización de la protesta social para debilitar a las organizaciones indígenas, de mujeres, movimientos sociales e instituciones de la sociedad civil y profundizar su modelo y su alianza con las empresas petroleras, mineras, madereras, agroindustriales y de megaproyectos hidroeléctricos. Ante este contexto, el VIII Foro Social Panamazónico plantea fortalecer la alianza, articulación y movilización de los pueblos amazónicos y andinos basada en el respeto a la Naturaleza, el territorio y la vida. Por lo tanto, las propuestas recogidas en el Foro se presentan a continuación:"
"Antayetero irobakerari amenantajearori ashi sabikantsi, kametsa arotake amenakobentirori kipatsi ontimatye otinaye otsipa nampitsipe, peranisatope amazónicos jeri sharakasati.","– Construir nuevos paradigmas a partir de las propuestas de Vida Plena, Buen Vivir, Vivir Bien, Autogobiernos territoriales etc. que levantan, entre otros, los pueblos originarios amazónicos y andinos."
Akanteri pinkatsaritirori Peru iramenero kantakoteri ora pinkatsarontsi otsipa namptsisato ora kankotirori amazónicos jeri sharakasati.,– Exigir a los Estados que las políticas y normas nacionales se adecuen a las leyes internacionales sobre derechos de los pueblos indígenas amazónicos y andinos.
"Ankisakotyaro eiro, yapitsatantero yora ashitarantinkari.",– Denunciar y luchar contra la corrupción relacionada con el modelo extractivista y los megaproyectos de infraestructura y explotación en la Amazonía y el Ande.
"Asintsintero ora kenkeshireantsi aisati apatoanakea ashi apatoyetantsi iroperori amazónicas jero sharakasato tsinanepe, afroamazónicos LGTB, apatoyetantsi ashi ebankarope, orijaniki jeri irijaniki aisati otsipape kisakoyetarori añantyari.","– Fortalecer la articulación y la unidad de las organizaciones sociales, indígenas amazónicas y andinas, de mujeres, afroamazónicos, comunidades LGTBIQ, académicos, organizaciones de jóvenes, adolescentes, niñas y niños y otros movimientos sociales."
Ashintsitakotero ashi ora kantakoteri maronipe nampitsi.,"– Exigir el reconocimiento de los derechos colectivos de los territorios comunales y territorios integrales a partir de la diversidad territorial y de los escenarios que existen en la Panamazonía valorando saberes, conocimientos y prácticas de los pueblos."
"Ayatiro ora nampitsipe Amazónica, jero sharakasatope, oinijantero ora patsini onashiyetanakea oponiantakari oshintsitakoti ashi amejeitari ashi nampitsipe.","– Reconocer y fortalecer las identidades Amazónicas y Andinas, producto de un rico y complejo intercambio que ha dado lugar al fortalecimiento de las culturas de nuestros pueblos."
Ashintsitakotero aitapake ora okantakotari ashi tseyantsi amatero amashitanakerone añantyari ora Panamazonía kempe jitachari pinatakobenterone inchatomashipe jero aipatsitatsite timantayetarori.,"– Exigir que se detenga la implementación de falsas soluciones a la crisis climática en la Panamazonía, como la llamada “economía verde” y la financiarización de la Naturaleza, las cuales conllevan la desterritorialización, entre otros impactos negativos."
Ashintsitakotero obametsatempa kipatsi obasatemparo ora ashipe oyotakotane nija iyotero ashi aipatsite.,"– Exigimos un ordenamiento territorial que se base en el respeto de nuestra cosmovisión, las fuentes de agua y formas de entender nuestro territorio."
Ashintsitakotero akanteri pinkatsatirori Peru ishintsitero kantakoyetirori kantakoteri ashi ora nampitsipe amazónicos jeri sharakasati inkenketsate kametsa ashi kantakotirori irobakerari antaberentsi.,– Exigir a los Estados que garanticen el derecho de los pueblos amazónicos y andinos a la comunicación democratizando de manera efectiva los medios y tecnologías.
Ashintsikotero maroni kisantsi tsinanepe jero nampitsipe sabikashiyetatsari iroperori tsinanepe kisakotarori ashi kantakoyeteri.,"– Exigimos el fin de todo tipo de violencia contra las mujeres tanto en las comunidades como fuera de ellas, en especial contra las mujeres defensoras de derechos."
"Ora tsinanepe otimatye okisakotearo omatantyari kisakotantsi arotake amenerone ora kantashitachari ashereayetakeri ashi, achempeki jero kipatsi kantakoterone anta otsipaki nampitsi.","– Las mujeres exigimos que los Estados se aparten de los preceptos religiosos a la hora de aprobar leyes y decidir las políticas públicas que afectan nuestros derechos, nuestros cuerpos y territorios y que se rijan por estándares internacionales de derechos humanos y laicidad."
Oka apatotantsi Panamazónico osheki amenakotiro shintsitantsi panamazónicas jero sharakamashi,– El Foro Social Panamazónico adopta como suyo el Tribunal de Justicia de los Derechos de las Mujeres Panamazónicas-Andinas.
"Oshintsitakotea iriyotakotero aisati ora antaberepe tsinanepe ashi pankotsiki, jero apatoyetantsi ametakotiori iroperori ashi sabikantsi jero Bruto Intakoyetarori (PBI) ashipe nampitsipe.","– Exigimos que se reconozca y valore el trabajo que las mujeres hacemos en nuestros hogares, comunidades y organizaciones aportando a la sostenibilidad de la vida y al Producto Bruto Interno (PBI) en nuestros países."
Chorani nampitsi jitachari Guyana Francesa kantashiyetarori te akoyero ora timantsiri Panamazonía,– Nos solidarizamos con el pueblo de la llamada Guyana Francesa y rechazamos la existencia de territorios en la Panamazonía en condición de colonia.
Akisakotero nampitsipe sabikatsivetatsiri kari amenkoterone kametsa nampitsi. Oshintsitakotea ora kamantakoteri ashintsitanteari.,"– Defender a los pueblos en aislamiento voluntario y contacto inicial. Exigimos a los Estados respetar su derecho a la libre determinación, reconocerlos, demarcar y proteger sus territorios y garantizar su naturaleza transfronteriza."
"Yorape ebankari, jananeki otimatye iyoyeteri jero iramenakotero kantakotriro kisakotantsi.","– Los/as jóvenes, niños, niñas y adolescentes exigimos a los Estados el reconocimiento y respeto de los derechos ecológicos. Asimismo exigimos que los Estados garanticen su derecho a crecer en un entorno seguro y sano para vivir de manera plena."
(Oshintsitakotea) amenakotero ashi oametantsi kobakanttsi oñanatakotempa amejeitari jero irashi sharakamashi jero ora betsikantsi ashi aparo nampitsi onashiyeta amejeitari,– Exigimos el reconocimiento de la educación comunitaria intercultural como expresión del respeto a las culturas amazónicas y andinas y la construcción de una ciudadanía intercultural.
Antiro kantakotakotirori ora antayetachari osheki iyotero jero onashiyeta amejeitari ashi nampitsipe iriyotero ebankari jeri jananekipe.,"– Impulsar políticas públicas que aborden la gestión de la diversidad, reconociendo, valorando y aprovechando la diversidad cultural de los pueblos indígenas en las ciudades, integrando a la juventud y la niñez."
Antero ora amenakoterone antiri ora pankirentsisanori.,"– Promover nuevas relaciones entre lo urbano – rural, campo-ciudad, generando y promoviendo el consumo responsable basado entre otros en la agricultura ecológica."
Antero pankirentsisanori santaripe jero ora ñanatakobenterone ashi ora inchatomashi amazónicos- sharakamashiki opoñanakea apatoyetantsiki indígenas ashi ora kisakotantsi jero pinkatsaro oashekantsi.,– Promover la agroforestería ecológica y la gestión sostenible de los bosques Amazónico-Andinos desde las organizaciones indígenas para la seguridad y soberanía alimentaria.
"Añajero pankirentsi jero onashiyeta pankirentsi ashi oitsokipe jero ipankiyetiri ashi ora nampitsipe otsipata, ora irori maroni oñanatakobentero tsinanepe","– Recuperar productos y especies nativas a través del intercambio de semillas y cultivos dentro de las comunidades, entre ellas y la población en general con la participación activa de las mujeres."
"Oshintsitakotanakea kantakayeri ashi ora nampitsipe amazónicos jeri sharakamashi, aisati añaneperori peranisato.","– Reivindicar y fortalecer las identidades de los pueblos amazónicos y andinos, recuperando el uso de las lenguas originarias."
Antsipateari iyoyetatsiri kenkebari iritake iyotatsiri ikenkeje eiro ikisakotaro ora pajitakoteri ashi ora nampitsipe amazónicos jeri sharakamashi,– Incorporar a los sabios(as) ancianos(as) como fuente de saberes acumulados históricamente que orientan y defienden la identidad de los pueblos amazónicos y andinos.
Amenakotero antero añantyari kametsa irosati amenakotirori kisantsi.,– Impulsar la vigilancia y monitoreo ambiental participativo desde las organizaciones locales para prevenir la afectación de derechos y el incremento de los conflictos que genera el extractivismo.
Ajate akamanatero otsipasato nampitsi amenanteari akanteri kantashiyetarori ñantsi.,– Acudir a la justicia internacional para buscar sanciones contra empresas multinacionales violadoras de derechos. Proponer e impulsar instrumentos políticos para ello.
"Ora FOSPA amitakotiro nampitsi ariorika otimake obayeritantsi, ashi aipapatsitepe jero obantatsiri ashi","El FOSPA se solidariza con los pueblos afectados por las guerras, la intervención de sus territorios y la criminalización de la protesta de los defensores/as de derechos que les obliga a abandonar sus territorios."
"Ora nampitsipe amazónico jero VIII FOSPA akantasanotiro ora sabikantsi jero inchatomashi, ankajeme ashintsitero antyaro antsipajeitea jero ora nampitsipe okantara iyosanotero abakasanotantsi. Yoijatero aotsi marojeini Panamazónicos, ora jitachari kisakobentantsi jero ora aijatero tsintsitantsi okantyani.","Los pueblos amazónicos y andinos reunidos en el VIII FOSPA reafirmamos nuestro compromiso con la vida y la Naturaleza, convocando a construir y fortalecer una gran alianza de los pueblos 4 basada en el reconocimiento y respeto de nuestra diversidad y convicciones pero también de nuestros disensos. Siguiendo el camino trazado por los Foros Sociales Panamazónicos, el llamado a la lucha y la resistencia continúa."
Paamabentya kaakitaki obayeri.,"Cuídense, vienen los guerreros."
"Eero piñanatiro iina Yompiri, amaenkari inati.",No hables con la esposa de Yompiri porque es celoso.
Amake noshabo koriti obaantsiki.,Mi nieta trajo camotes de la chacra.
Irika aaniri rashinonkaaka tekatsi iriripaye.,Este niño huérfano está sufriendo porque no tiene padres.
Noñaakero nanaeni aanakiro obantire obaantsiki.,Vi a mi tía llevar su canasta a la chacra.
Okantakina nishintyo: Ramaki aapi shitobi.,Mi hija me dijo: “Mi abuelo trajo callampa”.
Okantakena choeni: Pamakena aari tsitsi.,"Mi hermana me dijo: “Hermano, tráeme leña”."
Aatonkoriakero choeni ishinto oitsare okaboshitantyaabori.,Mi hermana desnudó a su hija para bañarla.
Pamakenari abentyari akaatabakeriita nija jaabari.,Trae al llorón para bañarlo con agua caliente.
Irika eentsi abentyari osheki ikaimi tsireniriki.,Este niño llorón grita demasiado por las noches.
Nabijakero nampitsi nareetantakari jaka.,Pasé la ciudad para llegar hasta aquí.
Osheki itsaati abo aririka iñee pokatsiri.,El tatatao avisa cuando ve acercarse a alguien.
Poyaatanakero abotsi jatatsiri kempityaariki.,Sigue el camino que va a la comunidad de Kempityari.
Ijampitiro charine isheeni: ¿Aeniro piarentsi nireri?,Mi abuelo pregunta a mi abuela: “¿Hay masato para tomar?”
Itsatakiro ajopi koriari ikajankantyaari.,Koriari se cuelga vainilla en la espalda para estar perfumado.
"Pakeri pabachori, ikaematimi.","Responde a tu tío, te está llamando."
Ikantana nirentitsori: Poya mamori akacharentsi.,Mi primo me dice: “Come el sábalo anzueleado”.
Namanantake akachaarontsi akachatantyaari mamoripaye.,Compré un anzuelo para pescar sábalos.
Irika niyompari akachabaerenti kitaeterikipaye roba shima.,Este amigo que pesca con anzuelo come pescado todos los días.
Rakachatiri Shebankori komairi omotyaaki nija.,Shewankori anzuelea paco en la poza del río.
"Tasheyakena, pimpena pakishire.","Siento hambre, dame tu asado."
Akishitiniri naana apa kaniri.,Mi mamá asa yuca para mi papá.
Rakitsitatya yeye paamariki.,Mi hermano se calienta en el fuego.
Itinairo irianeerikipaye rakopero.,Los niños levantan la mano derecha.
Robaakiro entsi rako rakatsatantyaariri iriri.,El niño alza la mano para agarrar a su padre.
Aanakero amaani pitotsi.,La creciente llevó la canoa.
Ontimatye ramaate maniro imontyantyaabori obeniki.,El venado tiene que nadar para cruzar el río Unini.
Ramaatakoti yeye ishintipaareki riyaataero kirinka.,Mi hermano va río abajo en su balsa.
Ramana Shabashi ipankoki aririka iñaanatero iñaane Paba.,Shawashi ora en su casa cuando lee la Palabra de Dios.
Ramanantake Koriobiri ichenko cheenkari.,Koriobiri compró su pantalón negro.
"Ramatabitakero Kocheri iina ikantiro notonkake maniro, kaari maeta.",Kocheri engañó a su mujer diciendo que había cazado un venado cuando no era cierto.
Robanakero pinkatsari ramatsaere obakerari riyatantyaari rapatotya.,El jefe se puso la corona nueva antes de ir a la reunión.
Okantakena oriani: Nareetakitakabo ameeni.,Una niña me dijo: “Fuí a visitar a mi abuela”.
Noñakiri antamiki antari amempori robari shitsibari.,En el monte vi a un buitre comiendo carne podrida.
Pamenero iroka shiyakaantsi.,Mira esta foto.
Pamenarotya jempe pobatikerori pipanko.,Fija donde vas a ubicar tu casa.
"Maaroni rantayetiri Ishako, rantiro rampateki.",Todo lo que hace Ishako lo hace con la mano izquierda.
Okoyaati isheeni ampe kitamaari obaantsiki.,La abuela cosecha algodón blanco en la chacra.
Itotakero jataantaneri amporetsate isheeni.,El doctor cortó el intestino de la abuela.
Amiro tsinane ana eereki otiritantyaabori oishi.,La mujer trae huito verde para teñirse el cabello.
Noñaakeri maniro raniiti antamiki.,Vi al venado caminar en el monte.
Aniriake koshiri kipatsiki ikaboshitantyari tsimiki.,El mono bajó al suelo para bañarse en la colpa.
Ikantiri Kaaroshi itomi: Pinkantero anirio otsikaatena piarentsi.,Kaaroshi le dice a su hijo: “Dile a mi nuera que me sirva el masato”.
Anonkaka piarentsi jeekatsiri inchatonakiki.,El masato que está en el cosho se rebalsó.
Rantakeri Shoshokiri apaani shinkirenti.,Shoshokiri pegó a un borracho.
Antabaerianti inati jankori raantabori itsipanashite inampiki.,"La curuhuinsi es trabajadora, por eso lleva hojas a su nido."
Otimatye antabaete obantyaari poshiniri.,Tenemos que trabajar para poder comer.
Rantabakaatya tyaapapaye ikijakotabo itsinanitepaye.,Los gallos se pelean por las gallinas.
Riyaatati apa antamiki ramini tapetsa.,Papá se va al monte a buscar támishi.
Ikantapaakeri konki itsipamintsare ibashiyari: ¿Añaatsini ani?,"Mi suegro le dijo a su amigo en broma: “Cuñado, ¿aún estas vivo?”"
Irojati rañeenkabeta otyaapate nana robatsitapakeri otsitzi.,La gallina de mi madre aún respiraba cuando la remató el perro.
Irojati rañi otsiti ratsikavetakari maniti,El perro aún vive a pesar de que el tigre lo mordió.
Onkotsibetakari nana batsatsi kantimaetacha añeenkatatsi.,"Mi mamá cocinó la carne, pero aún está cruda."
Ikantana apa: Pijaeke kametsa pankotsiki eero pantabaka.,Mi papá me dice: “Tienes que estar tranquilo en la casa y no pelear”.
Imaye apaniroeni ebankari imaamentoki.,El joven duerme solo en su cama.
Ari nomatakero nantero pikantakenari chapinki.,Ya haré lo que me dijiste ayer.
Aritapaake pitsaeyaka.,Ya basta de mentira.
Ashetakero nija isheeni oetsareki.,El agua mojó la ropa de la abuela.
Ashirariake antyashipari ikobeme rataetero impeeta.,El anciano se resbaló queriendo subir la roca.
Pashitajero ashitabo tyaapapanko.,Cierra la puerta del gallinero.
Rashitakotakeri sheripiari maniti antari omoonaki otishi.,El chamán encerró al tigre en una cueva del cerro.
Ashiyakero isheni pochari janko oyaatantari obaantsiki,Mi abuela chupó caña dulce cuando fue a la chacra.
Pataetakote pamaki antsotabake okitsoki.,Sube al árbol de chimicua para chupar los frutos.
Rareetaka anampiki apani atiri kaari añaapintane.,Una persona extraña llegó a nuestra comunidad.
Atojetake isheeni obajempiakari totiroki inkaariberi.,La abuela empezó a toser cuando comió el caracol de la cocha.
Ratsikakeri otsiti tyaapaniki.,El perro mordió al pollito.
Iraantari notyomi atsikakeri shitamenkotsi iporiki.,Mi hijo está llorando porque la tarima le mordió la pierna.
Atsinakakeri Inchato konoya.,El palo apretó a la tortuga.
Atsiinkake pabachori ikiajempiakari shikiri ikiriki.,Mi tío estornudó cuando le entró una mosca en la nariz.
Okantiro choeni nojina: Atyo pamakenabo jebaantsi.,"Mi hermana le dijo a mi mujer: “Cuñada, tráeme el abanico”."
"Ojampiti ebankabo: ¿Ayiini, jempe ikenanake pitomi?","La joven pregunta: “¿Suegra, a dónde fue tu hijo?”"
Iriitake charine ibakeniri ibaero notyomi.,Mi abuelo fue quien puso el nombre a mi hijo.
Irika tyaapa shirampari batsanti oshekini iyeenka.,Este gallo gordo tiene bastante grasa.
Ramaki pabachori ibatsa maniro.,Mi tío trajo carne de venado.
Beshiriayetakani atiripaye iñaabakero ipashitakariri jebari.,La gente se alegró cuando vio el regalo del jefe.
Okantakena nana: Pibitirieri shonkiri ramakeri piri.,Mi mamá me dijo: “Despluma la perdiz que trajo tu papá”.
Pibitirieri jamani itonkakeri pabachori.,Saca las cerdas del majás que mató tu tío.
Oshekini ibiti shonkiri.,La perdiz tiene muchas plumas.
Osheki ibiti shintori.,La huangana tiene muchas cerdas.
Otimi ibiti ani maaroni ibatsaki.,Mi cuñado tiene vello en todo el cuerpo.
Ratsikakeri chaanari notsitsite.,El tigre colorado mordió a mi perro.
Itonkake apa chakami otishiki.,Mi papá mató un trompetero en el cerro.
Ipeyakero nani ichakopite antamiki.,Mi cuñado perdió su flecha en el monte.
Imoontiro chamanto inchato robantyaariri iitsoki.,El pájaro carpintero hace hueco en el árbol para poner huevos.
Raniwaeti ocheraaki nijaki chanchati ramenayeti robanabo.,La garza de color cenizo camina en la orilla del río buscando comida.
Robabo chapiti onkonashi.,El gusano come las hojas del cetico.
Inoshikake notsipamintsare antari charaba antabaaki.,Mi compañero jaló un súngaro grande en el río.
Ikanti iriani: Riyaatati charine rayi kiri tonkaareki.,El niño dijo: “Mi abuelo fue a la loma a traer pijuayo”.
Imintsaabakero nana antari chebiro inkaaricheraaki kemetaka maanki.,A mi mamá la asustó una macana grande en la orilla de la cocha porque se parece a una víbora.
Pamakenabo noetsare cheenkari.,Tráeme mi camisa negra.
Ratsikakeri cheenkari otsiti abotsiki.,El jergón mordió a mi perro en el camino.
Ikentabakotakena cheenti.,Las púas en la boca de la carachama me picaron en la mano.
Oshekini iche tontori.,El erizo es muy espinoso.
Chekaka apa iitiki rantabaebeta obaantsiki.,Mi papá se cortó el pie mientras trabajaba en la chacra.
Japokake chekito inkaareki ookanakeri inkani.,Las ranas saltan en la charca que dejó la lluvia.
Riyaati pabachori icheki chenko ishitamenkotantyabori ipanko.,Mi tío fue a cortar sachaponilla para emponar su casa.
Ijeekaeyeni inkaareki chenkoripaye.,Los huasacos viven en la cocha.
Ichenkoreetakeri Shoshokiri rantamintsatiro tsinanepaye.,A Shoshokiri le sacaron el pantalón por fastidíar a las mujeres.
Okantakena nana: Pichenkotya intsipaite aatatyeri areetyabo pitsiro.,Mi mamá me dijo: “Ponte el pantalón para ir a visitar a tu hermana”.
Namanantake apaani chenkotsi obakerari iro kantimaitacha abitatakena.,Compré un pantalón nuevo pero me ajusta demasiado.
Ikiakaakena sheripiari oparetsaki chenteroki.,El curandero me hizo entrar en las raíces que salen de la ponilla.
Icheraakotakeri nani rirenti tsireniriki.,Mi cuñado gritó a su hermano en la noche.
Antabotonaatake ichera charine.,Mi abuelo tiene labios gruesos.
ñaamatari nani cherenkantsi shima.,A mi cuñado le gusta el pescado frito.
Robatyaari cherepito mereto ikentakeri inkaareki.,El martín pescador está comiendo su mojarra que pescó en la cocha.
Chetakitaki entsi otyaakitakeri impaneki chapinki iñaatsabaetantari.,El niño está legañoso por que le entró arena ayer cuando jugaba.
Chobitake rotsitsite pabachori ratsikakerira jamani.,El perro de mi tío tiene gusano donde lo mordió el majás.
Okantakena choeni: Aari pamekenabo noyotsiraanikite.,"Mi hermana me dijo: “Hermano, afila mi cuchillo”."
Obametaakeri choeni iñabaeti chokiyo.,Mi hermana enseñó a hablar al perico.
Irika chomenta kemetaka iyomaro charine.,Esta palometa se parece al remo de mi abuelo.
Onkotsitakiro nana chomiyo antantyaari ochaapote.,Mi mamá cocina moquichi para preparar chapo.
Antantsi sheni chomo obantyaari obiyare.,Mi abuelita hace tinaja para guardar su masato.
Robabo chompi iraka payanti.,El pecho rojo come plátano maduro.
Osheki ikemaenkatiro chokiro pocharipaye.,La hormiga negra es atraída por los dulces.
Pokake choori ijeekaje anampiki.,El serrano vino a vivir en nuestro pueblo.
Ratsi apa tonkaariki chorina ishirikashitantyaabori ipanko.,Mi papá trae hojas de chorina del cerro para techar su casa.
Robabo chorito intsipaki.,El chorito come guaba.
Irika ebankari imaperotatya ikomintsati.,Este joven es un verdadero cazador.
Irika atiri ebankari osheki iperata.,Este hombre joven es ocioso.
"Timanake ebatairo nanaeni, raabakaaka norentitsori.",Mi tía ya tiene nuera porque mi primo se casó.
Okaminaeri nana yeye: Eero pishitobashitobati eeniro pebonkiritsi te pantarite.,"Mi mamá aconseja a mi hermano: “No estés saliendo a cada rato, aún eres adolescente, no eres adulto”."
Ipaetakiri konki echonkiini ibatsa maniro.,A mi suegro le dieron poca carne de venado.
Itonkake pabachori antari maniro eejati itonkake ebonkiri kapeshi.,Mi tío baleó un venado grande y un achuni pequeño.
"Ikantakena yeye: Iye, eejati naaka nokobi noyaate obaantsiki.","Mi hermano me dijo: “Hermano, yo tambien quiero ir a la chacra”."
Riyaati eemeeni ikenabaeti tonkareki.,Mi cuñado fue a cazar animales en la loma.
Iraaka eentsi iraakotabo itibanate,El niño llora por su piña.
Ramake apa payanti eereki.,Mi papá trajo plátano verde.
Eero nopiyaabo pinampiki.,No regresaré a tu pueblo.
Riyaatati apa eniki royeeri otiyaarentsi.,Mi papá se va al río a esperar el mijano.
Eentsikeroeni paniite okentimikari kitoche.,Camina despacio; cuidado que te piquen las espinas.
"Okantabakaeyani tsinanipaye: Entyo, tsame antsokakite kaniri robaneki akonkire.","Las mujeres se dijeron: “Hermana, vamos a sacar yuca en la chacra del suegro”."
Osheki rakabaantetae eroti aririka añabaete.,El loro aurora nos imita cuando hablamos.
Nonkotsibetaka kaniri iro kantaencha kijotake tema eshiraatake.,"Había cocinado yuca, pero está dura porque es caulla."
Petyaari pikamanteri pireenti ipokatye jataantaneri.,Ve a avisar a tu hermano que viene el doctor.
Petabakiari pikonkire pinkiteri piarentsi.,Empieza a convidar masato a tu suegro.
Etakantabori robetsikiro nampitsi iritake charine.,El fundador de la ciudad fue mi abuelo.
Etakotaka Niibotya tema te inintajero onintane.,Niibotya está sufriendo porque su enamorado dejó de amarla.
Ikiyiro eti kipatsi rantantyaabori imaamento.,La carachupa escarba la tierra para hacer su cama.
Riyaati apa ichekakoti etiki tonkaareki.,Mi papá fue a recoger caimitillos en la loma.
Ayaataki etso jenoki.,La golondrina está volando arriba.
Raabintatyabo Ashoshi ribenkite ikomintsatantyari.,Ashoshi se cura con piripiri para ser cazador.
Jataki iiñeeni areetyabo nana.,Mi cuñada va para visitar a mi mamá.
Jantsaro oishi iroka tsinane.,Esta mujer tiene cabello largo.
Obakeri tonkitsi iitiki Chareto.,La espina picó a Chareto en el pie.
Katsitake iito nani irajeempiaka piarentsi.,A mi cuñado le duele la cabeza por tomar masato.
Noñaake iitsoki shempiri ijeki ocheraki nija.,Encontré huevos de taricaya en la orilla del río.
Obari choeni imobo ramakeri nani.,Mi hermana come los suris que trajo mi cuñado.
Imooshi jeto rashitiro omonaki inchato tainchari.,La tela de araña tapa el hueco del árbol quemado.
Iñake yeye iitsoki tsonkiri ojeeki imooshiki.,Mi hermano vio huevos de picaflor que están en su nido.
Osheki impaneki okiantakari ani irokiki iñatsabaibeta nijateniki.,Mucha arena entró al ojo de mi cuñado cuando jugaba en la quebrada.
Raaki Shiyaba iitsoki shempiri impanekeki.,Shiyawa fue a recolectar huevos de taricaya en el arenal.
Osheki impokiro inkiteki aririka ojarentsite.,Hay muchas estrellas en el cielo cuando es verano.
Osheki okaminaena ina tsirenirikipaye.,Mi mamá me da consejos todas las noches.
Nobashitaantakabo inchakitso nonkentantyaari tsimeripaye.,Hice maspute al lado de la moena para cazar pajaritos.
Charine obaepatakiri inchapataki iitiki.,A mi abuelo le picó una astilla en su pie.
Naashitakeri iye inchapatakite maanko ikamaankantakari.,Saqué corteza del mango para mi hermano cuando vomitó.
Ironta inchato piñaakerira pamakira onati.,Ese árbol que ves es chimicua.
"Ironta inchato piñaakeri, ari rompojakotakari tyominkiyo ishintipaareki.","Ese tronco que ves en el centro, ahí fue donde chocó la balsa de Tyominkio."
Ijeeki Inchatomashiki tsimeripaye.,Los pajaritos viven en los arbustos.
Iñaakeri konki antari noonki inkaareki.,Mi suegro vió una boa en la cocha.
Naaka nojeki nampitsiki iitachari Inkaare.,Yo vivo en un pueblo llamado Inkaare.
Inkani pariantziri chapinki oshokakaakero pankirentsi.,La lluvia que cayó la semana pasada hizo crecer las plantas.
Ijaekaeyeni ompokiro inkiteki.,Las estrellas viven en el firmamento.
Aririka akemejanteri Paba ari aataje inkiteki.,Si creemos en Dios iremos al cielo.
Ikantakeri paba icharine: Piyaate piñaatsatya inkokiroeni.,Mi papá dijo a su nieto: “Vete a jugar afuera”.
"Jamorenkake iiti obametantayetatsiri, tema raniitake inteena ipoñanaka keshiiki.",A los maestros les salieron ampollas en los pies porque caminaron lejos desde el Gran Pajonal.
Pishiye intsipaeni payena nija.,Corre rápido a traerme agua.
Sheripiari eejati maniti kiajeetanake intsomoeki impeetaki ari rashitakotakeri.,"El curandero y el tigre entraron dentro del tunel rocoso, allí lo encerró."
Iraatya otsitsi tonkaareki rookanakeri apa.,El perro llora en el cerro por que le dejó mi papá.
Rantibataka Kamañari shitobanake osheki irira.,Kamaañari se tropezó y le salió mucha sangre.
Nana iyatsi ayi iraari abintantyaabori opatsabo choeni.,Mi mamá fue a traer sangre de grado para curar la herida de mi hermana.
Itomi yeye iraenkari osheki rantabaeshiti.,El hijo llorón de mi hermano es muy travieso.
Ramake Pishiyaba pankotsiki mapocha iraka.,Pishiyawa trajo a la casa papaya madura.
Pamakena iraka akishitabakeeta.,Tráeme maduro para asar.
Pamakenabo kotsironaki oriani.,Tráeme la olla pequeña.
Ikantakina nirentitsori: Ovoyaatati isheni amperi obaneki.,Mi primo me dijo: “La abuela está cosechando el algodón en su chacra”.
Riyote yeye okaemakantiro ishinto.,La suegra de mi hermano manda llamar a su hija.
Iyotaka eentsipaye jaekanaentsiri pankotsiki.,Solamente se quedaron niños en la casa.
Ojabati nana nija opitiriantyariri tyaapa.,Mi mamá calienta agua para desplumar la gallina.
Jaaka inchatonaki piarentsi.,El cosho está lleno de masato.
Robiintakero charine jabiri jaanaareki obeni.,El abuelo botó el machete en el río profundo.
Pamakenabo perato jaanari noyiitantyaamiri iyaaki shonkiri.,Traeme el plato hondo para servirte caldo de paujil.
Raakero apa itenki jababo robantyaabori ramatsaereki.,Mi papá sacó plumas del guacamayo colorado para ponerlas en su corona.
Namanantake jabiri obakerari nopejashitantyaabori noborotaarite.,Compré un machete nuevo para hacer mi porotal.
Onkobeme ojeeke Kishityo jeekamentotsiki iro kantimaetacha pariakotanake.,"Kishokiyo quizo sentarse en el asiento, pero se cayó."
Ipokake nani jaka nopankoki.,Mi hermano vino aquí a mi casa.
Iñaashitakabo iro inchato kijori raatikashitakabo jamaka.,"Pensó que era un palo duro, piso en el palo podrido."
Ityaakitakero Chobirio jamampo okiki tsinane.,Chowirio echó ceniza en el ojo de una mujer.
Itsaatakeri notsitsite jamani obaantsiki.,Mi perro ladró a un majás en la chacra.
Obashireenkataka jamomo imampabeata otebaki inchato.,La torcaza canta tristemente sobre la rama del árbol.
Ojampitiri nana apa: ¿Jempe piyaatika?,Mi mamá le pregunta a mi papá: “¿A dónde vas?”
Iro robanabo shima jampobatsa.,El barro es el alimento del pez boquichico.
Ikentakeri antari jani iyempitaki eentsi antyabaeshiri.,La avispa picó la oreja del niño travieso.
Niyompari ipashitakanabo jankenamentotsi kityonkari.,Mi amigo me regaló un lapicero rojo.
Iroka jankenarentsi rantakeri eentsi irootake kompitarentsi.,Este escrito que hizo el niño es una adivinanza.
Nokantiri notyomi: Pijankenatero pantabaere rookanakemiri obametantatsiri.,Le dije a mi hjo: “Escribe tu trabajo que te dejó el profesor”.
Otimatye ayometaeri eentsipaye ijankenate ijankenabaerentitantyaari.,Tenemos que enseñar a los niños a escribir para que sean escritores.
"Ijaekantabo jankiro inchatoki, añiiri aririka ompare inkani.",El caracol que vive en los árboles solo se los ve cuando llueve.
Janko okemeneenta pitsi opochaanikiti.,La caña de azúcar se parece a la miel.
Robapiintiro tsipana jankori imooki.,La curuhuinsi acarrea las hojas a su nido.
Janta tonkaareki inampitabo maeni.,Allá en el cerro vive el oso.
Nijaacheraki eniki ari oshekitiri jantari.,En la orilla del río abundan los árboles maderables.
Itobi notyomi jantari rantantyaari ibito.,Mi hijo tumba el cedro para hacer su canoa.
Okantakeri isheni ojaripaye: Jantikoeni kaakitake maniti.,"La abuela dijo a sus nietos: “Cállense, viene el tigre”."
Ijapokabentiro tyaapa ishinkine jeekatsiri shitamenkotsiki.,La gallina brinca por su maíz que está en el emponado.
Raakero charine oshi jayapa ramenakobentantyaabori koshitakeriri.,El abuelo sacó hojas de toé para ver quién le robó.
Osheki jaye abotsiki ratsikabakeri yeye.,Hay muchos shitaracos en el camino y uno picó a mi hermano.
Choeni ojebankiro paamari omorekantyaari.,Mi hermana abanica la candela para que arda.
"—¿Pikemakena Niotya nokantakemiri? —Jee, nokemakemi pabaeni.","—Niotya, ¿escuchaste lo que te dije? —Sí tío, te escuché."
Ijampitakena Jatantaneri: ¿Jempe okatsitake?,El doctor me preguntó: “¿Dónde te duele?”
Ijeeki shenonti jenoki inchatoki.,El coto mono vive en la parte de arriba de un árbol.
Okantiro naana choeni: Pijerenkiro kametsa apanko.,Mi mamá dijo a mi hermana: “Cultiva bien el patio de la casa”.
Obametantatsiri rotyaantiri robamere raye jerina iponkantyari eshikempitari.,El profesor manda a su alumno a traer ortiga para castigar a los niños desobedientes.
Ijaeki jetari otapinaki mapi.,La carachama vive debajo de las piedras.
Ikentabakotakeri jeto yeye rakoki iñaatsabeta.,La araña le picó a mi hermano en la mano mientras jugaba.
Kaakitaki oime Tyempoya riyaati rantabaeti jantari.,El esposo de Tyempoña ya regresa de trabajar la madera.
Iina Chamiri iyaati areetabo iñiiro.,La esposa de Chamiri fue a visitar a su mamá.
Okachoneentakeri konki jiriimaki ikentsiki.,El ácido del limón hizo atragantar a mi suegro.
Ikentakiri apa jiriti imampaabeta otebaki inchato.,Mi papá tiró al pájaro madrugador mientras cantaba en la rama del árbol.
Jompotaki nana oporiperoki.,Mi mamá tiene un tumor en la pierna derecha.
Robetsikati charine ijonkare ijonkantantyaari.,Mi abuelo está confeccionando su antara para entonar.
Rokiro iriani kaarashi impeetaki.,El niño bota la basura al barranco.
Jatake isheni onkaaboshiteri otsitite nijateniki.,La abuela fue al río a bañar a su perro.
Noyaatapainte nonkaaboshitapaentya nijaateniki.,Voy a bañarme un momento en el río.
Itaayetatiro obaantsi otinaantari kachaarentsi.,"Están quemando chacra, por eso se levanta el humo."
Ikaemake Shariba tonkaareki.,Shariwa gritó en el cerro.
"Pinkeme, okaematimi piniro obaantsiki.","Escucha, tu madre te llama desde la chacra."
Kainitake noitsi raakena shitsa.,Me da comezón el pie porque me entró la lombriz.
Pamakenabo piyajankarite notiritabakia nokentsiki.,Tráeme tu perfume para echarme en el cuello.
"Iroka inchato kajankari, jaaka okitsoki pochaari.",Este árbol perfumado está lleno de frutos dulces.
Omatakeri neentsite kamaantsi.,A mi hijo le dio la gripe.
Pisheteri iyamantsite pitomi.,Limpia el moco de tu hijo.
Ratsikabetakana kamaatonki noitsiki.,La cascabel casi me mordió en el pie.
Pinkamanteri ashitaaneyetachari inkaamane apatorentsi.,Avisa a los padres de familia que mañana tenemos reunión.
Ikamarankake notyomi tsireniriki.,Mi hijo vomitó en la noche.
Ataanakeri kamankaantsi eentsipaye.,El vómito atacó a todos los niños.
Ikantakeri Tajorentsi kamari: Eero pantakaeri kaariperori atiri.,Jesús le dijo a Satanás: “No hagas cosas malas con la gente”.
Iroka tsinane kameetsaanto amampake apani amampaantsi.,Esta mujer hermosa cantó una canción bonita.
Jempe timatsiri rajankane kametsari iritake obeshiriachari.,"Quien tiene el corazón bueno, es el que vive feliz."
Pintsamaetero kametsa piyanirimashite.,Cultiva bien el yucal.
Itobi apa kampona ishitamenkotantyaabori pankotsi.,Mi papá tumba la pona para hacer la tarima de la casa.
Robakabo kitaeriki iyaniri Ashisho.,El sajino comió la yuca de Ashisho.
Kantapookitaka itanto Shabashi te robetsikaperotero kametsa.,La pared de la casa de Shawashi está mal hecha.
Okantashiyetashita atiri ikenkishiriamento.,Las personas tienen diferentes ideas.
Itonkabetaka paa jamani iro kantimaetacha te robamayeri.,"Mi papá baleó un majás, pero no lo mató."
Robabo kapararo inchakitso pariakitatsiri nijaaki.,La sardina come frutos de moena que caen al agua.
Robakari kapashiro iitsoki tyaapa.,La iguana comió el huevo de la gallina.
Kapeshi kemetaka ibotsore kobana otsapairikita ibatsaki.,El achuni se parece a la lisa por las rayas que tiene en su cuerpo.
Okantakena naana: Pimpena kapichoki pitibine.,Mi mamá me dijo: “Regálame un poco de sal”.
Pincheke kapiro nakijeekakotantyari jetari.,Corta paca para cocinar la carachama.
Iñaanatakeri kapironkari charine iñaapakiri apaniroeni.,Mi abuelito conversó con el venado cenizo cuando se encontraba solo.
Ikaraakero yeye inchakiire ina.,Mi hermano quebró el palo de mi madre.
"Eero paatikiro irora mapi karentsatake, pipariikari.",No pises en esa piedra porque está resbalosa; te vas a caer.
Ratsikakeri matsontsori tyaapa rookanakeri kashetaeni ibatsa.,El tigre comió a la gallina y dejó un pedazo de carne.
Ikiakeri kashiri Aroshi rootake kaari rootaperotantaari.,"La luna cargó a Aroshi, por eso ya no alumbra bien."
Añiiri niyankiiteki katsibore imoreki nijaaki.,Vemos a media noche la lamparilla alumbrar sobre el rio.
Ijaantakoti konki katsikori robantyaabori iyaniri.,Mi suegro saca hormigas comestibles de la tierra para comerlas con su yuca.
Irika katsimari otsitsi ratsikakeri rakoki entsi.,Este perro malo mordió la mano del niño.
Nokemakero osheki katsinkaiteri tsireniriki.,Sentí mucho frío en la noche.
Raanakero katsitori robanabo imooshiki.,La hormiga llevó su comida a su nido.
Katsobatake pipanko pobetsike otsipa.,Tu casa tiene goteras; construye otra.
Aashitakari choeni shirampari kayetsi.,El que preñó a mi hermana es un hombre afasi
Irika kayetsi tekatsi robakaeyabo iina.,Este afasi no tiene nada que darle de comer a su mujer.
Okantana nana: Pinkebero pako aririka poya obanabontsi.,Mi mamá me dice: “Lávate las manos antes de comer”.
Okibatsiro ina ichenko yeye.,Mi mamá lava el pantalón de mi hermano.
Obakeri anirio eentsite ikeboki imaantyaari.,Mi nuera puso a su bebé en la hamaca para que duerma.
Ikemake Sharishi iro rakantakamiri.,"Sharishi oyó, por eso te contestó."
Ikaaboshita kemari tsimiki.,La sachavaca se baña en la colpa.
Robatya ani kemi tashirentsi.,Mi cuñado come zapallo asado.
Kemijantsinkari tee robari koryo.,Los adventistas no comen bagre.
Ratsikakeri kempiro pabatyori irakoki.,La “kempiro” mordió a mi tío en la mano.
Ijeeki kempiti omoonaki kipatsi eejati shiranta.,La carachama vive en el hueco de la tierra y de las rocas.
Tsonkakeri otsiti iitiki osheki kenitsi.,En la pata del perro hay muchos piques.
Aririka ontime kametsare akenkishiriamento ari amatakero kametsa antabaerontsi.,"Si tenemos buen pensamiento, haremos buen trabajo."
"Osheki ikenkishiriaka charine, iro ipokantanakari ikenkitsatakaeri obametantatsiri.",Mi abuelo pensó mucho antes de venir a hablar con el profesor.
Ikentake charine apaani chomenta inkaareki.,El abuelo picó una palometa en la cocha.
Ikemashitanaka okentanakeri iitiki.,De repente sintió que algo le picó en el pie.
Ratsikakiri kentabo apa iitiki riyaabeta ikinabaeti.,A mi papá le picó el shushupi en el pie cuando salía a cazar.
Robabo kentabo kiri tonkariki obaantsiki.,El loro “kentabo” come semillas de pijuayo en la chacra.
Jantsare ikentsi tsompare.,El cuello de la garza es larga.
Ikentake apa kentsori ocheempeki.,Mi papá picó una perdiz en el cerro.
Robatiyakero yeye kepaye rantantyaari ipanko.,Mi hermano plantó un horcón para construir su casa.
Ikanti sheripiari: Kepishiri sheri.,El Curandero dice: “El tabaco es amargo”
Ichekake Pishaba kepiyashi ipashikantyaabori ipanko.,Pishaba cortó bombonaje para tapar el techo de su casa.
Amaaniti nija kiabontsiki.,Los ríos crecen en el invierno.
Kijinkari antyashipari jeekabetachari jaka jataje inampiki.,El anciano colérico que vivía aquí se fue a su pueblo.
"Kijori iroka inchaki, ero amatiro ankaraero.","Este palito es muy duro, no se puede quebrar."
Kimoshiretanaki apa ipaetantakariri pitotsi.,Mi papá sintió alegría cuando recibió la canoa.
Ikimoshiretati yeye raaki osheki shima.,Mi hermano está contento por haber pescado muchos peces.
Ityaakitakeri yeye kipatsi irokiki itsipamintsare iñaatsabaetantari.,Mi hermano echó tierra en el ojo de su amigo mientras jugaba.
Ijeekaeyeni kipatsiki maboeni añiinkari.,En la Tierra viven todos los seres vivos.
"Kipatsitakemi, piyaate pinkaaboshitya.",Estás sucio; vete a bañar.
Riyati ani itsikotsi kiri obantsipooshiki.,Mi cuñado fue a coger pijuayo en la purma.
"Aririka añaanatero kiribiro, ari opakae yotaantsi.","Si leemos el libro, nos dará conocimientos."
Okatsitakaakeri Shareba ikiri iyamaantsite.,La gripe le hizo doler la nariz a Sharewa.
Kirotaka maanki otapinaki inchato.,La víbora se enroscó debajo del palo.
Akishitakeniri ina kishañabo raanakeri apa antamiki ikenabaete.,Mi mamá asó yuca que mi papá llevará para ir al monte a cazar.
Amanantake ina kishiri okishitantyariri iishi yeye.,Mi mamá compró un peine para peinar el cabello de mi hermano.
Itsonkakero kitairiki iyanirimashite konki.,El sajino terminó el yucal de mi suegro.
Ikantakeri obametantatsiri apa: Pamananteri pitomi ikitamaaripetate ijankenatantantyari.,El profesor le dijo a mi papá: “Compra cuadernos a tu hijo para que pueda escribir”.
Iitsaare yeye opotsota kitamaari.,La ropa de mi hermano es de color blanco.
Kiteriatake nija obeni.,El agua del río Unini es limpia.
Noñaake apani inchateyaki kiteriri abotsiki.,En el camino vi una flor amarilla.
Okentakero kitoche iiñeeni ateetakobetabo jirimaki.,La espina picó a mi cuñada cuando subía al limonero.
Robantabo rampate kitochempe aririka robabaetya.,El camarón come con la pinza izquierda.
Ijeeki kitoniro otakipayeki tsiyaroki.,El alacrán vive en la corteza de las palmeras.
Ontyaati isheeni kitsaarentsi omperiri ojari.,La abuela teje cushma para su nieto.
Ikentakina kitsapi nakoki.,La aguja me picó en la mano.
Pamakenabo noetsaare kityonkari oobaenchari.,Tráeme el vestido rojo que está soleado.
Ikiyakoti etini imoo imantyaari.,El quirquincho cava un hueco para dormir.
Ikantakena yeye raretantapaakari: Nokobi noya kaniri.,Mi hermano me dijo al llegar: “Quiero comer yuca”.
Ijaeki kobana nijaaki robabo onkochapaaki.,La lisa vive en el agua comiendo frutos de cetico.
Nokobashiriaka tsika onkantapaentya nareetyari ikemeta obametantatsiri.,Deseo llegar a ser profesor algún día.
Noñaake apani piratsi kobeenkari mintsarobakenari.,Vi a un animal feo que me asustó.
Ijeki kobiri nijaki obeni.,El sábalo abunda en el río Unini.
Isheeni iyaati ayi jampobatsa antantyaari apani kobiti.,La abuela va a traer barro para hacer una olla.
Otsoyempitati iraeki kojaniri.,Los dientes del lagarto son muy filudos.
Inoshikake ani komairi omotyaki nija.,Mi cuñado jaló paco en la poza del río.
komatake shintsini abireri ikobi rareetajea intsipaete.,Nawireri rema rápido para llegar temprano a su casa.
Ichekake pabachori omenta inchato rantantyari komarontsi.,Mi tío cortó una aleta de árbol para hacer un remo.
Atiri komintsare osheki ikobaaetiri nampitsiki.,El hombre cazador es muy querido en el pueblo.
Jatake komintsare antamiki ramene poshiniri.,El cazador fue al monte a cazar animales.
Raake apa osheki kompiroshi ibetsikantyari apanko.,Mi papá sacó muchas yarinas para construir nuestra casa.
kompitaka ñaantsi ipakenari obametantatsiri.,La palabra que me dio el profesor es difícil.
Itobakaakenabo konki meshiyanto.,Mi suegro me hizo tumbar el árbol de capirona.
Ranashita konoya ineetsikiroeni ramini shitobi.,El motelo camina despacio buscando callampas.
Robabo kontsabo pamaki.,La perdiz mediana come la chimicua.
Nopakotakeri kooko piarentsi pochaari.,A mi suegro le di masato dulce.
Robakari koriato yeye iyanirimashiteki.,Mi hermano comió gusanos de yuca en su chacra.
Ipakeri ibaatrote koriki rantabaibentari.,Su patrón le dio dinero por su trabajo.
Ijeeki korinto omooki otishi.,El elefante vive en la cueva de la montaña.
Roeminkiakeri korinto apani atiri antirori iina.,El teniente gobernador metió al calabozo al hombre que pegaba a su mujer.
Timatsi koshinti nonampiki aayetirori maaroni iñaayetiri.,En mi comunidad hay un ratero que roba todas las cosas que ve.
Robakabo koshiri chochoki tonkariki.,El mono blanco come huayos en la altura del cerro.
Ikoshitake tsirarato amperi isheeni.,El pájaro shicapa robó el algodón de mi abuela.
Ijeeki koshoshiko omotyaaki antaboki nijaa.,El bufeo vive en la poza del río grande.
Ipakeri apa kotsiraaniki riyompari ikobantari tiri.,Mi papá dio un cuchillo a su amigo a cambio de brea.
Otaakero eentyo ootsironakite onkotsibeta kaniri.,Mi hermana quemó la olla cuando cocinaba yuca.
Okiyakoti isheeni maabo abantyari oyanire.,Mi abuelita cava gusano para comer con su yuca.
Riyaatatye konki Jatipoki raanatyeero maboeni ishintopaye.,Mi suegro va a viajar a Satipo llevando a todas sus hijas.
Robakabo maakookaba roretane nani.,La panguana comió el comedero de mi papá.
"Te otimi imaamento miriti, imaashita ojaabiki.","El huérfano no tiene cama, por eso duerme en el suelo."
Rayi konki maaniri roetantyaariri itomi ikamankaati.,Mi suegro trae canela negra para preparar un remedio para su hijo que está vomitando.
Noñaakeri maanki rankobiitiri onkiro.,Vi a la culebra enroscando al ratón.
Itsatakero Kamañaari imaantare eero ikentantariri maño.,Kamañari amarró su mosquitero para que no lo piquen los zancudos.
Ikentakiri yeye maño rantyabori irira.,A mi hermano le picó un zancudo para llevar sangre.
Maaperotaka Yompiri rokakiro iina.,"Es la verdad, Yompiri dejó a su esposa."
Itsaatiri maati itarika iñeri pokashitiriri.,El manacaraco grita cuando ve acercarse a alguien.
Tekatsi imaatsa irika eentsi.,Este niño no tiene ropa.
Itonkake Koriobiri maba maniro.,Koriowiri mató tres venados.
Ipankitaitiro mabona antaiki kashiri antabotantyaari obatsa.,La sachapapa se siembra en luna llena para que tenga buenos tubérculos.
Okoyaati choeni machaki otsapiaki ochera eniki.,Mi hermana cosecha frejol en la otra orilla del río.
Robabo maeni obatsa tsireentsi.,El oso come cogollos de palmera.
Maeyakeni shinkirentipaye ikiteejitakotake iraeyeni.,Los borrachos duermen de día porque amanecieron tomando.
Rakachatiri nani mainto inkaareki.,Mi cuñado pesca bujurqui en la cocha.
Majabitake choeni antabaeti obaneki.,Mi hermana suda mientras trabaja en su chacra.
Ijeki majoki inkaareki.,El renacuajo de sapo vive en la cocha.
Timatsi pabachori itomi majonti.,Mi tío tiene un hijo mudo.
Ijekaki makota otamentotsiki royeri shikiri robantyari.,La makota vive donde hay luz esperando a las moscas para comer.
Imampaabaeta mamabo antamiki.,El búho canta en el monte.
Inoshikakeri paba antari mamori.,Mi papá pescó un sábalo grande.
Ijankenaeyakeni mampaantsi iirianipaye.,Los niños escribieron una canción.
Imampaakabo irianipaye mampaantsi ojarentsiteki yotaantsinpanko.,Los niños cantaron una canción en el aniversario de la escuela.
Ikobakotiro yeye isheni mampetsa roojotantyaabori ichakopitepaye.,Mi hermano pide puchkay a mi abuela para amarrar sus flechas.
Itsonkatakeri notyomi mampiritsi ibatsaki.,Mi hijo está lleno de isangos en todo el cuerpo.
Ikentakeri apa mani iitiki.,La isula picó a papá en el pie.
Rirati maniro cheetatsiri nija nijaateniki.,El venado con cuernos toma agua en la quebrada.
Robakari karinari maniti shabo ocheempeki.,El tigre pintado comió al añuje en el cerro.
Ranti mankareto imoshi otebaki inchatoshiki.,La araña teje su tela en las ramas de los arbustos.
Imanonkakeri tijo Shantyoma iñaakeri oshitobake irira.,El gallinazo bañado de sangre hizo mal agüero a Shantyoma.
Imaye mantana kitejeriki omooki inchato tyaentsiri.,El majás duerme de día en el hueco de un árbol caído.
Mantsiyatake yeye omatakeri katsirentsi.,Mi hermano se enfermó con paludismo.
Omatakeri pabachori mantsiyarentsi kamaantsi.,A mi tío lo atacó la enfermedad de la gripe.
Maperotaka nana omantsiyare te ariajeniti.,"Mi mamá está grave, parece que no se va a mejorar."
Rontibatakabo Napo mapi oshetakiriaakeri ishetaki.,Napo se tropezó con la piedra hasta sacarse la uña.
Imaabaeti Toropeeti mapipookiki itsariantyariri otiyaarentsi.,Toropetzi duerme en el cascajal para echar red al mijano.
Imampa mapiti tonkaareki riyotiro kitaejeri.,El pájaro del cerro canta anunciando el amanecer.
Irakake mapocha obaneki choeni.,La papaya se maduró en la chacra de mi hermana.
Imapokakeri amenayetiriri obametantatsiri yotaantsinpankoki.,El monitor sorprendió al profesor en la escuela.
Amakeri nana mapotopaye pankotsiki.,Mi mamá trajo congompes a la casa.
Ipiyakeri mashero robabetakari yeye.,El sapo le produjo náuseas a mi hermano después que lo comió.
Riyaati charine rayi mata iyontaachari pashiitoki.,Mi abuelo se va a juntar gusanos que viven pegados al tronco de la topa.
Ikantana yeye: Mataka nantabaire.,Mi hermano me dice: “Ya está mi trabajo”.
Ratsikakeri materinki yeye irakoki ikonabeta.,A mi hermano le picó una nacanaca en la mano mientras pescaba.
Oshekini matsantsi inampiki Kamañari.,En la casa de Kamañari hay mucha ropa.
Noñaake matsari iriani ishiyanaka payantimashiki.,Vi a un niño flaco que corrió al platanal.
Robametakeri charini imatsini icharine.,Mi abuelo enseñó a su nieto a ser brujo.
Robakari matsontsori otyaapate isheeni.,El tigrillo comió la gallina de mi abuela.
Shirampari mayempiri te okijotimotiri iina.,Al hombre mujeriego no le dura la mujer.
Irinta mayempiri osheki yookakaantake jinatsi.,Ese mujeriego destruyó muchos hogares.
Ikanti pinkatsari: Meeka atsamaetero abotsi.,El jefe dice: “Ahora limpiaremos el camino”.
Imenkotake Koriari osheki shima raakeri ipashikaatantari.,Koriari ahumó muchos peces que pescó con tarrafa.
Aririka arakote arakomentotsiki ari añaakero menkori okaakini.,Si viajamos en avión vemos las nubes muy cerca.
Menkoriityaake iroka kiteejeri.,El día amaneció nublado.
Rakachaatake nani osheki mereto nijaateniki.,Mi cuñado pescó con anzuelo muchas mojarras en la quebrada.
Riyati apa ichekakoti meronki antamiki.,Mi papá va al monte a traer chimicua.
Aririka omakaatake meshinto kametsarini ayero atsima.,Cuando la capirona está seca es buena para hacer leña.
Metsotake kaniri onkotsitakeri choeni.,La yuca que cocinó mi hermana está suave.
Ijaeki meyiri robabaitabo tsiyaroki.,La ardilla está sentada comiendo shapaja.
Imiamiataeyeni eentsipaye ibeshiriaeyani.,Los niños brincan de alegría.
Miretake apa itobiro inchato.,Mi papá tiene sed porque está tumbando un árbol.
Raanakero charine imire ikenabaetantakari antamiki.,Mi abuelo llevó su líquido para la sed cuando fue a cazar en el bosque.
Omishitakeri tsinane oshirontane ratsobootiro.,La mujer soñó que su enamorado la besó.
Robari misho onkiro.,El gato come ratones.
Imitaanaka tsitsiri romintsaakeri tyopiki.,El grillo saltó cuando lo asustó el pollito.
Tsitsiyake yeye omotyaaki ikobi raajero rakachaare.,Mi hermano se sumergió en la poza por sacar su anzuelo.
Patsake imoito enchaniki.,El ombligo del bebé tiene herida.
Imokaatiro Kamaiteri jantari rantantyaari ibito.,Kamaiteri mide la madera para contruir su canoa.
Imonkaatakero yeye ijeetiro nija otsipaki kobiti.,Mi hermano también llenó (lit. igualó) la otra olla de agua.
Okantana naana: Pimonkaatero nontyaare.,Mi madre me dice: “Mídeme el tejido”.
Ikantanake pinkatsari: Pomonkeri koshinti tyaapapankoki.,El jefe dijo: “Mete al ladrón en el gallinero”.
Imontyaakero maniro nijaateni.,El venado vadeó el río.
Morekake paamari ominkiake isheni osheki tsitsi.,La candela arde bien porque la abuela metió mucha leña.
Irika eentsi motinti osheki ishitsane.,Este niño barrigón tiene muchos parásitos.
Iroka kooya motinto anti omarentsi.,Esta mujer embarazada hace collares.
Moyaake onijaate iiñeeni obakotanakeri paamareki.,Hierve el agua que mi cuñada dejó en la candela.
"Iroñaaka namanantakera nairotsa jantsari, nonoshikatye komairipaye.","Ahora que compré nailon largo, jalaré pacos."
Namanantake nenkitsiki nantantyaari amarentsipaye.,Compré mullos para hacer brazaletes.
Ipatsaakaanti netsi aitoki eerorika ayitari intsipaite.,El piojo produce heridas en la cabeza cuando no lo sacamos rápido.
"Pimpabakena nija nirabake, oshekini nomire.","Dame agua para tomar, tengo mucha sed."
"Ikantakero ebankari tsinane: Nonintakemi osheki, tsame noinantemi.",El joven le dijo a la mujer: “Te amo; cásate conmigo”.
Impojakeri nironto eentsi ipankaki.,La ronsapa golpeó al niño en la frente.
Itsaakeri itonki shima iniyamentoki charine.,El hueso de pescado se atoró en la garganta del abuelo.
Noñaakeri Shapopo niyanki obaantsiki.,Vi a Shapopo en medio de la chacra.
Antari noonki rankobiitakeri maniro raakeri ocheraaki.,Una boa grande enroscó a un venado que cazó en la orilla.
Inoshikakero obayeri tsinanepaye.,El guerrero raptó a las mujeres.
Inoshikake nani apani charaba nijaaki.,Mi cuñado jaló un súngaro en el río.
Pinoshikanakero pitsiro eerorika okobi opoki pankotsiki.,Arrastra a tu hermana si no quiere venir a la casa.
Aririka oshaabiityaanake oshekini amampaantsi ñaabaementotsiki.,Por las tardes emiten música por la radio.
Ikaemakantaetiri Yompiri ñaamentotsiki.,A Yompiri lo hacen llamar por radiofonía.
Iñaanatiro irianeriki ñaantsi yotaantsipankoki.,Los niños leen palabras en la escuela.
Ijaatakero eentsi oñaaro isheeni.,El niño rompió el espejo de la abuela.
Iñaakeri ani maniro obaantsipooshiki robabo oshi kaniri.,Mi cuñado vio al venado en la purma comiendo la hoja de yuca.
Ñaperori atiri robakobentiro inampi.,La persona valiente defiende a su comunidad.
Robaeyakani ñaatsarepaeni shiketsi jataentsiri korintooniki.,Los jugadores que fueron a Korintoni comieron carachamas.
Pibabitero inchaki aretantyabori okitsoki kiri.,Pieza el palo para que llegue hasta el fruto del pijuayo.
Ijeki obae omoki impetaki.,El gallo de roca vive en el hueco de la roca.
Otimatye obametaeri atomipaye rantabaete ero iperatantari.,Tenemos que enseñar a nuestros hijos a trabajar para que no sean ociosos.
Irika obametantatsiri osheki inintaitiri nampitsiki okantakaantiro robametanti kameetsa.,Este profesor es muy querido en el pueblo porque enseña bien.
Robankiniri nani payanti itapikiki yeye.,Mi cuñado alzó el racimo de plátano a la espalda de mi hermano.
Nopankiti obantsiki shinki eejati inki.,En la chacra siembro maíz y maní.
Oyaati isheeni obantsipooshiki amene shoñaki.,La abuela va a la purma a buscar daledale.
Ranti ani robashiro ikentantyaariri kontsabopaye.,Mi cuñado hace maspute para picar perdices.
Obashiyabakena iina Kaminirio.,La mujer de Kaminirio me hizo broma.
Osheki obeenikentsi ibitiki otsiti.,Hay muchas pulgas en la piel del perro.
Robintati charine iyanire ibaneki.,Mi abuelo siembra yuca en su chacra.
Obiitakero choeni omachaakite.,Mi hermana cosechó sus frijoles.
Oyaati noena amenero obirentsi.,Mi mujer se va a revisar la trampa.
Ari ijeeki shenontipaye ocheempeki,Los coto monos viven en el cerro.
¿Oitaka obakemiri petakobaetantari?,¿Qué te pasa? ¿Por qué estás sufriendo?
Ojaabiki ijeekaeyeni konoya robabo shitobipaye.,Las tortugas están abajo comiendo callampas.
Opiriati ojarentsiki nijapaye.,En el verano las quebradas se secan.
Iñampoeretakeri Shebankori maniti okaakini ipankoki.,Shewankori vio la huella del tigre cerca de su casa.
Ookakiro choeni kaarashi nijaki.,Mi hermana bota la basura al río.
Raati Maaniri okitsoki intsipa ipankiteri robaneki.,Maaniri junta semillas de guaba para sembrar en su chacra.
Raetiro omenta inchato antantyabori komarontsi.,El remo se hace de la aleta del árbol.
Ero pamaati niyanki onoshikimikari omoetonka.,No nades en medio del río; cuidado que te arrastre el pongo.
Kiake etini omoonaki inchato.,La carachupa entró al hueco del palo.
Antabo omoti Shakiñi itimatye entsite.,"La barriga de Shakiñi es grande, ya va a dar a luz."
Omotyaki nija ari ikemaetiri ramampae tyaapa.,En la poza escuchan cantar al gallo.
Onampinaki pankotsi ojeeki shibitsa.,La soga está al costado de la casa.
Rapeyakero onkiro okirikakeri isheni.,El ratón mordió el hilo de la abuela.
Osheki oneeki onkona.,El cetico tiene muchos gusanos.
Oontsotakero iñeeni paamari akishitantyaari kaniri.,Mi tía atizó la candela para asar la yuca.
Ontyiro ina kitsarentsi.,Mi mamá teje una cushma.
Roñaakakeri icharine inchashi maankibenki.,El abuelito mostró a su nieto la planta que es remedio para la mordedura de culebra.
Roonkake apa tonkaareki irotaentsi rareetajea.,Papá puqueó en la loma; ya está por llegar.
"Amaanitake enini, irojatsi oonkantanakari nijaatenipaye.","El río creció, por eso se represó la quebrada."
Oonkaka imoti eentsi osheki robaka.,La barriga del niño se hinchó por comer demasiado.
Iñaamatari shikiri imoreki ootamentotsi.,A los insectos les gusta la luz del mechero.
Oshekini opane aroshi aririka atoonkiro.,El arroz tiene mucho polvo cuando se pila.
Enitatsi osheki oparetsa komo.,El barbasco aún tiene muchas raíces.
Imampaabaeta opempe etakota tonkaareki.,El tucán canta en el cerro cuando está triste.
Paamabentya pikiikari opiyaataki omitsitsiyimikari.,Cuidado cuando entres en el remolino; te puedes hundir.
Roretiri apa ijamanite kanirimashiki.,Mi papá da comedero al majás en el yucal.
Itaakero opooki eentsi oria.,A la niña la quemó el sol en la cara.
Oshekitatsi machaaki obantsiki.,Aún hay muchos frejoles en la chacra.
Oshekipero okatyokakero choeni obanabontsi.,Mi hermana echó demasiada sal a la comida.
Robantabo rampate oshero.,El cangrejo come con la pinza izquierda.
Osheki rantyabaeshiti osheto.,El maquisapa es muy travieso.
Ramanantake obametantatsiri oshiyakaantsi roshiyakantantyariri robameri.,El profesor compró una cámara para tomar fotos a sus alumnos.
Ookiro choeni otaki kaniri nijaaki robantyaabori mamori.,Mi hermana bota las cáscaras en la quebrada para que las coman los sábalos.
"Ikobeme inkie chompita otapinaki shitamenkotsiki, robabakari tyaapa.",La gallina se comió a la cucaracha cuando estaba entrando debajo de la tarima.
Oshoki Shariba osheki ishipatona itapinomaki.,A Shariba le crece mucha barba en la quijada.
Rotatsinkakeri nani apani atiri te iñaakota okantakantiro ishinkiro.,Mi cuñado empujó a una persona a causa de la borrachera.
Otebaki inchato iñatsaeyani koshiripaye.,Los monos juegan en las ramas del árbol.
Otetaka charine otenkanaki pojapaka iito.,Mi abuelito se metió en la zanja y se golpeó la cabeza.
Okanti nana: Pitetajero machaki kantiriki.,Mi mamá dice: “Mete el frijol en la canasta”.
Otitakotapaka charine ishintipare inchapookiki.,La balsa del abuelo se atravesó en la palizada.
Ijeeki charaba otsapiaki nija.,El súngaro está en la orilla del río.
Ikaimati yeye otsapiki obantsi.,Mi hermano está gritando al canto de la chacra.
Ratsikabetakari otsimapookiri iitiki otsiti.,El jergón casi mordió la pata del perro.
Ipakeri apa yeeye otsipa ichenko.,Mi papá le dio otro pantalón a mi hermano.
Iritake otsiti itsipamintsare atiri.,El perro es el amigo fiel del hombre.
Otyaankakeri nana yeye obantsiki raye tsitsi.,Mi mamá mandó a mi hermano a la chacra a traer leña.
Oyiitakero isheni oyaniri pojare.,Mi abuela baja su yuca cocinada.
Ayitapaki aakomentotsiki obametantatsiri.,El profesor se bajó de la avioneta.
Otaabakero noena paamari akishibeta kaniri.,Mi mujer se quemó con el fuego mientras asaba la yuca.
Opakero choeni isheni apani tibana.,Mi hermana dio una piña a mi abuela.
Ikentake pabachori tsamiri robashiroki.,Mi tío picó al paujil desde su maspute.
Okantakena nishintyo: Areetaka pabaeni pankotsiki.,Mi hija me dijo: “Mi tío llegó a la casa”.
Nantake pabitsi nataetakotantyaabori kiri.,Hice una escalera para subir al pijuayo.
Ijaakero Tyonkishori piarentsi ibachakateki.,Tyonkishori llenó masato en su porongo.
Itotati pajo Chabari rirantyari ibiare,Chabari corta pate para tomar masato.
Okantanake isheeni: Paajonki Paba.,"La abuela dijo: “Gracias, Dios”."
Robabo shabo pajotiki tonkariki,El añuje come almendras en el cerro.
Raanakeri pakitsa otyaapanikite nishintyo.,El gavilán llevó al pollito de mi hija.
Ichekakotake pabachori pamaki iraka tonkareki.,"En el cerro, mi tío cortó una chimicua que tenía frutos maduros."
Makaatake pampiamentotsi jeekatsiri Kemariariki.,El puente de la quebrada Kemariari está por caerse.
Iroka ebankabo pankibaerento te omakoneti antabaeti.,Esta joven sembradora no se cansa de trabajar.
Iroka otaki pankirentsi kametsari ashi shibaerontsi.,La corteza de esta planta es buena para la diarrea.
Robetsikaeyeni Obenijati pankotsi imaantyaari areetinkari.,Los comuneros de Unini construyen una casa para alojar a los visitantes.
Antabo ipante charaba.,La boca del súngaro es grande.
Amaatake pantyo inkaareki.,El pato nada en la cocha.
Noñakeri parari robari shiketi.,Vi al lobo marino comiendo carachamas.
Robabo pareto ishinkine Koriobiri.,El pareto come el maíz de Koriowiri.
Opariaki nana jenoki opankoki.,Mi mamá se cayó desde lo alto de su casa al suelo.
Okantana nana: Pashi iroka kitsarentsi.,Mi mamá me dice: “La ropa es tuya”.
Pashibentaka ebankari tema rantibatakaro mapi.,El joven tuvo vergüenza porque se tropezó con la piedra.
Ichekati ani pashiitoki rantantyari ishintipare,Mi cuñado corta varias topas para construir una balsa.
Raanakero yeye pashikaamentotsi ipashikantyaari shima.,Mi hermano llevó la tarrafa para tarrafear peces.
Iroka pashikabontsi obakerari ojaabati kametsa.,Esta colcha nueva calienta muy bien.
Robanabo pashiti iraantsi.,La garrapata se alimenta de sangre.
Robakabo tsobero patintoki ochempeki.,El maquisapa comió zapote en el cerro.
Otimi osheki ipatsabo iitoki eentsi.,El niño tiene muchas heridas en la cabeza.
Iyati nanaeni inkaareki ayi patsiri oyaari.,Mi tía se va a la cocha a juntar ranas para comer.
Natantakaari payanti batsatsi.,Comí el plátano con la carne.
Naati payantipeshi nopankiteri nobaneki.,Estoy sacando el machiki del plátano para sembrarlo en mi chacra.
Ayi isheeni payantishi opashikakotantyaabori opiare.,La abuela trae hojas de plátano para tapar el masato.
"Ipejatiro atiripaeni antami, rantantyabori obaantsi.",La gente roza el monte para hacer chacras.
Ratsimiyakeri penta irira yeye.,El chupasangre le chupó sangre a mi hermano.
Orianeeriki ipentaki chomenta,Las escamas de la palometa son muy pequeñas.
Okantakaantiro perantaantsi tekatsi oyaari.,Por culpa de la ociosidad no hay nada que comer.
Atiri peranti te otime ibane.,El hombre ocioso no tiene chacra.
Rapeyakero periki shinki nopankiterime ojarentsiki.,La polilla se comió el maíz que guardaba para sembrar en el verano
Ipankitaetiro opeshi tibana eejati parianti obaantsiki.,Los retoños de la piña y del plátano se siembran en la chacra.
Iñakeri eentsi peyari irojati imantsiyatantanakari.,El niño vio al díablo y por eso se enfermó.
Naake kirikotake nantantyaari nobiamene.,Saqué un tallo de pijuayo para hacer mi balista.
Riraeyeni atiri piarentsi ipankoki Tyobiri.,La gente toma masato en la casa de Tyobiri.
Piyate pimpichero iroka kamantaantsi ipankoki pinkatsari.,Ve a pegar el aviso en la casa del jefe.
Pipoke pimpichenkero ojankenamento apatorentsi.,Ven a poner tu huella digital en el acta.
Ipichakatiro konki omoo pitotsi.,Mi suegro parcha el hueco de la canoa.
Pinabontsini obarabontsi ipimantayetiri atiri.,Las cosas que trae esta persona son muy costosas.
Ikaemakantakae pinkatsari ampatotya.,La autoridad nos mandó llamar para una reunión.
"Piñaabakena, nabijabaketa.","Con su permiso, voy a pasar."
Pimpiriintajeri pirenti ipariantakabo ishinkiro.,Levanta a tu hermano; se cayó de borracho.
Kamabetaka charine iro kantaenchari piriintaja.,"Mi abuelo había fallecido, sin embargo resucitó luego."
Ikaemiro pirinto inkani ikanti: Joo joo joo...,"El hualo llama a la lluvia diciendo: “Joo, joo. joo...”."
Pishimentotsi obakerate opishiti kametsa.,"La escoba, cuando es nueva, barre bien."
Robakabo pishiti mapocha obantsiki.,La pinsha comió papaya en la chacra.
Robabo tsipanashi pitiro.,El grillo come hojas de bijao.
Iroka pitotsi ramanantakero apa amontyantyabori eniki.,Papá compró esta canoa para cruzar el río.
Nirake pitsi niyaatantakari antamiki.,Comí miel cuando fui al monte.
Pitsitake ichenko nani okantakaantiro iñaatsatabo jampobatsa.,El pantalón de mi cuñado está sucia porque estaba jugando en el barro.
Opitsitsayetiro isheni oitsare.,Mi abuela tiñe la cushma con barro negro.
Opiyiro isheni aabintabontsi.,Los remedios le dan náuseas a mi abuela.
Pochari tibana ari irakakerika.,La piña es dulce cuando está madura.
Aririka otampatikatapake ari nopochokiti osheki.,Al llegar el mediodía tengo mucho sueño.
Pochokitake konki te imaye tsireniriki iyaati ishimata.,Mi suegro tiene mucho sueño porque anoche fue a pescar.
Poematanake mampaamentotsi ipankoki Kocheri.,El radio sonó en la casa de Kocheri.
Ompojakeri Kepityoki Ashisho.,Kepityoki golpeó a Ashisho.
Opokake natoto intakeronta nijaateni aretabo nana.,Mi hermana viene del otro lado de la quebrada a visitar a mi mamá.
Raakero apa inaki pomporo ityootantyari.,Mi papá sacó el caparazón del caracol para su bocina.
Ponatake ipori nani raatikaitakeri iñaatsabaebeta.,Las piernas de mi cuñado están renegridas porque lo patearon en el juego.
Nokantiri atiri aretapaenchari: ¿Pipoñari eeroka?.,Le dije a la persona que llegó: “¿Cuál es tu lugar de origen?”
Ikentake Tyobiri robashiroki poobonto.,Tyobiri picó una panguana desde su maspute.
Raati nani poonkito iponkatyari itomi piyatsari.,Mi cuñado fue a traer ishanga para disciplinar a su hijo desobediente.
Kiake porenti nopankoki.,La luciérnaga entró a mi casa.
Shitobake ojompo oporiki eentsi.,A la niña le salió pus de la pierna.
Robaka Shamoko poshiniri batsatsi.,Shamoco comió carne sabrosa.
Iroka potsomentotsi irashi pirenti.,Este color es de tu hermano.
Ipotsotabo potsotsi charine eero itantari oria.,Mi papá se pinta la cara para que el sol no lo queme.
Oyaati isheni aaye potsoti opotsotyari opooki.,Mi abuelita fue a traer achiote para pintarse la cara.
Okantana nana: Pireboshitya chetakitakemi.,Mi mamá me dice: “Lávate la cara porque estas legañoso”.
Ireento Irishiria oyaati areetanta,La hermana de Irishiria se va de paseo.
Ritaki apitsatakiriri ina konki.,Él es el que le quitó la esposa a mi suegro.
Rootaki antakerori entyo oshinkitantakari.,Ella es quien la pegó a mi hermana cuando estaba ebria.
Osheki ikaemi shaa aririka iñee pokatsiri.,El piampía grita cuando ve que alguien se acerca.
Oshaake nana oshibitsate paato antantyaabori otsaato kantiri.,Mi mamá peló la corteza del palo de balsa para amarrar su canasta.
Ishabaetashita Koñoriki otsapiaki itsarobi ramate.,Koñori sólo camina en la orilla del río porque tiene miedo nadar.
Ikentake ani shabo kanirimashiki.,Mi cuñado picó un añuje en el yucal.
Okantakena isheeni: Thame ashabokiite.,Mi abuela me dijo: “Vamos a bailar”.
Timatsi osheki pochari shebantoki nobaneki.,Hay muchas uvillas dulces en mi chacra.
Raanakero Mishako isheeto tyaapa rakachatantyari.,Mishaco llevó la tripa de la gallina para cebo de su anzuelo.
Rabitsakitanakeri itomi shintsini ishempaki eero iparianta.,Su hijo lo abrazó fuerte en los hombros para no caerse.
Tonkake shempiri iitsokantyari impanekiki.,La charapa subió a la playa para poner sus huevos.
Ranashita shenonti itsipatabo osheki iina.,El coto anda acompañado por varias hembras.
Ipankitiro sheripiari sheri ipankori.,El curandero siembra tabaco en el patio de su casa.
Itapobiri sheripiari mantsiyarepaye.,El curandero cura a los enfermos.
Inampitabo shesheti inkaareki ijeekantabo jabooki.,El shansho vive en las cañabravas de la cocha.
Opotsotiro oshetaki Shimashiri.,Shimashiri se pinta las uñas.
Antabo ishetaki maniti rateetantabori inchato.,La garra grande del tigre le permite subir al árbol.
Onkotsitantyari ina iiti maniro ototakeri ishetaki.,Mi madre corta la pezuña de la pata del venado para cocinarla.
Irika atiri sheteri te ramene kametsa aririka raniti.,Este hombre tuerto no mira bien por donde camina.
Itobakotake konki sheyaki antamiki.,Mi suegro tumbó ungurahui en el monte.
Ishibaitatya eentsi robajempiakabo iraka.,Al niño le dio diarrea cuando comió el maduro.
Shookake chokiyo ishibanki irotaintsi irare.,Ya crecieron las plumas del pihuicho; está listo para volar.
Ikentakeri jani ishibiki koshiri.,La avispa picó al mono en el pene.
Shitobanake osheki shiketi ikonatantakabori ocheba.,Muchas carachamas pequeñas salieron cuando echaro barbasco en el defluente.
Pocake osheki shikiri ikemaenkatiri tashankantsi shima,Muchas moscas vienen porque huelen el pescado seco.
Aririka oteyakitanake shimashiri ari iyeenkati koshiripaye.,Cuando florea el árbol flor de mayo es cuando los monos se engordan.
Amake Shimashiri osheki kemi onkotsiteri.,Shimashiri trajo muchos zapallos para cocinar.
Aririka amanite nija amake osheki oshimore.,"Cuando el río crece, trae mucha espuma."
Robetsikake shimperi charine oteyantyaariri shimapaye.,El abuelo preparó la naza para atrapar a los peces.
Oshekini shimpoki tsimiki.,Los tábanos abundan en la colpa.
Raati Kompiyoki shina ipimanteri.,Kompiyoshi saca lopuna para vender.
Ibakabo tyaapa shinki.,La gallina se comió el maíz.
Irika shirampari shinkirenti iro inkame aakeri itashe.,Este hombre borracho ya se muere de hambre.
"Pishiyakaeri pitomi, ataerikari shinkiririti.",Haz correr a tu hijo; cuidado que lo agarre el remolino.
Ramaatakoti ayompari ishintipaareki riyatantyari aatariki obeni.,Los amigos bajan en la balsa hasta la boca del río Unini.
Noñabetakari shintori ikaabeata tsimiki.,Había visto a la huangana bañándose en la colpa.
Ishinto niyompari aake oime.,La hija de mi amigo se casó.
Ishintsaerikakeri obametantatsiri irianikipaye.,El profesor puso en fila a los niños.
Ashitakantabori antami shiramparijaniki shintsiri ini.,El dueño del bosque es un hombrecito fuerte.
Pimpabakena shintsiri nokobati nirabake namampaatyeri.,Dame tu bebida (lit. tu fuerte); quiero tomar para cantar.
Ontimatye oya otimantyari ashintsinka.,Tenemos que comer para tener fuerza.
Shipetare atiri eero raabiro rataetero otishi.,La persona débil no puede subir al cerro.
Shipetatantsi kari ñaatsabaerontsi ari obamaake.,La debilidad no es una broma; nos puede causar la muerte.
Ishiyakaakabo shirampari tsinane.,El hombre hizo escapar a la mujer.
Ramaero sheripiari ishire mantsiyare iro rantsiinkantanakari.,"El curandero hizo volver al espíritu del enfermo, por eso estornudó."
Añaabakajea shiretsiki.,Nos veremos en el futuro próximo.
Oshirikiro isheni ichenko charine.,Mi abuela cose el pantalón de mi abuelo.
Ishirikakeri Obityo rotsitsite katsimari.,Obityo amarró a su perro bravo.
Oshirinkaare nija obakero noshintipaare kipatsiki.,La merma del río varó mi balsa.
Oshirontaka tsinane osheki oshinkitantari.,La mujer se rió demasiado cuando se emborrachó.
Mariapake charine shitamenkotsiki makotake.,El abuelo se echó en la tarima para descansar.
Rantakaantake ameniriri mantsiyare shitamentotsi eero añantabo mantsiyarentsi.,El enfermero hizo construir letrinas para prevenir enfermendades.
Ijeekantabo apa shitashintsi rakitsitabo paamari.,Mi papá está sentado sobre la estera cerca de la candela.
Shitobake jamaani maabetachari omoonaki.,El majás que dormía en el hueco salió.
Shitobaje pinkatsari jebatirori nampitsi.,El jefe de la comunidad salió del cargo.
Iro robanabo konoya shitobi.,El alimento del motelo es la callampa.
Ikiyakoti ani ishitsa rakachatantyari nijateniki.,Mi cuñado saca lombrices para ir a pescar en la quebrada.
Osheki oshitsapaereki inchatopaye aakobentirori.,El árbol tiene muchas raíces que lo sostienen.
Ishiyaeyeni soraro kiteejeriki.,Los soldados corren todos los días.
Ishiyakakabo evankari ishirontane.,El joven hizo escapar a su enamorada.
Raminiro pabachori shiyakaantsipaye.,Mi tío mira las fotos.
Osheki shiyakomentotsi antaboki nampitsiki.,Hay muchos carros en las ciudades grandes.
Ramanantake obaeyirori iñaane Paba ishiyakomento iyaatantyari Tampoki.,El pastor compró un bote a motor para viajar en el río Tambo.
Iyotiro konki rantiro shobirentsi.,Mi suegro es experto en hacer quenas.
Ijeeki shompoti inkaareki.,El bujurqui vive en la cocha.
Motake shonkiri tonkareki.,La perdiz cantó en la loma.
Ipatimatiri eentsi shonkoro ikentantyaariri.,Los niños persiguen lagartijas para picarlas.
Opankitake noshabo shoñaki obaantsiki obakerari.,Mi nieta sembró daledale en la chacra nueva.
Shookake ishinkine apa ipankitakeri obantsiki.,El maíz que mi papá sembró en la chacra está creciendo.
Itaakero ani robane tonkaareki.,Mi cuñado quemó la chacra en la loma.
Itajonkakero peyari komatire otantoki.,El díablo sopló a mi comadre en su cuarto.
Otakiriati iñeni kaniri antantyari piarentsi.,Mi cuñada está pelando yuca para preparar masato.
Aririka otampiate osheki eero opare inkani.,Si hace mucho viento es porque no va a llover.
Tampootake charine ishinkitantari.,El abuelo tocó el tambor en la fiesta.
Itantoriaakero pabachori itanto.,Mi tío desarmó el cerco.
Ipoonkake nani kampona itantotantyaabori ityaapapankote.,Mi cuñado batió la pona para cercar el gallinero.
Pamakeri shima tashirentsi robabakia areetinkari.,Trae el pescado asado para invitar a comer al visitante.
Otashitakeri ina jetari ipajakaatakeri pabachori.,Mi mamá asó la carachama que mi papá pescó.
Ikantake entsi piyatsare: Tee niyaate naye tsitsi.,El niño ocioso dijo: “No fui a traer leña”.
Tekirata nontsonkero nante nobito.,Todavía no termino de hacer mi canoa.
Iraaka iriani iraakotabo iteni.,El niño llora por su teta.
Ijeeki iitsoki teparo intsomoeki impaneki.,Los huevos de la taricaya están dentro de la arena.
Ipankitake Koshanti tibana ibaneki.,Koshantzi sembró piñas en su chacra.
Atiri riyati rayi tibi ochempeki.,La gente va al cerro a traer sal de piedra.
Tibotake pinkatsari ikaemantariri iyomoneerote.,El jefe de la comunidad toca la bocina para llamar a los comuneros.
Otijaabakeri kitoche iitsare Shoshokiri.,La espina rompió la ropa de Shoshokiri.
Ijeki tijo inchapookiki ramenayeti iita royaari.,El gallinazo está en la palizada buscando qué comer.
Timatsi pibiari pipabakena kapichoki.,Tienes masato; dame un poco.
Tyoentaka timpinare opariatye inkani.,Las golondrinas están haciendo circulos; parece que va a llover.
Iñaakeri Shebankori timpinare ijeeki irabaeta antamiki.,Shebankori vio al extraviado llorando en el monte.
Itinaeri ani charaba rotetantyaariri ibitoki.,Mi cuñado levanta el súngaro para meterlo en la canoa.
Antyashipabotaki notinabo.,Mi almohada está vieja.
Eero pamiro inchaki tipiro.,No traigas un palo torcido.
Itipiati pabachori kompiroshi rantantyari ipanko.,Mi tío está doblando hojas de yarina para el techo de su casa
Raatsi Kobashito tiri robatsikantyabori ichakopite.,Kowashito fue a traer brea para embrear su flecha.
Raatsi konki tirokitsa raabintantyari itinkaabo itomi.,Mi suegro fue a traer renaco para curar la fractura de su hijo.
Robabo shintori tiroti.,La hunagana come huicungo.
Tiyaatanaja obametantatsiri eniki.,Los profesores surcan el río.
Okantiro ina choeni: Pookero itiya piyaariri.,Mi mamá le dice a mi hermana: “Bota el excemento de tu hermano”.
Itobakero yeye inchato.,Mi hermano tumbó el árbol.
Oshoki toniro inkaareki.,El aguaje crece en las cochas.
Itonkake Shoshokiri shabo robabeta kaniri obantsipooshiki.,Shoshokiri baleó un añuje que comía yuca en la purma.
Makotakena nanitiro tonkaare naantabori kepaye.,Me cansé subiendo la loma para traer palos para armar mi casa.
Imanatakeri yeye shonkiri tonkamentotsiki.,Mi hermano dirparó a la perdiz con la escopeta.
Atoonkatyeero shinki jonkoki antantyaari shinkia.,Tenemos que moler el maíz para hacer chicha.
Ipashikaatakeri yeye antari tooso oshinchaakiki.,Mi hermano tarrafeó un turushuqui grande en la correntada.
Itotanakeri itaki totiroki rantibatantanakari.,Se cortó con el caparazón de caracol cuando se tropezó.
Ijeeki inkaareki osheki totiroki rootake robanabo koteri.,En la cocha viven muchos caracoles y son el alimento de la unchala.
Aririka piñeri tsaampi inkie pipankoki raretatyea atiri.,"Si ves entrar una mariposa a tu casa, tendrás una visita."
Itsaatakeri otsiti jamani obantsipooshiki.,El perro ladró al majás en la purma.
Rayiro sheripiare iyokane itsaatoki.,El chamán lleva su coca en su morral.
Itsamaetiro Mishari robane shookake inchashipaye.,Mishari cultiva su chacra porque ya creció la maleza.
Niyotabakeri iritake tsamiri okityonkati imentaina.,Al paujil lo reconocí por el color rojo de su cresta.
Otashitake ameeni tsanabo operiri charine.,Mi abuela asó pituca para mi abuelo.
Ineeki tsonkiri kemetaka tsanoerentsi iporeriaati.,El pecho del picaflor se parece a un collar porque brilla.
Jantsare itsano tsompari.,La garza tiene el cuello largo.
Tsataka koshiri otebaki inchato.,El mono se cuelga en la rama del árbol.
"Itsati otsiti tsireniriki, aririka iñayetiri abijatsiri.",El perro ladra en la noche cuando alguien pasa cerca.
Rantakeri eentsi tseeri irotake itseyantari.,El niño tocó al caracol y por eso es mentiroso.
Itseeyaka obametantatsiri Camaiteri ikantanakeri ashitaaniyetatsiri: Inkaamani nompiyaje.,El profesor Camaiteri mintió a los padres diciendo: “Mañana regreso”.
Otsibakakero tampia ootamentotsi.,El viento apagó el mechero.
Ikentakeri tsibeta nani ikaaboshibeta nijaaki.,A mi cuñado lo picó la raya mientras se bañaba en el río.
Itsonkatakeri Tyobiri tsiito iboriki rantabaetantari robaneki.,Los mosquitos chuparon sangre de las piernas de Tyobiri mientras trabajaba en su chacra.
Pamakenabo tsikamentotsi nontsikaatabake piarentsi,Tráeme el colador para colar masato.
Raati yeye tsikontoche riraashiterori ishinkana.,Mi hermano trajo uña de gato para curarse los riñones.
Itsikotiro yeye kiri irakaentsiri.,Mi hermano coge el pijuayo que está maduro.
Omakoriati isheni inchatoki otsimankitye.,La abuela descansa en la sombra del árbol.
Itaati Tyobiri meshiyanto rantantyari tsimenkito.,Tyoviri quema capirona para sacar carbón.
Itsinampaitakeri Kishokiri rookaitakeri ojabiki.,A Kishokiri lo vencieron derribándolo al suelo.
Itsinampaakero Pabachori iinatsori ikantiro: Tsame nokentatakaemi shima.,Mi tío bromeó a su cuñada diciendo: “Vamos a picar pescado”.
Roojati itsintiro ichenko yeye irijaniki.,Mi hermanito aún se orina en su pantalón.
Raitiro oshi tsipana akipatantyaari shima.,Se sacan las hojas de bijao para hacer patarashacas de pescado.
Raetiro oyeenka tsireentsi okarentsatantyari aishi.,La grasa del huasaí se saca para suavizar el cabello.
Ramanantake Yompiri tsirentsitonki raanajeniro iina.,Yompiri compró fideos para llevar a su mujer.
Ipayeetiri kayetsi tsirikana ikomintsatantyaari.,Al afasi se le da ají para que sea cazador.
Iroka tsitsi piriaperotake iro omorekantari kametsa.,"Esta leña esta muy seca, por eso arde demasiado."
Naake osheki tsitsiri nakachatantyari mamori.,Agarré muchos grillos para anzuelear sábalos.
Osheki robari tsiya chapitsi.,La chicua se alimenta de gusanos.
Robabo meyiri oitsoki tsiyaroki.,La ardilla come semillas de shapaja.
Rapatota tsiyeri ranashitantyaari antamiki.,La huasa anda en grupos por el bosque.
Antabo ishetaki tsobo roteyantyaariri chompita.,La lechuza tiene garras largas para atrapar a las cucarachas.
Oyaati choeni otsoki kaniri tonkareki.,Mi hermana va a la loma a sacar yuca.
Raakero Abentyari okashi tsomanto raabintantyariri ipatsaabo itomi.,Aventyari sacó resina de cumala para curar la herida de su hijo.
Ikentabaeti tsompari ishimane otsapiaki nija.,La garza pesca peces en la orilla del río.
Otsonkakero tsinanepaye otakiriro kaniri.,Las mujeres terminaron de pelar la yuca.
Osheki iñaamatabo tsonkiri ratsotiro obocharite inchateyaki.,Al picaflor le encanta chupar el néctar de las flores.
Osheki noñaamatabo nobabo tsonkitiroki tema opochatati.,Me gusta mucho comer el moquichi porque es dulce.
Ayiro tsinanepaye tsoompirontsi okiantyariri otomipaye.,Las mujeres llevan la aparina para cargar a sus hijos.
Robakabo tsoori mapocha.,El paucar comió la papaya.
Itsopaakero Apeti iraiki te ramabetapajero iyatsinka.,Apeti sacó su muela porque ya no soportó el dolor.
Ipashikaatake Marinkama antari tsopiro oshirantaaki.,Marinkama tarrafeó carachama grande en la laja.
Ratsotiro shima ojampobatsate mapi.,El boquichico chupa le barro de la piedra.
Ityaakero yeye antabo inchato.,Mi hermano tumbó el palo grueso.
Oitsokake tyaapa antamiki.,La gallina puso un huevo en el monte.
Tajakotake iitsoki tyaapa shitobanake tyaapaniki.,Los huevos se reventaron y salieron los pollitos.
Kiake tyaapapankoki maretyakintsi roba iitsoki.,La iguana entró en el gallinero para comer los huevos.
Oninti impanekiki kaniri tyonkiro.,La yuca “tyonkiro” crece en la arena.
Ikaemakantaetakeri obametantatsiri yempipabaerontsiki.,El profesor tiene una llamada por teléfono.
Antabo iyempita otsiti ikemantari intaena.,"Las orejas del perro son grandes, por eso oye muy lejos."
Katsitake iyereto charine okantakaantiro ityerobi.,A mi abuelo le duele la cabeza por estar de rodillas.
Nokantakeri yeye: Pamitakotena nopankoki notsonkantyaabori intsipaite.,Le dije a mi hermano: “Ayúdame a termirar mi casa”.
Rayiro pinkatsare yomaarentsi riyomatantyabori jantari.,El jefe lleva la regla para medir la madera.
Osheki yoosara aririka ojarentsite,La mantablanca abunda en tiempo de verano.
Noyometaemi panteri aririka piyaatake jantariki.,Te voy a instruir qué hacer cuando vayas a sacar madera.
Otimatye piyote pijankenate pibaero.,Tienes que saber escribir tu nombre.
Otimatye piyotero inchashi aabintantatsiri pamitakotantyaariri mantsiyare.,Tienes que conocer las plantas curativas para ayudar a los enfermos.
Iyataeyeni irianipaye yotaantsipankoki riyotantyaari.,Los alumnos se van a la escuela para aprender.
Ashi Añane,Nuestra voz
Apinka yareeta antamimashiki.,Los incas llegan a la selva.
jominthaawakeri kashekari,el jaguar que lo asustó.
ithaawakaakari antari maranke.,La serpiente grande que me asustó.
¿oeta namitakotemiri?,¿En qué te puedo servir?
iitaa owaero awintawontsi raashitakemi?,¿Con que remedio te ha curado?
¡Ikimoshirejeiti apa!,¡Feliz Día Papá!
Ñaantsi ashitari Nijasato (Nº 29338),Ley de Recursos Hídricos (Nº 29338)
"“[…] Anampitsiteki ora ipaematanakero okanta aninkate aisati ibetsikanakero akotajero akante iroperote aminero antabaerenti amabentakotyaro aisati otimera aminakotirori, ora ashitari nijasato aisati shakarapaye”.","“[…] El gobierno hace eco de la alerta mundial sobre el cambio climático y se compromete a fortalecer la regulación y dedicarse con seriedad a las labores de preservación de nuestra biodiversidad, del recurso hídrico y de los glaciares”."
Ollanta Humala Taso,Ollanta Humala Tasso
Pinkatsari obitsikakotirori anampisato,Presidente Constitucional del Perú
28 ora jorioki kashiri sarentsi 2013,28 de julio de 2013
OETOTARI INTANAKARORI,TÍTULO PRELIMINAR
Abakojetiro I. Anterinta,Artículo I. Contenido
Osaeki ikantakantaetire Ñaantsi antiro amenakotero ashitari nijasato,La presente Ley regula el uso y gestión de los recursos hídricos.
Amenakoteronija obirara oshintsitantari timimotirori irotakeotsipatayetari.,"Comprende el agua superficial, subterránea, continental y los bienes asociados a esta."
Osherinkantarinija inkarisato okantabaeta antantyarori.,Se extiende al agua marítima y atmosférica en lo que resulte aplicable.
Abakojetiro II. Anibetarori,Artículo II. Finalidad
"Osaeki ikantakantaetiri Ñaantsi timatsi onintakaro aminakotero atsipatyaro nija,","La presente Ley tiene por finalidad regular el uso y gestión integrada del agua,"
"antiro asaekantari Anampitsite aisati pashinesato aminerori, okemitari ashitari atsipatayetari.","la actuación del Estado y los particulares en dicha gestión, así como en los bienes asociados a esta."
Abakojetiro III. Intakanteroni,Artículo III. Principios
Intakanteroni onijairo aminakoteri otsipatairo ashintari nijasato okarati:,Los principios que rigen el uso y gestión integrada de los recursos hídricos son:
1. Intakantero anintero nija aminakotero otsipataro nijaki.,1. Principio de valoración del agua y de gestión integrada del agua
"Ora nija opinatatya otsipatero ametari,","El agua tiene valor sociocultural,"
"opinatatya opinata aninkamentotsi,","valor económico y valor ambiental,"
yantantaetarori otime yaminakoitero otsipatyaro pashinesato.,por lo que su uso debe basarse en la gestión integrada y en el equilibrio entre estos.
Nija irotake otsipatari opaemati onijantiro abakiratero anijasatoteki.,El agua es parte integrante de los ecosistemas y renovable a través del ciclo hidrológico.
2. Intanakero kobachari okini nija,2. Principio de prioridad en el acceso al agua
Ari akianaki aminero nija onintakaro okobichemotari atiripaye okanta akobakaro kantakobentantsi iroperori ara antakanteri temariari okobicheya osarentsi nija.,"El acceso al agua para la satisfacción de las necesidades primarias de la persona humana es prioritario por ser un derecho fundamental sobre cualquier uso, inclusive en épocas de escasez."
3. Intanakero ametakoterorisaekayetatire ametarori nija,3. Principio de participación de la población y cultura del agua
"Ora Anampitsite antero ametakotiro ashitarori saikatire jebabinterori kobantiri oñashirinkiri nija okarati okameetsati, oshekite, ipaitero aparoni ashitari.","El Estado crea mecanismos para la participación de los usuarios y de la población organizada en la toma de decisiones que afectan el agua en cuanto a calidad, cantidad, oportunidad u otro atributo del recurso."
Obakotiro oshintsitantari oshibate kameetsa yaminakobentero jebabinterori nija.,Fomenta el fortalecimiento institucional y el desarrollo técnico de las organizaciones.
"Ora inijantero abakotero obametantsiki, akantakotero anintakaire,iri jebabinterori ashitari, obametantsi itsipanampayetari aisati iroperotatsi nija yashi atiripayeaisati onijantero iyotaantsi antire ita ametakotanake ante aisati okameetsate opinatya.","Promueve programas de educación, difusión y sensibilización, mediante las autoridades del sistema educativo y la sociedad civil, sobre la importancia del agua para la humanidad y los sistemas ecológicos, generando conciencia y actitudes que propicien su buen uso y valoración."
4. Intanakero amakotari atsiteteari,4. Principio de seguridad jurídica
Asaekantari otime akobakaeri kantakobentantsi ashitaro antero nija.,El Estado consagra un régimen de derechos para el uso del agua.
Anijantero aminero apinkatsatero onintakaro opiro amakotantsi atiriteteari ipaeterori yantero ashitari maaroni pashinetatire apatyantsi.,"Promueve y vela por el respeto de las condiciones que otorgan seguridad jurídica a la inversión relacionada con su uso, sea pública o privada o en coparticipación."
5. Intanakero pinkatsatantsi antero ashitarinijairoipotoyetacharipoñenkaro peaisatiashitarori onampikipe,5. Principio de respeto de los usos del agua por las comunidades campesinas y comunidades nativas
"Ora Anampitsite opinkatsatiro ametari aisati apotoyetachari poñenkarope ashitarori anampi okemitara okobi ipankatatero nija yobatayentatiri nija, ipatsitekipayeni, irotake ibakotantaetarori ikantakantatsi Ñaantsi.","El Estado respeta los usos y costumbres de las comunidades campesinas y comunidades nativas, así como su derecho de utilizar las aguas que discurren por sus tierras, en tanto no se oponga a la Ley."
Onijantiroiyotaantsi yashitari ashitarori nija.,Promueve el conocimiento y tecnología ancestral del agua.
6. Intanakero antsitakotari,6. Principio de sostenibilidad
"Ora Anampitsiteasaekantari anijantero aisati aminero anintaro aisati aminero ametakotero ashitari nijasato amakotaro okantashitya okameetsati, osaikakotanakera osaekika.","El Estado promueve y controla el aprovechamiento y conservación sostenible de los recursos hídricos previniendo la afectación de su calidad ambiental y de las condiciones naturales de su entorno, como parte del ecosistema donde se encuentran."
Anteroni aisati aminabaetantari okobakari otimaje opinatya ojebate anampitsiteki okemitara akobakaero kobityachari pokatsireri akaraeyani Iroñaaka aisati opokayeri.,"El uso y gestión sostenible del agua implica la integración equilibrada de los aspectos socioculturales, ambientales y económicos en el desarrollo nacional, así como la satisfacción de las necesidades de las actuales y futuras generaciones."
7. Intanakarori osaekakote amenakotero nija aparoni jebabinterori,7. Principio de descentralización de la gestión pública del agua y de autoridad única
"Okantya iroperote aminakotero nija, ajebatero ashitari Anampitsite Aminakotero Nija Ayotero Ashitari Nijasato yaminakotero jebaripaye aparoni kantabaeshiyetachari.","Para una efectiva gestión pública del agua, la conducción del Sistema Nacional de Gestión de los Recursos Hídricos es de responsabilidad de una autoridad única y desconcentrada."
Antabaitanajero nijasato okanta yashitarori kantainchari osaeki iro te iroperote.,"La gestión pública del agua comprende también la de sus bienes asociados, naturales o artificiales."
8. Intanakarori amabentantsi,8. Principio precautorio
Tera osaeki okobatya okobinkatakoti yantaetero yashiritaro osaekira nija tekatsi kobatina nija aero ikobakaetero ashityano omonkarata te enintakaetero osantsati.,La ausencia de certeza absoluta sobre el peligro de daño grave o irreversible que amenace las fuentes de agua no constituye impedimento para adoptar medidas que impidan su degradación o extinción.
9. Intanakarori akobitya,9. Principio de eficiencia
"Aminakoterori apatyantsi ashitari nijasato okanta aminakotero anintaeyaro amakotyaro, abamitero ojebateametari yantero, saekayetatiri aisati antaberenti.","La gestión integrada de los recursos hídricos se sustenta en el aprovechamiento eficiente y su conservación, incentivando el desarrollo de una cultura de uso eficiente entre los usuarios y operadores."
10. Intanakarori aminakotantsi apatyero antero asaekira nijasato,10. Principio de gestión integrada participativa por cuenca hidrográfica
"Iroyantantarorinijaotimeamonkarabakaeya, otime opinatya aninkatanta,aisati aminakoterori otime yapatyaro nijasato amitakotantsi.","El uso del agua debe ser óptimo y equitativo, basado en su valor social, económico y ambiental, y su gestión debe ser integrada por cuenca hidrográfica y con participación activa de la población organizada."
Iro nija obakotya okoñatantyari apitajero antero opaemati apitero okinira opaemati enijantaetiro obira nijasato.,El agua constituye parte de los ecosistemas y es renovable a través de los procesos del ciclo hidrológico.
11. Intanakarori akantakobenteri obakotachari,11. Principio de tutela jurídica
"Ora Anampitsite amakotaro, aminero aisati akempoyero nija ashitari okantashita ameneri oñero: iraetiri, okameetsati opochatsi, aisatiokantabaetaomonkaratanijatepirotatsire.","El Estado protege, supervisa y fiscaliza el agua en sus fuentes naturales o artificiales y en el estado en que se encuentre: líquido, sólido o gaseoso, y en cualquier etapa del ciclo hidrológico."
OETOTARI I. Obetsikakota okantabaeta,TÍTULO I. Disposiciones generales
Abakojetiro 1°. Iro nija,Artículo 1º. El agua
"Iro nija aparoni ashitari opoña abakiratero, okobapirotatya añantari, amakotaroriokantashitaosarentsikiniokitsote, aisati aminakoterori Anampi.","El agua es un recurso natural renovable, indispensable para la vida, vulnerable y estratégico para el desarrollo sostenible, el mantenimiento de los sistemas y ciclos naturales que la sustentan, y la seguridad de la Nación."
Abakojetiro 2°. Oshintsite aisati ibakoetero nija,Artículo 2º. Dominio y uso público sobre el agua
"Iro nija ibakoetiro ashitari Anampi.Iro oshintsite aero otime ipimantaetero.Irotake okanta ashi asaekantari aminakoterori irotake opironi maaroni okameetsate, amakotaro aninkamentotsioninteri anampitsite. Tekaatsi pashine ashityarone nija.","El agua constituye patrimonio de la Nación. El dominio sobre ella es inalienable e imprescriptible. Es un bien de uso público y su administración solo puede ser otorgada y ejercida en armonía con el bien común, la protección ambiental y el interés de la Nación. No hay propiedad privada sobre el agua."
Abakojetiro3°. Abaemantakotero oninteri anampitsite kobachari asaekira,Artículo 3º. Declaratoria de interés nacional y necesidad pública
Akantakotero okobire anampi aisati kobachari aminakotero apatyakotero ashitari nija okobakari arityaro kameetsa amitakotero antero pashinekipaye amakotyaro oshekite nija okantya ashiperotyaro kameetsari obakirotaje ametaro nija akantakobentero onimoteri obakiro timayetatiri.,"Declárase de interés nacional y necesidad pública la gestión integrada de los recursos hídricos con el propósito de lograr eficiencia y sostenibilidad en el manejo de las cuencas hidrográficas y los acuíferos para la conservación e incremento del agua, así como asegurar su calidad fomentando una nueva cultura del agua, para garantizar la satisfacción de la demanda de las actuales y futuras generaciones."
Abakojetiro 4°. Obaerotaripe,Artículo 4º. Denominaciones
Arika antero ikantakantaetsire “Ñaantsi” ora “Obakotatya” ayotiro irotake inintakaetati ikantakantaetsire Ñaantsi ora Obakotero. Jebabentirori Anampitsiteotime ikimatsatero Jebabentirori Anampitsite ashi Nija (ANA) okantire saekatire ashitari opoñanijasato.,"Cuando se haga referencia a “la Ley” o “el Reglamento”, se entiende que se trata de la presente Ley o de su Reglamento. La Autoridad Nacional debe entenderse como Autoridad Nacional del Agua (ANA) y el Consejo de Cuenca como Consejo de Recursos Hídricos de Cuenca."
Abakojetiro 5°. Nija ikantakantaetiro ñaantsi,Artículo 5º. El agua comprendida en la Ley
Nija okobapirotatya iroñaaka ikantakantaetsire Ñaantsi ayotakotaero:,El agua cuya regulación es materia de la presente Ley comprende lo siguiente:
1. Nijatenipaye okeni osaeki opoñara anampi;,"1. La de los ríos y sus afluentes, desde su origen natural;"
2. Oyabatayetsi okinatsi iroperote shipetarini;,2. La que discurre por cauces artificiales;
3. Onkata okametsati ashitaro anampi oshipetari;,3. La acumulada en forma natural o artificial;
4. Añayetsire omoronta okoñate;,4. La que se encuentra en las ensenadas y esteros;
5. Añayetsire okantsinka patsaetatsi omotya;,5. La que se encuentra en los humedales y manglares;
6. Añatarori kitejari nija;,6. La que se encuentra en los manantiales;
7. Opiyeta nijatatire;,7. La de los nevados y glaciares;
8. Obirantareri;,8. La residual;
9. Intsopaesato;,9. La subterránea;
10. Opeñaki opinataabintarontsi;,10. La de origen minero medicinal;
11. Kipatsi osabate;,11. La geotermal;
12. Inkitesato; aisati,12. La atmosférica; y
13. Poñachari okatyojati.,13. La proveniente de la desalación.
Abakojetiro 6°. Ashitari otsipatari,Artículo 6º. Bienes asociados al agua
a. Obiro ayotiro otapike tonkarike aritake omankarabaka otonkaityara obirara iyotiro jebaripayeni;,"a. La extensión comprendida entre la baja y la alta marea, más una franja paralela a la línea de la alta marea en la extensión que determine la autoridad competente;"
b. Okinatanake imparaetanakira nija otsipatanakaro okeyanakiro omotyapayeni okirinkatanakinta antami amakotaro;,"b. Los cauces o álveos, lechos y riberas de los cuerpos de agua, incluyendo las playas, barriales, restingas y bajiales, en el caso de la Amazonía, así como la vegetación de protección;"
c. Timatsi amayetiri opiyotiro nija opokaterika;,c. Los materiales que acarrea y deposita el agua en los cauces;
d. Obirapaka ashetsiro omoerianake;,d. Las áreas ocupadas por los nevados y los glaciares;
e. Piyotapaenchari tsikarika okine nija intsompaesato;,e. Los estratos o depósitos por donde corre o se encuentra el agua subterránea;
f. Otsampashi timatsire inkaripaye itantanakari aritaro nija arika abishe nija kipatsiashiyetarori;,"f. Las islas existentes y las que se formen en los mares, lagos, lagunas o esteros o en los ríos, siempre que no procedan de una bifurcación del curso del agua al cruzar las tierras de particulares;"
g. Kipatsipayeni akire arika amarate aritaro inkanikinija onkata otimayetsi pashine anonkatsi;,"g. Los terrenos ganados por causas naturales o por obras artificiales al mar, a los ríos, lagos, lagunas y otros cursos o embalses de agua;"
h. Inchashimashi parenisato opoña tonkariteki otenkana;,h. La vegetación ribereña y de las cabeceras de cuenca;
i. Timarantatsiri okine animentatsi paita okanteri ikantakantaetiriÑaantsi; aisati,i. Las fajas marginales a que se refiere esta Ley; y
j. Pashinepaye okatsiri ikantakantaetiriÑaantsi.,j. Otros que señale la Ley.
a. Ibamitantaetsi itsopaentiro irokaetiro ipiyotaetiro aminerori jebatirori aminakotirori nija;,"a. La captación, extracción, desalación, almacenamiento, regulación, conducción, medición, control y uso del agua;"
b. Abitsikakotero akoyero aminakotero ashitari;,"b. El saneamiento, depuración, tratamiento y reutilización del recurso;"
c. Oshintsitantari shiyakotarori;,c. La recarga artificial de acuíferos;
d. Antarompiatero nija amabentakotyaro amarani;,d. El encauzamiento de ríos y defensa contra inundaciones;
e. Amabentakotyaro ashitari aminerori asaekantari; aisati,e. La protección de los bienes que integran el dominio público hidráulico; y
f. Abetsi yaminakoetiri opisatya okoñati nija abetsikiro ikantataetsiri ñaantsi,f. Los caminos de vigilancia y mantenimiento que sirven para el uso del agua con arreglo a ley
Abakojetiro 7°. Ashitari abiri onampi shibatachari,Artículo 7º. Bienes de dominio público hidráulico
"Osaekakotsi ashitari shibatachari okobakari ikantakantaetiri Ñaantsi, nija abakojetiro 5º ashitari saekantarori abakote aparoni 1 osantinaka abakojetiro 6º. Maaronipokayetatsiri kantabaetayetachari ashiteri otimatye inintakaenijebaripayeni amenakoterori nija inintakaro nija amatakoyetatiri.","Constituyen bienes de dominio público hidráulico, sujetos a las disposiciones de la presente Ley, el agua enunciada en el artículo 5º y los bienes naturales asociados a esta señalados en el numeral 1 del artículo 6º. Toda intervención de los particulares que afecte o altere las características de estos bienes debe ser previamente autorizada por la Autoridad Administrativa del Agua, con excepción del uso primario del agua y las referentes a la navegación"
Abakojetiro 8°. Ashitari shiyabitarori ashi Anampi otsipatari nija,Artículo 8º. Bienes artificiales de propiedad del Estado asociados al agua
Ashitaro shiyabitarori ashi Anampi atsipatari nija irotake ashi anampi ashitari shiyabitarori nija ipaetiro oshitari opayetatsiri.,"Son de propiedad del Estado los bienes artificiales asociados al agua, ejecutados con fondos públicos"
OETOTARI II. Kenkishiriantsi anampi aminakotero ashitari obaeronijasato,TÍTULO II. Sistema Nacional de Gestión de los Recursos Hídricos
Osaekakotsi I ONINTAKARO OTSIPAYETARI,FINALIDAD E INTEGRANTES
Abakojetiro 9°.-Antaetiroibetsikakotiro anampiaminakotiroashitari obaeronijasato,Artículo 9º. Creación del Sistema Nacional de Gestión de los Recursos Hídricos
Yantiro ibetsikero anampiki yaminero ashitari ibaero okantya antero osaekametari amineri anteri amakotyaro ashitarori ibaero obera opoñayeta koñatatsiro otsipatantarori aminero otimaje akomaakaeya akarayeniaminakotiroantayetiri aminakotsironta abitsakokatiro obakirari ikantakantatsire Ñaantsi.,"Créase el Sistema Nacional de Gestión de los Recursos Hídricos con el objeto de articular el accionar del Estado, para conducir los procesos de gestión integrada y de conservación de los recursos hídricos en los ámbitos de cuencas, de los ecosistemas que lo conforman y de los bienes asociados; así como para establecer espacios de coordinación y concertación entre las entidades de la administración pública y los actores involucrados en dicha gestión con arreglo a la presente Ley"
Abakojetiro10°. Onintakaro Ibetsikakotiro Anampi Aminakotiro Ashitari Ibaero Nijasato,Artículo 10º. Finalidad del Sistema Nacional de Gestión de los Recursos Hídricos
Iri Ibitsokokatiro Anampi Aminakotirori ashitaro Nijasato ibaero irojati ibetsikakotirori anampitsite yaminero okantabaeta anenkate aisatiotime yanintaeyaro yametakoteroaminero pokoyetatiri ashitari ibaero otsotyeronintakari anampi ashitari ibaero okantiri anampi ashitari ibaero maaroni jebaripaye yametakotero pashine ashiyetachari otimimotire.,"El Sistema Nacional de Gestión de los Recursos Hídricos es parte del Sistema Nacional de Gestión Ambiental y tiene por finalidad el aprovechamiento sostenible, la conservación y el incremento de los recursos hídricos, así como el cumplimiento de la política y estrategia nacional de recursos hídricos y el plan nacional de recursos hídricos en todos los niveles de gobierno y con la participación de los distintos usuarios del recurso"
Abakojetiro 11°. Ibataetareri saekakotatire Betsikokatiro AnampiAminakotiro Ashitari Ibaero Nijasato,Artículo 11º. Conformación e integrantes del Sistema Nacional de Gestión de los Recursos Hídricos
"Okenkishiriakotiro Anampi Yaminero Ashitari Ibaero Nijasato okantaakakotanakiro maaroni jebabintayetirori, ibakotiro, okantakota Anampi ajebate aminakotero, yantaetire apayero pashinepayeni yanintaeyaro yakakotero yaminero okantabaeta oshekitantari ashitari ibaero nijasato.","El Sistema Nacional de Gestión de los Recursos Hídricos está conformado por el conjunto de instituciones, principios, normas, procedimientos, técnicas e instrumentos mediante los cuales el Estado desarrolla y asegura la gestión integrada, participativa y multisectorial, el aprovechamiento sostenible, la conservación, la preservación de la calidad y el incremento de los recursos hídricos."
Ari Ikarati saekakotatireyaminakoetiro ashitari ibaero nijasato:,Integran el Sistema Nacional de Gestión de los Recursos Hídricos:
1. Jebabentirori Anampike Nija;,1. La Autoridad Nacional;
"2.Pankotsinipero ora Anenkate; Pankibaerinto Asaekantaeteri, Yanteri ibakiratero; Añantaro; Otsimanterira; aisatiOshintsinka intsimpaesato;","2. Los ministerios del Ambiente; de Agricultura; de Vivienda, Construcción y Saneamiento; de Salud; de la Producción; y de Energía y Minas;"
3. Jebari aminakoyetirori yakotire antariyetatire iñashintsitaro;,3. Los gobiernos regionales y gobiernos locales a través de sus órganos competentes
4. Aminakoyetirorii pankitirokaari pankitatsini;,4. Las organizaciones de usuarios agrarios y no agrarios;
5. Pashine antayetirori okantabaeta isaekira isaekaeyeni;,"5. Las entidades operadoras de los sectores hidráulicos, de carácter sectorial y multisectorial"
6. Apotoyetachari poñenkari apotoyetachari asháninka; aisati,6. Las comunidades campesinas y comunidades nativas; y
7. Pashinepaye otsipatari amenakotiro ashitari ibaero nijasato.,7. Las entidades públicas vinculadas con la gestión de los recursos hídricos.
Abakojetiro12°. Onintakari Okenkishiriakotiro Anampi Aminakotirori Ashitari Abaero Nijasato,Artículo 12º. Objetivos del Sistema Nacional de Gestión de los Recursos Hídricos
Iritake onintakari anampi aminakotero ashitari ibaero nijasato okarati:,Son objetivos del Sistema Nacional de Gestión de los Recursos Hídricos los siguientes:
a. Okaemi omaperotero aminero apatyabakaeya anintaeyaro amitakotero amabentakotyaro antire ashitari ibaero iroperote antero opinkatsaeti.,"a. Coordinar y asegurar la gestión integrada y multisectorial, el aprovechamiento sostenible, la conservación, el uso eficiente y el incremento de los recursos hídricos, con estándares de calidad en función del uso respectivo; y"
b. Anijantero antero añanatakotero abitsikakotero aminakotero abametantero aejatero ashitari ipaetero.,b. Promover la elaboración de estudios y la ejecución de proyectos y programas de investigación y capacitación en materia de gestión de recursos hídricos
Abakojetiro13°. Apiro Akenkishiriakotiro Anampi Amenakotiro Ashitari Ibaero Nijasato,Artículo 13º. Alcances del Sistema Nacional de Gestión de los Recursos Hídricos
"Okenkishiriakotiro Anampi Amenakotiro Ashitari Ibaero Nijasato antiro okobakari okenkishiriakotiro jebabentirori Pankotsinipero ora Anenkate; Pankibaerinto Asaekantaeteri, Yanteri ibakiratero;Aña ntaro;Otsimanterira; aisatiOshintsinka intsimpaesatookemitara jebabentirori obirara osaeki okobakaro anampi ashitari ipaeri anijasato.","El Sistema Nacional de Gestión de los Recursos Hídricos desarrolla sus políticas en coordinación con el Ministerio del Ambiente, el Ministerio de Agricultura, el Ministerio de Energía y Minas, el Ministerio de Salud, el Ministerio de la Producción y el Ministerio de Vivienda, Construcción y Saneamiento, así como con los gobiernos regionales y gobiernos locales, dentro del marco de la política y estrategia nacional de recursos hídricos."
Osaekakotsi II JEBABENTIRORI ANAMPIKE NIJA,AUTORIDAD NACIONAL DEL AGUA
Abakojetiro 14°. Jebabentirori Anampi okemitara aminakotirori,Artículo 14º. La Autoridad Nacional como ente rector
Jebabentirori Anampi iritake jebari aminerori okameetsate Akenkishiriakotiro Anampi Aminakotirori Ashitari Nijasato. Iritakekantakobentirori yantanaetyarorio kenkishiriakantakotatiroriobirakotaraÑaantsi.,La Autoridad Nacional es el ente rector y la máxima autoridad técnico-normativa del Sistema Nacional de Gestión de los Recursos Hídricos. Es responsable del funcionamiento de dicho sistema en el marco de lo establecido en la Ley.
Abakojetiro15°. Antabaeri Jebabentirori Anampisato,Artículo 15º. Funciones de la Autoridad Nacional
Okantayantabaerini oraJebabentiroriAnampiokanta:,Son funciones de la Autoridad Nacional las siguientes:
"1. Yantiro ikobakari anampike ashitari kenkishitantsi anampi aminakotirori ashitari amineri yaminakotiro aritake ikobakaeteri ibaemantakotero isaekijebari, Pinkatsari Kantakobentirori Anampi;","1. Elaborar la política y estrategia nacional de los recursos hídricos y el plan nacional de gestión de los recursos hídricos, conduciendo, supervisando y evaluando su ejecución, los que deberán ser aprobados por decreto supremo, refrendado por el Presidente del Consejo de Ministros;"
2. Otimaje ibamitsantakoetiro kenkishirianti yaminakotiro ashitari okachatsi opoyata yaminakotiro ashitari okachatsi;,"2. Establecer los lineamientos para la formulación y actualización de los planes de gestión de los recursos hídricos de las cuencas, aprobarlos y supervisar su implementación;"
3. Nonintakaro itsotyeteri abakotero añashinitsityaro okantero atimaje yantaetero yaminakoetero maaroni aminakotero ashitari okachatsi;,"3. Proponer normas legales en materia de su competencia, así como dictar normas y establecer procedimientos para asegurar la gestión integral y sostenible de los recursos hídricos;"
4. Antero atsinkero opinata ipaeteri kiriki ashitari nija otsimantari nija otimarantsi antamimashike nija opinata atimera yakakoetero okemita abakotiro opinatya irantarori inintakareta aminerori nija;,"4. Elaborar el método y determinar el valor de las retribuciones económicas por el derecho de uso de agua y por el vertimiento de aguas residuales en fuentes naturales de agua, valores que deben ser aprobados por decreto supremo; así como aprobar las tarifas por uso de la infraestructura hidráulica, propuestas por los operadores hidráulicos;"
5. Akakotero añanatakotero nija omonkarata inintakaro arika okobiro anampi obirantarori ashitari nija oyobatsi;,"5. Aprobar, previo estudio técnico, reservas de agua por un tiempo determinado cuando así lo requiera el interés de la Nación y, como último recurso, el trasvase de agua de cuenca;"
6. Anijantero añanakoteroashitari ametaro nija osaekira amakotyaro arika okobityeya kaatsi okobinkate okipachate nija antamitsatabakantyari nija aminakotero ashiyoteri akantero amonkatero;,"6. Declarar, previo estudio técnico, el agotamiento de las fuentes naturales de agua, zonas de veda y zonas de protección, así como los estados de emergencia por escasez, superávit hídrico, contaminación de las fuentes naturales de agua o cualquier conflicto relacionado con la gestión sostenible de los recursos hídricos, dictando las medidas pertinentes;"
7. Anintakaero abashoñero añanatakotero okantakota nija okemita akobakaero amitakotero abashiñero irirayetirori nija pashine kaari amakotyaronijebabentirori anampi;,"7. Otorgar, modificar y extinguir, previo estudio técnico, derechos de uso de agua, así como aprobar la implementación, modificación y extinción de servidumbres de uso de agua, a través de los órganos desconcentrados de la Autoridad Nacional;"
8. Ajebatero abitsiro aminakotero akenkishiriakotiro anampi obaemantero ashiteri ipaeteri obakotya yaminakoetironta okantakota nija osankinatakota anampitsite jebabentayetiro payiro pashine;,"8. Conducir, organizar y administrar el Sistema Nacional de Información de Recursos Hídricos, el Registro Administrativo de Derechos de Agua, el Registro Nacional de Organizaciones de usuarios y los demás que correspondan;"
9. Okantabakiro okenkishirini ipanteatyarori kantakobentantsi antyarori mapipotakeshi okinatira nija;,9. Emitir opinión técnica previa vinculante para el otorgamiento de autorizaciones de extracción de material de acarreo en los cauces naturales de agua
10. Aminero antabaerentsi atsotyerorika onintakaro akenkishiriri anampi amenakotiro ashitari ipaiteni nijasato;,"10. Supervisar y evaluar las actividades, impacto y cumplimiento de los objetivos del Sistema Nacional de Gestión de los Recursos Hídricos;"
11. Achankiro akenkishiriri okanta ipinkatsaetero ashitari ipaeteriantantyarori osankinatakotya yantantaetyarori;,11. Emitir opinión técnica vinculante respecto a la disponibilidad de los recursos hídricos para la viabilidad de proyectos de infraestructura hidráulica que involucren su utilización;
12. Antero obira aminakotiro nija ojebatantyari ipaero aminakotero amakotyeri aminero okameetsatantyari nija ashitari otimeta aminakotirori amitakotiroantiro okantya iroperote obasanteitae;,"12. Ejercer jurisdicción administrativa exclusiva en materia de aguas, desarrollando acciones de administración, fiscalización, control y vigilancia, para asegurar la preservación y conservación de las fuentes naturales de agua, de los bienes naturales asociados a estas y de la infraestructura hidráulica, ejerciendo para tal efecto la facultad sancionadora y coactiva;"
13. Otime monkaramentotsi anintantyarori ashitari akakotero anintiro anampi aminabaeti;,"13. Establecer los parámetros de eficiencia aplicables al aprovechamiento de dichos recursos, en concordancia con la política nacional del ambiente;"
14. Obashitero antire aminakotero nija oshitabatiro antaekotyaro ashitari otsishike imperita otenkana;,14. Reforzar las acciones para una gestión integrada del agua en las cuencas menos favorecidas y la preservación del recurso en las cabeceras de cuencas;
15. Akakotero obirara inintakaro opoñantari otsinamankori; aisati,15. Aprobar la demarcación territorial de las cuencas hidrográficas; y
16. Pashine okantiri ikantakantaetiri Ñaantsi.,16. Otras que señale la Ley.
Abakojetiro 16°.-Ashitari ompibairentsi Jebabentirori Anampiki,Artículo 16º. Recursos económicos de la Autoridad Nacional
Antiro ashitari ompibairentsiJebabentirori Anampikiokarati:,Constituyen recursos económicos de la Autoridad Nacional los siguientes:
1. Inintakaetiro ibakoetiroanampitsiteki itsipatero ipiro iyotakoetantyarori;,"1. Los asignados en el Presupuesto de la República, incluyendo las transferencias de entidades del sector público;"
2. Ipinatirori irirori nija okanta ipinatantarori iriro nija ipaetirotsi ñaantsi otsipataeroabisatatiro inintakero kaari ponabaetatirori;,"2. Los pagos que efectúan los usuarios de agua por concepto de retribuciones económicas por el uso de agua y por el vertimiento de aguas residuales, incluyendo lo que se recaude por concepto de intereses compensatorios y moratorios;"
3. Ipaetiri inintakaro ipashitaro ikobakaro otime obapite aparopayeni irirori nija anampitsite poñakaropaye aisatipokayetatiriyametakotero;,"3. Los aportes, asignaciones, donaciones, legados o transferencias por cualquier título proveniente de personas naturales o jurídicas, nacionales o extranjeras, incluyendo los que provengan de la cooperación internacional;"
4. Aritachari obirantarori otime ashitari;,4. Los ingresos financieros que generen sus recursos;
"5. Apiyeri aparoni okantiri abakojetiro107º ibaemantakaetiro ikantakantaetiri Ñaantsi Nº25844, ikantakantaetiri Ñaantsi ipashitero;","5. La retribución única a que se refiere el artículo 107º del Decreto Ley Nº 25844, Ley de Concesiones Eléctricas;"
6. Yayitire ikobakonintabaeri;,6. Los que se recauden por concepto de multas;
7. Otsimantari yantaetiro otime yaminakoetero antakotire opiri antire oñashintsitaro; aisati.,7. Los derechos por la tramitación de procedimientos administrativos que le corresponda resolver conforme a sus funciones y competencias; y
8. Pashine inintakaetari.,8. Los demás que se le asigne.
OBAKOTYA IKONOBIRO JEBABENTIRORI ANAMPIKI NIJA,ESTRUCTURA ORGÁNICA DE LA AUTORIDAD NACIONAL DEL AGUA
Ibetsikakotiro Jebabentirori Anampikiyaminero ikantakantaetsire Ñaantsi aisati Anterori.Irobakaro ibakotero okarati osaeki,La organización de la Autoridad Nacional se rige por la presente Ley y su Reglamento. Su estructura básica está compuesta por los órganos siguientes:
a. Apotojeitani Jebatantsi,a. Consejo Directivo;
b. Jebantirori.,b. Jefatura;
c. Aminerori Anampi Ipaero Kisakotantsi Oyachari Nijasato,c. Tribunal Nacional de Resolución de Controversias Hídricas;
d. Amitakotantirori ibametiro okinira.,"d. Órganos de apoyo, asesoramiento y línea;"
e. Aminakotirorimaesantabarentsiipaetana keriJebaripeAminakotiroriNija,"e. Órganos desconcentrados, denominados Autoridades Administrativas del Agua; y"
f. Aminayetirori OsaekayetiNija iritake okanta oyakocharori Jebaripayeni Aminerori Kameetsa Nija.,f. Administraciones Locales de Agua que dependen de las Autoridades Administrativas del Agua.
Abakojetiro 18°. Obaemantirori ashitari obaero nijasato,Artículo 18º. Información en materia de recursos hídricos
Otsipari Kenkishiriantsi Anampiki Yaminakotiro Ashitari Oyachari Nijasato opiro obaematiro ashitari kachari onintakeri aminakotirori onintakaro jebabentiro anampi iritake obaemantiro ashitari kachari yamakotyaro yanintaeyaro ashitari kenkishiriantsi anampiki ibaemantiro anintantarori.,"Los integrantes del Sistema Nacional de Gestión de los Recursos Hídricos proporcionan la información que, en materia de recursos hídricos, sea solicitada por el ente rector en el ámbito de su competencia, para el cumplimiento de sus funciones al amparo de lo establecido en la presente norma."
Iri Jebabentirori Anampiki ikanti pamenero oka sankenare okanta ashitari nija okantyaka ayotaperotiro anintero kameetsa ora ashitarori aisati aminkieroni anta Antanakero Anampitsite Aenijantero Anenkate.,La Autoridad Nacional dispone la difusión de la información en materia de recursos hídricos a fin de asegurar el aprovechamiento eficiente de dichos recursos y su inclusión en el Sistema Nacional de Información Ambiental.
apOtOjeitani jebatantsi,consejo directivo
Abakojetiro 19°. Obakotero Apotojeitani Jebatantsi,Artículo 19º. Conformación del Consejo Directivo
Yotakotirori ojibate iripirotekiJebabentirori Anampiki.Ora ikarajetaeyeni:,El Consejo Directivo es la máxima instancia de la Autoridad Nacional. Está conformado por los siguientes miembros:
"1. Aparoni(1) shiyakotarori Yaminero Pankirentsi,iritakeApotojeitani Jebatantsi;","1. Un (1) representante del Ministerio de Agricultura, quien asume la Presidencia del Consejo Directivo;"
2. Aparoni (1) shiyakotarori YamineroAninkataantsi;,2. Un (1) representante del Ministerio del Ambiente;
3. Aparoni (1) shiyakotarori YamineroPankotsipaye Ibitsikaetero Yaminakotajero;,"3. Un (1) representante del Ministerio de Vivienda, Construcción y Saneamiento;"
4. Aparoni (1) shiyakotarori Yaminero Mapiporokamashi;,4. Un (1) representante del Ministerio de Energía y Minas;
5. Aparoni (1) shiyakotarori yaminero osaekira timatsire;,5. Un (1) representante de los sectores públicos productivos;
6. Aparoni (1) shiyakotarori yaminero añantari aminakotero;,6. Un (1) representante de los sectores públicos de salud y de saneamiento;
7. Aparoni (1) shiyakotarori yaminero jebari okametabaeta inintakari jebaripaye;,"7. Un (1) representante de los gobiernos regionales, elegido entre los presidentes regionales;"
8. Aparoni (1) shiyakotarori yaminero okakipayeni;,8. Un (1) representante de las municipalidades rurales;
9. Aparoni (1) shiyakotarori jebabentirori pankitantsi pashine aparoni kaari pankitatsiri;,9. Un (1) representante de las organizaciones de usuarios agrarios y uno (1) de los no agrarios;
10. Aparoni (1) shiyakotarori apototachari poñenkaropaye;,10. Un (1) representante de las comunidades campesinas;
11. Aparoni (1) shiyakotarori apototachari asháninka; aisati,11. Un (1) representante de las comunidades nativas;
"12. Aparoni (1) shiyakotarori Jebabentirori Inkarisato Anampiki; Ibantayetarori shiyakoyecharoni obakota 1), 2), 3), 4), 5), 6) oejatiro 12) antiroinintakaetaro jebabentirori entabaiyetatire jebaripayeni oshiyakotero Jebayetatiri onintakaro okatiro 9), 10) 11) okemitari jebabentirori iyotayetiro jebabentiroripayeniPinkatsari Kantakobentirori Anampi, akoyeroikanteri ora paperipiro.","12. Un (1) representante de la Autoridad Marítima Nacional La designación de los representantes enunciados en los numerales 1), 2), 3), 4), 5), 6) y 12) se efectúa mediante resolución suprema expedida por la Presidencia del Consejo de Ministros, y deben ser funcionarios del más alto nivel con rango de director general o similar. Las organizaciones representativas señaladas en los numerales 9), 10) y 11), así como los gobiernos regionales y las municipalidades rurales, acreditan sus representantes ante la Presidencia del Consejo de Ministros, para su nombramiento mediante resolución suprema."
Abakojetiro20°. AnteriApotojeitani Jebatantsi,Artículo 20º. Funciones del Consejo Directivo
Irotake yantabaeri Apotojeitani Jebatantsi okarati:,Son funciones del Consejo Directivo las siguientes:
1. Akenkishiriakotero ajebatero aminakotero maaroni anite jebabentirori anampi ijebatero anampitsite yaminakotero yapatyabaka antero nija okimote okantire ikantakantaetire Ñaantsi”;,"1. Planificar, dirigir y supervisar la administración general y la marcha de la Autoridad Nacional, liderando a nivel nacional la gestión integrada y multisectorial del uso del agua de acuerdo con lo dispuesto por la presente Ley;"
2. Akakotero ora ikenkishiriari yaminero jebatayetatire;,"2. Aprobar las políticas, planes y estrategias institucionales;"
3. Akakotero ikobakari akenkishiriari osarentsi akenkishiriakotero anijantero maaroni saekakoyetatire JebabentiroriAnampiki; aisati,"3. Aprobar el presupuesto, el plan operativo anual, la memoria anual, el balance general y los estados financieros de la Autoridad Nacional; y"
4. Pashine otsokero okobakari,4. Pashine otsokero okobakari
OsabekakOtsi II jebantirOri,subcapítulO II jefatura
Abakojetiro 21°. Jebari Jebabentiro Anampiki,Artículo 21º. Del Jefe de la Autoridad Nacional
Jebantirori okanta Jebabentirori Anampiki irotaki aminerori inintakaetari yantero Jebabentirori Pankirentsi. Jebari iritake Aminerori Anampi okaratiyantayetiri:,La Jefatura de la Autoridad Nacional está a cargo de un funcionario designado mediante resolución suprema refrendada por el Ministro de Agricultura. El Jefe de la Autoridad Nacional tiene las siguientes funciones:
"1. Antero iroperoriJebabentirori Anampiki, antero yaminakoetero;","1. Ejercer la representación legal e institucional de la Autoridad Nacional, asumiendo la titularidad del pliego presupuestal;"
2. Antero apatyero amitakotantiri otimantari onimote okobakari oyakote;,"2. Celebrar contratos y convenios de crédito y de cooperación técnica y financiera nacional e internacional, de conformidad con las normas legales vigentes;"
4. Atsotyero atsotyakantero akenkishiriariApotojeitani Jebatantsi;,4. Cumplir y hacer cumplir los acuerdos del Consejo Directivo;
5. Anintakaero Apotojeitani Jebatantsi yaminakotiro jebatayetatire okanta omonkarata okobapirota antero Jebabentirori Anampiki;,"5. Proponer al Consejo Directivo políticas, planes y estrategias institucionales; así como las medidas necesarias para el eficiente funcionamiento de la Autoridad Nacional;"
6. Akaemeri jebaripaye antero aminakotero nija ajebatero obira omonkarata;,6. Coordinar con los presidentes regionales la ejecución de las acciones de gestión del uso del agua que se desarrollan en sus respectivos ámbitos territoriales;
7. Aminero akobakaero Apotojeitani Jebatantsi yaminakotiro maaroni yaminakotiro akenkishiriapenteri;,"7. Revisar y someter al Consejo Directivo los resultados de la gestión, el balance general y los estados financieros auditados, y la memoria de cada ejercicio;"
8. Apiro antaye takireirotake kobapirotachari yaminakotero jebabentirori anampi;,8. Expedir resoluciones y demás disposiciones que sean necesarias para la gestión de la Autoridad Nacional;
9. Añabentero apototantsi Apotojeitani Jebatantsi ikantakantetiri inintakaeni jebabentirori; aisati,"9. Convocar a sesiones del Consejo Directivo, donde actúa como secretario;"
10. Pashine okanta okanti Ñaantsi o ikantabetiro Apotojeitani Jebatantsi;,10. Otras que señale la Ley o le asigne el Consejo Directivo.
YaminakOetirO anampiki atsOkirO añabenterOtachari nijasatO,tribunal naciOnal de resOlución de cOntrOversias hídricas
Abakojetiro 22°. Inchatoshi añashintsityaro Yaminakoetiro Anampiki AtsonkirotachariNijasato,Artículo 22º. Naturaleza y competencia del Tribunal Nacional de Resolución de Controversias Hídricas
YaminakoetiroAnampiki Atsonkero Añabentero Kachari irotake jebabentirori iyotiro obirantarori aminakoetiro ashitari aminakotero okarati ibitsikiro ichankiro Jebari Yaminakotiro Nija Jebabentirori Anampiki. Otime iñashintsityaro anampike inintakari aetaki te emintakaero yaminero ibitsikakotero inintakaro otsokia ibakotiro ikarayeni jebatini aminakotirori anampi opiro iñabementero okobakari antero Jebatatsine Anampiki. Aminakotirori Anampi Ipire Añabentero Ipaeteni Nijasato ikanta apapakoroni (5) yotatire timatsi iyotakero yaminakotero ashitari kachari osamashitsi iyakoete maba (3) osarentsi ipashitantaetarori aminakotero anampitsite abiakiri kachari antero añashita kobentyaro anampi okantire ikantakaentire Ñaantsi.Itsipanampiyetari ikobakari obisa yantire otsonkero.,"El Tribunal Nacional de Resolución de Controversias Hídricas es el órgano de la Autoridad Nacional que, con autonomía funcional, conoce y resuelve en última instancia administrativa las reclamaciones y recursos administrativos contra las resoluciones emitidas por la Autoridad Administrativa del Agua y la Autoridad Nacional, según sea el caso. Tiene competencia nacional y sus decisiones solo pueden ser impugnadas en la vía judicial. Su organización y composición son definidas en el Reglamento de Organización y Funciones de la Autoridad Nacional. El Tribunal Nacional de Resolución de Controversias Hídricas está integrado por cinco (5) profesionales de reconocida experiencia en materia de gestión de recursos hídricos, por un período de tres (3) años. El acceso al cargo de integrante del Tribunal Nacional de Resolución de Controversias Hídricas se efectúa mediante concurso público de méritos que aprueba la Autoridad Nacional conforme a ley. Los integrantes son nombrados por resolución suprema."
Abakojetiro 23°. Okaratipe aminakotirori okanta nijape,Artículo 23º. Instancias administrativas en materia de aguas
"Jebabentirori Yaminero Nija yabiro intanakaro aminakotiro yashi ñashintirori Jebabentirori Anampiki. Jebabentirori Anampiki, itsipatari Jebabentirori Yaminero Nija, timatsi okameetsati obira ipaetiro antayetirori obira ipaetiro antabaeri otsonka inintakaro","Las Autoridades Administrativas del Agua resuelven en primera instancia administrativa los asuntos de competencia de la Autoridad Nacional. La Autoridad Nacional, a través de las Autoridades Administrativas del Agua, tiene presencia a nivel nacional; su designación, ámbito territorial y funciones son determinados en el Reglamento"
apOtOjeitani Otenkana,consejo de cuenca
Abakojetiro 24°. Antamishi Jebabintirori Otenkana,Artículo 24º. Naturaleza de los Consejos de Cuenca
"Yotakotirori otenkana okantaetatyani otimeJebabintirori Anampiki, ibitsikakotiro jebatayetatire ikenkishiriakotero yapotobentyaro ikantaro yanintaekaro yaminakotero ashitaritachari. Apotojeitani Otenkana okanta apite otsiparia (2)","Los Consejos de Cuenca son órganos de naturaleza permanente integrantes de la Autoridad Nacional, creados mediante decreto supremo, a iniciativa de los gobiernos regionales, con el objeto de participar en la planificación, coordinación y concertación del aprovechamiento sostenible de los recursos hídricos en sus respectivos ámbitos. Los Consejos de Cuenca son de dos (2) clases:"
1. Yotakotirori Otenkana opoñanta iñantaetarori otime apite (2) aminakoyetirori.,"1. Consejo de Cuenca Regional, cuando el ámbito de la cuenca se localiza íntegramente dentro de un (1) solo gobierno regional;"
"2. YotakotiroriOtenkanaNiyankinampitsiosa ekintamaaroniotime inintakero yapatyabakaeya. Omonkaraeya ibayetiri yaminakotero okanti YotakotiroriOtenkanaNiyankinampitsitima tsineibantaeteroriyantero yotakotirori otenkana otsonkantari ibakoetiro Akantabakeri, anteroni aisati amineroni maaroni Apotojeitani Otenkana Niyankinampitsiokantaokante roniibakojetironi sankenare.","2. Consejo de Cuenca Interregional, cuando dentro del ámbito de la cuenca, existen dos (2) o más gobiernos regionales. Los decretos supremos que crean los Consejos de Cuenca Regional o Interregional establecen su estructura orgánica y su conformación, la que considera la participación equilibrada de los representantes de las organizaciones de usuarios y de los gobiernos regionales y gobiernos locales que lo integran. La designación, funciones y atribuciones de los Consejos de Cuenca Regional o Interregional son determinadas en el Reglamento"
ANTERO JEBABENTIRONI ANTAROSATO AISATI JEBABENTIRONI ASAEKI,FUNCIONES DE LOS GOBIERNOS REGIONALES Y GOBIERNOS LOCALES
Abakojetiro25°. Antero timayetatire jebabentirori asaekira,Artículo 25º. Ejercicio de las funciones de los gobiernos regionales y gobiernos locales.
"Jebaripaye pashinekipaye jebari osaekimotire iritake amakotaro yantaetiro kenkishiriantsi yaminakotero ashitari okachatsi otenkanapeoenijantiroojebate antiro aminero amakotero apotobentarori jebabentirori anampi okantakobente anintaeyero amitakotero ashiteri oyasharite. Amitakotero oshebate otsimantyari operi jebabentirori anampi jebari pashinepaye obamitsatantarori intarori ikantakantire Ñaantsi, aisati aminerori ichankiro abikatsareteki Jebabentirori Anampiki","Los gobiernos regionales y gobiernos locales, a través de sus instancias correspondientes, intervienen en la elaboración de los planes de gestión de recursos hídricos de las cuencas. Participan en los Consejos de Cuenca y desarrollan acciones de control y vigilancia, en coordinación con la Autoridad Nacional, para garantizar el aprovechamiento sostenible de los recursos hídricos. La infraestructura hidráulica mayor pública que transfiera el gobierno nacional a los gobiernos regionales es operada bajo los lineamientos y principios de la Ley, y las directivas que emita la Autoridad Nacional"
ABITSIKAKOTIRORI ASHIYETARORI,ORGANIZACIONES DE USUARIOS
Abakojetiro 26°. Obetsikakotirori ashiyetarori,Artículo 26º. Organizaciones de usuarios
Obetsikakotirori ashiyetarori otsipariro nija intsompaesato ikobakaro yapatobintyaro ashiyetarori. Yapotota ashitarori irotake apototachari aminakotsirori Ashitarori irita apotoyetachari Ashitarori ikenkishira kotsiro aero okobitya nija otimatye yapotojetya maroeteni okantakotire osankinatakota. Ashitarori paerani obamitantirori apatyero opoña otenkana irotake aero okobityanta nija irotake opaeri.,"Las formas de organización de los usuarios que comparten una fuente superficial o subterránea y un sistema hidráulico común son comités, comisiones y juntas de usuarios. Los comités de usuarios son el nivel mínimo de organización. Se integran a las comisiones de usuarios y estas a la vez a las juntas de usuarios. Los usuarios que cuentan con sistemas de abastecimiento de agua propio pueden organizarse en asociaciones de nivel regional y nacional conforme a las disposiciones del Código Civil. Las entidades prestadoras de servicios de saneamiento se integran al sector hidráulico y a la cuenca hidráulica que corresponda según la fuente de abastecimiento de agua de la cual se sirve."
Abakojetiro 27°. Antami otsonkatantari yapotota ashiyetarori.,Artículo 27º. Naturaleza y finalidad de las organizaciones de usuarios.
Jebabentirori ashiyetarori irotake jebatatire okobiro ojebatero ashitarori yaminakotero maaroni yamitakotero ashitari sokachati anampitsite okobakaro antero ajebatero ashiyetarori nija inintakaetero iritake jebatatire ikemitsantero ibakotaero. Jebabentirori Anampikiayero abakotiro maaroni jebayetatire ashitarori saekatire okantire ikantakantaetire ñaantsi,"Las organizaciones de usuarios son asociaciones civiles que tienen por finalidad la participación organizada de los usuarios en la gestión multisectorial y uso sostenible de los recursos hídricos. El Estado garantiza la autonomía de las organizaciones de usuarios de agua y la elección democrática de sus directivos, con arreglo al Reglamento. La Autoridad Nacional lleva un registro de todas las organizaciones de usuarios establecidas conforme a ley"
Abakojetiro 28°. Yapotota ashiyetarori,Artículo 28º. La junta de usuarios
Yapotoyeta ashiyetarori ibitsikabentaro yaminero ikenkishiriakotero ikobakaro Jebabentirori Anampiki. Yapotota ashiyetarori timatsi okarati yanteri:,"La junta de usuarios se organiza sobre la base de un sistema hidráulico común, de acuerdo con los criterios técnicos de la Autoridad Nacional. La junta de usuarios tiene las siguientes funciones:"
a. Yaminero iyamitsantero;,a. Operación y mantenimiento de la infraestructura hidráulica;
b. Itsipariro nija;,b. Distribución del agua;
c. Ikobakotante yaminero opinatyari nija Yantayetire inintakaetariri ashiyetarori yantero okantakota ashitari ikantabaeta yaminakotire okantabaeta anampi yaminakoetiro.,"c. Cobro y administración de las tarifas de agua. El ejercicio de las funciones asignadas a las juntas de usuarios, por realizarse respecto a recursos de carácter público, es evaluado conforme a las normas aplicables del Sistema Nacional de Control."
Abakojetiro 29°. Inintakaetari ashiyetarori,Artículo 29º. Las comisiones de usuarios
Inintakaetari ashiyetarori otime Yapatotya ashiyetarori ibitsikakotero inintakaro Jebabentirori Anampiki.,Las comisiones de usuarios constituyen las juntas de usuarios y se organizan de acuerdo con los criterios técnicos de la Autoridad Nacional.
Abakojetiro 30°. Ikobakaro ashiyetarori,Artículo 30º. Los comités de usuarios
Ikobakaro ashiyetarori okantya nija okameetsaperote intsompaesato nija kajatatsire. Ikobakaro ashiyetarori nija iropiratatsireyaminero omonkaraeya okimati nija intsimpaesato okemitara maeriatatsire nija okiajati obaminkata okameetsaperoti Okantabaeta antiro otsonka ibakoetiro isankenatantari,"Los comités de usuarios pueden ser de aguas superficiales, de aguas subterráneas y de aguas de filtración. Los comités de usuarios de aguas superficiales se organizan a nivel de canales menores, los de aguas subterráneas a nivel de pozo, y los de aguas de filtraciones a nivel de área de afloramiento superficial. Su estructura y funciones son determinadas en el Reglamento."
Abakojetiro31°. Iyotaetero ojebayeti ashiyetarori,Artículo 31º. Reconocimiento de las organizaciones de usuarios.
Ora Jebabentirori Anampikiiyotiro ashitobakoti yaminakoetiro jebabentirori ashiyetarori,La Autoridad Nacional reconoce mediante resolución administrativa a las organizaciones de usuarios.
Abakojetiro 32°. Apotoyetari poñenkaroshakarashiapotoyetaria nampisatoasháninka,Artículo 32º. Las comunidades campesinas y comunidades nativas
Apotoyetachari poñenkaro apotoyetachari asháninka ibitsikajeta okanta yashitara otenkana oshitobatsi ikenkishiriatero yametari apotoyetachari yametayetari apototsinkari timatsi okantakobentajeti okemitara apoteyetachari ashiyetarori.,"Las comunidades campesinas y comunidades nativas se organizan en torno a sus fuentes naturales, microcuencas y subcuencas de acuerdo con sus usos y costumbres. Las organizaciones tradicionales de estas comunidades tienen los mismos derechos que las organizaciones de usuarios."
OTENKANAPE SHIYAKOTERI POÑENKAROPE,CUENCAS Y ENTIDADES MULTINACIONALES
Abakojetiro33°. Kenkishiriantsi poñenkarope,Artículo 33º. Acuerdos multinacionales
Jebabentirori Anampi Ikobiri Jebatirori Pashinesato osankinatakota otimantyari yaminakoetiro yakotero nija otenkana opoñayetanta.,La Autoridad Nacional coordina con el Ministerio de Relaciones Exteriores la suscripción de acuerdos multinacionales que tengan por finalidad la gestión integrada del agua en las cuencas transfronterizas.
OTENKANAPE SHIYAKOTERI POÑENKAROPE,CUENCAS Y ENTIDADES MULTINACIONALES
Abakojetiro33°. Kenkishiriantsi poñenkarope,Artículo 33º. Acuerdos multinacionales
Jebabentirori Anampi Ikobiri Jebatirori Pashinesato osankinatakota otimantyari yaminakoetiro yakotero nija otenkana opoñayetanta.,La Autoridad Nacional coordina con el Ministerio de Relaciones Exteriores la suscripción de acuerdos multinacionales que tengan por finalidad la gestión integrada del agua en las cuencas transfronterizas
OETOTARI III. Anintero ashitari nijatetachari,TÍTULO III. Usos de los recursos hídricos
Abakojetiro 34°. Onintakari antancharori ashitari nijatetachari,Artículo 34º. Condiciones generales para el uso de los recursos hídricos
"Onintakari antancharori ashitari kachari onintakaro opiro nija otime abisote okantara ikobire ikenkishiriakotiro obakotara Ñaantsi, ikanta komitaetiri anijatero okameetsate okantabaeta nija oyachirite anintaeyaro aninkate okameetsaperote anampitsite.","El uso de los recursos hídricos se encuentra condicionado a su disponibilidad. El uso del agua debe realizarse en forma eficiente y con respeto a los derechos de terceros, de acuerdo con lo establecido en la Ley, promoviendo que se mantengan o mejoren las características físico-químicas del agua, el régimen hidrológico en beneficio del ambiente, la salud pública y la seguridad nacional."
Abakojetiro 35°. Okantabaeta nija akantero anintakaero,Artículo 35º. Clases de usos de agua y orden de prioridad
IkantakantaetireÑaantsi oyotapajiro okarati anteri nija:,La Ley reconoce las siguientes clases de uso de agua:
1. Anintaeyaro intarori; 2. Yanintaeyaro saekayetatire; y 3. Yanintaeyaro pankibaerentsi Atsarobakotero ipaetero anintaeyaro okatero oejatero ipantaetaerori.,1. Uso primario; 2. Uso poblacional; y 3. Uso productivo. La prioridad para el otorgamiento y el ejercicio de los usos anteriormente señalados sigue el orden en que han sido enunciados.
Abakojetiro 36°. Anintaeyaro intarori nija,Artículo 36º. Uso primario del agua
Anintaeyari intarori antero ojebate okenira nija okantya anintakaerokatsi okobichemotyari atiripaye iyotiro anintaeyaro nija abetsikantyarori obarotentsi ayari intyarori ikitentantyari atiri okemitara anintaeyaro amitayetarori rantayetirini.,"El uso primario consiste en la utilización directa y efectiva de la misma, en las fuentes naturales y cauces públicos de agua, con el fin de satisfacer necesidades humanas primarias. Comprende el uso de agua para la preparación de alimentos, el consumo directo y el aseo personal; así como su uso en ceremonias culturales, religiosas y rituales."
Abakojetiro 37°. Okanta anintaeyaro intarori,Artículo 37º. Características del uso primario
Anintaeyaro intarori nija te okobia inintakaetero yaminakotero antero okantire ikantakaentire Ñaantsi.,El uso primario del agua no requiere autorización administrativa y se ejerce por la sola disposición de la Ley.
Te okanta kobenkari aninkatantari mabatatsire te otime okantabaeshityaro ipashitaetero atiripaye ipinakobentero aparoni okanta inintakataro:,"Es inocuo al ambiente y a terceros, no tiene fin lucrativo y se ejerce en forma gratuita por las personas, bajo su propia responsabilidad, restringido solo a medios manuales y condicionado a que:"
"1. Aero pasamakaro okine nija osheki iroperori, aisati",1. No altere las fuentes de agua en su cantidad y calidad; y
2. Aero aetsineri ashitari otsipatari nija,2. No afecte los bienes asociados al agua.
Abakojetiro 38°. Osaekira anintaro ipashineteine anintaeyaro intarori,Artículo 38º. Zonas de libre acceso para el uso primario
asaekantari okantakobentiro ipashitero ashitari nija aero aepachatiro okanta anintaeyaro kobirori asaekaeyenire. Jebabentirori Anampikiyaminero arika okobapakia anintaro ipashitaero,"El Estado garantiza el libre acceso a las fuentes naturales y cauces artificiales públicos, sin alterarlos y evitando su contaminación, para satisfacer directamente las necesidades primarias de la población. La Autoridad Nacional fija, cuando sea necesario, lugares o zonas de libre acceso."
Anintaeyaro saekayetatsire opoñanta nija oyobati yaminaetiro kameetsa okantya onimoteri atiripaye abitsikantyarori ibarite ikatantyari okobapirotatya nija inintakaero Jebabentirori Anampiki.,"El uso poblacional consiste en la captación del agua de una fuente o red pública, debidamente tratada, con el fin de satisfacer las necesidades humanas básicas: preparación de alimentos y hábitos de aseo personal. Se ejerce mediante derechos de uso de agua otorgados por la Autoridad Nacional."
Abakojetiro 40°. Ipashitero saekayetatsire nija iroperori,"El Estado garantiza a todas las personas el derecho de acceso a los servicios de agua potable, en cantidad suficiente y en condiciones de seguridad y calidad para satisfacer las necesidades personales y domésticas"
Abakojetiro 41°. Okobityeya ipashitero nija saekayetatsire,Abakojetiro 41°. Okobityeya ipashitero nija saekayetatsire
Arikaokobityeya oyacharite jebatayetatsire iritake aminerori okantya otimantyari nija otime itsipariro ipashitero nija kaatsi ipaetero okantya okimotyari atiripaye,"En estados de escasez hídrica, las autoridades locales, regionales y nacionales responsables de la regulación de servicios de suministro de agua potable deben dictar medidas de racionamiento para restringir el uso del agua que no esté destinado para satisfacer las necesidades personales."
Abakojetiro 42°. Itantarori nija,Artículo 42º. Uso productivo del agua
Irantarori nija irotake opasatantari obari irojati asaetakotirori pankirintsi okitsitantari okantakobentantsi irori nija opantaerori Jebabentirori Anampiki.,El uso productivo del agua consiste en la utilización de la misma en procesos de producción o previos a los mismos. Se ejerce mediante derechos de uso de agua otorgados por la Autoridad Nacional.
Abakojetiro 43°. Kantachari okitsotakaero nija,Artículo 43º. Tipos de uso productivo del agua
Ari okantabaetari okitsotakaeni nija:,Son tipos de uso productivo los siguientes:
1. Apankite piratsi asaetakotiro;,1. Agrario: pecuario y agrícola;
2. Asaetakoteri shima;,2. Acuícola y pesquero;
3. Ashintsinka;,3. Energético;
4. Ibitsikakoetiro;,4 Industrial;
5. Abintantsi;,5. Medicinal
6. Mapiporokeshi;,6. Minero;
8. Aminabaete; aisati,8. Turístico; y
9. Ashiyakote.,9. De transporte.
OETOTARI III. Okantakobenteri iriro nija,TÍTULO IV. Derechos de uso de agua
Osaekakotsi I IRIROPEROTE IKOBAKOETIRO,Capítulo I DISPOSICIONES GENERALES
Abakojetiro 44°. Okantakobenteri iriro nija,Artículo 44º. Derechos de uso de agua
Irantyarori ashitari nija otime ayotero okantakobentai inintakaero Jebabentirori nija yakakotiro aminero opoñanta jaokarika iyotaetiro Okantakobente irantarori nija opiro yaminakotero jebabentirori anampi obakotara ikantakantaetire,"Para usar el recurso agua, salvo el uso primario, se requiere contar con un derecho de uso otorgado por la Autoridad Administrativa del Agua con participación del Consejo de Cuenca Regional o Interregional, según corresponda. Los derechos de uso de agua se otorgan, suspenden, modifican o extinguen por resolución administrativa de la Autoridad Nacional, conforme a ley."
Okantakobenteri iriro nija okarati:,Los derechos de uso de agua son los siguientes:
1. Kantakobintirori irantarori;,1. Licencia de uso;
2. Inintakantaerori iriro; y,2. Permiso de uso; y
3. Ikonakaero irantarori nija.,3. Autorización de uso de agua.
Abakojetiro 46°. Kantakobentirori irori anteroni nija,Artículo 46º. Garantía en el ejercicio de los derechos de uso
Osaekakotsi I KANTAKOBENTIRORI IRANTARORI NIJA,Capítulo II LICENCIA DE USO DE AGUA
Abakojetiro 47°. Otsonkatantari,Artículo 47º. Definición
Kantakobentirori irantarori nija okantakobentajetari jebabentirori nija ikenkishiriri aminakotiro opiro osaekakotantari okantya ashitari otsonkatya anintakaro okameetsatakote okantaetatyani aminakotiro onintakaero,"La licencia de uso del agua es un derecho de uso mediante el cual la Autoridad Nacional, con opinión del Consejo de Cuenca respectivo, otorga a su titular la facultad de usar este recurso natural, con un fin y en un lugar determinado, en los términos y condiciones previstos en los dispositivos legales vigentes y en la correspondiente resolución administrativa que la otorga."
Abakojetiro 48°.-Okanta kantakobentero anteri,Artículo 48º. Clases de licencia de uso
Kantakobentirori nija ari okanta anintakaero aero aparatiro,La licencia de uso del agua puede ser otorgada para uso consuntivo y no consuntivo.
Abakojetiro 49°.-Aepiyero ashitari oyacharite,Artículo 49º. Reversión de recursos hídricos
Jebabentirori anampi okinkishiriakotirori opoñara onijantiro abisatatsire ashitari okachatsi otime itsotyetero obakotanta okantya aminakotsirori aninkatantari añashintsitakotyari ashiyetarori aparayetachari ashitari nija okachatsi.,"La Autoridad Nacional, con opinión del Consejo de Cuenca, promueve la reversión de los excedentes de recursos hídricos que se obtengan en virtud del cumplimiento de la presente norma, considerando para ello la normativa establecida por el Ministerio del Ambiente en la materia de su competencia."
Otime kantakobenterori onintakaero obakirori okantakobenterori iriro nija ipaetero ashitari timarontatsire Okantakotire inintakaero antero atsimantari obakota abakojetiro,Los usuarios u operadores de infraestructura hidráulica que generen excedentes de recursos hídricos y que cuenten con un certificado de eficiencia tienen preferencia en el otorgamiento de nuevos derechos de uso de agua que se otorguen sobre los recursos excedentes. El Reglamento establece las condiciones para la aplicación de lo establecido en el presente artículo.
Abakojetiro 50°. Okanta Kantakobentiro anteri nija,Artículo 50º. Características de la licencia de uso
Okarati kantabaeshitachari iriri nija:,Son características de la licencia de uso las siguientes:
1. Akobakaero obaero obakotya osarentsikipaye nija omonkaratero jaokarika opoña antero ikantakobentaetero;,"1. Otorgar a su titular facultades para usar y registrar una dotación anual de agua expresada en metros cúbicos, extraída de una fuente, pudiendo ejercer las acciones legales para su defensa;"
2. Arika akantashitakiaro timatsi ikantakantaetire Ñaantsi;,2. Se extingue por las causales previstas en la Ley;
3. Inintakaetaro otsonkata irojatirika ikibantaro Ipantaetarori;,3. Su plazo es indeterminado mientras subsista la actividad para la que fue otorgada;
4. Inintakaetaro obakotachari ibaero iritakeaminerori ikobakaetari irantarori inintakaerori nija Jebabentirori Anampiki itsipariro;,"4. Atribuye al titular la potestad de efectuar directamente o en coparticipación, según el caso, inversiones en tratamiento, transformación y reutilización para el uso otorgado. El agua excedente se entrega a la Autoridad Nacional para su distribución;"
5. Onintakaro antero ashiyetarori okantakotiri ikantakantaetire Ñaantsi okenkishiriakotiro antabaerentsi okantabaetachari nija yantire obakotachari ibaero;,5. Faculta a ejercer las servidumbres previstas en esta Ley y de acuerdo con las actividades y tipo de uso del agua que realice el titular;
6. Aero añatsamentaro okarati ipantaeterori; aisati,6. Es inherente al objeto para el cual fue otorgado; y
7. Kantakobentirori ashitarori nijatera okobi ababiseiro pashine obakotachari terika ikobajiro ipiyajiro osaekantari Jebabentirori Anampiki.,"7. Las licencias de uso no son transferibles. Si el titular no desea continuar usándola debe revertirla al Estado, a través de la Autoridad Nacional."
Abakojetiro 51°. Kantakobentirori apotoyeta,Artículo 51º. Licencia de uso en bloque
Ari okanta apirokantakobentirori irantarori nija otime aminerori ashiyetarori nija iyotakoetero atire ashitarori anampi otimimoteri nija jaokarika yajitiro.,"Se puede otorgar licencia de uso de agua en bloque para una organización de usuarios de agua reconocida, integrada por una pluralidad de personas naturales o jurídicas que usen una fuente de agua con punto de captación común"
Jebabentirori ibakoetiro kantakobentirori nija apototachari okantya kantakobenterine aparopayeni saekatire,Las organizaciones titulares de licencias de uso de agua en bloque emiten certificados nominativos que representen la parte que corresponde de la licencia a cada uno de sus integrantes.
Abakojetiro 52°. Kantakobentirori oyatarori,Artículo 52º. Licencias provisionales
Jebabentirori Anampiki okenkishiriakotiro aminero apoña osankinatakota timatsi ashitari oyacharite aero okantashita ipaeteri pashinesati ipaeteri kantakobentirori ipashitaetari okantya yantaetero yaminakoetero antabaerentsi. Kantakobentirori poyatarori ipaetero otsonka aero okanti ajabatero antabaerentsi. Ipaetero okameetsati antire obakota ikantakantaetire obakota ashitobakotsi ipantaerori atsoyero poyetarori kantakobentantsi okantakobentire obakotachari ibaero iritake irirori nija,"La Autoridad Nacional, con opinión del Consejo de Cuenca, a solicitud de parte, siempre y cuando existan recursos hídricos excedentes y no se afecten derechos de uso de terceros, otorga licencias provisionales a los titulares de concesiones otorgadas por las entidades públicas competentes que tengan como fin la realización de estudios en cualquier actividad. La licencia provisional es de plazo determinado y no puede superar el de las concesiones que la originan. Se otorga de conformidad con las condiciones, actos y requisitos previstos en la Ley, el Reglamento y en la propia resolución de otorgamiento. Cumplidas las condiciones bajo las cuales se otorgó la licencia provisional se procede, a solicitud de parte, al otorgamiento de la licencia de uso que faculte a su titular para hacer uso efectivo del agua"
Abakojetiro 53°. Ipantaetarori obashiñero kantakobentantsi,Artículo 53º. Otorgamiento y modificación de la licencia de uso
Ipantarori kantakobentantsi ibashiñero iriro nija yaminakoetiro okantakota obakota. Ipantaetero okarati kobachari:,"El otorgamiento, suspensión o modificación de una licencia de uso de agua se tramita conforme al procedimiento establecido en el Reglamento. Para ser otorgada se requiere lo siguiente:"
1. Otime nija osheki okobirira okantya okameetsate irintyarori;,"1. Que exista la disponibilidad del agua solicitada y que esta sea apropiada en calidad, cantidad y oportunidad para el uso al que se destine;"
"2. Oyobatira nija otime osheki kaatsi okobityeya ikimipoyero onkatya otimarante, atsotyero abakotero nija okantaperoti kameetsa arika ojate ikantakobentero;","2. Que la fuente de agua a la que se contrae la solicitud tenga un volumen de agua disponible que asegure los caudales ecológicos, los niveles mínimos de reservas o seguridad de almacenamiento y las condiciones de navegabilidad, cuando corresponda y según el régimen hidrológico;"
3. Aero okobityamotari maaroni aninkatatsi;,3. Que no ponga en riesgo la salud pública y el ambiente;
4. Kaatsi kobachari pashinepaye;,4. Que no se afecte derechos de terceros;
5. Okimpoyero obakotero yaminakoetiro nija opoñara;,5. Okimpoyero obakotero yaminakoetiro nija opoñara;
6. Kobirori otime yaminakotero anintyantarori yakakotero jebabentirori aninkatantsi; aisati,6. Que el interesado presente el instrumento ambiental pertinente aprobado por la autoridad ambiental sectorial competente; y
7. Yapatyakoteri ipaeteri iyareshirori otime ojebate antabaerentsi opoñanta imonkaraetiro kobapirotachari.,"7. Que hayan sido aprobadas las servidumbres, así como las obras de captación, alumbramiento, producción o regeneración, conducción, utilización, avenamiento, medición y las demás que fuesen necesarias."
Abakojetiro 54°. Kobachari antyarori kantakobentantsi,Artículo 54º. Requisitos de la solicitud de licencia de uso
Antyarori otime iyotero Jebabentirori Anampiki apatotero kobachari obakojetiro 113º ikantakaentire Ñaantsi Nº 27444 okatire yaminakoetiro okaratayeti:,"La solicitud es presentada ante la Autoridad Nacional, conteniendo además de los requisitos indicados en el artículo 113º de la Ley Nº 27444, Ley del Procedimiento Administrativo General, los siguientes:"
1. Antantarori jaorika abiro nija;,1. El uso al que se destine el agua;
2. Jaokarika opoña nija okatero otenkana jaokarika opoña jaokaka osaekika iroperori okantabaeta;,"2. La fuente de captación, curso o cuerpo de agua a usar, señalando la cuenca hidrográfica a la que pertenece, su ubicación política y geográfica y principales características de interés;"
3. Jaoka osaekika obaero opoñanta antirori opotsotakota antirori;,"3. La ubicación de los lugares de captación, devolución o la delimitación del área de la fuente de uso, según corresponda, con los planos correspondientes;"
4. Jaoka okarati oshintsiti pashine okantabaeta kotakobentirori akobiro;,"4. El volumen anualizado requerido y el estimado de descarga, cuando corresponda, y otras características, de acuerdo con la licencia solicitada;"
5. Okantakotiro aninkatantari okantara oñabintakota antirori;,"5. Certificación ambiental emitida conforme a la legislación respectiva, cuando corresponda;"
6. Abakotero apayetire kobayetirori; aisati,6. La especificación de las servidumbres que se requieran; y
7. Ipantaetero ashitaro osaeki notiro jaokarika antiro nija akobire arika yantaetero.,"7. Acreditación de la propiedad o posesión legítima del predio donde se utilizará el agua solicitada, cuando corresponda."
Kobayotirori iriro nija antero maaroni ikemi aminakotero aero akobi,A las solicitudes de uso de agua se aplica el silencio administrativo negativo.
Abakojetiro 55°. Anintakaero ipantaetero iriro nija,Artículo 55º. Prioridad para el otorgamiento en el uso del agua
Timatsi kobayetirori arika antakero aminakotero ipaetero okantakobentaetsi irantyarori nija akobiro Ipaero nija arika otime ashitari terika antetya ipantaeterootimeyanterokobachari:,"Existe concurrencia de solicitudes cuando en cualquier etapa del procedimiento administrativo de otorgamiento de un derecho de uso de agua se presenta más de una solicitud sobre una misma fuente de agua. Cuando la disponibilidad del recurso no sea suficiente para atender todas las solicitudes concurrentes, el otorgamiento debe realizarse conforme a las siguientes reglas:"
2. Abiro intakaeyaro jebabentirori anampi akenkishiriro obakojetiro 350º aisati 430º; aisat,"2. El orden de preferencias de los usos productivos establecido por la Autoridad Nacional, tomando en cuenta lo establecido en los artículos 35º y 43º; y"
"3. Pirajetire pinantapiro, okanta inintiro atiri, okarati anintakari:","3. Tratándose de un mismo uso productivo, la que sea de mayor interés público, conforme a los siguientes criterios:"
a) Otsimapirotatye anintero nija;,a) La mayor eficiencia en la utilización
b) Otsimapirotatye otime antabaerentsi; y,b) La mayor generación de empleo; y
c) Te okobatye aminabaetantari,c) El menor impacto ambiental.
Ari omonkarabaka otime okantakobentemira te ora osamani osaekimotiro. Arika itime apite (2) kobirori nija aerorika anteka jebabentirori anampi okantya amine pashine otenkana ipantaeterori iriro nija okantya anampi anintantyarori ojebate anampitsite osaekira ibakoetiro ikantakantaetiri Ñaantsi.,"En igualdad de condiciones, tiene derecho de preferencia la solicitud que tenga mayor antigüedad en su presentación. Cuando se presenten dos (2) o más solicitudes para un mismo uso y el recurso no fuera suficiente, la Autoridad Nacional, con la opinión del Consejo de Cuenca respectivo, define la prioridad para el otorgamiento y/o el uso o usos de agua que sirvan mejor al interés de la Nación, el desarrollo del país y el bien común, dentro de los límites y principios establecidos en la Ley."
Abakojetiro 56°. Iroperoti ashitari kantakobentantsi antero,Artículo 56º. Derechos que confiere la licencia de uso
Ashiyetarori kantakobentantsi timatsi okantakobentajeteri:,Los titulares de licencias de uso tienen derecho a lo siguiente:
2. Akobiro abashiñero aero antiro kantakobentantsi;,"2. Solicitar la modificación, suspensión o extinción de la licencia;"
3. Antayetero abitsikakoyetero okantya otsimantyari iriro;,"3. Realizar estudios, obras e instalaciones hidráulicas para ejercitar su derecho de uso;"
4. Antero kabayetirori iririro nija abisayetatiri; aisati,"4. Ejercer las servidumbres que correspondan, indispensables para el uso del agua y la evacuación de sus sobrantes; y"
5. Pashine okantakobenteinintakaetero Ñaantsi.,5. Los demás derechos previstos en la Ley
Abakojetiro 57°. Itsotyayeteri obakotachari ibaero kantakobentirori antero.,Artículo 57º. Obligaciones de los titulares de licencia de uso.
Ashiyetarokantakobentantsitimatsiokarati itsoyeri:,Los titulares de licencia de uso tienen las siguientes obligaciones:
1. Antyarori nija otime amakotyaro oshikirika ipaetero kantakobentantsi aminakotero kaatsi okariperote;,"1. Utilizar el agua con la mayor eficiencia técnica y económica, en la cantidad, lugar y para el uso otorgado, garantizando el mantenimiento de los procesos ecológicos esenciales, y evitando su contaminación;"
2. Atsotyero apinabentero iriroka nija jaokarika ipinatetiro;,"2. Cumplir oportunamente con el pago de la retribución económica por el uso del agua y las tarifas, cuando corresponda;"
3. Amakotyaro okameetsate aero aparabaetashitaro nija jaoka otime ipaetero osaekakotsi aero akobakari pashine ajebataje nija oyobatsinta;,"3. Mantener en buenas condiciones la infraestructura necesaria para el uso del agua que le fue otorgada en los términos y condiciones que establece la Ley y el Reglamento, sin afectar a terceros, al desarrollo hidráulico, a las fuentes de agua, ni a la cuenca;"
4. Anintakaero yaminaetero jebabentirori anampi intsoyetero yantabaeri;,"4. Permitir las inspecciones que realice o disponga la Autoridad Nacional, en cumplimiento de sus funciones;"
5. Abakotero aminero amonkaratero nija abarontyaro okameetsatakote;,"5. Instalar los dispositivos de control y medición de agua, conservándolos y manteniéndolos en buen estado;"
6. AkamanteriJebabentirori Anampiki aerorika okimotatsi nija tekatsi opinshitya aparabaetya Ipantaeterori;,"6. Dar aviso oportuno a la Autoridad Nacional cuando, por causa justificada, no utilice transitoria, parcial o totalmente las aguas; situación que no acarrea la pérdida del derecho otorgado;"
7. Amitakotero amabentakotyaro onkitete ojebate otenkana opoñara;,"7. Contribuir a la conservación, mantenimiento y desarrollo de la cuenca;"
8. Amitero jebabintayetirori ashitarori nija inintakaetari; aisati,8. Participar en las organizaciones de usuarios de agua correspondientes;
9. Pashine obakotachari anta Ñaantsi,9. Las demás previstas en la Ley.
Osaekakotsi III PASHINE KANTAKOBENTIRO IRANTARI NIJA,Capítulo III OTROS DERECHOS DE USO DE AGUA
Abakojetiro 58°. Akobiro ayiro nija arika otsimarante oyacharite,Artículo 58º. Permiso de uso de agua para épocas de superávit hídrico
Akobiro ayiro nija arika otsimarante oyacharite okameetsati okisoti inintakaro Jebabentirori Anampiki opiro otenkana onintakaeri obakotachari te ayotero otsonkatantari nija opoñara oshitobatsi antamishiki otimarantayeti oyacharite inijantiro Jebabentirori Anampiki arika iyotakoetakiro ashiyetarori kantakobentantsi.,"El permiso de uso de agua para épocas de superávit hídrico es un derecho de duración indeterminada y de ejercicio eventual, mediante la Autoridad Nacional, con opinión del Consejo de Cuenca, otorga a su titular la facultad de usar una indeterminada cantidad de agua variable proveniente de una fuente natural. El estado de superávit hídrico es declarado por la Autoridad Nacional cuando se han cubierto los requerimientos de los titulares de licencias de uso del sector o distrito hidráulico"
Abakojetiro 59°. Akobiro ayiro nija arika timarantatsiri,Artículo 59º. Permiso de uso sobre aguas residuales
Akobiro ayiro nija arika timarantatsiri inintakaro jebari anampiki aparoni okantaokantakobentaeteri otsonkata iritake inintakaetari obakotachari ibaero iriro tsonkateroni osheketsira nija opokira oyobatsi okantakobentaje ashitarori kantakobentirori yayiro.,"El permiso de uso sobre aguas residuales, otorgado por la Autoridad Nacional, es un derecho de uso de duración indeterminada, mediante el cual se otorga a su titular la facultad de usar una determinada cantidad de agua variable, proveniente de filtraciones resultantes del ejercicio del derecho de los titulares de licencias de uso."
Obakotara kantakobentirori otime okiajati tera yamakotyaro okarati abisatsine arika okiripiatanaki nija oshintsinka okanakiro otimarante nija te ayotero paita abisatsine,"Los titulares de licencias que producen las filtraciones no son responsables de las consecuencias o de los perjuicios que puedan sobrevenir si variara la calidad, el caudal o volumen, u oportunidad o si dejara de haber sobrantes de agua en cualquier momento o por cualquier motivo."
Abakojetiro 60°. Kobachari ayiro nija,Artículo 60º. Requisitos del permiso de uso
ritake kobachari otimantyari ipaetero nija okarati:,Son requisitos para obtener un permiso de uso de agua los siguientes:
1. Kobirori otimatye yashityaro isaeki yantyarori nija okarati; aisati,1. Que el solicitante acredite ser propietario o poseedor legítimo del predio en el que hará uso eventual del recurso; y
2. Osaekira iyotero okarati antabaerentsi inintakaetariri ijebatero yantero imonkaratero okantya erirantyarori nija.,"2. Que el predio cuente con las obras autorizadas de captación, conducción, utilización, avenamiento, medición y las demás que fuesen necesarias para el uso eventual del recurso"
Abakojetiro 61°. Ipaetero ibashiñero ayiro iriro nija,Abakojetiro 61°. Ipaetero ibashiñero ayiro iriro nija
Ipantaetyarori ayiro nija otimatye ipaetero kantakobentirori oshitobakote aminakotero ipantaeterori ayiro okemitara okantiri kantakobentantsi,"Al otorgamiento, modificación y extinción del permiso de uso se le aplican las disposiciones sobre licencia de uso, en lo que corresponda. La solicitud y resolución administrativa de otorgamiento de permiso de uso contiene los mismos datos que los establecidos para la licencia de uso, cuando corresponda."
Abakojetiro 62°. Akobakaeri irayiro nija,Artículo 62º. Autorización de uso de agua
Akobakaeri irayiro nija timatsi obira omonkarata ipantaeterori kantakobentantsi apite osarentsi (2) Jebabentirori Anampi onintakaro obakotachari okarate yayiri nija okantya otimantyari aero okibitya nija:,Akobakaeri irayiro nija timatsi obira omonkarata ipantaeterori kantakobentantsi apite osarentsi (2) Jebabentirori Anampi onintakaro obakotachari okarate yayiri nija okantya otimantyari aero okibitya nija:
1. antero añanatakotero;,1. antero añanatakotero;
2. antero antabaerentsi; aisati,2. Ejecución de obras;
3. akibiro osabe.,3. Lavado de suelos
Akobiro ayiro nija aitakeiyaki otaetake aparosati okanta ipantaetakarori nija opoña inintakaetero kobachari obakotara.,"La autorización de uso puede ser prorrogada por una única vez, por un plazo similar, siempre que subsistan las condiciones que dieron origen a su otorgamiento. Los requisitos son determinados en el Reglamento."
Abakojetiro 63°. Ipaetero ibashiñero akobakari ayiro nija,"Artículo 63º. Otorgamiento, modificación y extinción de la autorización de uso de agua"
Ipantaeterori ibashiñetiro akobakari ayiro kantakobentantsi akobiro aminakotero nija aisati otime kobityachari okantakotire kantakobentantsi ayero nija,"El otorgamiento, la modificación y la extinción de la autorización de uso se rigen por las disposiciones sobre licencia de uso. La solicitud y la resolución administrativa de otorgamiento de autorización de uso de agua contienen los mismos requisitos establecidos para la licencia de uso de agua."
Abakojetiro 64°. Okantakobente apotoyetari poñenkaro apototachari asháninka,Artículo 64º. Derechos de comunidades campesinas y de comunidades nativas.
Asaekantari oyotiro opinkatsatiro yapatoyeta poñenkari yapatoyeta asháninka yayiro nija timatsiri isaekira ipatsiteki okemitara oshitobatsi otsishikipaye yanintaeyaro maaroni inijate irotake yañantyari ari okanta Bakotantsi Okantakantsi Anampitsite Perú okamitsatantari apotoyetachari ikantakantaetsiri Ñaantsi.,"El Estado reconoce y respeta el derecho de las comunidades campesinas y comunidades nativas de utilizar las aguas existentes o que discurren por sus tierras, así como sobre las cuencas de donde nacen dichas aguas, tanto para fines económicos, de transporte, de supervivencia y culturales, en el marco de lo establecido en la Constitución Política del Perú, la normativa sobre comunidades y la Ley. Este derecho es imprescriptible, prevalente y se ejerce de acuerdo con los usos y costumbres ancestrales de cada comunidad"
Iroka okantakobentantsi kaatsi ñatsanintyaroni ibashiñero ikantakoetiro yametari acharinepaye aparoni apatoyetachari.Tekatsi obakotya ikantakantaetire otime ibakotero iyotaetero saekatsire asháninka Apatyabakero 169 ora OITAntaro Antabaerentsi.,Ningún artículo de la Ley debe interpretarse de modo que menoscabe los derechos reconocidos a los pueblos indígenas en el Convenio 169 de la Organización Internacional del Trabajo.
Abakojetiro 65°. Otsonkata ipaetero nija,Artículo 65º. Definición de servidumbre de agua
Ipantaetero nija irotake ibakoetiro osaekira irantarori nija antero inintakaetero osaekakotsi ikantakaetire Ñaantsi.,La servidumbre de agua es el gravamen que recae sobre un predio para el uso del agua. Se sujeta a los plazos y formalidades establecidas en la Ley
Ari okantaki:,Puede ser:
1. Ashitarori. Oshintsibentireashitarori ibani abishe nija ametaro ibamitsantaetiro.,1. Natural. Obliga al titular de un predio a permitir el paso del agua que discurre en forma natural. Tiene duración indefinida.
2. Onintakaro. Abiro okenkishiriro ashitarori ipatsite opaero irantarori nija okantya ipinatiro okantakobente irayiro nija ikantero obakotara ipashitaro ikenkishiriakotiro,2. Voluntaria. Se constituye por acuerdo con el propietario del predio sirviente para hacer efectivo el derecho de uso de agua pudiendo pactarse a título gratuito u oneroso. Tiene la duración que hayan acordado las partes.
3. Ebitsikakotiro. Obakotapaperi ipaero Jebabintirori Anampiki. Otime osamanitsi omonkararo iyakoete antarori nija.,3. Forzosa. Se constituye mediante resolución de la Autoridad Nacional. Tiene una duración igual al plazo previsto por el derecho de uso de agua.
Abakojetiro 66°. Ipaetero pinatantsi,Artículo 66º. Compensación e indemnización
Ipantaetero nija okobitya ipaero nija okoba obaero oshintsibentire ashitarori ipinatero yayiro iriro nija ishiyabentero antaro nija okarati abisati okenkishiriro obakota yaminero Jebabentiro Anampiki.,"La servidumbre de agua forzosa y la servidumbre de agua voluntaria a título oneroso obliga a su titular a pagar una compensación por el uso del bien gravado y, de ser el caso, a indemnizar por el perjuicio que ella cause. El monto de la compensación y la indemnización es determinado por acuerdo entre las partes o, en su defecto, lo fija la Autoridad Nacional."
Abakojetiro 67°. Ikobakaetari okantakobente ashitarori ipaetire nija,Artículo 67º. Obligaciones y derechos del titular de la servidumbre de agua
Jebabentirori ipaetire nija ikobakaetari yantero yaminero antabaerentsi ashitari nija okantakobentani ipashitantaetariri otime yamakotyaro.,El titular de la servidumbre de agua está obligado a construir y conservar las obras que fueran necesarias para el ejercicio de la misma y tiene derecho de paso con fines de vigilancia y conservación de las referidas obras.
Abakojetiro 68°. Obira ipashitero nija kobachari,Artículo 68º. Extinción de la servidumbre forzosa de agua
"Jebabentirori Anampiki, ikobiro okoñatakote obira ipashitero arika ashintsitero:","La Autoridad Nacional, a pedido de parte o de oficio, declara la extinción de la servidumbre forzosa cuando:"
1. Janika kobiro ipashityari aero yantiro antabaerentsi inintakaetaro;,1. Quien solicitó la servidumbre no lleve a cabo las obras respectivas dentro del plazo otorgado;
2. Anijantero ipaetero nija tera otsonkiro antabaerentsi apite (2) kashirisarentsi;,2. Se demuestre que la servidumbre permanece sin uso por más de dos (2) años consecutivos;
3. Pitsonkatero okanta otimantakari ipashitaetero;,3. Concluya la finalidad para la cual se constituyó la servidumbre;
4. Anintakaro ipaetero otsonkata akobiro; aisati,"4. Se destine la servidumbre, sin autorización previa, a fin distinto al solicitado; y"
5. Arika otsoyakia omonkarata ipashitantaetarori.,5. Cuando vence el plazo de la servidumbre
Abakojetiro 69°. Ipashitero omonkaraero ikantakataetiri,Artículo 69º. Servidumbres reguladas por leyes especiales
Ipaetero nija okantya okameetsatakote aminero okantakota ikantakantaetiri iroperori.,Las servidumbres de agua con fines energéticos y de saneamiento se regulan por sus leyes especiales
Osaekakotsi IV OBIRA OKANTAKOBENTAERO ANTARORI NIJA,Capítulo IV EXTINCIÓN DE LOS DERECHOS DE USO DE AGUA
Abakojetiro70°. Abisatiri obira okantakobente ayero nija,Artículo 70º. Causales de extinción de los derechos de uso de agua
Okantakobentaetsi irantarori nija timatsi ikantakantaetsiri okantakota:,Los derechos de uso de agua previstos en la Ley se extinguen por lo siguiente:
1. Yokanaero ashitarori;,1. Renuncia del titular;
2. Ishakotero ibakotiro ninka opakereri;,2. Nulidad del acto administrativo que lo
3. Atsonkero;,3. Caducidad;
4. Okaero; aisati,4. Revocación; y
5. Oyobakote yaminakoetero jebabentayetirori yantero obira kantakobentaetsi.Abaemantakotero obira kantakobentaetsi irantarori nija otsonka aepekajiro ashitaro anampi okarati ipaetakaeri,5. Resolución judicial consentida o ejecutoriada que disponga la extinción del derecho. La declaratoria de extinción de los derechos de uso de agua determina la reversión al dominio del Estado de los volúmenes otorgados.
Abakojetiro 71°. Otsonkatantari ikantakobente antarori,Artículo 71º. Caducidad de los derechos de uso
Abisatire otsonkata kantakobentaetsi antarori okarati:,Son causales de caducidad de los derechos de uso las siguientes:
1. Ikamirika ashitarori kantakobentaetsi;,1. La muerte del titular del derecho;
3. Obirapaka ora ipantaetarori kantakobentaetsi; aisati,3. La conclusión del objeto para el que se otorgó el derecho
4. Okobatya antero okantakobentaeteri (2) kashirisarentsi otimake osamanite Apapakoroni (5) kashirisarentsi tekatsi kantakobenteroni arika abishe aero isaeke ashitarori.,"4. La falta de ejercicio del derecho durante dos (2) años consecutivos o acumulados en un período de cinco (5) años sin justificación, siempre que esta causal sea imputable al titular."
Abakojetiro 72°. Okanajero okantakobenteri ashitaro nija.,Artículo 72º. Revocación de los derechos de uso de agua.
Abisatire okanajiro okantakobenteri ashitaro nija:,Son causales de revocación de los derechos de uso las siguientes:
1. Te apinabentero apite (2) oejatiro epiyaetero opinatari nija okarati irakiro nija opina nija pashine antabaerentsi Jebabentirori Anampi;,"1. La falta de pago de dos (2) cuotas consecutivas de la retribución económica del agua por uso o del derecho de vertimiento, de las tarifas de agua o de cualquier otra obligación económica con la Autoridad Nacional;"
"2. Arika anintakaero nija kaatsi opaeroni Jebabintirori Anampiki, iritake opajaeroni;","2. Cuando se destine el agua, sin autorización previa de la Autoridad Nacional, a un fin distinto para el cual fue otorgado;"
3. Arika Ashitarori okantakobenteri iriro nija ari yasaritari apite (2) yapitero ikantashitari iroperotsi; aisati,3. Cuando el titular del derecho de uso de agua haya sido sancionado dos (2) veces por infracciones graves;
4. Obitya ipinabenterori inijantero Jebabintirori Anampikiokaratsi ashematiri okanta te etsoyero.,"4. La escasez del recurso, declarada formalmente por la Autoridad Nacional, o problemas de calidad que impidan su uso."
Asariantsi otime oshitobakote yaminakoetsironta. Otsonkantari okanaero anijantero intarori jebabentirori yaminakoetiro nija.Antantyarori okanaero otime oejatero okantakantire asariantsi osaekinta ibakoetiro.,Las sanciones deben haber sido establecidas por resolución administrativa firme. La caducidad y la revocación son declaradas en primera instancia por la Autoridad Administrativa del Agua. Para aplicar las causales de revocación se debe seguir previamente el procedimiento sancionador establecido en el Reglamento.
OETOTARI V. Amakocharo nija,TÍTULO V. Protección del agua
Abakojetiro 73°. Akoyanakero obatsapeni nijateni,Artículo 73º. Clasificación de los cuerpos de agua
Obatsa nija akoyero Jebabentirori Anampiki ayotero kameetsatatire nija anintero kobachari asaekira pashine timayetatsine.,"Los cuerpos de agua pueden ser clasificados por la Autoridad Nacional teniendo en cuenta la cantidad y calidad del agua, consideraciones hidrográficas, las necesidades de las poblaciones locales y otras razones técnicas que establezca."
Abakojetiro 74°. Abiro timarantatsire,Artículo 74º. Faja marginal
Timayetatsire kipatsi ashiyetarori otime ibiro okinantyari amakotyaro okemi nija ashimatya abotsi aminakoteroni abakota otsonka abirora.,"En los terrenos aledaños a los cauces naturales o artificiales, se mantiene una faja marginal de terreno necesaria para la protección, el uso primario del agua, el libre tránsito, la pesca, caminos de vigilancia u otros servicios. El Reglamento determina su extensión."
Abakojetiro 75°. Amakotyaro nija,Artículo 75º. Protección del agua
JebabentiroriAnampi okenkishiriro apoña aminakotero nija amakotyaro oenejaro ashitari inchatoshi obakota ikantakantaetire pashine yantaetire okanta akamantabakaeya maaroni jebatayetatire.,"La Autoridad Nacional, con opinión del Consejo de Cuenca, debe velar por la protección del agua, que incluye la conservación y protección de sus fuentes, de los ecosistemas y de los bienes naturales asociados a esta en el marco de la Ley y demás normas aplicables. Para dicho fin, puede coordinar con las instituciones públicas competentes y los diferentes usuarios."
Oyotiro asaeki Anampi aminabaetantari opoñanta oyobatsi nijapayeni jebabentirori anampi okenkishiriakotero aminakotirori aminabaetantari inijantero kaari ipaetire okantakobentantsini apiyero nija.,"La Autoridad Nacional, a través del Consejo de Cuenca correspondiente, ejerce funciones de vigilancia y fiscalización con el fin de prevenir y combatir los efectos de la contaminación del mar, ríos y lagos en lo que le corresponda. Puede coordinar, para tal efecto, con los sectores de la administración pública, los gobiernos regionales y los gobiernos locales. El Estado reconoce como zonas ambientalmente vulnerables las cabeceras de cuenca donde se originan las aguas. La Autoridad Nacional, con opinión del Ministerio del Ambiente, puede declarar zonas intangibles en las que no se otorga ningún derecho para uso, disposición o vertimiento de agua."
Abakojetiro 76°. Amakotyaro aminakotero ora nija,Artículo 76º. Vigilancia y fiscalización del agua
Jebabentirori Anampikiokaemi otsipari aminakotirori apoñanta nija aminakotiro amakotyaro itsotyetero okameetsati aminabaetantari otimera nija kameetsari (ECA-AGUA) inintakari ojebate Aminakotero osaekira jebabentirori aminabaetantari. Aisati otime amonkarata aminakotero aero okebinkatakotsi nija ashitari kobayetirori yamitakotero antabaerentsi obirori kameetsari oshekite ashitari.,"La Autoridad Nacional, en coordinación con el Consejo de Cuenca, en el lugar y el estado físico en que se encuentre el agua, sea en sus cauces naturales o artificiales, controla, supervisa y fiscaliza el cumplimiento de las normas de calidad ambiental del agua sobre la base de los Estándares de Calidad Ambiental del Agua (ECA-Agua) y las disposiciones y programas para su implementación establecidos por la autoridad del ambiente. También establece medidas para prevenir, controlar y remediar la contaminación del agua y los bienes asociados a esta. Asimismo, implementa actividades de vigilancia y monitoreo, sobre todo en las cuencas donde existan actividades que pongan en riesgo la calidad o cantidad del recurso."
Abakojetiro 77°. Okobetyantari nija,Artículo 77º. Agotamiento de la fuente
Opoñantari nija akantakotero okobitya jebabentirori anampi yaminakoetiro okantya ibaemantakotero aero okanti apiro okantakobentaji ayiro nija timarantatsire ikantakobentemi akobiro otsimimote.,"Una fuente de agua puede ser declarada agotada por la Autoridad Nacional, previo estudio técnico. A partir de dicha declaración no se puede otorgar derechos de uso de agua adicionales, salvo extinción de alguno de los derechos de uso previamente existentes."
Abakojetiro 78°. Obira te inintakaero amakotyaro,Artículo 78º. Zonas de veda y zonas de protección
Jebabentirori Anampikiari okantake obira te inintakaero amakotyaro nija akimpoyero abakiraetero oenijaeri nija ashitari amitakotirori nija.,"La Autoridad Nacional puede declarar zonas de veda y zonas de protección del agua para proteger o restaurar el ecosistema y para preservar fuentes y cuerpos de agua, así como los bienes asociados al agua."
Iroka otime aminero okakaero okantakobente ayiro nija arika okobenkatakote abaemantakotero okatero kaatsi asariyaro añantari asaekaiyenira okantya akantakotero Jebabentirori Añantari.,"En estos casos se puede limitar o suspender de manera temporal los derechos de uso de agua. Cuando el riesgo invocado para la declaratoria señalada afecte la salud de la población, se debe contar con la opinión sustentada y favorable de la Autoridad de Salud."
Abakojetiro 79°. Oshitobate nija abisatatiri,Artículo 79º. Vertimiento de agua residual
Jebabentirori Anampikiakobakaero oshitobatsi nija aminero ashitarori nija poñenkaro inkarisato akenkishiriro jebabentirori aminabaetantari añantari atsotyero okameetsate aminakotantarori nija (ECA-AGUA) obira iroperori inintakaro (LMP) te ikobakaero oshitobate nija oshitobatsi nija tekatsi nintakaeroni.,"La Autoridad Nacional autoriza el vertimiento del agua residual tratada a un cuerpo natural de agua continental o marina, previa opinión técnica favorable de las autoridades Ambiental y de Salud sobre el cumplimiento de los Estándares de Calidad Ambiental del Agua (ECA-Agua) y Límites Máximos Permisibles (LMP). Queda prohibido el vertimiento directo o indirecto de agua residual sin dicha autorización."
Arika oshitobati nija abisatatsiri yaminaetiro ari okantaki apitsatero osheketantari orija irotake opaerori okemitara okameetsati yaminakoetiro ikantakotiro kenkishiriamperori jebabentirori anampi otime yaminero yokiro okarati obinkatiro okameetsati nija jaokarika oshitobi iyotanitantsi iroperori ari okantake okakaeri inintakantaetariri ipaetero arika oshitobatsi okobinkatake añantarike asaekantarika jebabentirori anampi yakakaeriipire kantakobentantsi.Iritake Jebabentirori Anampiki kantakobentantsi yaminero oshintsinka nija abisatatire aparataka okinatake.,"En caso de que el vertimiento del agua residual tratada pueda afectar la calidad del cuerpo receptor, la vida acuática asociada a este o sus bienes asociados, según los estándares de calidad establecidos o estudios específicos realizados y sustentados científicamente, la Autoridad Nacional debe disponer las medidas adicionales que hagan desaparecer o disminuyan el riesgo de la calidad del agua, que puedan incluir tecnologías superiores, pudiendo inclusive suspender las autorizaciones que se hubieran otorgado al efecto. En caso de que el vertimiento afecte la salud o modo de vida de la población local, la Autoridad Nacional suspende inmediatamente las autorizaciones otorgadas. Corresponde a la autoridad sectorial competente, la autorización y el control de las descargas de agua residual a los sistemas de drenaje urbano o alcantarillado."
Maaroni shitobatatire abisatsi irotakeashitarori antami nija okobikantakobintantsi oshitobatsi okantya anijantero anintantarori yakakotero jebabentirori anintantari irotake aminakoteroni okarati apinkatsatire:,"Todo vertimiento de agua residual en una fuente natural de agua requiere de autorización de vertimiento, para cuyo efecto debe presentar el instrumento ambiental pertinente aprobado por la autoridad ambiental respectiva, el cual debe contemplar los siguientes aspectos respecto de las emisiones:"
1. Aminanakero abisatatsire okobapirota yaminantaetarori.,1. Someter los residuos a los necesarios tratamientos previos.
2. Aminakotero onintakari ayirori anintakaero yantaetero okameetsaperote.,2. Comprobar que las condiciones del receptor permitan los procesos naturales de purificación.
Jebabentirori oyobatsi opiro aparoni obira otsonkatantari ayakotero okarati osamanitsi antabaerentsi iroperori ayiro nija okantiro obakota kantakantaetire Ñaantsi osaekakotsi.,"La autorización de vertimiento se otorga por un plazo determinado y prorrogable, de acuerdo con la duración de la actividad principal en la que se usa el agua y está sujeta a lo establecido en la Ley y en el Reglamento."
Abakojetiro 81°. Imonkaraetiro okatsinkaetetsi,Artículo 81º. Evaluación de impacto ambiental
Kaatsi akenkishiriabaeshityaro obakota kantakantaetire Ñaantsi N° 27446 okantakantiri inintakaro anampi omonkaratiro okatsinkaetetsi yakakoetero aminerori okatsinkaetetsi okemitaro ashitari oyacharite okenkishiriro Jebabentirori Anampiki.,"Sin perjuicio de lo establecido en la Ley Nº 27446, Ley del Sistema Nacional de Evaluación del Impacto Ambiental, para la aprobación de los estudios de impacto ambiental relacionados con el recurso hídrico se debe contar con la opinión favorable de la Autoridad Nacional."
Abakojetiro 82°. Te ayiro nija timarantatsire,Artículo 82º. Reutilización de agua residual
Jebabentirori Anampiki aminakotirori opoñanta onintakaro te onintero nija timarantatsire okantya otsonkia opiro aisati inijaeri jebari osaeki notsiri Jebabentirori Aninkatantsi Anampiki.,"La Autoridad Nacional, a través del Consejo de Cuenca, autoriza el reúso del agua residual tratada, según el fin para el que se destine la misma, en coordinación con la autoridad sectorial competente y, cuando corresponda, con la Autoridad Ambiental Nacional."
Ashitarori kantakobentantsi ayiro nija inintakaetari iriro nija timarantatsire tema ari omonkararo okemita inintakaetari kantakotantsi okantya yantabaeti okabakari Ipantaeterori. Otsiparia nija timarantatsire otime onintakaero opaetero oyacharite otekana.,"El titular de una licencia de uso de agua está facultado para reutilizar el agua residual que genere siempre que se trate de los mismos fines para los cuales fue otorgada la licencia. Para actividades distintas, se requiere autorización. La distribución de las aguas residuales tratadas debe considerar la oferta hídrica de la cuenca."
Abakojetiro 83°. Te inintakaero oshitobi pashine oshintsitatini,Artículo 83º. Prohibición de vertimiento de algunas sustancias
Te inintakaero oshitobate oshintsitantari obinkatero timarantatsire nija kantabaeshitachari yashitari aminayetirori okantara okobenkati iroperoti oshintsiti. Jebabentirori Aninkatantsi okaemire jebari anampi otime ikobakari ibakotiro oshintsinka te ikobaetero.,"Está prohibido verter sustancias contaminantes y residuos de cualquier tipo en el agua y en los bienes asociados a esta, que representen riesgos significativos según los criterios de toxicidad, persistencia o bioacumulación. La Autoridad Ambiental respectiva, en coordinación con la Autoridad Nacional, establece los criterios y la relación de sustancias prohibidas."
Abakojetiro 84°. Antirori opashitantsi,Artículo 84º. Régimen de incentivos
Jebabentirori Anampiki okaemini aminerori otenkana okobakaero iyotakoetero opashitaro jaoka otime antirori yamabantakotaro okobinkatakotinkari nija otarankakote ipankitashitero inchato iñashi takobintyaro yantero yamabintakotyaro nija yaminakotero nija oshitobatsinta.,"La Autoridad Nacional, en coordinación con el Consejo de Cuenca, otorga reconocimientos e incentivos a favor de quienes desarrollen acciones de prevención de la contaminación del agua y de desastres, forestación, reforestación o de inversión en tecnología y utilización de prácticas, métodos o procesos que coadyuven a la protección del agua y la gestión integrada del agua en las cuencas."
Jebabentirori Anampiki okamini aminerori otenkana aminakotirori aminabaetantari amakotaro otenkana okantya yaminakotero nija okametsatakote ari okanta ibakotsiro ñabintirori okantya ashiyetarori nija yantero antabaerenti.,"La Autoridad Nacional, en coordinación con el Consejo de Cuenca y el Ministerio del Ambiente, promueve los mecanismos de protección de la cuenca a fin de contribuir a la conservación y protección del agua y bienes asociados, así como el diseño de los mecanismos para que los usuarios de agua participen activamente en dichas actividades."
Jebabentirori okantakobentero yayiro nija yantabaebintiro yamakotaro yaminero nija ashitari ashiyetarori ikititakotiro ojebati otenkana oyecharite otimantyari opiro ipinatantaetyarori okanta antabaebintiro nija ikenkishiriakotiro inintakaro itimimotero obakota yanintaeyaro saekantarori anampi irotake yantabaebintantarori itsotyero inintakaetari obakotanta.,"Los titulares de derechos de uso de agua que inviertan en trabajos destinados al uso eficiente, a la protección y conservación del agua y sus bienes asociados y al mantenimiento y desarrollo de la cuenca hidrográfica pueden deducir las inversiones que efectúen para tales fines de los pagos por concepto de retribución económica o tarifas de agua, de acuerdo con los criterios y porcentaje que son fijados en el Reglamento. Este beneficio no es aplicable a quienes hayan percibido otro beneficio de parte del Estado por el mismo trabajo ni cuando resulte del cumplimiento de una obligación de la normativa sectorial."
Abakojetiro 85°. Yakakoetiro anintaro osheki akoberi,Artículo 85º. Certificación de aprovechamiento eficiente
1. Yakakoetiro osheki irotake onijantiriri okantya Jebabentirori Anampikioyotakoteri anintaro osheki ashitarari kachari okobakaro ashiyetarori antayetirori yamitakotiro.,1. El certificado de eficiencia es el instrumento mediante el cual la Autoridad Nacional certifica el aprovechamiento eficiente de los recursos hídricos por parte de los usuarios y operadores de infraestructura hidráulica.
2. Jebabentirori Anampiki onintakari oyotakoetero osheki ashiyetarori antayetirori yaminakotiro otsoyero inintakaetero osheki.,"2. La Autoridad Nacional otorga “certificados de eficiencia” a los usuarios y operadores de infraestructura hidráulica, que cumplan con los parámetros de eficiencia."
3. Jebabentirori anampi onintakari yakakoeteri ibitsakakoyetero osaeki impashiyetyaro yayiro nija ashiyetarori yaminero yamitakotiro onijaero ojebate yamitakotero otsimayete iroperori anintantsi anintaeyaro ashitari kachari okemitara yamakoetaro ashitari amitantsi ikimpoyero kameetsa iyoperotiro yamitakotiro.,"3. La Autoridad Nacional otorga “certificados de creatividad, innovación e implementación para la eficiencia del uso del agua” a los usuarios y operadores de infraestructura hidráulica que diseñen, desarrollen o implementen equipos, procedimientos o tecnologías que incrementen la eficiencia en el aprovechamiento de los recursos hídricos, así como la conservación de bienes naturales y el mantenimiento adecuado y oportuno de la infraestructura hidráulica."
Abakojetiro 86°. Aemoshirinkiro jebatayetatiri,Artículo 86º. Incentivos institucionales
Anijantero anintaeyaro osheki amakotyaro ashitari oyacharite jebari anampi ari okantake aminero ashiteri kameetsari antiro apiro okimotarori abaemantero ayotire abametsantero anijantero Antantarori iyotanitantsi ari okantake anintaeyaro inintakaetari ibakoetiro intarori osaekakotsi ashiyetarori aminerori otimimotero aparoni akakotantsi obakojetiro 85°. Osaekakotsiokanti intantarori anintakari antantyarori nibitantsi.,"Para promover el aprovechamiento eficiente y la conservación de los recursos hídricos, la Autoridad Nacional puede organizar concursos de mejores prácticas, realizar pasantías, otorgar premios, difundir experiencias exitosas y promover el uso de equipos y tecnologías innovadoras. Pueden ser beneficiarios de los incentivos mencionados en el primer párrafo los usuarios y operadores de infraestructura hidráulica, que cuenten con uno de los certificados señalados en el artículo 85º. El Reglamento establece los requisitos, procedimientos y criterios para la aplicación de los incentivos."
Abakojetiro 87°.-Nija kityonkajari,Artículo 87º. Aguas desalinizadas
Ashitari kachari otimantari kityonkajari ari yakiro ashitarori yanintaeyaro yashi okantya otime yashi pashinepaye antero okantira obakojetiro 11° ari onintakaro okantakobentemiri anterori.,El recurso hídrico que se obtenga por desalinización puede ser utilizado por el titular en beneficio propio o para abastecer a terceros; y le es aplicable lo establecido en el artículo 110º en lo referente al otorgamiento del derecho de uso.
Abakojetiro 88°. Kantakobentirori iyotantsi,Artículo 88º. Currículos educativos
Jebabentirori Anampiki inijantiro itsipatero kenkishiriantsi yaminakotiro Obamitantsinkari nintakarori pinkatsatantsi ametari ashitari kachari yanintaeyaro yaminakotiro oshekite.,"La Autoridad Nacional promueve la inclusión en el plan de estudios regular del sector Educación de asignaturas respecto a la cultura y valoración de los recursos hídricos, su aprovechamiento eficiente, así como su conservación e incremento."
Abakojetiro 89°. Amaeyaro arika okatsinkaetete,Artículo 89º. Prevención ante efectos de cambio climático
Jebabentirori Anampikiikaemire jebabentirori aninkatantsi otime yaminero tsikarika ikantero yamakotyaro ari okatsinkaeti nija opashineti inintakaetaro anampiki. Ari okantari yantaetiro yaminaetiro ashitari kachari inkarimashi oyacharite iroka kantabaeshitachari.,"La Autoridad Nacional, en coordinación con la Autoridad del Ambiente, debe desarrollar estrategias y planes para la prevención y adaptación a los efectos del cambio climático y sus efectos sobre la cantidad de agua y variaciones climáticas de orden local, regional y nacional. Asimismo, realiza el análisis de vulnerabilidad del recurso hídrico, glaciar, lagunas y flujo hídrico frente a este fenómeno."
OETOTARI VI . Aminakotero ashitañakotaro ashitantaro nija,TÍTULO VI. Régimen económico por el uso del agua
Abakojetiro 90°. Pinatantsi ibakoetiro aisati apinante,Artículo 90º. Retribuciones económicas y tarifas
Ibakoyetiri okantakobentajante yashitaro nija inintakaetari yamitero otsimantari ashitari ipinatantaetarori:,Los titulares de los derechos de uso de agua están obligados a contribuir al uso sostenible y eficiente del recurso mediante el pago de lo siguiente:
1. Pinatantsi antarori nija;,1. Retribución económica por el uso del agua;
2. Pinatantsi oyobatsi nija Timarantatsiri;,2. Retribución económica por el vertimiento de uso de agua residual;
3. Obakota ipantaetarori itsiparitiro nija ashitarori pashinekipaye;,3. Tarifa por el servicio de distribución del agua en los usos sectoriales;
4. Obakota antantarori yamitakoetiro antaro kiripiri; aisati,4. Tarifa por la utilización de la infraestructura hidráulica mayor y menor;
5. Obakota ojebatiro aminero ashitantarori nija itsompaesato.,5. Tarifa por monitoreo y gestión de uso de aguas subterráneas.
Obakotaokanti otimimotemi opiyajimiro okarati pipakeri ashitari Jebabentirori Anampiki. Nija itsipariro okanta obakota apinkatsatero akobine okantakobentajero okatiro ikantakantaetire Ñaantsi.,"El Reglamento establece la oportunidad y periodicidad de las retribuciones económicas, las cuales constituyen recursos económicos de la Autoridad Nacional. Los ingresos por los diferentes usos del agua se administran por la Autoridad Nacional de Aguas y se distribuyen de acuerdo con el Reglamento, respetando los porcentajes y derechos señalados en esta Ley."
Abakojetiro 91°. Kisoshiriantsi ayiro nija,Artículo 91º. Retribución por el uso de agua
Akisoshiri opinata ayero nija apinatero okobapirotatya apiro anampitsite maaroni irori nija irotake anintantarori ashitari okantabatyatsika opoñaa aminero omonkaratero nija okarati akire okantakobenteroni ashitaro ipaetero otime jebabentirori anampi inintakaro otimimoteri anintantsi opinatya.,"La retribución económica por el uso del agua es el pago que en forma obligatoria deben abonar al Estado todos los usuarios de agua como contraprestación por el uso del recurso, sea cual fuere su origen. Se fija por metro cúbico de agua utilizada cualquiera sea la forma del derecho de uso otorgado y es establecida por la Autoridad Nacional en función de criterios sociales, ambientales y económicos."
Abakojetiro 92°. Kisoshiriantsi opinata oyobatsi nija timarantatiri,Artículo 92º. Retribución económica por el vertimiento de agua residual
Okisoshiriantari oyobatsi nija timarantatiri opinatari ashitaro okantakobentake yantero nija timarantatsire aparoni aminakotirori nija otime yantero kameetsa oshitobate itsochantyarori ikantakantaetiri Ñaantsi onintakarora yamakotyaro yaminero nija.,La retribución por el vertimiento de agua residual es el pago que el titular del derecho efectúa por verter agua residual en un cuerpo de agua receptor. Este pago debe realizarse en función de la calidad y volumen del vertimiento y no sustituye el cumplimiento de lo dispuesto en la Ley y en otras normas referidas a la protección y conservación del agua.
Abakojetiro 93°. Obakotya yantarori yamitakotiro antaro keripiri,Artículo 93º. Tarifa por la utilización de infraestructura hidráulica mayor y menor
Obakotara yantarori yaminakotiro antaro keripiri irotake ipinatirori obakotachari okantakobentero yamitakotiro okarati yantakeri ishiyakotaro intarori okarati aminakotirori yamitakotiro yaminero yamitakotiro ipero antabaerentsi ikantakantaetiri Ñaantsi.,"La tarifa por la utilización de infraestructura hidráulica mayor y menor es el pago que el titular del derecho efectúa a la entidad pública a cargo de la infraestructura o la entidad que lo realice por delegación expresa de la primera, por concepto de operación, mantenimiento, reposición, administración y la recuperación de la inversión pública empleada, conforme a ley."
Abakojetiro 94°. Ibakoetiro ipaetero yaminero nija itsompaesato,Artículo 94º. Tarifa por el servicio de monitoreo y gestión de las aguas subterráneas
Ibakoetiro ipaetero yaminero nija itsompaesato ipinabintiro irirori nija itsompaesato okantya otimantyari ipanatantaetyarori anteroni nija omonkaraeya okantya yaminakoetero antarori nija antero amitero akobanakiro.,"La tarifa por el servicio de monitoreo y gestión de las aguas subterráneas es el pago que hacen los usuarios de aguas subterráneas con fines productivos y cuyos fondos se destinan a monitorear el uso de esta agua y el nivel freático, así como para gestionar el uso de esta agua para hacer sostenible su disponibilidad."
Abakojetiro 95°. Inintakaetaro otimimotero,Artículo 95º. Criterios de autosostenibilidad
1. Opinatari ipashiteri aminero anintakaro okobakaero okarati:,1. El valor de las retribuciones económicas se fija bajo criterios que permitan lo siguiente:
a. Amanakotero opinatari yaminakoetiro nija Jebabentirori Anampikiaminerori otenkana otsipatero aminakotirori okantabaeta Inijantaetiro; aisati.,"a. Cubrir los costos de la gestión integrada del agua a cargo de la Autoridad Nacional, el Consejo de Cuenca, incluyendo los vinculados con el manejo del correspondiente sistema de información;"
b. Amanakotero opinatari yakotaero ashitari obinkatantsi anintantari oyobatsi.,b. Cubrir los costos de recuperación o remediación del recurso y los daños ambientales que cause el vertimiento.
2. Opinatari obakota yaminaetiro inintiro okarati:,2. Los valores de las tarifas se fijan bajo criterios que permitan lo siguiente:
a. Amanero opinatari ibakoetiro yamitakotiro inintakaro ibamitsantero yamitakotero otsimantyari ojebate obakirori amitakotantsi;,"a. Cubrir los costos de operación, mantenimiento, rehabilitación, mejoramiento y reposición de la infraestructura existente y el desarrollo de nueva infraestructura;"
b. Abamitsantero otimantajiari otenkana oyacharapirote; aisati,b. Mejorar la situación socioeconómica de la cuenca hidrográfica;
c. Otimatye otime antabaerentsi ipinatantaetyari.,c. Establecer su monto según rentabilidad de la actividad económica.
Abakojetiro 96°. Pinabintaetirori ipinakobentaetiro,Artículo 96º. Del financiamiento y cofinanciamiento
Asaekantari Anampitsite otsipataro jebatayetatsire kantashiyetachari jebabentirori inintakaro pinabintaetero ipinakobentero aminakotirori yantero ipaetero yamitakotero otimekatsi opinabaetashetya nija anintaeyaro amakotyaro ashitari oyacharite opashiyetyaro. Ari okantake ipanabentaetero ipinakobentero osaekakotsi osankimatayota ashiyetarori aminerori yamitakotiro otimimoteri kantakobentantsi iyotakeri yamitakotero yantaro nija. Kobachari yantaetero ikobakaro ikoyero ibankoetiro osaekakotsi obakota sankenarentsi,"El Estado, a través de sus entidades públicas en los diferentes niveles de gobierno, prioriza el financiamiento o cofinanciamiento de estudios y la ejecución, rehabilitación y equipamiento de obras de infraestructura hidráulica que tengan por objeto lograr la reducción de pérdidas volumétricas de agua, el aprovechamiento eficiente y la conservación de los recursos hídricos en la infraestructura hidráulica pública. Pueden beneficiarse con financiamiento o cofinanciamiento establecido en el primer párrafo los usuarios y los operadores de infraestructura hidráulica que cuenten con un certificado de eficiencia o certificado de creatividad, innovación e implementación para la eficiencia del uso del agua. Los requisitos, procedimiento y criterios para la selección de los proyectos se establecen en el Reglamento."
OETOTARI VII . Kenkishiriatantsi aminakotirori nija,TÍTULO VII. Planificación de la gestión del agua
Abakojetiro 97°. Arityari okenkishiriakeri aminakotirori nija,Artículo 97º. Objetivo de la planificación de la gestión del agua
Okenkishiariakotiro aminero nija otime okobire apatyero onintakari otime nija amakotyaro osheki okameetsati opantaerori ayiro aminakotero ojebatantyari anampitsite.,"La planificación de la gestión del agua tiene por objetivo equilibrar y armonizar la oferta y demanda de agua, protegiendo su cantidad y calidad, propiciando su utilización eficiente y contribuyendo con el desarrollo local, regional y nacional."
Abakojetiro 98°. Ayotakero otenkana oyacharite,Artículo 98º. Demarcación de las cuencas hidrográficas
Jebari anampi yakiro ayotakotiro obira otenkana oyacharite,La Autoridad Nacional aprueba la demarcación territorial de las cuencas hidrográficas.
Abakojetiro 99°. Yotakotirori yaminakotiro ikenkishiriakotiro yaminakotiro ashitari kachari ibaero nijasato,Artículo 99º. Instrumentos de planificación del Sistema Nacional de Gestión de los Recursos Hídricos
Yotakotirori yaminakotiro ikenkishiriakotiro yaminakotiro ashitari kachari:,Son instrumentos de planificación del Sistema Nacional de Gestión de los Recursos Hídricos los siguientes:
a. Kinkishiriantsi Nampitsi ora Aninkataantsi;,a. La Política Nacional Ambiental;
b. Oyotiri aminakotiro anampi ashitari kachari obaero nijasato;,b. La Política y Estrategia Nacional de Recursos Hídricos;
c. Onintakari anampi ashitari kachari; aisati,c. El Plan Nacional de los Recursos Hídricos; y
d. Onintakari aminerori ashitari kachari obaero nijasato otenkana,d. Los Planes de Gestión de Recursos Hídricos en las Cuencas
Antero amitakotero akakotero jebari anampi aminerori otenkana akotero osaekatotsi.,"La elaboración, implementación y trámite de aprobación son de responsabilidad de la Autoridad Nacional y el Consejo de Cuenca, detallados en el Reglamento."
Abakojetiro 100°. Okenkishiriari anampi ashitari onijasato,Artículo 100º. Plan Nacional de los Recursos Hídricos
OkenkishiriaAnampiki Ashitari Kachari onijasatotimatsi onijantakotiro obakotiro antabaerentsi otime opinata ipinabentaetiro inintakaro yajiro ipayetero pashine anijantero yaminakotero ashitari kachari Okenkishitiari anampi aminekotero ashitari kanchari yakakoetero ibaemantakotiro jebabentirori anampi,"El Plan Nacional de los Recursos Hídricos contiene la programación de proyectos y actividades estableciendo sus costos, fuentes de financiamiento, criterios de recuperación de inversiones, entidades responsables y otra información relevante relacionada con la política nacional de gestión de los recursos hídricos. El Plan Nacional de Gestión de los Recursos Hídricos es aprobado por decreto supremo a propuesta del Consejo Directivo de la Autoridad Nacional."
Abakojetiro101°. Kenkishitiantsi akakoteriari okantya anintantyarori ashitari kametsa obaero nijasato,Artículo 101º. Plan de adecuación para el aprovechamiento eficiente de recursos hídricos
Ashiyetarori aminerori amitakotirori kaari tsontyerori ibakoetiro Osakakotsi jebabintirori anampi otime inijantero ikenkishiriari yakakotero yanintaeyaro ashitari oyacharite otsonkatantyari kashirisarentsiki osamanitsi apapakoroni (5) kashirisarentsi ibakoetiro te okanta pirotya,"Los usuarios y operadores de infraestructura hidráulica que no cumplan los parámetros de eficiencia establecidos por la Autoridad Nacional deben presentar un plan de adecuación para el aprovechamiento eficiente de recursos hídricos a fin de reducir sus consumos anuales hasta cumplir, en un período no mayor de cinco (5) años, con los parámetros de eficiencia."
Kenkishiriantsi akakotero otime okisoshiri atyari osarentsi kapicheni apiashitari nija yaninaetiro ibakoetero arityaro okemitara omonkaratekota te oyotero apinatero apinabentero Opinatara timatsiri yantaetiroikenkishiriakotiroanintaeyaro ashitari kachari irita ashitarori ayetirori aminerori yametakotiro Jebari anampi yakakotiro yaminero yantaetero kenkishiriantsiri akakotero anintaeyaro ashitari kachari obasankitaero te etsotyero akemirite aminero añakotiro obakota inintakaro otimaje jebabentirori aminabaetsi añashintsityaro.,"El plan de adecuación debe contener, como mínimo, las metas anuales de reducción de pérdidas volumétricas de agua, los procesos que se implementan para lograr dichas metas; así como los parámetros de eficiencia, acceso al financiamiento o cofinanciamiento. Los costos que se generen en virtud de la elaboración y ejecución del plan de adecuación para el aprovechamiento eficiente de recursos hídricos son de cargo de los usuarios y operadores de infraestructura hidráulica. La Autoridad Nacional aprueba y supervisa la ejecución del plan de adecuación para el aprovechamiento eficiente de recursos hídricos y sanciona su incumplimiento, de conformidad con lo previsto en el Reglamento, considerando para ello la normativa establecida por el Ministerio del Ambiente en materia de su competencia."
Abakojetiro 102°. Okobi anintakaro anampi ashitari kachari,Artículo 102º. Política y estrategia nacional de recursos hídricos
Okobi onintakaro anampi ashitari kachari apatota intarori omitsaenka aminantayetaroriokantabaeta osaeki otsonka onijantero antero ashinintsi akantakobentero ikantakotanteri kameetsa ajiro nija anampitsite okapicheniti antaro ipaetiro obakota inintakaro anampi aminabaetantari. Okobi aminakotero anampi ashitari kachari yakakotiro ibaemantakoetiro Inintakaro YaminakotiroJebabentirori Anampiki.,"La política y estrategia nacional de recursos hídricos está conformada por el conjunto de principios, lineamientos, estrategias e instrumentos de carácter público, que definen y orientan el accionar de las entidades del sector público y privado para garantizar la atención de la demanda y el mejor uso del agua del país en el corto, mediano y largo plazo, en el marco de la política nacional ambiental. La política y estrategia nacional de recursos hídricos es aprobada por decreto supremo a propuesta del Consejo Directivo de la Autoridad Nacional."
TÍTULO VIII. Infraestructura hidráulica,OETOTARI VIII . Amitakotirori shebatachari
Abakojetiro 103°. Abiro ashitari nijasato,Artículo 103º. Reserva de recursos hídricos
Obakotero ashitari kachari okantakobentemi aero apiri pashinesati ipaeri jebari anampi ojebatantyari abiro oshekiti nija ashitari kachari ashi okenkishiria aminakotero ashitari kachari otenkana. Inintakaeteri antero añanatakotero obakotinashitaetaro te okobia ayiro nija akobakotantarori apaata yakiro okantara kantakobentarori.,"La reserva de recursos hídricos es un derecho especial intransferible que se otorga por resolución de la Autoridad Nacional para el desarrollo de proyectos, que reserva un volumen de agua para su uso consuntivo o no consuntivo, en el marco del plan de gestión de recursos hídricos de la cuenca. Se otorga por el período de elaboración de estudios y ejecución del proyecto separadamente y no faculta al uso del agua. La solicitud de prórroga puede aprobarse por causas debidamente justificadas."
Kobachari akantero abiro nija otime obakota atsipatero abire anijaero ipantaeterori kobirori. Oka okantakobentaantsi te anintaetero te itsityero kantakobenterori obakoyetara otime yantero iñanata obakota inintakaro Oetotari IV ikantakantaetsire aminerori Ñaantsi.,"Los requisitos para solicitar la reserva de agua son establecidos en el Reglamento y deben incluir la capacidad técnica y financiera del solicitante. Este derecho puede ser revocado por el incumplimiento injustificado del cronograma de elaboración de estudios y ejecución del proyecto y por lo dispuesto en el Título IV de la Ley, en lo que corresponda."
Abakojetiro 104°. Akakotero antabaerentsi ipaetsirori kachari,Artículo 104º. Aprobación de obras de infraestructura hidráulica
"Jebatirori Anampikiyakakotiro aminerori otenkana yakakotiro yantero yamitakotero ashinintsi kenkishiriakotiro okinira nija okinashitajia okemita kobiro nija okantayetara oshekitsi nija otenkanaki jebari anampi ikibakaro yantero Jebari Aminero jaokarika ashitarori. Aminabajero okanta okanti sankenareperori anenkate pinkatsaripe, okantachari.","La Autoridad Nacional, en concordancia con el Consejo de Cuenca, aprueba la ejecución de obras de infraestructura pública o privada que se proyecten en los cauces y cuerpos de agua naturales y artificiales, así como en los bienes asociados al agua correspondiente. En el caso de grandes obras hidráulicas y de trasvase entre cuencas, la Autoridad Nacional aprueba su ejecución. La aprobación está sujeta a la presentación de la certificación ambiental de la autoridad competente, según corresponda."
Abakojetiro 105°. Amitero saekayetatsiri pashinesatoyamiterokachari,Artículo 105º. Participación del sector privado en la infraestructura hidráulica
Asaekantari aminero yakakoetero pashine inashiyetachari ibetsikakoetiro okameetsatakote yamitakoetero okemita ipaetiro yantaetiro kititakoetiro. Ibakotiro sankinarentsiki yamitakoetiro oepatsiteki poñenkaro apototachari asháninka anampi otime aminero okantya anintaeyaro arika intakia antabaerentsi.,"El Estado promueve la participación del sector privado en la construcción y mejoramiento de la infraestructura hidráulica, así como en la prestación de los servicios de operación y mantenimiento de la misma. En la ejecución de proyectos de infraestructura hidráulica en tierras de las comunidades campesinas y comunidades nativas, el Estado establece el mecanismo para hacerlas partícipes de los beneficios una vez que opere el proyecto."
Abakojetiro 106°. Amakotyaro yamitakoeteri antaro,Artículo 106º. Seguridad de la infraestructura hidráulica mayor
Jebari anampi yamakotaro yamitakoeteri antaro timatsi okarati yantaetiri:,"La Autoridad Nacional, en materia de seguridad de la infraestructura hidráulica mayor, tiene a cargo las siguientes funciones:"
1. Okaemabaka anampi aminerori otenkana yamabentakotaro akobinkatakote;,1. Coordina con el Consejo de Cuenca los planes de prevención y atención de desastres de la infraestructura hidráulica;
2. Antiro amakotaro aminero obakota amakopirotyaro antaro pashinesato; aisati,"2. Elabora, controla y supervisa la aplicación de las normas de seguridad de las grandes presas públicas y privadas;"
3. Antiro aminakotiro obakotiro okantya pashinepaye aminerori intarori anampiki.,3. Elabora y controla la aplicación de las normas de seguridad para los demás componentes del sistema hidráulico público.
Abakojetiro 107°. Okantakobenteri irantarori nija apototachari poñenkaro apototachari asháninkapayeni,Artículo 107º. Derechos de uso de agua de las comunidades campesinas y comunidades nativas
Okantakobenterori irantarori nija apoyetechari poñenkaro aisati asháninkapaye arika antero osankinatakota yamitakoetero kaatsi okantashitya jaokarika abakojetiro 64° ikantakantaetsiri Ñaantsi.,"Los derechos de uso de agua inherentes a las comunidades campesinas y comunidades nativas, cuando se llevan a cabo proyectos de infraestructura hidráulica, no deben ser afectados, de conformidad con lo establecido en el artículo 64º de la Ley."
OSAEKAKOTSI IX. Nijapaye itsompaesato,TÍTULO IX. Agua subterránea
Abakojetiro 108°. Ikobakaro otsonkatantari,Artículo 108º. Disposiciones generales
Aminakotantarori iriro nija itsompaesato okobakaro osaeki oetotari maaroni otimimoteri Irantarori nija itsompaesato apinkatsatero amitakotero nija opoñanta.,La exploración y el uso del agua subterránea están sujetos a las disposiciones del presente Título y las demás que les sean aplicables. El uso del agua subterránea se efectúa respetando el principio de sostenibilidad del agua de la cuenca.
Abakojetiro 109°. Aminakotero nija itsompaesato,Artículo 109º. Exploración del agua subterránea
Maaroni aminero nija itsompaesato aminero omokayetero okoba kantakobentantsi jebatirori anampi arika ipakaero ashiyetarori otimira aminakotero otime akenkishiriakotero aminero amitakotero.,"Toda exploración del agua subterránea que implique perforaciones requiere de la autorización previa de la Autoridad Nacional y, cuando corresponda, de los propietarios del área a explorar, debiéndose tomar en cuenta la explotación sostenible del acuífero."
Abakojetiro110°. Ipaetero okantakobente irantarori nija itsompaesato,Artículo 110º. Otorgamiento del derecho de uso del agua subterránea
Ipantaetarori ookantakobentemiro iriro otsonkata oshekitsi nija itsompaesato aritake okantiri osaekakotsi Oetotari IV arika ashitarori timatsi yaminakotero anintantari osaekakotsi abakota arika otsonkimatya okantaetatyani iriro ashiyetarori iroka okantakobentantemiri inintakaetaro atsotyero ayiro amonkaraero kobachari kaatsiItimirika osheki irirori nija itsompaesato otime ibitsikiro yamapotyaro oshekira anashityaro otsonka jebabetirori jaokarika ibakotiro kashirikipaye anijantero otime ikamanteniJebabentirori Anampi obinkatero pashinesatipaye.,"El otorgamiento del derecho de uso de un determinado volumen de agua subterránea está sujeto a las condiciones establecidas en el Título IV y, cuando corresponda, al respectivo instrumento de gestión ambiental que establece la legislación vigente. En el caso de cese temporal o permanente del uso, los titulares de estos derechos están obligados, bajo responsabilidad, a tomar las medidas de seguridad necesarias que eviten daños a terceros. Adicionalmente, los usuarios de agua subterránea deben instalar y mantener piezómetros en cantidad y separación determinados por la autoridad respectiva, donde registren la variación mensual de los niveles freáticos, información que deben comunicar a la Autoridad Nacional."
Abakojetiro 111°. Inintakaetero anijantero,Artículo 111º. Obligación de informar
Maaroni kobatiri iñanatakotero yaminero amatabitero aparoni antabaerentsi iñakiro nija otime inijantero jebabentirori anampi ipiro kameetsa kamantantsi. Aero okanti ayiro nija aerorika ankanti pipinaro kantakotenani arimaeta aminero abakiratero abakotero pashine nija itsompaesati.,"Todo aquel que, con ocasión de efectuar estudios, exploraciones, explotaciones o cualquier obra, descubriese agua, está obligado a informar a la Autoridad Nacional, proporcionando la información técnica de la que disponga. En estos casos no se puede usar el agua sin permiso, autorización o licencia. Asimismo, debe mantener actualizado un inventario de pozos y otras fuentes de agua subterránea."
Abakojetiro 112°.-Ayiro maaroni nija iroperori nija itsompaesato,Artículo 112º. Uso conjunto de agua superficial y agua subterránea
JebabentiroriAnampikiyantiro ibakotiro yapototiro ayiro nija itsompaesato otsimantari ayiro nija iroperori itsompaesato arika akantero ayiro ashitari irojati opoñara ashintsinka iroperori nija. Asaenkantari Anampitsite antiro opiro pashinesato antero opoki nija itsompaesato tema aepiajatyero ipaeteri.,"La Autoridad Nacional promueve la constitución de bloques de uso del agua subterránea que tenga por objeto el uso conjunto del agua superficial y subterránea, cuando así lo aconseje el mejor uso de los recursos de una misma zona, así como la recarga artificial de acuíferos. El Estado promueve la inversión privada para el uso colectivo del agua subterránea, así como la prestación de los servicios respectivos."
Abakojetiro 113°. Osaeki itsañetaro osaeki tsañantsi,Artículo 113º. Zonas de veda y zonas de restricción
Jebabentiro Anampi ari ikantakotakiro okarati,La Autoridad Nacional puede declarar lo siguiente:
a. Osaekira tsañantsi okantaetani yaminaetiro imorontaetiro ipaetsiro obakirari okantakobenterori ayiro nija itsompaesato irotake ibaemantaetiro otime iñanatakoetero iroperotantyari yamaetero nija amitakotantyarori.,"a. Zonas de veda permanente o temporal, para exploraciones, perforaciones de pozos y otorgamiento de nuevos derechos de uso de agua subterránea en ellas. Esta declaratoria debe fundarse en estudios técnicos que confirmen que la extracción del agua del acuífero perjudica su sostenibilidad."
b. Osaeki tsañantsi maaroni akobiri ari añiro añashintsityaro amakote. Iroka ibaemantakoetire otime iñanatakoetero yaetero nija iroperori amitakotero ari okantake ipaetero ayiro nija itsompaesato okanta okantakobentantsi ayiro nija itsompaesato timatsiri.,b. Zonas de restricción a la totalidad o parte de un acuífero en caso de notorio riesgo de agotamiento. Esta declaratoria debe fundarse en estudios técnicos que confirmen que la extracción del agua del acuífero perjudica su sostenibilidad. En este caso se dispone una reducción temporal de extracción de agua subterránea en partes alícuotas entre los derechos de uso de agua subterránea que existan.
OETOTARI X . Nijapaye kirinkasatoni,OETOTARI X . Nijapaye kirinkasatoni
Abakojetiro114°. Nijape kirinkasato,Artículo 114º. Aguas amazónicas
Nija kirinkasato ojebate amitakotero kirinkasato irota kamitsantatsiri aminakotantarori antami obaninkatantari añantari atiri kirinkasato.,"El agua amazónica, en el marco del desarrollo sostenible de la Amazonía peruana, es un bien de uso público vertebrador de la biodiversidad, fauna, flora y de la vida humana en la amazonía."
Abakojetiro 115°. Aminakotero akotero nija kirinkasato,Artículo 115º. La gestión integrada del agua amazónica
Nija kirinkasato akokatirori ayiro ayari irotake okobire aminakotero otsipatero amitakotero obaninkatantari amakotarori anijaero nija ojebate maaroni.,"El agua amazónica, por su asociación con la biodiversidad y uso para la alimentación humana, requiere de herramientas que orienten la gestión integrada hacia metas de sostenibilidad de la biodiversidad, protección de ecosistemas de agua dulce, inclusión social y desarrollo local."
Abakojetiro 116°. Otsonkatantari akenkishiriakotero aminero nija kirinkasato,Artículo 116º. Objetivo de la planificación de la gestión del agua en la Amazonía
Akenkishiriakotero aminero nija karinkasato otime otsonkatantari amakotyaro akenkishiriakotero nija inkari yobatatsire ashiyetarori otsompishi itsañetaro irotake obinkatiro okameetsati otime antabaerenti ashinentsi inintakaro okobitya kariperotatsire obatsinaero osaekantarianinkatantari ojebati kirinkasato.,"La planificación de la gestión del agua en la Amazonía tiene como principal objetivo proteger, preservar y recuperar las fuentes de agua (cochas, manantiales, humedales y ríos) y de sus bienes asociados (islas, barrizales y restingas), por lo que el deterioro en la calidad de dichas fuentes producido por actividades públicas o privadas es considerado falta muy grave por los daños que causa a la población, el ambiente y el desarrollo de la Amazonía."
Abakojetiro 117°. Aminerori otenkana kirinkasato,Artículo 117º. Comités de subcuenca en la Amazonía
Aminerori otenkana kirinkasato aminero nija kiripiari antaro otenkana obirana osakakoyeti yantiro Jebabentirori Anampiki. Aminerori otenkana otime yaminero ayire nija inintakaetaro yashi atire ikantakobentiro yamakotyaro okanta okantakantaetire amitakotero ari okobinkatakote Ñaantsi. Amineroni kantashitantsi obayeritantsi intsompae apotojeitane.,"Los comités de subcuenca en la Amazonía se organizan en torno a los ríos menores o grandes quebradas, conforme a la zonificación que realice la Autoridad Nacional. Los comités de subcuenca tienen facultad para administrar los usos del agua, otorgando prioridad al consumo humano y garantizando su protección según los principios y mandatos de la Ley. Resuelven cualquier conflicto en su interior por consenso."
Abakojetiro 118°. Apotoyetachari ashéninka kirinkasati inampi asháninka,Artículo 118º. Las comunidades nativas amazónicas y pueblos indígenas
Apotoyetachari asháninka kirinkasati ibitsika yaminero otenkana inintiro yantire yametari maaroni antabaerentsi ametantsi ikobakaetiro omakotyaro inkari okantinkapatsaetetsi. Jebabetirori anampiki akakotero yakotero otenkana kirinkasato aminerori nija timatsire jaokarika osaekiasháninkapaye ipiakotetari aero opiro aparoni okantakobentaje antero akarate aisati.,"Las comunidades nativas amazónicas organizan sus comités de subcuenca de acuerdo a sus usos y costumbres para toda actividad cultural, social o económica y se encargan de la protección de las cochas, humedales y restingas de selva. La Autoridad Nacional, en concordancia con los consejos de cuenca de la Amazonía, vela por que, en las aguas existentes o que discurren por las áreas habitadas por pueblos indígenas en aislamiento voluntario o contacto inicial no se otorgue ningún derecho que implique uso, disposición o vertimientos en las mismas."
OETOTARI XI . Okonatake okantabaetapaye,TÍTULO XI. Los fenómenos naturales
Abakojetiro 119°. Akenkishiriakotero aminero okine konare onkaro,"Artículo 119º. Programas de control de avenidas, desastres e inundaciones"
JebabetororiAnampikiotsipatariaminerori otenkana onijantiro aminero okime konare okantabaeta iroperori amakotyaro konare pashine abisayetatire nija ashitari anijantero akimire pashinepaye kobirori. Okobakaro akenkishiriakotiro ajebatero ibakoetero yamitakotantaetyarori anintaeyaro pashinepaye inintakaro aminero okine amakotyaro onka pashineyetatsire.,"La Autoridad Nacional, junto con los Consejos de Cuenca respectivos, fomenta programas integrales de control de avenidas, desastres naturales o artificiales y prevención de daños por inundaciones o por otros impactos del agua y sus bienes asociados, promoviendo la coordinación de acciones estructurales, institucionales y operativas necesarias. Dentro de la planificación hidráulica se fomenta el desarrollo de proyectos de infraestructura para aprovechamientos multisectoriales en los cuales se considera el control de avenidas, la protección contra inundaciones y otras medidas preventivas."
OETOTARI XII. Okantashitaro obasankitantsi,TÍTULO XII. Las infracciones y sanciones
Abakojetiro 120°. Akantashitaro oshintsi nija,Artículo 120º. Infracción en materia de agua
"Antero akantashitaro oshintsinka nija, maaroni antire okantire ikantakantaetire obakota Ñaantsi. Oka Sankenare antero obasankitantsi okanta antero akantashitaro.","Constituye infracción en materia de agua, toda acción u omisión tipificada en la presente Ley. El Reglamento establece el procedimiento para hacer efectivas las sanciones."
Paminero okarati kobenkari:,Constituyen infracciones las siguientes:
1. Ayiro nija aerorika amakotaro okantakobentajeti iriro;,1. Utilizar el agua sin el correspondiente derecho de uso;
2. Aero atsotyero inintakaeteri osaekakotsi obakojetiro 57° ikantakantaetiriÑaantsi;,2. El incumplimiento de alguna de las obligaciones establecidas en el artículo 57º de la Ley;
3. Antero abashiñero antabaerentsi aero inintakaero jebari anampiki;,3. La ejecución o modificación de obras hidráulicas sin autorización de la Autoridad Nacional;
4. Atsañero okantakobentaje ayiro nija;,4. Afectar o impedir el ejercicio de un derecho de uso de agua;
5. Abashitero atsikero abishera nija ashiyetarori;,5. Dañar u obstruir los cauces o cuerpos de agua y los correspondientes bienes asociados;
6. Aminero akinakaero nija te ikobakaetero inintakaero;,6. Ocupar o desviar los cauces de agua sin la autorización correspondiente;
7. Atsañeyaro yaminaetero antabaerentsi yantiri jebabentirori nija;,"7. Impedir las inspecciones, actividades de vigilancia y supervisión que realice la autoridad de agua competente directamente o a través de terceros;"
8. Aepachatero nija aero apinkatsatiro obakota kameetsari aninkatantari;,8. Contaminar el agua transgrediendo los parámetros de calidad ambiental vigentes;
9. Anteyetaro abisati aero inintakaetero;,9. Realizar vertimientos sin autorización;
10. Okiro karashi obinkatirori nija iroperori;,10. Arrojar residuos sólidos en cauces o cuerpos de aguas naturales o artificiales;
11. Aepachatero nija itsompaesato okiakotero kobenkari itsompoe;,11. Contaminar el agua subterránea por infiltración de elementos o substancias en los suelos;
12. Obinkatero antabaerentsi ipashitaeteri anampiki; aisati,12. Dañar obras de infraestructura pública;
13. Akisanintakotero okarati inintakoeteri ikantakantaetiri obakota.,13. Contravenir cualquiera de las disposiciones previstas en la Ley o en el Reglamento.
Abakojetiro 121°. Yaminakoetiro ikantashitari,Artículo 121º. Calificación de las infracciones
Ikantashitari nija yaminaetiro okobenkatakotsi otime ayotero okarati:,"Las infracciones en materia de agua son calificadas como leves, graves y muy graves, teniendo en cuenta los siguientes criterios:"
1. Amantsiyeri yañantari saekatiri anampiki;,1. Afectación o riesgo a la salud de la población;
2. Anintari ipinaetiro ayire akantashitaro;,2. Beneficios económicos obtenidos por el infractor;
3. Omapirotachari kobenkari antakeri;,3. Gravedad de los daños generados;
4. Abisatiri aminerori akantashitari,4. Circunstancias de la comisión de la infracción;
5. Koñatatire anintaro te inentaetero osaekakotsi aeniro;,"5. Impactos ambientales negativos, de acuerdo con la legislación vigente;"
6. Asaekakaero; aisati,6. Reincidencia; y
7. Opinatari abisatire anampikiantero kobenkari abisatire,7. Costos en que incurra el Estado para atender los daños generados.
Yaminakoetiro te ekobaetero obasankitantsi intanakarori iritake jebari aminakotirori nija.,La calificación e imposición de sanciones en primera instancia corresponde a la Autoridad Administrativa del Agua.
Abakojetiro 122°. Okantari obasankitantsi,Artículo 122º. Tipos de sanciones
Atsonkakiro antero obasankitantsi jebatirori nija iriro ari okantake ikantero okara kobenkari yantakeri obakota okarati obasankitantsi yaminaetiro:,"Concluido el procedimiento sancionador, la autoridad de aguas competente puede imponer, según la gravedad de la infracción cometida y las correspondientes escalas que se fijen en el Reglamento, las siguientes sanciones administrativas:"
1. Antabaerentsi maroeteni opoñanta nija; ora.,1. Trabajo comunitario en la cuenca en materia de agua;
"2. Apinaterori apapakoroni (0,5) aparopayeni obakota (UIT) tera ojebate diez mil (10,000) UIT.","2. Multa no menor de cero coma cinco (0,5) Unidades Impositivas Tributarias (UIT) ni mayor de diez mil (10 000) UIT."
"Te okobia abasankitantsi osaekakotsi abakojetiro 122°, jebabentirori nija iriro aetaki ikante okarati ikantashitari yakakotero otime itsotyero:","Sin perjuicio de la sanción a que se refiere el artículo 122º, la autoridad de aguas respectiva puede imponer a los infractores, de ser necesario con el apoyo de la fuerza pública, las siguientes medidas complementarias:"
1. Antero abakiratero antakeri intarori akantashitari apinatero okarati inintakaetakero;,1. Acciones orientadas a restaurar la situación al estado anterior a la infracción o pagar los costos que demande su reposición;
2. Yaerikakoetero ashitari okanta antantarori kariperori;,2. Decomiso de los bienes utilizados para cometer la infracción;
3. Yantero yokaero ibashiñero ibakotaero ibashantero antabaerentsi okinantari nija yashitari akakoyetirori jaoka itime inintakaetari Jebabetirori Anampiki; aisati,"3. Disponer el retiro, demolición, modificación, reubicación o suspensión de las obras en los cauces o cuerpos de agua y los bienes asociados a esta, que no hayan sido autorizados por la Autoridad Nacional;"
4. Ibashantero irokiro okantakobentantsi nija aero yantaero okantashita ashitari abisatiri.,"4. Suspensión o revocación de los derechos de agua, incluyendo el cese de la utilización ilegal de este recurso, de ser el caso."
Abakojetiro 124°. Yantero kobakotantsi,Artículo 124º. Ejecución coactiva
Maaroni iribitsiri otime atsotyero antero ikobakaetero antero aero antiro osaekina otime ikantakantaetire antero atsotyero kobakotantsi akenkishiriro obakota aeniro otime.,"Artículo 124º. Ejecución coactiva Para toda deuda impaga o ejecución incumplida de una obligación de hacer o no hacer a favor del Estado en virtud de la Ley, se utiliza el procedimiento de ejecución coactiva, de acuerdo con las normas especiales vigentes."
Abakojetiro 125°. Atsotyayeteri obasankitantsi,Artículo 125º. Responsabilidad civil y penal
Obasankitantsi yaminakotiro Jebabetirori Anampikiikanti otimatye atsotyero apinabentero yashitsimotari. IriJebabeteroriAnampikiariotimake inijantero anteri obasankitantsi akobiri.,Las sanciones administrativas que la Autoridad Nacional imponga son independientes de la responsabilidad de naturaleza civil o penal correspondiente. La Autoridad Nacional puede promover las acciones civiles y penales según correspondan.
IRIROPEROTE OTSONKERO OBERANTARORI,DISPOSICIONES COMPLEMENTARIAS FINALES
INTARONI. Amakotyaro ashitari asaekantari,PRIMERA. Seguridad de los bienes del dominio público
"Abaemanterookaratiakobireanintakaero ashitari asaekantari opoñanta nija amitayetarori yamitakoetiro ibamantakoetero. Oniyankiti ikantakoetiro Oshintsiti Yantetiro, Jebatirori Anampiki, kobatiri yamakotyero okantaetatyani. Aminerori Yantakobentantsi inintakaro ipiri aparoni aminerori okantire okatakotiro apite sankinarentsi.","Declárase de preferente interés nacional la seguridad de los bienes del dominio público integrados por las fuentes naturales de agua, los bienes asociados a estas y la infraestructura hidráulica mayor pública. Mediante decreto supremo, el Poder Ejecutivo, a propuesta de la Autoridad Nacional, establece aquellos que requieran resguardo especial permanente. Los ministerios de Defensa y del Interior disponen, según corresponda, la asignación de personal necesario para los fines señalados en el segundo párrafo."
APITETANI. Ayotero okantakobentatsi irantarori nija,SEGUNDA. Reconocimiento de los derechos de uso de agua
Ashiyetarori kaari timatsine okantakobentatsi iriro nija yayiro ashitari intani okarati apapakoroni (5) osarentsi otime ikobiro ikanteri jebari anampi ipaero kantakobentantsi iriro nija okantya akantantyeri okarati obakota kaatsi okantashitya tema aerorika akobiro okantiri ikantakantaetiri obakota obakirari ashitari nija.,"Los usuarios que no cuenten con derechos de uso de agua pero que estén usando el recurso natural de manera pública, pacífica y continua durante cinco (5) años o más pueden solicitar a la Autoridad Nacional el otorgamiento de su correspondiente derecho de uso de agua, para lo cual deben acreditar dicho uso de acuerdo con las condiciones establecidas en el Reglamento, siempre que no afecte el derecho de terceros. Caso contrario, deben tramitar su pedido conforme lo establece la Ley y el Reglamento como nuevo derecho de agua."
MABATANI. Amatakote obankatakotya antero antabaerentsi nija inkarisato,"TERCERA. Navegación, flotación, uso y actividades con agua de mar"
Nija irotake anintantari amatakotsi okemitara antabaeri nija inkari osaekakoti inintakaetaro ikantakantaetiri.,"El agua como medio de transporte marítimo, fluvial, lacustre y de flotación, así como el uso y actividad con agua de mar, se rigen por la legislación especial de la materia y de conformidad con las disposiciones de la presente Ley."
OTSIPATETANI. Pashine jebatatire otsipatari aminero anampi aminakotiro ashitari kachari,CUARTA. Otras entidades que forman parte del Sistema Nacional de Gestión de los Recursos Hídricos
Otsipayetari aminero anampi aminakotiro ashitari oyacharite osankinatakota iroperori oshintsitantari nampitsikipaye jebabentirori aninkatantsi oñashitakobentaro opaero obamitsantiro ipashitaeri anampiki kaaripirotatsire okobityari jebabentirori inkari anampitsite Perú iroka otsipayetari otime amitero antayetire okantara inintakaeri okantakantsire Ñaantsi aisati ibakoetiro.,"Forman parte del Sistema Nacional de Gestión de los Recursos Hídricos los proyectos especiales; los proyectos especiales hidráulicos e hidroenergéticos regionales, nacionales y binacionales; las autoridades ambientales competentes; las entidades prestadoras de servicios de saneamiento; el Servicio Nacional de Meteorología e Hidrología; y la Autoridad Marítima del Perú. Estas entidades deben articular sus acciones conforme a las normas de la presente Ley y del Reglamento."
APINTATATSINI. Obakota ikantakantaetiri ashitari oyacharite,QUINTA. Reglamento de la Ley de Recursos Hídricos
Oshintsitantari yantaetiro ikantakotiro jebabentirori ikantire jebabentirori pankirintsi yakakotiro obakota ikantakantaetire yakakotiro obakota Ojebati Jebari Anampiki ipaetiro okarati (60) kitaeterini kashirisarentsi.,"El Poder Ejecutivo, con refrendo del Presidente del Consejo de Ministros y del Ministro de Agricultura, aprueba el Reglamento de la presente Ley, y adecúa el Reglamento de Organización y Funciones de la Autoridad Nacional, en un plazo no mayor de sesenta (60) días calendario."
OEJATITANI. Ikantakotiro jebatirori aninkatantsi,SEXTA. Adscripción al Ministerio del Ambiente
Iri Jebatirori Anampiki ikantakotiro jebabentirori aninkantsi arika otsonkakia yantaetiro yamitakotero yantero ipaetiri yaminero.,La Autoridad Nacional puede adscribirse al Ministerio del Ambiente una vez culminado el proceso de implementación y operatividad de dicho Ministerio.
YANTSIRITANI. Impashiyetyaro shibatachari anampiki,SÉPTIMA. Infraestructura hidráulica mayor pública
Jebari ashakira ipiri yantiro yaminero ibamitsantiro ojebate antabaerentsi otime itsotyero inintakaro anampiki ashitari oyacharite okemitara ikenkishiriakotiro yaminero Ashitari Kachari aminakotanakiro oejatakotiro ikemita jebari anampi abiro yaminakotiro.,"Los gobiernos regionales a los cuales se les transfiera la operación y mantenimiento de la infraestructura hidráulica mayor pública desarrollan sus actividades con estricto cumplimiento de la política y estrategia nacional de los recursos hídricos, así como del Plan Nacional de Gestión de Recursos Hídricos, y se sujetan a las normas, lineamientos, directivas y procedimientos que emita la Autoridad Nacional en el ámbito de su competencia."
TSOTITANI. Okantabaeta pashinesato onintakaro obamitsantero,OCTAVA. Entidades prestadoras de saneamiento
Nija itsompaesato ikimpoyero opashitantachari obamitsantero aminero okarati ikantakantaetiri ñaantsi okantakobentiro yamakoetari.,Las aguas subterráneas reservadas a favor de las entidades prestadoras de saneamiento se rigen en cada caso por la ley que autoriza la reserva correspondiente.
PASHINETANI. Okantabaeta onijantero,NOVENA. Mecanismos de promoción
Okantakota ibakoetiro yaminakotiro inijantiro ipaetakiri yamitakotiro kantabaetayetachari Obakojetiro 8° ikantakantaetire Ñaantsi.,"Mediante el Reglamento se establecen los mecanismos de promoción de la inversión privada en infraestructura hidráulica, diferentes a los contemplados en el artículo 8º de la Ley"
OSHEKINI. Aerorika ayiro nija,DÉCIMA. Excepción del uso del agua
OSHEKINI. Aerorika ayiro nija Aerorika ikantakantaetire Ñaantsi ayiro nija okantakobentiro anampi yakiro Jebari Anampi Nija kantakobentirori atenkana ojebatantari.,"Exceptúase de esta Ley el uso del agua para los fines de la defensa nacional, aprobados por la Autoridad Nacional del Agua y el Consejo de Cuenca como órgano descentralizado."
APARO OSHEKINI. Apinakobentero,UNDÉCIMA. Responsabilidad social
Irayetirori nija apotoyetachari osaekakotsi otime ipinakobentero yantero ibitsikakotero otimantyari ipankitero inchato okameetsate isaetakotero oetsoki okantya osheketantyari.,"Los beneficiarios del agua, agrupados en empresas y asociaciones, en el marco de la responsabilidad social de la empresa, elaboran proyectos para el establecimiento de programas de forestación, mejora de riego, mejora de semillas y otros, a fin de mantener el equilibrio ecológico."
APITE OSHEKINI. Akenkishiriakotero akakotero aminero anintantsi,DÉCIMA SEGUNDA. Programa de adecuación y manejo ambiental
Pashinesato timayetatsire kaari timatsine ikenkishiriakotero yakakotero yaminakotero aninkatantsi (PAMA) arika opintinkaki nija timerantatsire kaari itsotyero irokatsire oetotakotari Ikantakantaetire V otime inijantero PAMA Jebabentirori Aninkatantsi ipaetiro omonkaratya ipashinentabaeyaro yaminero aninkatantsi.,"Las entidades públicas y privadas que no cuenten con un Programa de Adecuación y Manejo Ambiental (PAMA), en el caso del vertimiento de aguas residuales, y que incumplan con lo señalado en el Título V de la Ley, deben presentar su PAMA a la Autoridad Ambiental competente, estableciendo los plazos de remediación, mitigación y control ambiental."
IRIROPEROTEPE ATSONKERONI OBIRAEYAPE,PRIMERA. Instancias administrativas en materia de aguas
INTARONI. Aminakotiroriokantaranijapaye,PRIMERA. Instancias administrativas en materia de aguas
Aminakotiroriokantaranijapaye Yantantaetaroriintarootimeipaetiro ikantakantaetire arika imonkaratakiro jebabentirori yaminakotiro Nija Jebari Anampi Ipiro Inintakaro Amineroni Oyacharite intarori yaminakotiro nija apitetatiri jebari anampi. Yantirointantaroritekerataoki timatsi okantakantaetiri Ñaantsi oejatiro okantakotara imonkaratiro otsonkata yaminakotiro apitetatsire yantaetiro jebatirori inintakaro otenkana otime oyacharite okarati aminero Jebabetirori Anampiki.,"Para los procedimientos que se inicien a partir de la entrada en vigencia de la presente Ley y en tanto se implementen las Autoridades Administrativas del Agua y el Tribunal Nacional de Resolución de Controversias Hídricas, las funciones de primera instancia son asumidas por las administraciones locales de agua y la segunda instancia por la Jefatura de la Autoridad Nacional. Los procedimientos iniciados antes de la entrada en vigencia de la presente Ley se rigen por la normativa vigente a esa fecha hasta su conclusión, salvo las funciones de segunda instancia ejercidas por las autoridades autónomas de cuenca hidrográfica, las cuales son asumidas por la Autoridad Nacional."
APITENI. Inintakaetaro kobachari okantya yakakotero ikantakantaetire,SEGUNDA. Disposiciones necesarias para la implementación de la Ley
"Arika yakakotakiro Obakota, Jebabentirori Anampikiokantya ipaetero ikobakari inintiro yametakotero ikantakantaetiri Ñaantsi","En tanto se apruebe el Reglamento, facúltase a la Autoridad Nacional para dictar las disposiciones que sean requeridas para la implementación de la presente Ley."
Sheripiari aisati oaratanta,El curandero y el sapito
Chora perani sheripiari ijatake anta kanojakinta ikenabeti.,"Cierta vez, un curandero se fue muy lejos, al fondo del bosque para cazar."
"Ineakeri osheto,","Cuando divisó un maquisapa,"
ikentakeri ¡tsekik…!,lo picó con su flecha ¡tsak…!
"yaanakeri,","y se lo llevó,"
"ari abakeri antyaro inkani,",entonces comenzó a llover muy fuerte.
"yaitaparo kamonashi, kompiroshi yobatikakotakero inkani, intsititantyari.",Rápidamente el curandero cortó hojas de yarina para construir una ramadita y protegerse de la lluvia.
"Meka ipokashitakeri masherotatsiri yora oratanta, ipitiankapaka, yamenakeri sheripiari, yaitaro ibocharote yatsotakero, ikantake: noñantabakerita yoka oaratanta, nontiritabakerita nobocharote ityokiki, nonkajentakotantyariri. Ineabakerikea yashaninkatanake.","De pronto llegó un sapito bien raro, y el curandero empezó a burlarse sin saber que era el diablo. El curandero sacó de su morral su tabaco que estaba lleno en su capiro (especie de bambú), chupó un poco y luego le frotó en la rabadilla y las ancas del sapito, y de pronto éste comenzó a convertirse en persona."
"Sheripiari ipeanaka tsonkiri yarasanotanake,",El curandero rápidamente se convirtió en un picaflor.
"ikoabeta irayerime inkarajerime yoka, oaratanta ikamaritanake, te irayeriji.","El sapito diablo comenzó a seguirle para fracturarle sus huesos, pero no lo alcanzó."
AYAVONTATZIRO HINYATENE AASHI IPATSITE ASHENINKA AMONYASATSI,TIERRA INDÍGENA CAMPA DEL RÍO AMONIA
ASHE AMINANTYARI AIPATSITE ASHANINKA EERO ITSONKATYARI ASHE. AAKA SEIKAYETSIRI ANTAMIKI EEHATSITA AASHE VIRAKOCHA SEIKAYETSIRI OKOVAKINE AIPATSITE,PLAN DE GESTIÓN TERRITORIAL Y AMBIENTAL DE LA TIERRA INDÍGENA CAMPA DEL RÍO AMONIA
I –SEIKAYETSIRI ANTAMIKI,I – RECURSOS FLORESTALES Y FLORÍSTICOS
APIINKA,EL SUCESOR DE INCA
Sheeteni akarajetaiyeni maaroni nosaikajetzika.,Buenas tardes a todos los que nos encontramos en este lugar.
Iroñaaka sheetenika nonkinkitsatakoteri aparoni ashaninka ikantaitziri Apiinka.,"Ahora en esta tarde, voy a contarles sobre una persona llamada Apiinka."
Saikaintsirika aka anampikika paitachari Metaroki.,Quién ha estado aquí por este lugar llamado Metaro.
Iroñaaka ikantajiro virakocha Metraro.,Ahora la gente de afuera lo denomino Metraro.
"Yoka ashaninka osheki yaaki atziri, osheki yaaki atzirive.","Este paisano juntó a muchas personas, ¡a muchas personas juntó!"
"Yapototakiri, yapotojetakiri maaroni okanta yantavaitakantyaariri.","Los juntó, reunió a todo, para que les haga trabajar."
"Ari okantavitaka kameetsa, yantavaitakakiri, ipankitakakiri ishinkini, imachakite, iyaniri, ivaryantzitepaye, iyokani, irinkini.","Hasta aquí estaba muy bien, los hizo trabajar, les hizo sembrar su maiz, sus frijoles, sus yucas, sus plátanos, sus cocos, sis maníes."
Osheki ipankitakajetakiri atziripaye arika yante ovantsi.,Los hizo sembrar mucho cuando abrían una chacra.
"Ityaankiri aparopaye: “Aviroka antatsini ovantsi, aviroka jatatsini antamiki, pamini vatsatsi avyari.”","Envía a cada uno: “Tú vas a hacer el rozo, tú te vas al monte a buscar carne para comer.”"
"Ari okantajetakari, kooyapaye iroo kotsivaitatsini, eentsipaye ontzimatye yamitakoteri irora inkoyavaite.","Así fue todo: las mujeres van a cocinar, los niños tienen que ayudar a recoger hojitos."
"Ikanta iyoka Apiinkaka osheki inintavitakari, poñaashitaka avisaki osheki osarentsi.","Ahora este Apiinka muchos lo estimaban, después de muchos años."
"Iroñaaka Apiinkaka katsimaritaji, te ininte aavatsate kapicheeni, aavatsate intaani avya kapicheeni.","Ahora este sucesor del inca se volvió malo, no quería que comiéramos mucho, deberíamos comer un poquito, poquita comida debemos comer."
"Kanirikya ashamokotzitakyaro osheki avanteki, irima vatsatsi ontzimatye ampitsari kapicheeni.","La yuca deberíamos llenar la boca grande, pero la carne tenemos que pedaciarla poquito."
"Aniyantyaariri ninkarika iñaakotakai aavatsatatsini, tzimatsi isorarotepaye katziyavintariri aminatsiri.",Comemos más rápido antes que nos miren sus soldados que son parados y están vigilando.
"Kantzimanintakiriri o pinkatsaryanintakiriri irotaki yaiteri imposaiteri, inchekaiteri intsatsinkakeri irora ikentsi.","Alguien habla mal de él o lo desobedeció, ya está sentenciado a ser golpeado o cortado, decapitado el cuello."
"Maatsi osheki ashaninka aisatzi, osheki aisatzi ivaki.","Hubo bastante gente también, hubiéran muchos que ha matado."
"Ashaninkapatsaini tera iyotatye ivavaitya yaavatsavaitapaki, kantanaki aminakovintziri.","Como no sabían los paisanos comer poco, comían rápido, hasta que los observaron los vigilantes."
"Maatsi aka aparoni irora, piyatsatakamiri yamaitakari, maatsi itotamento ivisamento ivakiri ikintsiki itsatsinkaryakeri.","Hay aquí una persona que te desobedeció, lo traen a esa persona; tiene Apiinka un cortador para cortar el cuello, de inmediato está decapitado."
"Yaaitanakiri inkitaiteri, ari ikanta ashaninkapaye.","Lo llevan a enterrar, así pasaban los paisanos."
"Iroñaaka maaroni tsarovajetaki, inkimavakeri inkaime maaroni jatajetanakive!","Ahora todos tenían miedo, cuando lo escuchaban gritar [llamar], todo se reunían de inmediato."
Ari okantatya itsaronkakini ikantajetaki.,Así estaba con miedo cada uno.
Tsika akanterika? Tekatsi ankanteri.,¿Cómo vamos a hacerlo? No podemos hacer nada.
"Arika inkimake ninkarika kantzimanintakiriri, irotaki intsatsinkatakeri.","Cuando escucha algun comentario, está sentenciado a ser degollado."
"Iroñaaka iyoka Apiinkaka maatsi ivanko, isaikashita apaniroini, itsatamento isaikantari, ari isaiki anta.","Ahora este sucesor de inca tiene una casa, vive solito colgado de su degollador, ahí vive, allá."
"Ontzimatye irora amontyaanake, maatsi aparoni tsatainchari, apite inchato, aitaki ankinanakeri, ampampyaatanakiro, ampampyaatantyarori ariitantyaari ivankoki.","Tenemos que este [puente] cruzar, hay uno que está colgado, dos palos por allí, por allí vamos a pasar, hay que caminar sobre esos palos para llegar a su casa."
"Ontzimatye anaryaapainte, airorika anaryaashitari, airorika avitsatari irotaki intsatsinkavakai.","Tenemos que echarnos en el suelo, si no nos echamos en el suelo, or si no le saludamos, de inmediato nos corta el cuello."
Iroñaaka ipokantakari apite kishiisatzi ikantapakiri aparoni asheninka.,"Ahora cuando vinieron dos pajonalinos, le dijeron a nuestro paisano."
"“Noshaninka, tzimatsi piyokani?” Yakanaki: “Je, tzimatsi.”","“Paisano, ¿tienes tu coca?” Le contestó: “Sí, tengo.”"
Tzimakotatsi Apiinkanta iri tzimakotatsi maaroni.,"Él que tiene más es este Apiinka, es él que tiene todo."
"“A-a, ja, ari impakina.”","“Ja, ja, me la va a dar.”"
"”Je, aritaki impakimi.”","“Sí, sí, te la va a dar [coca].”"
“Intsitya nojateta.”,“Voy a ir.”
"Yakanakiri: “Je, pijate, piñaapanteri.”","Le contestó, “Sí, anda, visítalo.”"
"Te inkanterikya: “Tekira pariitzimotyaarita, ari irorave, pijataki, ontzimatye pintyerovashitapakyaari onkantya impantyaamiri iyokanira.”","No le dijo, “Lo que deberías hacer antes de llegar, este, vaya, tienes que arrodillarte para que te dé su coca.”"
"Iroñaaka iyoka apiteroite kishiisatzika avisanaki, tzimatsi ichakopite, ivyamini.","Ahora estos dos pajonalinos pasaron [en visita al Apiinka], tenían sus arcos y flechas."
Ivyamini antarove-e!,¡Arcos muy gruesos y grandes!
Ikantzi: “Tsika isaikika?” Ikantzi: “Jiri isaikinta.”,Dijo: “¿Dónde vive Apiinka?” Le contestó: “Allá está sentado.”
"Iñaapakiri, jataki.",Lo vio y se fue.
"Ikaimapaki, ikantzi: “Pinkatsari!”","[Antes de llegar] gritó, dijo: “Jefe-e!”"
Ikantziri: “Pavishi.”,El jefe contestó: “Pasa.”
"Te intyerovimotapakyaari, iro yariitapakitya.",No se había arrodillado más antes cuando estaba llegando.
"kantziri: “Pinkatsari, nonintaitatzi piyokani.”","Le dijo al jefe: “Jefe, yo quisiera tu coca.”"
"Isaikatzira Apiinkara iñaavakiri, te intyerovimotapakyaari, kisanaka.","Cuando Apiinka que estaba sentado vio al pajonalino que no se arrodilló ante él, se enojó."
"“Ah, pinintatzi irora koka?”",“¿Lo que quieres es la coca?”
"Yaanakiro yashirotsate, irora itotamento.","Cogió su alambre, este, su cortador."
“Iroka pinintziri?”,“¿Este es lo qué quieres?”
"Yairikakotavakeri, tsinik.",Le agarró de la mano con su cortador.
“Tsikama opaitaka pinintziri?”,[Apiinka preguntó al visitante:] “¿Qué es lo que quieres?”
"Yairikajetakiri, katziyanaka, yairikajetakirira.","Le agarraron sus manos los dos pajonalinos, se levantó como ya lo tenía agarrado."
Iroñaaka iposakirira iminkyantanakaniri pyamini itziyamoroki.,"Ahora lo golpearon, introdujeron por su ano el arco."
"Ari imisaikanakiri, yaaitanakiniri, yaanaki osheki irora iyokani.","Allí lo hicieron sentar, se lo llevaron, llevaron bastante esta coca."
"Jataji, iro iviraja pankotsiki ikantapaji: “Piyajanave!”","Se fueron, cuando llegó a la casa, el pajonalino dijo: “¡Ya he vuelto!”"
"Ikantziri: “Iroñaaka atzirira kantavakeriri inkaranki, tzimatsi iyokani.”",Dijo: “La persona de que le dijo recién tenía su coca.”
“Piñaapaintziri?”,“¿Lo visitaste?”
"“Je, noñaapaintziri, irotaki nompiyaje.”","“Sí, yo lo he visitado, ya voy a regresar.”"
"Jatzi atziri, tera ayotatyeri, jataji.","Regresó el hombre como no le conocían, regresó."
"Ikanta iñaavitari, avisanaki aparoni kitaiteri, irojatzi apitetanaki kitaiteri isaiki.","Ahora lo veían sentado, pasó un día, seguía sentado, pasó el segundo día [después de visita por parte de los pajonalinos]."
"Mavatapaintziri iñaatziri amemporipaye irora ishonka, ishonkataka.","Cuando se aproximaban el tercer día, vieron gallinazos blancos volar, sobrevolar."
Yaminaitziri: “Tsikama opaitatyaka?,Se fueron a ver qué es lo que pasaba.
Tsikama otzimatsika iroñaaka yoka anta shitsivari?,“¿Dónde hay ahora algo que está podrido?”
Intsitya aminaiteri!”,"“A ver, ¡vamos a verlo!”"
"Jaitetzi, yaminaitziri, yokaakitaitari iñaatziri.","Se fueron a verlo, cuando se acercaron, lo vieron."
Kiryaasontokitakive!,¡Grandes ojos tenía!
Kamaki.,Ya estaba muerto.
Ivyamini itziyamoroki isaantaitanakiri.,"El arco introducido en su ano, lo que había hincado por ellos."
"Isaikakotaki, atziripaye iroñaaka kimoshiri ikantanakave!","[Apiinka] estuvo sentado, ¡la gente ahora se puso muy contenta!"
Kimoshiri ikantajetanaja.,Muy felices se sentieron.
Iroñakya ivaitakiri.,"Ahora sí, ya lo mataron."
"Isoratotepaye piyavintapintariri, shiyajetanaka irirori.","Los soldados que antes lo protegeron, se escaparon también."
"Ikovi itzinanajemi pashini, te inkantaji, jatzi, itsonka atziri, ijataji.","Quiso levantarse otra persona, ya no podía, ya se fueron, toda la gente acabaron de dispersarse."
"Kimoshiritanaji atziripaye, osheki ivaki itomipatsaini, eentsitepatsaini.","Estuvo alegre toda la gente, aunque Apiinka mató a sus hijos, a sus niños."
"Iroñaaka atziripaye ikinashijetanaja pashini kirinka, pashini katonko, pashini ikinashijetanajya.","Ahora la gente se fue a diferentes lugares, algunos adentro, otros afuera, otros a diferentes lados."
Te yampototanajya.,Ya no se reunieron más.
"Ari okaratzi, akimakoventziri iroka Apiinka ikanta pairani.","Así es, cómo hemos escuchado sobre este sucesor de inca, cómo era antes aquí."
Paasonki.,Gracias.
PAVA APIINKA,EL DIOS APIINKA
"Nonkinkitsatakoteri pava Apiinka ikanta pairani ipokanaki pava Apiinka, isaikaveta aka.","Voy a contarles sobre el dios Apiinka cómo era antes vino el dios Apiinka, estaba aquí."
"Isaiki, iyomitakantanakiro okaratzi avarika, avari, amonkotzi, okaratzi antzirika iroñaaka, maaroni.","Vivía, enseñó todo lo que comemos, chaccar coca, todo lo que hacemos hoy en día, todo."
"Poñaaka ikinavaitzi, iyomitantakiro maaroni okaratzika aka kipatsi.","Después que enseñó todo lo que hay en esta tierra, estaba andando."
"Iro ariitzimotapakiri inkamantyaari, iñaakiri pava ikantaitziri Apontsiki, iyaanini atziri ikaratzini aka.","Después llegó un momento en que iba a morir, vio el dios que se llama Apontsiki, una pequeña persona de pequeña estatura."
"Iyoka ikantaitziri pava Apontsiki, matsi inatzi, matsi, itsikatakari pava Apiinka, ipiratakari.","Este que se llama pava Apontsiki era un brujo, un brujo era, fue el criado del dios Apiinka, lo crió."
"Yamonkotzi, yamonkotzi, yamonkotzi, isamapakari.","El dios Apiinka chaccaba, chaccaba, chaccaba hasta que se aburrió."
"Ipoñaaka isamapakarija, isamavetapakari pava Apiinkaja, yamonkatajiniri kapichiini.","Después de que se había aburrido, se aburrió el dios Apiinka, nuevamente lo chaccó un poco."
"Ipavetajari, ookantapajari jaka iniyorinteki.","Le daba [Apontsiki], ya le dolía en su garganta."
"Yamonkarira ishiko, yaaki, ityaavantetakaro, ari okantanakiri, ikamarankanaki ajak, ajak, eje, eje.","Cuando lo chaccaba cal, sacó su cal, se lanzó sobre su boca, así pasó, comenzó a vomitar, ajac, ajac, ejee, ejee."
"Ikantzi: “Pamakina irora iroka kitamarori, noshityari aka.”",Dijo: “Tráigame una tela blanca para limpiarme aquí.”
"Ishetaka, ishetaka, ikanta, ikanta, kamaki.","Se limpió, se limpió, así, así murió."
"Kamakiraja ikantzi: “Naaka te nokame, airo nokamapirotzi, nojatatye, nojate jenoki, naye irora pañaantajyari avirori.","Cuando se murió, dijo: “Yo no estoy muerto, ya no me voy a morir, voy a ir, voy a ir al cielo, voy a traer lo que vivas tú [tambien]."
"Airo pikinkivaritanta, nojatatye.”","Para que no seas viejo, yo voy.”"
"Jaitetaki, aaj, koraketaintsi pashini jevatakantzirori.","Se fue, ya viene otro que va a ser el jefe."
"Ikitatya atziripaye, ikantzirija: “Kamaki yoka, tsame akitateri, shitzitaki.”","Van a enterrar a las personas, dijo: “Oh, ya está muerto, vamos a enterrarlo, ya está apestando."
"Arika ishitzitanakirika, airo akantaji ankitatajiri intsompainta.","Cuando ya apesta, ya no podemos enterrarlo adentro.”"
Poña ikitaitakeri pava Apiinka intsompainta.,Después lo enterraron al dios Apiinka adentro [donde echaron tierra].
"Irotaki ityaakovetakarira, ityaantyaariri maaroni, ikaimanaki pava Apiinka: “Pivitamoryaakotaina, uj!”","Cuando estaban echando toda la tierra, gritó el dios Apiinka: “Desvoltea el cajón!”"
"Ikiyajevetaja, chek, chek, chek, chek, ikiyajeveta, chek, chek.","Lo escarbaban, chek, chek, escarbaban nuevamente, chek, chek."
"Iro iviravetaja inijantapajyaari, iro yaminajetantapajyaari, se quedó seco, ari ikamanaji pava Apiinka, piyanaja piyanaja ikamanaji.","Cuando estaban cerca para desvoltear, ya iban a mirar, allí se quedó seco, nuevamente murió dios Apiinka, volvió a morirse."
"Pero (kantzimaitacha) te ikamaperote, ijajatzi, jataji jenoki.","Pero no ha muerto bien, se fue al cielo."
"Ikantanaki: “Ari pinkantaitatyeya, pintyaavakaya avirori.",Dijo: “Así van a hacer Uds enterrarse.
"Pikamakirika, pikitatavakaya intsompainta.”","Cuando mueres, vas a enterrarte adentro.”"
"Ari okantari, ikantanaki ashitairi, okanta iroñaaka.","Así nos dijo nuestro señor, así es [como] ahora."
"Akamakirika, arori akitatavakakai intsompainta.","Cuando morimos, nos enterramos adentro."
"Iro yookanakiri ashitairi, iñaani.","Esto nos dejó nuestro señor, su palabra."
"Iroñaaka akantzi: “Ookashityaari jenkarini shitzirini, ishitzinka.”","A veces decimos: “Vamos a botarlo, mucho huele, apesta su apestidad.”"
"Airo ashintziri, ari okantari, arika ashitzitanaki, airo okantaji akitatavakajya.","No vamos a estar juntos, así es cuando nos apestamos, ya no vamos a poder enterrarnos."
Aritapaki.,Hasta aquí.
MEANTARINI,EL RÍO MEANTARINI
Pairani nochariniteni ipaitziro nijaa Meantarini.,Antiguamente mis abuelos pusieron un nombre río Meantarini.
Opaita Meantari okimita iroñaaka osarentsinkatanaji ari otyaakitziri kavana inchato antaropaye.,"Se llama Meantari porque cuando empieza el verano, la flor de catahua empieza a florear."
"Ari ipokiri antaripaye meanto, yaapiro osheki otyaaki.","Luego llegan papagayos, les gusta comer las flores mucho."
"Ikantarika ijatzi ikintziri, inintakotziri ishivanki, yayeri aparoni ishimpo, aajatzi itsanoiriki.","Alguna vez [un cazador] iba a picar con su flecha (a algun loro), le gustó plumaje lindo para su adorno."
"Okantarika aparoni kitaiteri isamakari, ivakiri aparoni, irirotaima iriri, pashini ikantashita.","Un dia se aburrió y mató [un loro], tal vez puede ser el rey de los loros, que fue diferente de otros."
Ipokanaji.,Regresó.
Tzimatsi pinkatsari.,Había el jefe.
"Ikantakiri: “Aani, novaki aparoni, te ishiyari pashinipaye.”","El cazador le dijo: “Abuelo, yo maté uno que no es igual a los otros.”"
“Ari piyoterori iroñaaka.,“Ahora vas a aprender.
"Iroñaaka ari nokantavitakami, airo pipiyapiyatashitari, isamakami.”","Ahora yo te dije, no te vayas a cazar cada rato, se va a molestar al jefe.”"
"Nijaa apaitero Meantarini, tzimatsi pashinipaye nijaa anta opoñaanaka.",El río llamaremos Meantarini; hay otros quebradas donde naciéron los ríos.
"Otzimanaki paitachari Kamonashiki, Jañari.","Hay ríos llamados Pampa Kamona, Río Dolores."
"Noyotziro kapicheeni, nokimavajiro inani, apaini, aanini, kamajatzirini.","Sé algo porque los he escuchado, a mi madre, a mi padre, a mi abuelo, los difuntos."
PARENINI,EL RÍO PARENINI
Iroñaaka tsame kapicheeni ayotavakero okaratzi pikovakotanari.,Hoy vamos un poco aprender de lo que me pides.
Pisankinatakotero okaratzi.,Escríbelo todo.
"Nosaikajetzi aka, tzimatsi parenini akantziri shintajairi okaakini.","Vivimos aquí, hay el río lo que decimos que está cerca de nosotros."
"Opoñaanaka otzimantanakari aatatapakara nijaa Tzivyaarini, aajatzi Santsa.","Después hay otro que desemboca, el río de Sal (Paucartambo) y Chanchamayo."
Ari antarotanaki parenini paitanajachari Pirinini.,Allí crece grande el río que hoy se llama Perené.
Pairani ovakera ivitsikanakiro Pava kipatsi.,Antiguamente el Dios creía la tierra.
Ipyaa tzimiri atziryaaniki.,Los pájaros se convirtieron en personas.
"Aparoni atziri ipaita Naviriri osheki ipyaantzi tsikapaita inintakari, airorika ikimisantaitziri.","Una persona llamada Naviriri mucho convertía [las personas] en algo que quería, cuando no le hicieron caso."
Ari otzimi otzishi.,Hay un cerro.
Iroñaaka tzimatsi aparoni atziri ipaita Naviriri.,Hay una persona llamada Naviriri.
"Irotaki intetzimatya kashiri, ikantakiri Naviriri iraniri [Tsiyarato].","Cuando la luna estaba por llenarse, le dijo a su cuñado [Tsiyarato]."
"“Tsame aipitsokatero parenini, okinanajita Chuchuraski.”",“Vamos a desviar el río Parenini para que vaya a Chuchuras.”
Yaajetaki antaro mapi.,Escogieron piedras largas.
"Tsiyarato yaaki osheki tsipanashi, karashi.",El pajarito [Tsiyarato] trajo muchas hojas.
"Iñaakiri itetzimataka kashiri, ikantziri: “Tsamera iroñaaka aavakero mapipaye, añeero otzishi.”","Cuando no había la luna, le dijo [a Tsiyarato]: “Ahora vamos a poner piedras, vamos a tener el cerro.”"
Ivavitapakaro Tsiyarato iyamini.,El pájaro puso hojas podridas.
Oonkapaka katonkonta.,[Tsiyarato] formó una represa hacia arriba.
"Irotaki intetzimatya kashiri, opiyapaka, oshonkatapakara intatzikironta otzishi.","Cuando estaba por ocultarse la luna, se represó el agua y dio la vuelta atrás del cerro."
"Osonkaryaanaka, oshevatanakara mapi.","Reventó la represa, se movió la piedra."
“Añaakero iroñaaka.”,[Dijo:]“Hemos visto ahora.”
Ookanakiro otzishi.,Dejó el cerro.
Iroñaaka Pava kisanaka osheki.,El Dios se molestó mucho.
"Ipyaanakiri maniro Naviriri, ipyaanakiri Tsiyarato tsimiri.",Convirtió a Naviriri en venado y a Tsiyarato en pajarito.
Iroñaaka yaminavaitzi paita ivyaari.,Ahora están buscando algo de comer.
"Aririka pinintzi piñeero, ari pishiyakantapaintero, piñaantyaarori otzishi omontero pueblo (nampitsi) opaita Villa Progreso.","Si quieres verlo, vas a tomar una foto; conózcalo el cerro al frente del pueblo llamado Villa Progreso."
ASANKINATAKOTERI NOKANTA NOSAIKANTAKARI MARANKIAROKI,LA HISTORIA DE BAJO MARANKIARI CÓMO VIVÍAMOS EN BAJO MARANKIARI ANTIGUAMENTE
Naaka nonkinkitsatemi nokanta ovakera nosaikantapaka.,Yo te voy a contar cómo recién hemos vivido en este lugar.
"Noshaninkapayeka opoñaantanakari nosaikantakari aka okanta añaantakaroni, ovakerani asaikantajari noshaninkapaye te iyote iñaanate, te iyote isankinate.",Mis paisanos vinieron acá para vivir y cuando hemos venido hace muchos años mis paisanos ni sabían leer ni sabían escribir.
"Tzimatsi aparoni yoimoshirinkaitziri, irotaki te iyoteri pava, ivavanitari tzimatsi irora paitachari mapi, iritaki ivavanitari, iritaki yamaneri ipaita Yompiri.","Había un personaje que adoraban, no conocían a Dios, su dios era llamado Yompiri."
"Yamaniri noshaninkapaye, ovakerani isaiki aka, ikantziri, te iyote iñaanajete, isankinate.","A este adoraban mis paisanos antiguamente, vivían acá, le dijo, que ni sabían leer ni sabían escribir."
"Tzimatsi iyotziri ivavani yoimoshirinkiri, yamaniri ikimoshirivintziri, iritaki ovavisakojetziriri, iritaki opairi avaari.","Tenía un dios que conocían, lo alegraban, lo adorában, y ellos se alegraban porque él los ayudaba y les daba de comer."
"Tzimatsi pava ipaita Yompiri, mapi onatzi, arika impokajete ishaninkapaye osheki yoimoshirinkiri.","Hay dios llamado Yompiri, es una piedra; mis paisanos vienen para alegrar a su dios."
"Yantzi antaroite pankotsi, ari impiyovintyaari yoimoshirinkiri, yamanajetziri ivavani ishinkitavintyaari.","Hacían una casa grande, allí se reunían, alegraban a su dios, oraban y bebían."
"Pokatsi osheki ivankaripaye, ivankaropaye, ari okantari ovakerani aka.","Venían muchos jóvenes y señoritas, así era antes acá."
"Aajatzi ivavanitari paamari, yaakerorika paamanto tsitsi, yshiyakakoventakerorika samampo.","También su dios era fuego; cuando sacaban leña ardiente, se convertía en cenizas."
"Onkisotanakerika ovira, osaikajete onkisotanakerika, irotaki ivavanitari yamaniri.","Cuando se formaba dura hasta allí, sentaba como una estatua; eso es lo que adoraban."
"Ari ikanta pairani noshaninkapaye ivavanitari irosatzita ovirapaka, irosatzi ipokantaka aparoni amakerori ñaantsi.","Así era antes, el dios de mis paisanos era el mismo hasta que llegó un señor que trajo la palabra [religión]."
"Poñaachari los Estados Unidos pishaninkapaye kimisantzinkari, yamakiro aka iñaani pava.","Que viene de los EEUU, tus paisanos religiosos, trajo la palabra de Dios."
Ikimakovintakiro ariitapaka kinkitsarentsi irirori ikantajetziri: “Pava inatzi.”,"Escucharon [los ashaninkas] que llegó la predicacíon [biblia], ellos dijeron que Dios es."
"Ariitaka, iritaki amanapintziri, iroñaaka koñaataki Pava, yamakiro tasorinkantsi, yamakiro iritaki ovavisakotajaini.","Llegó, es lo que adorabamos, ya ahora apareció Dios, trajo bendiciones, trajo lo que nos va a salvar."
"Ikaimanakiri maaroni ishaninkapaye, kirinka pokayetaintsiri, irotaki ishekitantari atziri pairani aka.","Llamaron a todos sus paisanos que vienen de lejos [de adentro], por eso hubo cantidad de personas antiguamente aquí."
"Ipokaki, ikemakovintakiri: “Ariitaka Pava.”",Vinieron porque escucharon: “Llegó Dios.”
Iritaki amakirori aparoni kitamarantzipaye pishaninkapaye ipaita pastor Fernando Estar.,"Él es que trajo, una persona de color blanco de tus paisanos llamado el pastor Fernando Estal."
"Amakirori ñaantsi, aka osaikantakari okanta, ayotantajari kapichiini añaanavaitzi.","Que trajo religión aquí que existe, por eso hoy sabemos un poco leer."
"Imapokapakiri, ipokakira osheki ashaninka, ahora ipokapaki ikinkitsakapakiri, yaminapakiri oshekini ashaninka.","Los sorprendió, vinieron bastante mis paisanos: “Ahora vino y predicó,” lo miró bastante mis paisanos."
Iroñaaka ontzimi aparoni escuela iriyotantajyaari noshaninkapaye.,[Dijo:] “Es necesario hacer una escuela” para que aprendan mis paisanos.
Isaikakira aka yookakantakiri ivavani.,"Como vivía [el pastor] aquí, les hizo dejar a mis paisanos a su dios."
"Te yamanajiro imapini, te amanajiro ivaamarite, yookanakiro.","Dejaron adorar a su dios piedra, a su dios fuego, dejaron todo."
"Iroñaaka tzimatsi ikantziri pava Pachaka, Pachakama, ikantziri ivavanitari noshaninkapaye intanankarori.","Después tenían otro dios llamado Pachaka o Pachakama, así le llamaba su dios mis paisanos antiguamente."
"Como ariitaka pastor, iñaavakeri ikantzi, iritaki Pava iripirori, yoka, ariitaka, pokajetaki.","Como llegó el pastor, vieron, dijeron: “Este es Dios verdadero”, este, “Llegó”, vinieron."
"Cuando okaratzi ashaninka pokaintsiri, yaminakero, isaikajetapaki Metaroki.","Cuando todos mis paisanos que vinieron y vieron al pastor, destinaron el lugar Metraro."
Ari osaikakeri misión yantakantakiri pastor.,Allí estuvo la misión que el pastor hizo.
"Noshaninkapaye ipoñaashitanaka yaminakiro, tekatsi nijaa, tsame ajataje aka, ankaavaitapajyata kimita pareniki.",Mis paisanos después habían visto que no había agua: “Vamos allá para bañarnos como en el río.”
"Oirinkajetaka, ari osaikapakiri misión intatzikeronta, ikantaitziro Kemariani.","Bajaron la altura y vinieron a este lado del río; hicieron su misión, le dicen su nombre Kemariani."
"Ari osaikakiri misión, ari ipoñaanakari iyotantajari noshaninkapaye kapicheeni, ari okantari ovakerani intanakarori aka, ipokakira pishaninka amakirori ñaantsi.","Allí estuvo su misión, allí también aprendieron mis paisanos un poquito, así era antes aquí cuando vino tu paisano que trajo religión."
"Amakirori ñaantsi, ikanta iyotantajari, noshaninkapaye ovakerani te iyote iñaanate, te iriyotero isankinate.","Él que trajo palabras, por eso saben, antes mis paisanos no sabían leer ni escribir."
"Te iyote iñaavaite castellano, te inkimeri virakocha iñaavaite, añaanatziri añaaniki.","No sabían hablar castellano, no entendían lo que hablaba la gente blanca, hablábamos en nuestra lengua."
"En cambio iroñaaka tzimanaki estudiatatsiri universidad, todo maaroni tsonkayetanakerori tzimayetanaki profeción, noshaninkapaye ovakerani tekatsi iyote.","En cambio ahora hay estudiantes universitarios, todos los que acabaron ya tienen profesión, antes nuestros paisanos no conocían letras."
"Tekatsi iriyote, ari okanta ovakerani, ikyaantapaka como isaiki, aajatzi, irora, tsika okantaitziroka, niri intanakarori, naari.","No sabían nada, así era antes, como vino antes aquí, este, como se dice, mi papá, yo también."
"Como osaikatzika compañia te ishinitero ante avanipaye intatzikero, te ishinitero ante avaani ampankite parentsi, kaniri avantyari, itsañaakaro.","Como estuvo la compañia, no permitía hacer chacras para sembrar plátano, yuca al otro lado del río para comer, lo impedía."
"Arika iñaakiro apankite kaniri, yamakeri ivaakate, itsonkiro yovaro maaroni machaki, avakayaririmi neentsitepatsaini.","Cuando nos veían que sembrábamos yuca, traían sus vacas, comían todos los frijoles, lo que debería ser para alimentar a nuestros hijos."
"Pero ultimo (ovirantopakarori) ikantzi: “Tsame ajate kirinka iroñaaka, ankenanake kirinka, tsame aminerota pimpoketave kirinka antaroite terreno (kipatsi).","Pero último dijo: “Vamos más adentro ahora, vamos a buscar adentro si hay grande expansión de terreno."
"Tekatsi ñaashirinkapaini, ampankapaita apankite, apimante, ayaari, avakayari neentsite.”","Nadie nos fastidiará para sembrar, vender, comer y dar de comer a nuestros hijos.”"
"Ari ikenajetakiri ishekivita aka saikatsiri aka itsiparyantanakari, ahora jatayetaki kirinka tsika ikenayetzi yayetaje iipatsite.","Allí se fueron, eran bastantes que vivían aquí, se separaron [en dos grupos], se fueron más adentro donde estuvieron cada uno con sus terrenos."
"Kaari amitapaintya kirinka, piyayetaja isaikantapajiri Marankiaroki.","Como no se acostumbraron en ese lugar, regresaron, por eso viven en Marankiari."
Maatsi intakantarori isaikita aka ikantaitziri Rasaro.,"Había antiguamente que vivían aca, se llamaba Lasaro."
"“Tsame ajataje, ajavitapainta kirinka, ampiyaje.”","“Vamos a ir, hemos ido adentro en vano, volveremos.”"
"Te iramitya saikapaje, imontyaantakari, isaikantanakari, otzimantakari nampitsi Marankiaro.","Como no estaban acostumbrados de vivir adentro, por eso cruzaban el río, por eso viven aquí, por eso hay un pueblo de Marankiari."
"Tzimatsi intarori isaikita noshaninka aka, iyotziro ivitsikiro ikantziri añaaniki Paninkari.","Antiguamente vivía mi paisano aquí, sabía construir, se llamaba en nuestra idioma Paninkari."
"Como virakochapaye te ankove ankotsitantyaari iroyate irashi, iritaki vitsikakiro apaniroini saviri, shecha (shacha), ipesantari itovantari.","Como no querían cocinar con ollas de la gente blanca, él hizo solo chafles, hachas para cortar y tumbar árboles."
"Noshaninkapaye ipoki kirinka yamayetziri vitzitsipaye, ivitzi tsimeri, vaninkantzi, ipoki ikanvyaatziri (ikampyaatziri).","Mis paisanos venían del otro lado del río trayendo plumas de aves de varios colores, venían a cambiar."
Ari ikanta ovakerani aka.,Así era antes acá.
"Añaavetyaari virakochapaye noshaninkapaye, ikantzi noshaninka: “Eero paitziniri iroyate, eero paitziniri oka okaratzi, ikitsari, aritaki ankamake, yamatziro imantsiyarentsite.”","Al ver a la gente mestiza, mis paisanos dicen: “No recibas sus ollas, cualquier cosa, sus vestimentos, vamos a morir, nos están trayendo enfermedad."
"Akitsari aroka akirikajetatsini antajetzi noshaninkapaye, nuestra abuela (nosaro) ovametakero eentsipaye okirikairo, antzi kitsaarentsi.","Nuestros paisanos hicen nuestros vestimentos hilados, nuestra abuela ha enseñado a las niñas hilarlos, ellas hacen los vestimentos.”"
"Irotaki okitsajetari, te oninte okitsatyaariri irashi virakochapaye kitamarantzi.","De eso es lo que se visten, no quieren vestirse de la ropa de la gente blanca."
Ari okantari ovakerani aka.,Así era antes acá.
"Ari ipiyotari yantavaijetzi aka, ikantziri noñaaniki „ipankyajeta‟.","Allí había un grupo trabajando aquí, dicen en mi idioma ipankyajeta."
"Pankinkaripaye evankaripaye yantavajetzi, te iriñeero kooya, te iyotero imayempitero kooya.","Los trabajadores jóvenes no conocían a las mujeres, no tenían sexo."
Evankaropaye te oñeeri shiramparipaye.,Las señoritas no conocían a los hombres.
"Irotaki antavaijetatzi, ipoña aka ikantaitziro Ashiropanko.","Ellos trabajaban aquí, venía aquí llamado Ashiropanko."
"Ari ivetsikirori pairani pankinkaripaye, ari isaikiri aka.","Los habían hecho los trabajadores, en este lugar ellos vivían acá."
"Ari okantari ovakerani aka, osaikantakari irojatzi impokantakya pastor.",Así era antes acá cuando vivían acá hasta que haya llegado el pastor.
Ari yookanakiro yantavaitzi como iñaavakeri virakochapaye.,Dejaron de trabajar como hubieron visto a la gente blanca.
"Iyotanakiro yantavaijetzi ipankitapakira compañia, okyaapakira compañia.","Aprendieron a trabajar sembrando [café], cuando la compañía entró [la área]."
"Opankitakantaki café osheki, aritaki ijatzi yantavaitzi noshaninkapae como esclavos.","Sembró mucho caf [la compañía], allí iban a trabajar mis paisanos como esclavos."
Ari ikantari hasta okyaantapakya compañia.,Así era hasta la entrada de la compañía.
Ari otsonkapakari.,Terminó todo.
Tekatsi ya cada uno antavaitanaki ivanikipaye irirori.,No trabajaron cado uno en su chacra.
Ari okantari ovakerani asaiki aka.,Así era como vivíamos antes aca.
Noshaninkapaye te ayoteri virakocha.,Mis paisanos no conocían a la gente blanca.
"Ivavanitari nokantakemiri inkaranki mapi, paamari, irotaki ivavanitari.","Lo que adoraban, como te dije anteriormente, eran piedra y candela, eso era lo que adoraban."
"Te ayote añaanate, te ayote asankinate.",No sabían leer ni escribir.
Ari okantari ovakerani aka ikyaantapakari ovakerani aka Marankiaroki.,Así era antes cuando ellos entraron antes acá Marankiari.
"Tekatsi atziri porque aka inampi maranki, inampi kamaari, inampi manitzi.","No había gente [aquí] porque habían bastantes culebras, bastantes fantasmas malos, bastantes tigres."
Tekatsite saikatsini.,No había nadie [aquí].
"Opokajetapaki, tzimatsi aparoni sheripyari.",Vinieron; había un curandero.
"Ikantzi paitaranki, imaaki imishitakiri, iñaakiri aka, ari isaikiri tzimatsi iriniro maranki, iriniro manitzi, iriniro kamaari.","Dijeron: “Durmió y vio en su sueño, [y dijo]: “Hay aquí la madre de la culebra, del tigre, del espíritu malo.”"
“Tsame averi!”,[Dijo:] “Vamos a matarlo.”
"Ipokajetaki sheripyari, yapotojetaka, irakiro isheri, imaajetaki.","Vinieron los curanderos, se juntaron, tomaron su tabaco, durmieron."
Oparyaaki antaroite inkaani.,Cayó mucha lluvia.
Ookatsatanaka.,Cayeron rayos.
Opoña otarankanaki.,Después se derrumbó.
"Amara, otzimanaki omoro tonkariki.",Creció el río; hubo un hueco [en el monte] arriba.
Ari isaikiri kamaari ivanko tonkariki.,"Allí vivía el espíritu malo, en su casa arriba."
"Ookatsatakara, otonkanakera ookatsarontsi, ookantapakaro inchatora.","Cuando los rayos reventaron, cuando cayeron los rayos, lo terminó en los árboles."
"Otsonka okotaryapakiro, otaapakiro.","Lo terminó, lo partió, lo quemó."
"Itsonkatanaka okotaryaakiro okaratzi iriniro kamaari, maranki, manitzi.","Terminó al partir toda la madre del espíritu, del tigre, de la culebra."
"Itsonkakiri yashitakotakiri sheripyaripaye, irotaki añaantajarori okameetsataji.","Terminó de encerrarlos los curanderos, por eso vemos que ya no hay peligro."
"Ovakerani arika ijate antamiki atziri, ari impeyari.","Antes cuando iban al monte, se perdían la gente."
"Yovakari maranki, yovakari manitzi, yayiri kamaari.","Los comía la culebra, los comía el tigre, los captaba el diablo."
Iroma añaantajarori okameetsataji iroñaaka.,"En cambio, es por eso que vemos [ahora] que es tranquilo."
"Iritaki vetsikajiro sheripyaripaye, añaantajarori asaikaji Marankiaroki.","Los curanderos lo arreglaron, es por eso que vivimos en Marankiari."
"Ovakerani osheki maranki, irotaki opaitantari Marankiaro, inampi maranki, antaripaye maranki.","Antes habían muchas culebras, por eso el nombre es Marankiari, el pueblo de culebras, tremendas culebras."
"Arika oshetyanaji, iñaatsajetya eentsipaye, arika osamanitanake tsiteniri, koraketaintsi maranki, ivyaari eentsipaye, intsonkapainteri ivapaintyari.","Cuando atardece, juegan los niños; cuando las horas pasan en la noche, viene la culebra y come a los niños, ya comerá a todos."
"Ari okantari ovakerani aka, tekatsi saikantyaaroni; ipokaki sheripyari, ivamakiri marankipaye.","As era antes aquí, no había nadie; vinieron los curanderos, mataron las culebras."
"Iroñaaka te añeero, kametsayetaji.","Ahora ya no vemos las culebras, es bonito."
"Ari okantari apaniroini, te osaikanite osheki pankotsi, aparoni o mava pankotsi.","Así vivían solitos, no habían muchas casas, una o tres."
Pairani te ayotero ante anampitsite antaroite.,Antes no sabían hacer un pueblo grande.
"Intaina, intaina isaikajetzi.",Eran muy lejos.
"Arika ijate oime yamine piratsi, yookanakero iina, manitzi pokapaje, ivapaintyaro iina, irentsitepaye.","Cuando se va el esposo a buscar animales, la deja a su esposa [en su casa]; el tigre viene y come a su esposa y sus niños."
"Impokavetajya, yamenapakero tekatsite, ivakaro manitzi.","Él regresa, busca [a su esposa], no hay, la comió el tigre."
"Ari okantari ovakerani aka inampi manitzi, anta otzishinta, ari okantziro imorenkari manitzi.","Así era antes aquí, habían muchos tigres, este cerro allí, dicen que los tigres descansaban allá."
"Morenkaitoni opaita otzishi, ari isaikiri manitzi ipiyotari.","Lo llaman el cerro Morenkaitoni, allí vivían los tigres, se juntaban allá."
"Nokantakiri inkaranki, opokakira amakirori ñaantsi, añaantajarori apototaja, tzimanaki anampitsite, saikajetakai aka.","Como dije anteriormente, vino él que trajo la palabra, es por eso que vivimos unidos, hay un pueblo, allí estamos todos."
"Ovakerani tekatsi, intaina isaiki, isaiki pashini, te intsipatavakaya.","Antes no, vivían lejos en diferentes lugares, no se juntaban."
Ari okaratzi.,Así termina.
TZIVI,LA SAL
Naaka nonkinkitsatakotero aparoni tzivi pairani ikantanaki nocharine otzimantakari iroñaaka tzivi.,"Yo voy a contarles sobre la sal, antes dijo mi abuelo para que tengamos la sal ahora."
"Ikantzi tzimatsi aparoni ashaninka, isaiki kirinka apaniroini, isaiki itsipataro iina, irishinto.",Dice que había un paisano que vivía adentro solito acompañado de su esposa y su hija.
Irora irishinto osheki antziro patsaarontsi.,Su hija muchos heridos tenía.
Potonto te oshivaitanitya.,"Le salía moco por la nariz, nunca le gustaba limpiarse."
"Tzimatsi iroñaaka oyaariri, ikantavitaro: “Chooki, pishivaityatyami, pishitero piyamantsite.”","Tenía un hermano, él le decía: “Hermana, límpiate, límpialo tu moco.”"
"Oshitavitajya kapicheeni, aajatzi opokapaji.","Élla se limpiaba un poquito, de nuevo bajaba su moco."
Poña iri ipashiventakotakaro.,Después su papá ya tenía vergüenza de élla.
"Ikantakiro iroña: “Te piyotero pishivaitya, te nonkovi pisaikimotajena.","Le dijo ahora su papá: “Como no sabes limpiarte, ya no quiero que vivas en mi casa."
Iro kovachari pijate tsika pinintakaro.”,Es mejor que te vayas donde quieres.”
"Poñaashitaka ikantziro, ikantzi iroñaaka oyaariri, okantakiri: “Nokovatzi noshitovapitsatayeri apa, ipashivintakotakana osheki noyamantsite, aajatzi nopatsavaitzika.”","Después le dijo a su hermano ahora, le dijo: “Yo quiero salir de la casa de mi papa, el tiene mucha vergüenza de mi persona, de mi moco, también de mis heridos.”"
"Pokaki, oshitovanaki iroñaaka ivankoki, iri otsipakari oyaariri.","Vino, ya salió ahora de la casa de su padre, acompañado de su hermano."
Opokaki oyaatakiro parinini opoñaaka kirinka.,Vino siguendo al río desde adentro.
"Omaaki, avisaki, iroñaaka avisakiro opoña amini tsika osaiki anta.","Durmió, pasó, pasó el río buscando donde vivir."
"Poña ojatapaintzi Nasaratiki, te onimotero.","Después se fue también a Masaraite, no le gustaba."
"Piyaka, okinapaki Sotsiki, ojatapajiro parinini, ari iroñaaka Puchariniki, ari otsintapaintari.","Regresó, vino por Sutsiki, allí ahora en Pucharini, allí lo siguió, urinó allí."
"Otzimantari iroñaaka kapichiini pochari, katyori.",Por eso ahora tenemos un poco de dulce o salado.
"Avisaki iroñaaka okantapakaro avisakiro ojatapaintzi San Ramonki, Taarimaki.","Ahora pasó a esta dirección, ya pasó, se fue a San Ramón, a Tarma."
"Opampitsatapaintziro maaroni nijaateni, tekatsi.","Caminó por todo el largo y ancho del río, no hay nada."
"Oñii tsika okameetsatzi osaike, avisanaki poña oyaatanakiro irokave nijaaka ikantaitziri Paukartambo, ari okinanakiri.","Estaba buscando un bonito lugar donde vivir, estaba pasando y siguió al río que lo llaman Paucartambo; por allí siguió."
"Ari oponkityaki panitsi katyonkari kapichiini, ari osaikavitapakari, osaikavitapaka kapichiini.","Allí en la boca de arenilla salada un poquito arriba, allí se había ubicado, se quedó por poco tiempo."
"Iñaashirinkakiro yorave yora shimpokipaye, tsitsiriranki, te onimotero osaiki.","Le fastidió, este, tábanos, grillos, y no se agradó quedarse."
Avisanaki iroñaaka irojatzi osaikinta.,Pasó ahora hasta donde está.
"Osaiki, osaikera orave ikantaitzironta tzivi.","Está, estará, este que la llaman sal."
"Katonkonta osaikinta pashininta nijaa Nijaateni, anta oñaapakiro, ari onimotapakirori.","En la cabecera donde se encuentra el otro río Chuelo, allí lo vio bien, le gustó quedarse."
"Okantziri oyaariri: “Pinkovaje aka, yaya, ari asaikiri.”","Le dijo a su hermano: “Aquí vas a rozar, hermano, aquí vamos a vivir.”"
"Tekatsitapaki tsito, shimpoki, tekatzitapaki tsonkatapaka, ari okantakari ikovavaitaki oyaariri.","Ya no hay mosca, tábano, todo terminó, así fue esto, su hermano rozó."
"Iroñaaka intovantyaari antaro inchato, tekatsite.",No había con que tumbar árboles grandes.
"Poñaashitaka ikantziro: “Chooki, tekatsite antovantyaaro.”",Luego le dijo a su hermana: “No hay con que tumbar el árbol.”
Okantzirija: “Aitakitaima iroñaaka nompiirori nañaantari.,Estaba insistendo: “Entonces acaso voy a perder mi vida.
"Pamine mapi kantamirontakitatyaari, pivankitenaro noitoki.”","Busca una piedra, que es un poco plana y redonda, ponla en mi cabeza.”"
"Ivankitakiniro oitoki iñiiro, iñiiro, pyaanaka mapi.","La puso en su cabeza, lo vio, lo vio, se convirtió, se convirtió en piedra."
"Iroñaaka tzivinta irojatzi osaiki panitsa, panitsaki.",Ahora donde está la sal hasta ahora se quedó salado [arenilla donde se convirtió].
Iroña ari okaratapaki oyenkitsari irokave okantakota tzivi.,Ahora así fue un cuento de este como apareció la sal.
NAVIRIRI PYAANTZINKARI,NAVIRIRI ÉL QUE TRANSFORMA
Pairani tzimatsi paitachari Naviriri itsipatari icharini.,"Hace muchos años había un hombre, llamado Naviriri, con su nieto."
Osheki inintziri; tsikarika ijate ikyaanajeri.,"Quería a su nieto mucho; donde iba, lo cargó."
"Ikantziri: “Aani, tsika ipaitaka tsatakotachari inchatoki?‟","Le pregunta: “Abuelo, ¿cómo se llama lo que está colgando en ese árbol?”"
"Ikantziri: “Koshiri inatzi, piñaapakiri atziri ipyaajetaka.”","Le dice: “Esos son monos que los vio, que eran personas.”"
"Ikantziri: “Aani, tsika ipaitaka yonta?”",Le pregunta: “¿Qué cosa es allí?”
Ikantziri: “Choori inatzi.”,Dice: “Ellos son serranos.”
"Ari ikantaitatyani, ipyaatziri mapi.",Así eran hombres; los transformó Naviriri en las piedras.
ITZIMANTAKARI NAVIRIRI,PARA QUE NAZCA EL TRANSFORMADOR
"Iroñaaka itzimantakari iyora Naviriri, tzimatsi aparoni shirampari ashaninka pairani.","Ahora para que nazca el Transformador, había un hombre paisano antes."
"Ikaratzi apite irishinto, apite itomi.",Tenía dos hijas y dos hijos.
"Iroñaaka maatsi irishinto, jevatatsiri irora irishinto kimotataki.","Tenía una hija que era la mayor, ya era grandecita."
"Tzimayetaki otsomi, akantziri añaaniki arori, nivintaka.","Ya tenía senos, lo que decimos en nuestra idioma, ya está lista para ser madre."
Iroñaaka otsipatari oyaariri.,Acompañaba a sus hermanos.
Ikyaashitakairo ikintatayetziro tsimiri.,"Entraban en la choza, picaban los pajaritos."
Ari okantatya irojatzi oyaanitapaakini antarotantaka.,"Así era, desde que era niña hasta que fue señorita."
Ari ijatzi ikyaashitakairo.,Así se metían una choza.
"Ari okantatya otsipatyari oyaariri, apite shirampari, aparoni kooya.","Así acompañaba a sus hermanos, dos hombres y una mujer."
"Iroñaaka kooyara nivintaka, oyaariri apiteroiteni, iroori apaniroini, ari okantatya.","Ahora la mujer estaba lista para ser madre; sus hermanos los dos, ella solita; así era."
"Iroñaaka nivintaka kooyara iritsirora, ojataki antamiki impankoshitakaiyaro.","Ahora como está lista para ser madre, esa mujer, la hermana, se fueron todos al monte para preparar la choza."
"Iñaapakiro impiritaki, iñaapakiro inchatyaaki.","[Su hermano] vio una roca, vio una flor."
Aparoni irora inchatyaaki okantakota otsataka.,La flor estaba colgada.
"Okantziri oyaariri: “Yaya, payinaro inchatyaakira.”","Le dijo a su hermano: “Hermano, coja esa flor para mí.”"
Ikantziro: “Te onkantyata.”,"Le dijo: “No, así nomás.”"
"Okantziri: “Te, nonintakiro irora, payiro.”","Le dijo: “No, yo la quiero, cójala.”"
Yaminakiro; ikantzi: “Arityakyami.”,Lo miró; dijo: “Así será pues.”
"Imavitaro, te inintero yayiro.","Trató de cogerla, no quiería cogerla."
"Poña yaaki inchakii, itsikotakiro, ikarakotakiro, ikarakiro okaratzira inchatyaaki.","Después buscó un palo, la cogió con gancho, la rompió, la rompió hasta donde estaba la flor."
"Ipakiro, ikantziro: “Niroka, chooki.”","Se la dio a su hermana diciéndole: “Aquí está, hermana.”"
“Ari naanakiro.”,“Voy a llevarla.”
"Iroñaaka maatsi otsompiro (otsampiro), aanakiro, osatetakaro inchatyaakira, osatetakaro.","Tenía una banda, agarró la flor, llenó su banda con esa flor."
Jaitetzi iroñaaka.,Se fueron.
Oñaapakiro iroñaaka pooriki.,Vio un árbol de jaboncillo.
"Ikantziro: “Ari apankoshityaari aka, chooki.”","Le dijo: “Aquí vamos a hacer nuestra choza, hermana.”"
Ari ichekavaitziri.,Cortaba [las hojas] por un tiempo.
Ichekapaki iroñaaka kompiroshi.,Cortó hojas de humiro.
"Ichekavaitzi, cheki, cheki, cheki, ipankoshitaka.","Cortaba, cortaba, hizo su choza."
Itsonkakiro ipankoshitaka.,Lo terminó.
Ikyaaki iroñaaka.,Entraron la choza.
"Okantziri: “Yaya, novaryaatajiro inchatyaakiranki, te añaajiro.”","Le dijo: “Hermano, la hice caer esa flor, ya no hay.”"
"Ikantzi: “Arima, kaari pikimpoyantaro.”",Dijo: “Es cierto como no la conservaste.”
"“Tetya, ari nosantakiro notsampiroki, tetya nokimiro tsika okanta oparyaantanakari.”","“No, la había metido en mi banda, pero no he sentido como habrá caído.”"
Poñaaka okantzi: “Okantaikata.”,"Después dijo: “Déjala, nomás.”"
"Ikantziro: “Ari aminanajiro, arika ajatanaji.”",Le dijo [a su hermana]: “Vamos a buscarla cuando ya nos vamos.”
"Ari isaiki, osamani ikintaki.","Ahí estaba sentado, picó [los pajaros]."
"Ikinapaki iroñaaka shirentsi, kintsori, ikintayetavaki.","Vinieron una perdiz, una pava, los picó con la flecha."
"Ikintakiri, ikintaki; iviraka ooryaatsiri.",Los picó hasta que amaneció.
"“Shetyaki,” ikantziro, “tsame aatai, chooki, aminanajirota tsika pivaryaakiro inchatyaakiranki.”","Dijo: “Ya es tarde, vámonos, hermana, para buscar la flor donde la hisiste caer.”"
"Jataji iroñaaka mavaroiteni. Te oñaajiro, te oñaajiro inchatyaaki, aminavitanajaro.","Se fueron los tres ahora, la buscaron, no la encontraron la flor, la buscaron en vano."
"Ikantzi: “Tetya, kaari añiiro iroñaakaja.”","Le dijo: “No, no hay.”"
"Ariitaja iniroki, iriki.",Llegaron donde estaban sus mamá y papá.
Okotsitapajiri tsimiripaye okaratzi ikintakirori oyaariri.,Ella cocinó los pajaritos los cuales picó su hermano.
Ari okanta okitaitamani pashiniki kitaiteri ijatakairo oyaariri.,"Así pasó, amaneció otro día, la llevaba su hermano."
"Aparonitaki kashiri, iroñaaka kooyara motyataki iroñaaka.","Ya pasó un mes, ahora la chica estaba gestando."
"Okanta, okanta, okantakiri iyaariri: “Yaya, paitakatya antakinarika nomotyaki?”","Así pasaba, le dijo a su hermano: “Hermano, ¿qué es lo que me habrá pasado en mi estomago?”"
“Tsika pikantakaka?”,Le dijo: “¿Qué es lo que te pasó?”
“Taantya.”,“No sé.”
"Ikanta iroñaaka okamantakiro iniro, okantziro: “Ina, paitarotya antakinari ironaaka?”","Luego le avisó a su mamá, le dijo: “Mamá, no sé que es lo que tendré en mi estomago.”"
Okantziro iniro: “Pimotyatatzi iroñaaka. Iroñaaka yantamintsatatzimi piyaariri.”,"Le dijo su madre: “Estarás gestando ahora, te ha fastidiado tu hermano.”"
"Okamantakiri iroñaaka iri, ikisanaka iroñaaka irira, ipasatakiri itomi, ipasatakiri, ipasatakiro iroori.","Le avisó al padre, el padre se enojó, castigó a sus hijos, castigó a ella."
"Okantziri iri: “Apa, tetya noñiiri yantamintsitena yaya; pashinika, pashinika te noñiiri yantamintsatena.”","Le dijo: “Papá, nunca he visto que mi hermano me fastidió; tampoco otro hermano, no me fastidió.”"
Kantzimaintacha ikantziro: “Ninka ashitakakamiri iroñaaka pimotyatakirira?”,Le dijo: “¿Quién es el padre para que tengas tu bebé?”
"“Taan, te noyoteri,","“No sé, no lo conozco."
"pipasavaishitakari iroñaaka noyaaririka, te, te noñiiri yantamintsatena.","En vano castigaste a mis hermanos, no he visto que me fastidiaron."
"Notsipatari kameetsa, kantzimaintacha, te noñiiri yantamintsavaitena, tsikarika janta inkantavaitena, kameetsa notsipatari okanta.”","Acompañé a mis hermanos bien, no he visto que me fastidiaron en ningún lugar o me hicireron cualquier cosa, acompañé a mis hermanos bien.”"
"Okanta, okanta, opoña okantziri iroñaaka ina: “Iroñaaka pipasatakero ashinto, tema okantzi: “Iroñaakaja te yantamintsatero oyaariri, aisatzi pashininta, pashininta.”","Así pasó, luego le dijo [a su esposo]: “Castigaste a nuestra hija, pero dijo, que no le ha fastidiado su hermano, tampoco el otro hermano.”"
"Ikantzi iroñaaka iriro: “Te, aritaima iroñaaka.",Dijo el padre: “Así será.
"Te noninte osaikaje aka, ojateta tsika onintakaro ojate.”","No quiero que nuestra hija esté más aquí, quiero que se vaya donde quiere ir ella.”"
Poñaaka iroñaaka okinkitsashiryaka kooyara.,Después la chica pensó.
Okantzi: “Iroñaakataima nojatatye katonko.”,Dijo: “Quizás yo vaya hacia la altura.”
"Opokaki iroñaaka motyataki, tsikataima ikarataki oyashirite aparokoronirika, te ayotero.","Vino, pero estaba gestando, ya esta a punto de dar a luz, no sabemos cuántos meses tendría, cinco, no sabemos."
Irotaki intzimi iroñaaka eentsite.,Ya va a nacer su bebé.
"Opakaki, opoki, opoki, omaanaki niyanki avotsi, irojatzi opoki, opoki apaniroinira.","Vino, vino, durmió en medio del camino, venía, seguía caminando solita."
Iroñaaka oyaariripayera imishiyakiri irira ipasavaitakirira.,"Sus hermanos, los hizo huir cuando su padre los castigó."
Te isaikanaji ivankokira irirorite iroñaaka.,Ya no estaban en su casa tampoco.
"Iroñaaka iroori opoki, opoki, ariitakaro ovanko aparoni isha ashoshi.","Ella venía, venía, llegó a la casa de una abuela armadillo."
Irora ishara onatzi ashoshi.,La abuela era un armadillo.
"Tsika oviraka aka akantziro Totzirani, aritaima Totzirani kirinkaininta.","Donde habrá estado aquí, en el lugar, lo que decimos Toterani, tal vez abajito."
Aritaki osaikiri ovanko ashoshira.,Donde había la casa de la abuela.
"Ariitaka iroñaaka, okantapakiro: “Naakave, isha.”","Llegó, le dijo a la abuela: “Yo soy, abuela.”"
"“Aviro, nosharo.","”Eres tú, nieta."
"Tsika pipoñaaka iroñaaka, nosharo?”",¿De dónde vienes?”
“Nopoña kirinka.”,“Vengo de adentro.”
“Tsika pijateka?”,“¿A dónde vas a ir ahora?”
Okantziro: “Nojatatye katonko.”,“Voy a irme hacia la altura.‟
"Iroñaaka okantziro: “Airo,” okantzi, “pavishiro iroñaaka.",La abuela le dijo: “No vas a poder pasar.
"Ari janta katyonkoininta, ari isaikiri jainaite, ari ivavakyami.","Allá arribita en Toterani vive un hombre que come carne humana, te va a comer."
Airo pañaaji.”,"No vas a vivir, nieta.”"
"Okantziro: “Airo pijatzi, ari pisaikapaji jaka, ari noimavakimi.”","Dijo: “No te vayas, quédate aquí, voy a hacerte dormir.”"
"Poñaaka, okantziro: “Nosharo, ari pisaiki, nojatapainteta naminapainte kaniri.”","Luego le dijo: “Quédate, nieta, voy a buscar yuca.”"
"Jaitetzi, osamanitaki piyaja, aminapaintzi, aapaintzi kaniri, amapakiro iroñaka kaniri, okotsitapakiro, okantziro: “Piya, nosaro.”","Se fue, luego regresó, buscó y sacó la yuca, la trajo y la cocinó, le dijo: “Come, nieta.”"
Ovaka kooyara.,La comió la chica.
"Iroñaaka okantziro: “Airo pishiritaro pijate katonko, airo pavishi, ari katyonkoinira, ari isaiki jainaite.","La abuela le dijo: “No vayas a pensar de llegar a la altura, no vas a pasar, ahí arriba vive el hombre que come carne humana."
Te va a acabar de comer.”,Ari itsonkavakimi iyami.”
"Poña ari osaikavaitzi, osaiki, osaiki, poña okantzi: “Airo,” okantzi, “nosaiki, isha, aritaki onkantaki nojate katonko, ari noshiritarori.”","Ahí estaba la chica por un tiempo, luego dijo: “No, no me voy a quedarme aquí, abuela, voy a poder pasar, lo que yo pienso.”"
"Poñaaka, poñaaka pashiniki kitaiteri, te ayotero [te añiiro] tsika okinanaki ashoshira.","Después otro día, no la vio donde se habrá la armadillo."
Te oshinitero iroñaaka ashoshi avishi kooyara.,Ella no permitió a la chica a ir.
Okantzi iroñaaka: “Tsikaratya okinanakika isharanki?,“¿Adónde se vaya la abuela?
"Se fue, desapareció.”","Ojateta, opyaanaka iroñaaka.”"
"Okatziyanaka iroori, ojatzi, ojatzi.","Se levantó, se fue, se fue."
"Okanta, okanta oñaapatziro iroñaaka iriniro jainate, aajatzita isha.","Luego vio a la madre del hombre que come carne humana, era abuela también."
"Oñaapatziro, okantapakiro: “Naakave, isha.”","La vio y le dijo: “Yo soy, abuela.”"
"“Aviro, nosharo, tsika pipoñaaka?”","“Eres tú, nieta. ¿De dónde vienes?”"
Okantziro: “Nopoña kirinka.”,“Vengo de adentro.”
“Tsika pijateka?”,“¿Adónde vas a ir?”
"Okantzi: “Nojatatye katonko, katonko parinini.”",“Voy hacia la cabecera del río.”
"“Ari okaakitapaakini, irotaintsi pariityaro, okatonkotzi parinini.”","“Ya es cerca, ya vas a llegar, la cabecera del río.”"
"Poña iroñaaka okantzi ishara (maatsi irora oyovitzite antaroite, omoyakotzi onijaate.)","Después dijo la abuela (tenía una olla grande, ahí hacía hervir su agua)."
"Okantziro iroñaaka: “Nosharo, paakotenaro ironta, noshinkini jenokira.”","Le dijo la abuela: “Nieta, anda tráigame mi maíz que está allá arriba.”"
"Onintzi, arika ataitanaki kooyara ontsiryaakotakero ataitamentokira, onkantakotero, tsirik.","Cuando sube la chica, quería hacerla caer de la escalera, moviéndolo, track."
"Omparyaamaintapakya kooyara omoyakira nijaa, onintzi ovinkiro.","La chica se caería en la olla donde estaba herviendo la agua, quería hacerla hundir."
"Poña omavita, te okante ataitero kooyara, omavita, te.","Trató la chica, no pudo subir, trató, pero no"
Poña okantzi: “Tsikama okantatyarika?”,Dijo: “¿Cómo es esto?”
"Iroñaakaja ari okatziyatani, okantziro: “Isha, apaniroini pisaikavaitzikya?”","Ahí estaba parada, dijo: “Abuela, ¿solito vives aquí?”"
"Akanakiro: “Te apaniroini nosaikavaite, notsipayetari notomipatsaini, korakitaintsitaima iroñaaka.”","Le respondió: “No, yo no vivo solita, estoy acompañada de mis hijos, ya van a llegar.”"
Opoña okimajatziri ikaimaiyapajini tonkarinta.,Luego escuchó que gritaban allá arriba.
"Okantziro: “Korakitaji iroñaaka notyomi, ari pisaiki aka, nosaro.”","Le dijo: “ Ya van a venir ahora, aquí vas a sentarte, nieta."
"Ipokajetapajira otomipayera, ikantapajiro ina: “Teve, tekatsi noñii.","Después llegaron sus hijos, le dijeron a su madre: “No hay nada, no hemos visto."
"Tekatsi noyari, tekatsite, tekatsi kamintsainani, iroñaaka iyora ayovintsani ayari.”","No hay nada que comer, no hay nada, no hay presa, ahora está presa para comer.”"
"Okantziri iroñaaka: “Notyomi, aka noñaaki aparoni.”","Ella le dijo: “Hijito, aquí he visto una.”"
"Yakanakiro, ikantzi: “Tsika iroñaakakya?”",Le contestó: “ ¿Dónde está?”
Okantziro: “Nironta.”,Ella le dijo: “ Allí está.”
"Yaminakiki, iñaatziro, yaanakiro iroñaaka, ikantziro: “Tsame ankaate.”","Miró y la vio, se la llevó, le dijo: “ Vamos a bañarnos.”"
Ari ivakiro iroñaaka kooyara.,Ahí la mató a la chica.
"Ivakiro iroñaaka, iposainatakiro teee!","La mató, la golpeó en la cabeza teee!"
"Otsomontetatzira, ivakiro iroñaaka tsapyaaki parenini.","Cuando estaba gestando, la mató, [la llevo, la puso] cerca a la orilla del río."
"Ari ivakirori, ari itzimavintzirori, itoyetziro ovatsara.","Ahí la puso, la estaba preparando, cortando la carne de la chica."
"Ari okantatapita, aritaima ikantakarori aryaajaini atziri ashitakyaarini eentsira.","Era una laja inclinada, así habrá sido el destino acaso el dueño del bebé es una persona."
"Okantapaka iroñaaka oshinki, aanakiro parenini kooyara ivaitakirira iroñaaka, aanakiro.","Vino una oleada, se la llevó al río, a esa mujer que han matado, se la llevó."
"Se fue flotando el cuerpo de la mujer gestante, también su bebé se fue flotando.","Amaatanaki, amaatakotanaki kooyara motyanto aisatzi eentsitera, amaatakotanaki iroñaaka."
Yaminaki iroñaaka yora jainaitera.,La vio el hombre que comía carne humana.
"Tera iyotero yamaate, ishiyashitanaka otsapyaaki oparaiki parenini.","No sabía nadar, se fue corriendo por la playa del río."
"Corrió otro [su hermano], trajo un palo, trató de engancharla, ya estaba para engancharla, no pudo.","Ishiyavitaka, pashini yamaki inchakii, inintzi intsikotavairomi. Itsikovitaka, tsiko, tsiko, iro intsikotantavaijyaarorimi, te onkante."
"Ijatashita ishiritata, ijatzi, ijatzi irojatzi otsonkatapakanta oparai, te yaavajero.","Solamente caminaba por la rivera del río; iba, iba hasta donde termina la playa, no la cogió."
"Amaatanaki iroñaaka, amaatzi, amaatzi, ari tsikarika anta kirinkanta, ari aavakiri omotonkani.","Se fue flotando el cuerpo; flotaba, flotaba hasta allá, no sabemos por donde adentro; allí la cogió un remolino."
"Poña aminakiri okantakotakiri, oñaatziri apite okanta, aparoni shirampari, aparoni kooya.","Después, el remolino la revisó y encontró que eran dos seres, un hombre y una mujer."
"Naviriritatsirira iroñaaka paitachari Naviriri, aakiri iroñaaka, aitaki isaikinta icharini, ikaatapintanta.","Cogió a él que sería el Transformador, que se llama Naviriri; lo cogió en el lugar donde vive su abuelo, donde siempre se baña."
Iritaki aavajiri irisaro.,"Lo cogió, a su nieto."
"Su esposa, la abuela del Transformador, la madre de la chica estaba muy triste y recordaba a su hija y sus hijos los aquellos hizo huir su esposo cuando los castigó en vano.","Iroñaaka inara, irisarora Naviriri, inirora kooya ari ovashirivaitaka iroori, ovashitakotaro oshinto, otomipaye, imishiyakiri oimera ipasavaijetakiroranki."
Okantzi: “Tsikaratya okinanaki noshintoranki?” okikishiryavaita iroori.,Dijo: “¿Dónde se habrá mi hija?”-estaba pensando ella.
"Poña ijatataki iroñaaka oimira pareniki, iñaatziri apite eentsi iñaatsavaitaiyani impanikiki.","Después, el esposo se fue al río, vio a dos niños que estaban jugando en la arena."
Ari iñaatsavaitaiyani apiteroite.,Ahí estaban jugando los dos.
"Ikantzi ikinkishiryaka: “Tsikaratya ipaitaka, ninkaratya ashitariri eentsira saikatsirira iñaatsavaitaiyani?","Pensaba: “ ¿Qué será, ¿quién será el dueño de esos dos niños que están jugando?"
Tsame airikiri.”,Vamos a agarrarlos.”
"Ijataka iroñaaka isaikinta impanekiki iñaatsavaitaiyaninta apiteroite, itsipatavaka.","Se fue donde estaban jugando en la arena, donde estaban jugando los dos."
"Yaminaki eentsipayera, iñaatziri atziri, shintsini ishiyajetanaka, tok, tok, piinkapaki nijaakira.","Miraron los niños y vieron a una persona, corrieron rápidamente, se hundieron en el río."
"Ijataki pashiniki kitaiteri, yaminapaji, iñaapatziri.","Se fue al otro día, miró nuevamente, los vio."
"Iñaavajiri atziri, shiyajetanaja, piinkapaji nijaaki.","Lo vieron los niños, se fueron corriendo otra vez, se hundieron en el río."
Ikantzi icharine: “Tsika ankanterika airikantyaariri eentsipayera?”,Dijo el abuelo: “¿Cómo lo hacemos para agarrar a esos niños?
"Poña ikantavitaka pashini, irojatzi yatzirivetani Sankatzi.","Luego había dicho otra persona, cuando era ser humano, la Pucacunga."
Ikantzi: “Ari naajeri naaka.”,Dijo: “Voy a cogerlos.”
"Ikantzi pashini: “Te, airo okantzi airikiri.”","Otra persona dijo: “ No, no vamos a poder agarrarlos.”"
"Ikantzi iroñaaka: “Pamatavitatyeri, pintsateniri inchatyaaki vitsikatyariranki.”","Otro dijo: “ Tienes que engañarlos, cuélgale una flor fabricada.”"
"Yamashitakiniri iroñaaka inchatyaaki vitsikatyaariranki, itsatakiro shivitsaki antaro mampitsa.","Trajeron una flor que es fabricada, la colgaron con una pita grande, era el ovillo."
"Poña iroñaaka imonkaratakiro ikaratzi ikatziya eentsira, itsatakiro ovira aka.","Lo midió el tamaño de estatura del niño que está parado, lo colgó de este tamaño."
"Ipokaiyapajeni eentsipayera, iñaapatziro otsatakota inchatyaaki, ikantziro iritsiro: “Eh!","Cuando vinieron los niños, vieron colgado una flor, le dijo a su hermana: “¡Eh!"
"Chooki, paminatya inchatyaakira, tsame ayiro.”","Hermana, mira esta flor, vamos a sacarla.”"
"Eentsira iroñaaka inintzi yayiromi inchatyaakira, ivarankakiro irako, irotaki yairikantyaarorimi.","El niño quería sacar esa flor, estiró su mano, ya estaba para cogerla."
"Itzimpatapitsaitziri anta, ari okanta itzimpatapitsaitziri.","La estaban jalando ahí, así siempre la jalaban de distancia del niño."
"Poña yapiitajiro, irotaintsimi yairikeromi, eh!","Lo repitió el niño, ya estaba para cogerla."
"Ishiyapaka Maniro, tema yantaritatzira, iro yairikantavakyaarimi, shintsi ishiyanaka, piinkapaji nijaakira.","Corrió el Venado, como era grande, casí los agarraron, rápidamente corrió ― se hundieron en el río."
"Te yayiri, katzi saikantyarini.","No los agarraron, no hay nada en el interior del Venado [no hay mucha fuerza]."
Ikantzi iroñaaka Sankatzi: “Naaka aritaki nairikakeri.”,Dijo la Pucacunga: “Yo puedo agarrarlos.”
"Ijajetaki pashiniki kitaiteri, ikantzi: “Arika piñaavajeri (inintzi yairikero), pishirinkapitsateri shivitsara, shiri, shiri.”","Se fueron al otro día, dijo: “Cuando lo ven tratando de agarrar esa flor, arrima la pita.”"
"Iñaatziri, irotaintsimi yairikiromi, ishirinkapitsatziri shiriri.",Ha visto al niño como estaba arrimando la pita.
"Poña ikantziro iritsiro: “Chooki, pantaitena jaka, pairikerota iroñaaka aviroka inchatyaakira.","Le dijo a su hermana: “Hágamelo, suba aquí, tú agarrás esa flor."
Painkitakyaaro aviroka.”,Vas a agarrarla.”
Ivantaitakiro iroñaaka iritsirora.,Hizo subir a su hermana.
"Iro airikiromi inchatyaakira tema oshirinkirotyara inchatyaakira, iro airikantyaaromi, shiyapaka shintsini Sankatzi.","Ya iba a agarrar la flor, pero como están arrimando la pita, se está moviendo la flor; ya estaba para agarrarla, corrió rápidamente la Pucacunga."
"Irotaki aniitantakyaarimi iritsirora, yairikapakiro iroñaaka, yairikaitakiri irirori.","Cuando ya iba a bajar la hermana, la captaron, captaron a él tambien."
"Yaanakiri, poña ikantakiri: “Tsika pipoñaaka?","Se lo llevó, luego le dijeron: “¿De dónde eres?"
Tsika paita pantavaitziri impanekikira?”,¿Qué cosa haces en la arena?”
"Iroñaaka eentsira iyotakiri icharini, icharinira inatzi, ikantziri: “Naaka picharini nonatzi.","Ese niño reconoció a su abuelo, como era su abuelo, le dijo: “Yo soy tu nieto."
"Pipasavaishitakaro pairani ina, kokipaye pipasavaishitakari.”","En vano castigaste antes a mi madre y mis tíos, en vano los castigaste.”"
Ikantzi: “Arima.”,Dijo: “Así es.”
"“Iroñaaka aanakina ina katonko, ivaitakaro ina, ivakaro jainaite.”","“Me llevó mamá a la altura, ahí la comieron, la comió el hombre que come carne humana.”"
Ikantzi: “Arima.”,Dijo: “Así es.”
"Yamajiri iroñaaka, ikantziri: “Avirokama.”","Lo trajo, le dijo: “Ya eres tú.”"
"Poña yamajirira iinaki, ikantapajiro: “Acharini inatzira iyoka.”","Luego lo trajo a su esposa, le dijo: “Aquel es nuestro nieto.”"
"Ari opoña ikisavakaka iroñaaka, okantziri iina: “Ñaakiro pipasavaishitakaro ashinto, tema okantzi, te oñiiri yantamintsatero oyaariri.”","Se inició la riña entre ellos, le dijo su esposa: “ Ya ves, en vano has castigado a nuestra hija pero ella decía que no había visto su hermano fastidiar a ella.”"
"Ikanta, poña ikantziri: “Aritaki nosaikimotakimi pivankoki.",Después le dijo el nieto: “Me voy a quedarme en tu casa.
"Paajana iroñaaka, aritaki nosaikimotakimi.”","Me has acogido, voy a quedarme a vivir contigo.”"
Ari isaiki iroñaaka.,Se quedó a vivir.
Poña icharini iroñaaka jaitetzi isaikashivaitzi.,El abuelo se fue a poner trampas para los animales.
"Ikintzi sharo, samani, ikintzi kintsori, sankatzi, tsamiri, maaroni ikaratzi pairani tsimiriyetatsiri.","Picaba con las flechas cutpe, samaño, pucacunga, paujil, todos los aves que existían antes."
Irotaki ivakariri icharini.,Eso lo hacía comer a su nieto.
"Arika omparyaanaje inkani, osheki inintzi ijate yookatero nijaa.","Cuando llovía mucho, le gustaba a su nieto ir a botar la agua de la lluvia."
Icharini tzimatsi ivintani iyanirimashi.,"Cuando llovía mucho, le gustaba a su nieto ir a botar la agua de la lluvia."
"Ikantzi: “Ari ashirivatakyaaro kaniri nijaa,” irotaki yookatakotzi.","Dijo: “Se va a ahogar la yuca con el agua,” por eso él botó el agua."
"Yookatziro, yookatziro.","Botaba el agua, botaba."
"Poña ikanta, ikanta kimotataki iroñaaka viranaka jaka, te ishinte eentsirakya.","Después ya había crecido, ya era de este tamaño, no duro en crecer ese niño."
"Kimototakira, iroñaaka ikantakiro iritsiro: “Tsame ampiyavintajyaaro ina.”","Como ya era grandecito, le dijo a su hermana: “Vamos a vengar a nuestra madre.”"
"Ikantziri icharini: “Aani, iroñaaka nojatatye katonko tsika ivaitakaro ina.","Le dijo a su abuelo: “Abuelo, voy a irme hacia las alturas donde se la comieron a mi mamá."
Ontzimatye nompiyavintajyaaro.”,Es necesario que yo venge a mi mamá.”
"Su abuelo le dijo: “No vas a ir, nieto.","Ikantziri icharini: “Airo pijatzi, aani."
"Ari ivavakyami jainaite, osheki ivanta.”","Te va a comer el hombre que come carne humana, mucho come la carne.”"
Ikantzi: “Airo ivana.,Dijo: “No me va a comer.
"Irotaki nojatantyaari iroñaaka, nompiyavintajyaaaro ina.”","Por eso voy a ir, voy a vengar a mi mamá.”"
"Iroñaaka jataki itsipatanakaro iritsiro, ikinapaki, yariitajaro ovanko ashoshi.","Se fue con su hermana, vino por aquí, llegó a la casa de la armadillo."
Okantziri: “Ari pipoki noshari.”,"Le dijo: “Has venido, nieto.”"
"Yakanakiro ikantzi: “Jee, ari nopoki.”","Le contestó: “Sí, he venido.”"
Okantziri: “Tsika pijateka?”,"Le contestó: “Sí, he venido.”"
Ikantziro: “Nojatatye iroñaaka katonko.”,Le respondió: “Voy a ir hacia la altura.”
"Okantziri: “Airo pijatzi, noshari, airo pariita, ari katyonkoinira, ari isaiki jainaite, ari ivavakyami.”","Le dijo: “No vas a ir, nieto, no vas a llegar, ahí arribita vive un hombre que come carne humana, te va a comer.”"
"“Ah, irotaki nojatantyaari, nonintzi nopiyavintajyaaro ina.”","“Sí, por eso voy a ir, quiero vengar a mi mamá.”"
“Tsika pinkini pimpiyavintero ina?,“¿Cómo quieres vengar a su madre?
"Oshekiteni ikanta, ari intsonkatavakemi.”","Hay muchos [que comen la gente], te van a acabar.”"
"Yakanakiro, ikantziro: “Airo.",Le respondió: “No.
Noyotakiro iroñaaka tsika nonkanteri.”,Ya sé como hacerlo.”
"Ari imaapaki, okitaitamanaki jatzi iroñaaka, iñaapakiro ivanko jainaite.","Se quedó a dormir esa noche, al día siguiente se fue, y vio la casa del hombre que come la carne humana."
"Te osaiki, ojatatzi otsamavaitzi oyanirimashiki.","No estaba el hombre, se fue a limpiar su yucal."
Poña ikantzi: “Tsame ankaimakotero iroñaaka.”,Dijo: “ Vamos a llamar [a la madre del hombre].”
"Ikaimaki iroñaaka: “Ishaaa naakaveee, ishaaa naakaveee.”",Le llamó: “¡Abuelaaa! Yo soy!”
"Ikimatziro akaki: “Jooo, avirooo.","Le escuchó contestar: “¡Jooo, eres tú!"
Tsika pitzimika?”,¿Quién eres?”
“Naaka.”,“Yo soy.”
"Opokaki iroñaaka irisarora, irinirora janaite, oñaapakiri, okantziri: “Ah, ari pipoki, pisaikavaitapajetyami.”","Vino la abuela, la madre del hombre que come carne humana, lo vio, le dijo: “ Oh, has venido, tome asiento.”"
Okantakiri iroñaaka okimitakiro iriniro pairani okantziri: “Paakotaitenaro ninkini.”,"Le dijo como le había dicho a su mamá antes: “ Tráigamelo, mi maní.”"
Tzimatsi oyantziri antaro jaikini inkini.,"Tenía una canasta grande, estaba llena de su maní."
"Okantzi: “Noshari, paakotaitenaro ninkini, osaiki jenokinta.”","Dijo: “ Nieto, tráigamelo, mi maní, que está arriba.”"
"Poña imavita yantaitemi, te onkante yantaite.","Trató de subir la escalera, no pudo."
"Kantzimaintacha moyatzi nijaa oyovitziteki antaroite, akantziri pairani ayovitzite.","Sin embargo, estaba hirviendo el agua en una olla grande, lo que decimos nosotros antes „nuestra olla.‟"
Moyatzi nijaa onkantya arika intsiryaanake eentsira piinkapaki nijaakira.,"Hervía el agua para que cuando se caiga ese niño, se meta directamente donde está el agua."
"Imavita yantaite, te onkante yantaite, tema Naviririra inatzi.","Trató de subir la escalera, no pudo porque el Transformador es."
"Iroñaaka tsikarika okantzimotakiro, iroñaaka ishara ataitanaki iroñaaka.","Cualquier cosa le habrá pasado a la abuela, ella se subió."
"Okantzi: “Naakatya ataitatsini, naavakita inki pivapakyaari.”","Dijo: “ Me voy a subir, voy a sacar mi maní para que tú comas.”"
"Okantya okovi ompavakiri inkinira ivapakyata, iyenkatanakityeri.",Quería darle de comer su maní para que se engorde y tenga grasa.
"Iroñaaka ataitanaki ishara, iroo oviravitanaka jeñokini, itsinkakotzimaintaro antaimintokira, tsinik.","Cuando subió, estaba a media altura, la empujó de la escalera."
"Okantaka piinkapaki omoyakira nijaa ishara, piinkapaki iroñaaka.","[Se ladeó] y se cayó donde estaba hirviendo el agua, se hundió."
"Poña ipyaayetakiro oporyaanikipatsaini, akopatsaini iyaanipatsaini.","Después la convirtió en muslitos, manitos pequeños."
Moyakotaki iroñaaka.,Los hirvió.
Ikantziro iroñaaka iritsiro: “Amatakiro iriniro.,Dijo a su hermana: “Ya lo hemos conseguido con su mamá.
Korakitaintsi otomipaye.”,Ahora vienen sus hijos.”
Ikantziro iritsiro: “Paanakinaro omaatsaraka anta inchaponkitzikinta.”,"Le dijo a su hermana: “Ponla su cushma allá, en ese tronco.”"
"Iroñaaka osatekapaintziro oyanirimashikinta, ari osatekapaintziro.","La llevó y la colocó donde estaba el tronco en su yucal, ahí la colocó."
"Yaminaki, ikantzi: “Oh, osheki oyanirimashi iroñaaka, tsame ankaimakotero.”","Miró y dijo: “Oh, tiene bastante yuca, vamos a llamarla.”"
Ikaimakotakiro: “Ishaaa!”,La llamo: “¡Abuelaaa!
Ikimatziro akanaki: “Jooo!”,Escuchó contestarle: “ Joo!”
"Ikantzi: “Arive, kameetsataki.”","Dijo: “ Muy bien, está bueno.”"
Aritaki yakakiro inchaponkitzira.,Ya lo hizo hablar el tronco.
Ikantzi: “Tsame amanya iroñaaka.”,Dijo: “Vamos a escondernos ahora.”
"Ataitanaki iroñaaka shiramparira, shero, shero, ivankopashikira irojatzi otavantokinta.","Se subió ese hombre, escondió en las hojas de la casa hasta la cumbrera."
Ari isaantapakari.,Ahí se metió.
"Poña ikantziro iritsiro: “Intsitya paminina iroñaaka, arika piñaakina.”","Le dijo a su hermana: “A ver, búscame, si me vas a encontrar.”"
"Iritsirora ataitanaki, aminiri, okantavitari, sherori, sherori, sherori, okimashitari iñaavaitzi anta.","La hermana subió, lo buscó, solamente escuchó lo que hablaba."
"Okantakovitari, sherori, sherori, sherori, te oñiiri.","Levantó otras cosas, no lo vió."
"Shitovashitanaja iroñaaka, okante te, te oñiiri.","Se salió, no lo ha visto."
Ikantziro: “Intsitya avirori.”,"Le dijo: “A ver, tú ahora.”"
Iroñaaka ataitanaki iroori iritsirora aajatzi iroori.,"Subió ella, su hermana."
"Ha ido a buscarla, igualito no la vio.","Ijavitaka yaminiro, te iñiiro."
"Ikantzi: “Kameetsataki, iroñaaka, aritaki amatakiri jainaite.”","Dijo: “Está bien, vamos a terminar al hombre que come carne humana.”"
"Osamani ikimaiyatziri iroñaaka ikaimaiyapajini: “Oooo, aaaa, oooo, eeee!”","Después escucharon que gritaban sus hijos, llamaron: “¡Oooo, aaaa, ooo, eee!”"
Ikaimapajiro iriniro: “Inaaa!”,Llamaron a su mamá: “Mamá!”
Ikimatziro akanaki: “Jooo!”,Escucharon contestarles: “ ¡Jooo!”
Ariitajetapaja.,Ya llegaron.
"Yaminapaji, ikantziri iririntzi: “Iyee, paminatya.","Uno miró y le dijo a su hermano: “ Hermano, ¡mira!"
Paita okotsitziri ina?”,¿Qué cosa está cocinando mamá?”
"Yaminaki, iririntzi ikantzi: “Shoo, paita komintsakiro?”","Su hermano miró y dijo: “Rico, ¿qué cosa nos dió?”"
"Ityaarinkakiro, iñaatzi oitzipatsaini, oporyaanikipatsaini, ovirayetaka aka.","Removió la olla, ahí vieron piecitos, muslitos que eran pequeños."
Ishiyakavintakiri eentsipatsaini oporyaanikipatsaini.,"Se asimilaron a niños, los muslitos."
"“Arive,” ikantzi.","“Muy bien,” dijo."
“Intsitya tsame ankaimero ina.”,"“A ver, vamos a llamar a mamá.”"
Llamó: “ ¡Mamá!”,Ikaimakotakiro: “Inaaa!”
"Ikimatziro akanaki, okantzi: “Oooo!”",La escucharon decir: “¡Ooo!”
“Otsamaitatziro oyanirimashi.”,“Está limpiando su yucal.”
Ikantziri iririntsi: “Pinkaimakotero avavakyata.”,Dijo a su hermano: “ Llámala para comer.”
"Ikaimakovetaro, te akanake.","La llamaba, no contestó."
"Ikimatziro okantzi: “Piya jara, irotaki nontsampishiriro notsamairika.”","Luego le escucharon decir: “Coman ahí, ya voy a terminar mi trabajo.”"
Poña ikantzi: “Otsonkatanakityero otsamairi.”,Dijo: “Va a terminar su trabajo.”
Iroñaaka ikantzi: “Tsametya ayete avavakyata.”,Dijo: “Vamos a servir para comer.”
"Iyetaki opori, oshempa.","Sirvieron su muslo, su brazo."
"Ikimashitaka jenokinta: “Sherik, sherik, ivakaro irinironta.”",Escucharon a alguien diciendo arriba: “Ya comieron a su mamá.”
"Yaminakovitaki, manajetaka eentsipayenta jenokinta.",Miraban pero estaban bien escondidos los niños encima del techo.
"Poña yapiitajiro, ikantzi: “Shire, shire, shire, ivajaro irinironta.”",Repitió de nuevo: “Ya comieron a su mamá.”
Ari ishirontajetaiyani otomipaye.,Ya comenzaron a reírse los hijos.
"Poña ikimavaki pashini, ikantzi: “Paita, tsika ikantzika yoka?”","Después, otro escuchó, dijo: “¿Qué cosa dice esta persona?”"
(Paita ipyaakari?,(¿En qué se convirtió?
Ipyaakari pitziro.),Se convirtió en grillo.)
"Ari imairyatzi, poña ikantzi: “Shiri, shiri, shiri, ivajaro irinironta.”","Se quedaron en silencio, luego dijo el grillo: “Se comieron a su mamá.”"
Ikantzi: “Pinkimitya ikantzika ivajaro iriniro.”,"Dijo: “Escuchen, dice que se comió a su mamá.”"
"Ikantziri iririntzi: “Intsitya, iyee, pintyaarinkirotya.”","Le dijo a su hermano: “A ver, hermano, remueva la olla.”"
"Yaaki inchakii, ityaarinkakiro, iñaatziro oito menkotzi iriniro.","Cogió un palo, removió la olla, y vieron la cabezota de su madre."
"Ikantanaki: „Ñaamintsa, iyee, ivakajairo ina iroñaaka.","Dijo: “¡Qué barbaridad, hermano, nos ha hecho comer a nuestra mamá."
Tsikaratya ipaitaka iroñaaka?”,¿Quién será este?”
Shintsitanaki yaminiri iroñaaka.,Empezaron rápidamente a buscar.
"Ikantakovitari, shikiri, shikiri, te, te iñiiri.","Lo buscaron, no, no han visto."
"Yapiitakovitari, shikiri, shikiri.",Buscaron de nuevo.
Manapirotaka eentsipayera.,Estaban bien escondidos los niños.
Poña ikantzi: “Tsame antaakoteri.”,Dijo: “Vamos a quemarlo.”
"Yaaki paamari, itsirikakiro, itaakotakiri, morikanaki, tek, tek.","Sacó fuego, prendió la casa, ardió el fuego."
Iñaatziri yaranaka pitsirotakya.,Vieron volar un grillo.
"Irotaki impasatavakirimi, irotaki impasatavakirimi.",Trataron de golpearlo muchas veces.
Montyanaka intatzikironta.,Cruzó al otro lado del río el grillo.
"Iñaatziro pashini iroñaaka, iritsiro.","Vio el otro grillo, su hermana."
"Irotaki impasatavakiromi, irotaki impasavakiromi.","Casí lo golpean, casí lo golpean."
Jataki iroori intatzikironta.,Cruzó también al otro lado del río.
"Okantaranki jara Totzirakinta, ari jatakiri intatzikironta.","Es por allá, en Toterani, allí cruzaron al otro lado del río."
Ari isaikapaki iroñaaka Naviriritatsira.,Ahí se quedó el Transformador.
"Poña ikantziro iritsiro: “Ñaakiro, chooki, amatakiri iroñaaka; avakajiri iriniro.","Luego le dijo a su hermana: “Has visto, hermana, ya lo vencimos, hicimos comer a su mamá."
Iroñaaka apirateri [antsonkateri].”,Vamos a terminar con todos.”
"Iroñaaka itsokaki ishimityoki, ikantaki: “Afuu!”","Jaló su pestaña, dijo: “Así sea.”"
Iñaatziro otsanaka antaro pampyaamentotsi irojatzi intatzikironta.,Vio colgado un gran puente hasta el otro lado.
"Ikantzi iritsiro: “Chooki, iroñaaka apirateri ovakarori ina.”","Le dijo a su hermana: “Hermana, vamos a terminar con los que han comido a mamá.”"
Iñaakiro iroñaaka otsatakotanaka pampyaamentotsi antaro inchato.,Vieron ellos un puente colgado que era un palo grande.
Montyajetaka jainaite.,Cruzaron [por el puente] los hombres que comen carne humana.
Inintzimi ivyari.,Querían comérselo.
"Iro iviravitaka niyanki, ankante, iro yaatzimatantyaari, ikantakotzimaintari, tarok,itsonkakiri, ivinkakiri.","Cuando ya estaban por el medio del puente, vamos a decir, van a llegar al otro lado, volteó al puente, acabó de hacerlos hundir."
"Maatsi aparoni kooya motyanto janaite, irotaki avisakotatziri.","Había una mujer embarazada del hombre que come carne humana, ella es la que se salvó."
"Oyotziro amaatzi, pashinipaye tsonkataka ikamaki.","Ella sabía nadar, otros se acabaron de morir."
"Ikantziro iroñaaka iritsiro: “Ñaakiro, chooki, amatakiri iroñaaka, atsonkatakiri, apiratakiri.”","Le dijo a su hermana: “Has visto, hermana, hemos logrado terminar, los hemos terminado.”"
"Iroñaaka iritsiro Shimashiri, irotaki iritsiro okaakini, irotaki itsipatakari pairani.","Su hermana Shimashiri (Hoja de Pescado) era su hermana cercana, estaba con ella durante mucho tiempo."
"Tzimatsi okaratzi mava iritsiro Naviriri iroñaaka: Shimashiri, oka Mishaa, poña Savori, ari okaratzi mava.","Tenía tres hermanas Naviriri: Shimashiri (Hoja de Pescado), Mishaa (Capirona), Savori (Espina), eran las tres."
"Iritsiropiro okaakinipiro irotaki Shimashiri, okaratzi otsomontetakiri iriniro.","La más cercana era Shimashiri (Hoja de Pescado), con la que estuvieron en el vientre de su madre."
"Ikantakiro iroñaaka iritsiro: “Amatakiri iroñaaka, tsame ajate katonko.”","Le dijo a su hermana: “Ya los hemos terminado, vamos a la parte alta.”"
"Pokaki iroñaaka, ariitaka jaka, antaritanaki, antaritaki.","Vinieron, llegaron aquí, ya crecieron, ya eran grandes."
"Tzimatsi aparoni, ikantziri icharini, ipaita Poiyotzi, iritaki itsipantari.","Había una persona a quien le decía que era su nieto, se llamaba Poiyotzi (Cabeza Blanca), él era su compañero."
Ari intanakari iroñaaka ipyaajetanaki arika iñaapaki.,Comenzó a transformar a otras personas cuando las veía [cuando iba a otros lugares].
“Tsika paitarika?” inkantaki.,“Qué cosa?”- va a decir su nieto.
"“Afuu, pimpyaa inchaponkitzi!”","“Así sea, conviértete en tronco del árbol.”"
Pyanaka inchapontso.,Se convertía en tronco de un árbol.
"Arika iñaapakiri aparoni ashaninka atsovaitatziri akantziri intsiki, pamaaki yantaitakovaitziro, inkantapakiri: “Afuu, koshiri pimpiya.”","Cuando veía a una persona paisano que chupaba lo que decimos fruitilla y chimiqua, y se subía, decía: “Así sea, un mono serás.”"
"Pyaanaka koshiri, kaimanaki ju, ju, ju.","Se convertía en mono y gritaba ju, ju, ju."
"Tsika ijate, tsika paita iñaapaki, ari inkantya, ari inkantya.","Donde iba, lo que veía, así será."
"Arika yaminaki, inkantaki: “Aani, paminitya.","Cuando miraba algo su nieto, decía: “Abuelo, ¡mira!"
Paita saikatsirinta?”,¿Qué es lo que está sentado ahí?”
"Inkantaki: “Afuu, ari pimpyaaitya!”","Va a decir: “ Así sea, así conviértete.”"
"Pyaanakami, ipyaakimi.","Te convertías, ya te convirtió."
"Ari ikantatya, irotaki osheki ipyaaki atziri.","Así era, ya transformó a muchas personas."
Ari okaratapaki noyenkitsari.,Así termina mi cuento.
NAVIRIRI,NAVIRIRI
"Naviriri okanta, ankinkitsatakoteri Naviriri irirori; Naviriri antari ipiiri atziripaye, osheki ipiiri, tsika paita inkantapaintya.","Naviriri así, vamos a hablar sobre Naviriri; Naviriri transformaba a personas mucho, las mucho transformaba en cualquier cosa que sucedía."
"Tzimatsi icharini, ipaita Poiyotzi, ikiiri, ikiiri, arika impitsokaki icharini itapiki yamini itapiki; tsika paita iñaari, inkanteri: “Aani, tsika paita pokatsiri?”","Tenía un nieto que cargaba, se llamaba Poiyotzi (especie de ave), lo cargaba, lo cargaba, cuando se volteaba su nieto de su espalda, miraba; cuando veía alguna cosa, le decía a su abuelo: “¿Qué cosa es lo que viene?”"
"Inkante: “Aj, yoka inchato,” pyaanaka inchato.","El abuelo contestaba: “Ah, este palo es,” se convirtío en árbol [a la persona que se acercaba]."
Ipitsoka tsika paita iñaarai.,[Su nieto] se volteaba cuando veía a nosotros.
Arika ankivanteri ivankoki tsaanki (shintsini) ashiyapaki asaikapaki ivankoki.,"Cuando vamos a visitarlo en su casa, rápido debemos correr y sentarnos en su casa."
"Ikimita iroñaaka eero ipyaaje, eero iñaavakai icharini ikiirira Poiyotzitatsirira.","Como ahora no nos puede convertir, no nos ha visto a su nieto lo que él cargaba, llamado Poiyotzi."
"Aparoni iritsiro ikantaitziri Savorotsa, te añiiro savori, iroñaaka otyaankakiri otomi, apite otomi.","[Tenía] una hermana que le dicen Savorotsa (Bejuco Espina), ya no la vemos ahora, ahora los envía a sus hijos, dos hijos."
Okantzi: “Piñiiteri pikonkiri ishinkitakotaityanaja.,Dijo: “Anda visíten a su tío que venga a emborracharse conmigo.”
Pijatatyeri shintsini.”,Deben ir rápido.
"Te isaiki Poiyotzi, ishintsavaitatzi ityoshikite, ikanta ishiyanaka shintsini.","No estaba Poiyotzi, estaba ensartando sus semillas de pini-pini, los hermanos corrieron rápido."
"Ariitapaka okaakini kokitya: “Sheeteni, koki!” “Aviro”, ikantzi, “je, ari, pipoki paita?”","Llegaron cerca a su tío: “Buenos tardes, tío!”, “¿Eres tú?‟ dijo; “Sí, ¿qué cosa?”"
"“Tekatsi, ari nopoki.”","“Nada, así vinimos [para visitarte]."
"Okantzi ina: “Pirakotaitena, maatsi irora pyaarentsi.”","Dice mama: “Acompáñame, hay masato.”"
"“Ari, je,” koraki. “Tsame.”","“Bien, sí,” acercó, “vamos.”"
"Piyajetanaja, shiyajetanaja.",Volvieron corriendo para que no se conviertan.
"Ipiyashitaro, paitaranki, iñaapakiro intsipa.","Volvieron de inmediato, vieron un árbol de pacay."
"Ari yataivaitapaki, yataivaitapaki, itsovaitzi, yookiniro iritsiro.","Allí subió, subió, chupaba el pacay, aventaba los frutos de pacay a su hermana."
"Maatsi iritsiro, ari okatziya kooya, ayi intsipa yookinirori.","Tenía una hermana, allí estaba parada la mujer, recogía los frutos del pacay que su hermano aventaba."
"Yookiniro pok, pok.","Los aventaba pok, pok."
"“Piñaavakiro, chooki, piñaavakiro, chooki.”","“Míralo, hermana, míralo, hermana.”"
"Yookiniro, opiyotatzi, opiyotatzi.","Los aventaba, y ella los amontonaba, amontonaba."
"Opoña iroñaaka pokaki irirori, ikyaanakiri charini, ikyaanakiri.","Después, vino él [tío], cargó a su nieto en la espalda, lo cargó."
"Yareetakapakari, ikimapakitzi, jek, jek.","Llegaron donde estaban sobrinos, escucharon jek, jek."
Ari oiyota iroo.,Allí estaba agachada ella [la hermana].
"Yaminivaitzi, iñaapatziri isaiki jenoki.","El nieto estaba mirando, lo vio sentado en la parte alta."
"Ikantzi: “Aani, tsika ipaita irinta saikatsiri jenoki?”","Dijo: “Abuelo, ¿qué cosa es allí sentada en la parte alta?”"
"“Aaj, irora tsika paita koshiri.”","“Ah, este, que cosa es, mono.”"
"Pyaanaka iroñaaka eentsi koshiri, pyaanaka, ikantanaki: “Ja, ja.”","Se convirtió ahora el niño en mono, dijo: “Ja, ja.”"
"Shiyanaka, shikit, shikit.","El hermano se escapó entre las ramas shikit, shikit."
Ari yavisapitsatanakiri.,Allí él escondió de Naviriri.
"Ari janta iñaapatziro iritsiro, okantavakiri.","Allí Naviriri se encontró a su hermana, ella le dijo."
“Ari piñaavakiri pitziniri?”,“Has visto a tus yernos?”
“Je.”,“Sí.”
“Tsika iroñaakakya?”,“¿Dónde están ahora?”
"“Ari janta, itsovaitanakitzi chochoki intsipakipaye, korakitaintsi.”","“Allí se chuparon los frutos de pacay, ya van a venir.”"
“Aaj.”,“Ah.”
"Oyotakiri, okantziri: “Ari te pimpiitenarikya?”","Ella ya sabía, le dijo: “No me lo has convertido en algo?”"
"“Te nompiitemiri, chooki, korakitaintsi.”","“No lo he convertido hermana, van a venir.”"
"Oshavinika, ooyavitari, ooyavitari, te impoki.","Más tarde ella los esperaba en vano, no venían."
Okanta okisaka: “Naminaterita.”,"Por eso ella se enojó, [dijo]: “Voy a buscarlos.”"
"Ojatzi oirinka, okimapatziri ikaimiro iritsiro: “Piñaavakero, chooki, piñaavakiro, chooki.”","Se fue hacia abajo, escuchó a su hijo que llamaba a su hermana: “Mírala, hermana, mírala, hermana.”"
"Okisatya iroori, ari okaimanaka iroñaaka: “Nooyakotakimi, shetyaki.”","Estaba enojada, le gritó ahora: “Yo te he esperado mucho tiempo, ya es tarde.”"
"Yaminanaki: “Ja, ja, ja.”","El hijo miró a su mamá, [dijo]: “Ja, ja, ja.”"
"Opyaapirotakiri otomi, koshiritanaki otomi.","Acabó de convertir a su hijo, ya es el mono su hijo."
"Amini, oñaatziro ishinto, ari okatziya, amini omairikyaataki.","Miró, vio a su hija, allí estaba parada, estaba mirando en silencio."
“Paita pantziri avirori?”,“¿Qué haces tú [también]?”
"Opyaakiro shirintsi, aranaki jaitetzi, pyaaka oyaariri koshiri, iroori pyaaka shirintsi, shirintsitanaki.","La convirtió en perdiz, se fue volando; su hermano se convirtió en mono, ella se convirtió en perdiz, ya es perdiz ahora."
"Opokaji iritsiro, oñaapatziri isaiki, okisapakiri.","Regresó la hermana de Naviriri, lo vio sentado, estaba enojada con él."
"“Aari (yaya), pipiitakinari pitziniri.”","“Hermano, me lo has convertido a su yerno.”"
"Ikantzi: “Te nompiitemiri, chooki.”","Dijo: “No te los convirtió, hermana.”"
"“Aviroka kantashitakari, pikantavitakami: “Ari impokai.””","“Tú tienes culpa, me había dicho: “Van a venir.”"
"Okisaka iritsiro, amaki inchashi tyontyoki, opichovaki ovyaariki, opichovakiniri, opakotakiri.","Estaba enojada su hermana, trajo hierbas de tyontyoki, las exprimió en su masato, las exprimió para su hermano, le dio de beber."
Shinkitakave!,¡Se embriagó!
"Okantaranki, okantakiri iroñaaka oime.",Ahora le dijo ella a su esposo.
"Oime ashoshi okantakiri: “Pinkiyashiteri aari kirinka, tsame ankitateri.”","A su esposo armadillo le dijo: “Escarba para mi hermano hacia adentro, vamos a enterrarlo.”"
"“Ankitateri, tsame.”",“Vamos a enterrarlo.”
"Jataki kirinka, ikanta ijataki kirinka, yamaki tek, tek, yamaki osheki kipatsi, kit, kit.","Se fue adentro, mientras se fue adentro, trajo tek, tek, trajo mucha tierra kit, kit."
"Okanta avitsanotziri iroori, ookajiri, pok, ookajiri, pok.","Mientras ella abrazó a su hermano, lo empujaba [para hacer caer] pok, pok."
Opantsakairi: “Okantatyeni ontsitenitatyemi.”,Lo hacia cantar: “La canción va a decir: “Porque no vienes noche.”
"Ampantsai, aari.”","Vamos a cantar, hermano.”"
"Ikantzi iroñaaka, ipantsairo, ikantziro: “Tsirini vari,” ikantzi Naviriri iroñaaka.","El decía, él cantaba, le él decía a ella: “Porque no está de noche,” decía Naviriri."
"“Te, aari, onkantatyero kitaitanaji, ankitaitakotajeta,” ari okantziri.","“No es así, hermano, vas a decirlo así: “Ya va a amanecer, para amanecernos,” así le decía ella a él."
Iri ikantzi: “Tsirini ivariri.”,Él decía: “Porque no está de noche.”
Ari okantzikya akiri.,Así ella le contestaba.
Opoña okantziri oime: “Ari pishitovaje aka.”,"Después, le dijo a su esposo: “Aquí vas a salir.”"
"Ovatsikaki aparoni chakopi, okimiro ton, okimiro ten.","Puso una flecha en el piso, lo escuchó el sonido interno ton, lo escuchó ten."
Iro okaakitanaki iroñaaka.,Ya está cerca ahora el armadillo.
Irotaki oshonkaka.,Ella lo hacía dar vuelta.
"Opantsakairi, opantsakairi.",Lo hacía cantar muchas veces.
"Opoña apiitakiri, osanaryaakotakiri, sanarik.","Después, lo hacía dar vuelta nuevamente, se derrumbó, sanarik [y él cayó en una trampa que fue sacada adentro por el armadillo]."
"Kyaanaki, jaitetaki intsompai Naviriri.",Se introdució hacia el fondo Naviriri.
"Isaiki yoiyota, isaiki, iñaapatziri iraniri ikiyakiro.","Allí estaba sentado agachado, luego vio a su cuñado que había escarbado para él."
"Ikantziri: “Ani, aviroka ivasankitakina, ovasankitakina chooki.”","Le dijo: “Cuñado, eres tú que me haces sufrir, [también] me hace sufrir mi hermana.”"
"“Ari, tsame, eerove, tsame ashitovaje anta, maatsi ashitovaje kirinka.”","“Bien, vamos, no es así, vamos a salir allá, hay un lugar donde salir del fondo.”"
Ikantzi: “Je.”,Naviriri dice: “Sí.”
"Yaanakiri anta, yaanakiri.","Lo llevó hacia adentro, lo llevó."
"Ari anta niyanki, ari imaapaki.",Allí en el medio del fondo Naviriri se quedó dormido.
"Ishitovajita iroñaaka irirori, ari yamatavitanakiri iraniri.","Va a salir el armadillo, lo engañó a su cuñado."
"Ari yookanakiriri niyanki kipatsi, ari yookanakiri.","Allí lo dejo en el centro de la tierra, allí lo quedó."
"Ikantzi: “Ani, aate ani, ani.”","Naviriri decía: “Cuñado, cuñado.”"
Te iraki.,No contestó.
"Shitovaji iriro, shitovaji irasankini anta, shitovaji pok.","Salió él, salió su corazón hacia afuera, salió pok."
"Ikantzi, ipyaakiri etzi: “Etzi pinatye, ari onkantaitatyeya pimaye intsompai, pimaye kipatsiki.”","Decía, lo convirtió en armadillo: “Vas a ser un armadillo, así siempre vas a dormir adentro de la tierra.”"
"Shitovaji iraniri, shitovaji.",Salió hacia afuera su cuñado.
Oñaatziro iritsiro yachovakitapaji irirori.,"Lo vio la hermana de Naviriri, él [el armadillo] tenía un hocico largo."
"“Je,” ipiitanakiri iraniri: “Ipaitari?”","“Je,” Naviriri convirtió a su esposo, su cuñado: “¿Qué cosa?”"
"Opoña ojatashivetakari iritsiro, okovi onoshikajirimi, okantaitzi (antaro kinkitsarintsi onatziri).","Después, se fue en vano su hermana, quería jalarlo, dicen (el cuento es grande)."
"Aashitakiri ampee, otsatyaki, tok, tok.","Sacó lana del algodón, se empató tok, tok."
"Ovayitakiro, ominkyaakiniri, onoshikajiri, onoshikairi.","La puso, la introdujo en el fondo para él, jaló a su hermano, lo jaló."
"Iro irakotantajyaarimi, ari tsatik, intsompoi aisatzi ipiyanaja.","Pero cuando él iba a alzar su mano, allí se rompió la lana tsatik, de nuevo volvió el fondo Naviriri."
"Oñaatsanintakari, onoshikavitari, aisatzi ipiyanaja, onoshikavitari, onoshikavitari, aisatzi ipiyanaja.","Estaba jugando con él, lo jaló, también [de nuevo] regresó al fondo, lo hizo muchas veces."
"Kisapaka irirori, ari ipyaakiro: “Savori pinatye, ari onkantaitatya pimpyaa, pimpyaa.","Se enojó él, la convirtió en savori: “Espina vas a ser, así siempre vas a perderte."
"Piyotero arika omparyaantzitanai, opyaatya savori.”","Vas a conocer cuando comienza a llover, se está perdiendo la espina.”"
"Opoña yaminaki icharini, ikarajetzi savaro, tsimiripaye, erotzipaye.","Después miró [la gente] a su nieto, estaba con loro papagayo, pajaritos, loro aurora."
Ikantzi: “Ya.”,Dice la gente ahora: “Ya.”
"Ikantzi: “Tsame onkaakoteri,” inoshikero pareni.","Poiyotzi dice:“Vamos a llenar agua,” quería jalar el río."
"Nokimakovintziro pairani, ikantziri nocharine, maatsi ikantaitziri Tsamirimenta.","He escuchado comentarios antiguamente lo que decía mi abuelo, hay un lugar que lo llaman Cresta de Paujil."
"Ikantzi inoshikiro otzishi yookeromi, inavita aka.",Quería jalar un cerro para derrumbarlo para que den la vuelta por aquí.
"Inoshikavitakaro, inavita.",Lo había jalado [quería cerrar el pase del río y hacer inundar].
Opoña Kirii iroñaaka yoirinkanaka oyaatakiriri.,"Después, el Pifayo Chonta caminó bajando; lo siguieron."
"Iñaapatziri antari kirii, iñaapatzi itzimpatziro otzishika.","Vieron una tremenda chonta, la vieron jalando un cerro."
Iroñaaka te oñeero tsika onkinapaki; inintzi inkinterimi.,No sabían por donde iban a pasar el cerro lo que vieron; le querían picar [a Poiyotzi] con sus flechas.
"Ikantzi: “Eero, eero povana, naaka osheki iñaamataitana.”","Dijo [Poiyotzi]: “No, no me mates, les gusta a mí.”"
"“Ari, je, tsame.”","“Entonces, vamos.”"
"Yamajiri, ikinakapajiri, ikinajiri.","Lo trajeron, lo hicieron caminar por acá."
"Pikimavitaka kishiitarikinta, osaiki kirii niyanki.","Has escuchado por Mariscal Cáceres, hay una chonta en el medio del agua."
"Ari ipaikakiriri, ikantzi, ari ipaikaitakiriri, apite ikanta, Cheenkaro opoña Kirii.","Allí lo clavaron, luego dijo, allí lo clavaron dos personas, Pallar y Chonta."
"Ikantanaki, iroñaaka maaroni ikantanaki: “Arika pimpokate, apaata piyomarotero mava kitaiteri, pamenaatena.”","Ahora les dijo, a todos les dijo: “Cuando vuelva otro día, van a contar tres días, vengan para que me vean.”"
"Ipokaki ivavisakiniri aparoni kitatiteri, apavakoroni kitatiteri.","Vino, había pasado un día; dos días más; cinco días habían pasado."
"Ivavisakiro, yaminapaki antaro inkaarive!","Cuando lo vieron, uuj, ¡una inmensa laguna apareció!"
"Inkaari irira, oshitovanakira iriraani.",Esta laguna fue el sangre [de Poiyotzi] que salió de su cuerpo.
Yaminapaki uuj antari monkitzi isaikakira.,"Cuando miraron, vieron colgado una tremenda chonta donde estaba sentado."
"Tsika onkantya aantakyaarori, tsika onkantya amontyaantari? Tekatsi.","¿Cómo podemos sacarla, cómo podemos cruzar la laguna? No hay nada con que cruzar."
"Potsoyevitanaka añaantariri ipotsoyeta, iroñaaka tsimiripaye ipotsoyeta kapichi.",Ya se habían pintado; por eso vemos ahora los colores de los pajaritos un poquito.
"Savaropaye, savaro itsitziyashitzi, aparoni itsitziyaki.",El papagayo se zambulló una vez [por eso mantiene sus colores].
"Poñaaka ikantaitziri „tsiyontzi‟(tsikontzi), itsitziyanaki irirori, ishitovanaki uuj!","Ahora este, que lo llaman tsiyakontzi también se zambulló, luego salió"
Kiteve kameetsa ikantaranki!,"bien hermoso, brillante como es."
"Ikantzi: “Napiitaperotavajyata, napiitaperotavakya, te nonkoñaaperote.”","Dijo: “Voy a repetir zambullirme, todavía no me vio bien.”"
Iñaatziro ikamaratanaki.,"Se zambulló, cuando salió, vio su plumaje convirtió en marrón."
"Itsainki, ñaakiro atziri inatzi itsainkari, itsainkakiri, osheki itsainki, aaj.",Así como ahora desobedece.
Ari otsonkapa ñaantsi.,Hasta aquí termina mi idioma.
SHERIPYARI IPYAATZIRI MAPI,EL TABAQUERO QUE SE CONVIRTIÓ EN UNA ROCA
Iroñaaka nokinkitsatakotavakeri yora manitzi.,Ahora voy a contarle acerca del tigre.
Ikanta pairani ipokantakari yatsinakantaitakariri mapiki.,Cómo lo aplastaron con una roca cuando estaba en estos lugares.
"Ipokaki iroñaaka ipoña kirinka ovantachari, ovariri asheninkapaye.","Vino desde río abajo, este, comía carne humana."
"Ikanta iroñaaka yora ashoshira ovitsikaki, ikantakiro iritsiro: “Pivitsike iroñaaka yorave pyaarentsi, ashinkityata.”",El personaje armadillo le dijo a su hermana: “Prepara ahora masato para emborracharnos.”
"Iroñaaka saikayetatsiri aka sheripyaripaye, ikantziri: “Tsame ashinkiteri, itsonkaikari, itsonkirikari asheninkapaye.”","Los tabaqueros que vivían aquí le dijeron: “Vamos a emborracharlo para que no nos acabe, si no, los va a acabar a todos nuestros paisanos.”"
Ishinkitaitakiri iroñaaka manitzira.,Le hicieron emborrachar ahora a este tigre.
"Ikanta ishinkitakeri, iroñaaka ashoshira kiyaki iroori.","Mientras emborrachaban al tabaquero malo, el armadillo escarbaba un hueco."
"Ikanta, ikanta ipokaki iroñaaka Naviriri, ikantziri: “Pishinkiteri.”",Luego vino Navireri y dijo: “Emborráchalo.”
"Ikantziri: “Ani, tsame ashinkitya.”","Después, le dijo: “Cuñado, vamos a emborracharnos.”"
"Ishinkitakeri, aakiri ishinkiro.",Tomaron tanto hasta no poder mas ponerse de pie.
Yaanakiri iroñaaka omoronaki.,Lo condujeron al hueco.
Manitzira te inintavetya.,El tabaquero tigre no quería ir.
Tsañatsañavaitaka.,Hizo esfuerzos para no ir.
"Ikantziri: “Tsame ani, ari amayeri.”","Su cuñado le dijo: “Cuñado, vamos a dormir.”"
Iyovetaka manitzira yamatavetaitatziri.,El tigre sabía que lo estaban engañando.
"Ikanta yaanakiri, yakatsanakiri, ari anta imisaantapakiri.",Lo llevaron por los brazos hasta introducir en el hueco.
Tsañatsañavetaka.,Hacía esfuerzos para salir.
"Ipokaki Navireri, ishirinkapakiro atsinakapakiri impereta.","Llegó Navireri, arrimó la roca y lo aplastó, al tigre."
"Apaatziro isaiki, iroñaaka ipyaatakiri mapi.","Allí se quedó, lo convirtió en una roca."
Airorika iroñaaka itsonkajetakaimi.,"Caso contrario, ya nos hubiera comido a todos."
"Te ininteri virakocha, ikantzi: “Airo nojatzi katonko, saikatsiri katonko shitzivari inatzi, osheki ivari shivoya.","El tigre no quería comer la carne de los blancos, dijo: “Voy a ir al río arriba, arriba los que viven en la parte alta apestosos son, mucho comen cebolla."
Avirokaite aka osheki piposhinijetzi.”,Ustedes de aquí son ricas [la carne de los ashaninkas es rica].”
Ari ikantzi sheripyari poñaachari kirinka.,Así dice el tabaquero que vino del río abajo.
Ari okaratzi nokantziri.,Es todo lo que digo.
YATZIRIVETANI PIIRI,CUANDO EL MURCIÉLAGO ERA UNA PERSONA
Piiri iroñaaka pairani yatziritzi irirori mayempiri inatzi.,"Cuando el murciélago era persona, era un mujeriego."
"Mayempiri inatzi, ikantero kooya irorave intaryaavaitero, yasankantavaitero tsika inintakari irirori.","Aparte de ser mujeriego, era un sádico, a las mujeres les abría las piernas, les besuqueaba la vagina y hacía todo lo que quería."
"Ikanta iroñaaka isamakari iroñaaka, ikantakeri Navireri: “Tsika paitaka iroñaaka yantamintsatantarori kooyapaye?”",Por eso ahora la gente se aburrió de él; dijeron a Navireri: “¿Por qué fastidia tanto a las mujeres?”
"Osamakari kooyapaye, okantziri: “Pinintzirika iroñaakaja ovana?”","Las mujeres se aburrieron del murciélago, dijeron: “¿Quieres este mucho?”"
"Yatsamankivaita piirira, ipityarankavaitya.",Estaba colgándose y columpiándose.
"Ikantziri: “Pimperi irorave pikooyatantari, pitsirikiniri ikimirota ikantyatakya yasankero.”","Dijeron: “D le esta parte de la mujer [vagina], pégale en su nariz, para que lo huela.”"
"Irotaki iroñaaka otzimantari ikirimashaniki yatsikantakero kooyara, itsirikaitakiniri, itsirikakiniri.","Por eso ahora tiene en su nariz lo que mordió de la mujer [su clítoris] que le pegaron en la nariz, le pegó [Navireri]."
"Irotaki añaantarori ikirimashaniki iritaki ipityokyaaniki irirori, aikitziro yasankavaite, inivetarora pairani yatziritzira yatzirivitara yantamentsatziro kooya, yasankantavaitziro.",Por eso lo vemos en el hocico del murciélago para que lo huela permanentemente porque era su costumbre cuando era una persona.
Irotaki apaatziro ipyaanakiri piiri.,Desde allí se transformó en murcíelago.
“Ari pikantaitatyeyani pipityaranki pimaye pintsatya.”,"[Por eso le dijo Navireri:] “Toda tu vida serás así, dormirás colgado.”"
Irotaki itsatantari piiri.,Por eso se cuelga el murciélago.
Ari okaratapaki kapicheeni.,Eso es todo.
SHINAVAITE OVARI ATZIRI,SHINAVAITE QUE COMEN GENTE
"Nonkinkitsatakoteri nocharinete, ikanta nocharinepaye ovariri atziri, yovajetari atziri.","Voy a contar sobre mis abuelos, cómo eran mis abuelos, comían gente."
"Ijatzi, ishitovapakirika, yaapainte eentsipaye.","Se iban, salían, llevaban niños."
Yaanakiri ivankoki arika iñaapakero; ivakakyaaro.,Los llevan en sus casas cuando los encuentran; los hacen comer.
"Yayetziniro tsimeri, yayeniro kemari, maniro, osheto.","Sacan aves para ellas, traen sachavaca, venado, monos."
Ivakakyaaro irojatzi antarotantakya eentsipayera.,Los hacen comer hasta que sean grandes las niñas.
"Arika antarotapake, yenkatayetapake evankaropayera, ikanta atziritatzirika nocharinetepaye, inapaye ivetsike antaroite oya kipatsinaki.","Cuando sean grandes, tienen mucha grasa las jovencitas, estas personas - mis abuelos, las mujeres- hacen olla de barro grande."
"Ikotsitantari, imoyantari inijaate.","Para cocinar, hervir su agua."
Iro yamaitziri ikoshitantatziri atzirira eentsipaye.,"Lo que traían son las personas que robaban, los niños."
"Antaroyetaki, ivakakarora, itsiyakero, ovatsitaka osheki.","Están grandes los jóvenes, los hacen comer, los alimentan, ellas comen mucho."
Impoñaaka areetapaka shimashiripaitetaki.,Después llega el tiempo del árbol Pino Chuncho [cuando el árbol florea y pescado está gordo].
"Okantzi, okinkitsatatzi isha kamayetatsiri, okantzi areetapakya yoimoshirinkero, yakatsatakerorika.","Dijo mi abuela que ya está muerta, dijo que cuando llega el tiempo de festejar, agarran las manos del niño."
Imoyake nijaa.,Hacen hervir agua.
Yakatsatanakerorika kooyara evankaro yamashitakayero.,"Cuando le agarran las manos de la jovencita, la hacen danzar."
"Yampatsakakero: “Shimashiripaite nishintayeraye, vaya-veya, vaya-veya.”","Le hacen cantar: “Durante el tiempo del pino chuncho, mis hijas pobrecitas son.”"
"Yaanakero, yantsomakero, intetakero evankaro oyaki omoyakira nijaa.","La llevan, la cargan, ponen a esta jóven en la olla donde el agua ha hervido."
"Yairikajero oitsari, isapokakerorika.","Cuando ya la desvisten, sacan su ropa."
"Intotakero, yookakero amporetsa.","La cortan, botan los intestinos de la jovencita."
"Yaakero ako, oito, intsatyakeniro, yookakero.","Sacan la mano, la cabeza, cortan el cuello y lo botan."
Intetzimaityaro kooyara evankarora oyaki omoyakera.,Nuevamente meten a esta joven en la olla donde el agua hierve.
"Intoyetakiro, imposantakero, ivajetya.","La partieron en pedazos, está cocinada, la comen juntos."
"Ari ikantzirori intanakarori nocharine tekirata areetyata yoka kitamarantzipaye, akantzi „virakochapaye.‟","Así hacían antiguamente mis antepasados antes de la llegada de los blancos, decimos „virakocha‟."
"Tekirata iñeerita, te iyoteri virakocha, isaiki tonkariki, te yareetyari, te isaike pareni tsapyaaki, ari isaiki tonkariki.","Todavía no los encontraban; no conocían a las personas blancas, vivían en las alturas, no llegaban, no iban a las orillas del río, vivían en las alturas."
Te iyoteri atziripaye pokatsiri.,No conocían a la gente que venía.
"Arika impoke, aritaki ivakyaari.","Cuando vienen, la van a comer."
"Tekatsite, te añeeri nocharinetepaye, pyaaka.","No hay, no existen mis abuelos, desaparecieron."
Te noyotakotairi tsikarika isaiki iyoka ovantacharika.,Ahora no sé donde vivían los que comían a las personas.
Naakataki icharine ikantaitziri shinavaite.,Yo soy un nieto de aquellos que son llamados shinavaite.
Tzimatsi oshekini nokarajetaiyeni.,Hay muchos de nosotros.
"Virijinia irotaki nonirotsori, opoñaaka pashini, koki Isayashi, pashini nokarajetaiyeni aka saikatsiri Marankiaroki.","Virginia, mi tía, también otro, mi tío que se llama Isaya, y otras más de nosotros que viven aquí en Bajo Marankiari."
Kamayetaki irirori.,Otros están muertos.
Iritaki nokarajetaiyeni ashaninkatavaka ivaiyani „shinavaite.‟,Nosotros somos los descendientes del grupo llamado „shinavaite.‟
OVAYERIPAYE,LOS GUERREROS
"Kitaiteri maaroni, amenakoteri ikaratzi yoka cuento [kinkitsarentsi] intakantarori atziripaye.","Buenos días a todos, vamos a ver todos estos cuentos cuando antiguamente ellos eran personas."
"Yoka ipaita Tsamiri, ikantata yatzirivetani Tsamiri, osheki tsika ijatzi ikentavaitzi.","Esto se llama Paujil, cuando era una persona mucho le gustaba ir a flechar."
"Ivayerita, maaroni yokapaye piñaayetakiri ovayeri inatzi.",Le gustaba ir a la guerra; todos los que ves son guerreros.
"Yoka ovayeri Katari, yoka ipaita ovayeri Manii, yoka Pitsikenkitzi, ovayeri Potsotzi, yoka ovayeri Tziivito.","Este guerrero es los Patos Silvestres, este se llama el guerrero Perro Negro (Izula), este se llama el Cobarde (huye y no sabe pelear), el guerrero Achiote, el guerrero Escarabajo."
"Iroka ipaita Maini, Kompero, Manitzi, ovayeri Maranki, kisaariranki Maranki, ikantaitzi boa [noonki].","Este se llama el Oso, el Ave de Colores, el Tigre, el guerrero Culebra de color negro que se llama Boa."
"Irika varipapaye antamisatzi, ari ikaratzi.","Estos gallitos de las rocas, es todo."
Maaroni añaayetakiri iritaki ovayeri pairani ikanta yatzirivetani.,Todo lo que hemos visto son guerreros antes cuando eran personas.
Ari okaratzi.,Es todo.
KATARI,LOS PATOS SILVESTRES
"Katarika pairani yatziriveta, ipoñaari pashiniki nampitsiki opaita Iriniro Pava (Madre de Dios), ari ipoñaari Katarika.","Estos Patos Silvestres antiguamente cuando era gente venía de otro pueblo llamada Madre de Dios, de allí viene Los Patos."
"Ipokaki Pareniki, ikemakoventakeri areetapaka españolpaye.",Vino en el río Perené porque escuchó que llegaron los españoles.
"“Tsame averi irotaki,” yatziritantanakari, ikovi iroñaaka intsiparyaakoventeri Juan Santos Atahualpa.","“Vamos a matarlos,” es por eso que se convirtió en una persona, quería librar a Juan Santos Atahualpa Inka."
Por eso se convirtió en una persona hace mucho tiempo.,Pairani irotaki yatziritantakari.
"Iroñaaka ikantzi ikaratzi ikatarijetzi: “Tsame antzirite amitakoterita inka avavisakotajeri,” irotaki yatziritantakari.","Llamó a todos los patos: “Vamos a salvar, auydar al Inka,” por eso se convirtieron en personas."
Ipokaki iroñaaka inampiki Iriniro Pava (Madre de Dios) hasta pareniki ari imaajetapakiri.,"Vinieron ahora de su pueblo Madre de Dios hasta Perené, aquí durmieron."
"Iroñaaka ikamantakiri pashinipaye tsimeripaye, chovantsipaye: “Tsame iroñaaka ajate amanatya.”",Les avisaron a los demas aves que se llaman garzas: “Vamos ahora ir a luchar.”
"Yareetapaka iroñaaka pareniki, ari imaapakeri, ikanta koraketaki pashini españolpaye.","Llegaron en Perené y durmieron, después llegaron otros españoles."
"Iñaapakirija, ikantzi: “Paita pantziri pinaryantziri?”","Los encontraron, les dijeron: “¿Qué están haciendo echados?”"
"Ipyanakeri iroñaaka kataripaye, irotaki ishekitantari katari aka, añiiri nijaatsapyaaki kisaatsantsanaite katari.","Se convirtieron otra vez en patos, es por eso hay un cantidad de patos aquí, encontramos los aves el color negro en las orillas del río."
"Ipyaanajiri, iroñaaka te yatziritanaje, ari ipiyojetari, añiiri yarajeteranki.","Se convirtieron nuevamente, ya no son personas, aquí están un monton, los vemos volando."
"Ikimitaka imitsainkyaarika maaroni yovayerityaranki, ipyaajari katari.","Parecen que están en filas como todos guerreros, [pero] se convirtieron en patos."
"Aritaki okantari iñaaventa yoka, ikovaveta ivavisakoterimi pinkatsari Juan Santos Atahualpa.",Así hablan de estos que querían salvarlo a Juan Santos Atahualpa.
TSAMIRI,EL PAUJIL
Tsamirikaja aajatzita irijatzita ovayeritachari pairani yatziriveta tsamiri.,Este paujil también es un guerrero en años anteriores cuando era gente.
"Tekatsitaki iroñaaka yoka, tekatsi irentsite, intaani iina ipoña irirori.","No tenía este, no tenía hijos, solamente su esposa y él."
"Osheki inevetaro ivametairi evankaripaye tsika onkantya ivayeritya, ishiyakari, yantakayetziri, ikantziri virakochapaye ejercicios.","Le gustó mucho enseñar a los jóvenes para saber luchar, los hacía correr y lo que dicen la gente blanca „aerobics‟."
"Ikeni ivametairi onkantya yamitakoteri Juan Santos Atahualpa, tsika inkante ilibrateri [ivavisakoteri], ijate imanateri españolpaye.","Se fue para enseñarles para auydarle a Juan Santos Atahualpa, para que lo salven, para que vayan a luchar contra los españoles."
"Irotaki yantziri iroñaaka irirori, irotaki ipaitantari guerrero Tsamiri, ivayerita.","Eso es lo que hace él, es por eso que se llama el guerrero Paujil."
"Tekatsite irora, te yoperotero irirori ijate ivayeritya pero iyotziro ivametantzi, tsika ankanteri avantyaariri kisanentantzinkari.","Tenía pocas guerras, pero le gustó enseñar qué hacer para matar enemigos."
"Iroñaaka arika ishinkitya oshe yantantzi, yasamakari atziripaye, ashaninkapaye yasamakiri.","Cuando se embragaba, mucho pegó a las personas, se aburrieron las personas, los paisanos se aburrieron."
"“Tsame ampiiri tsamiri, osheki yantantzi.”","[Dijeron:] “Vamos a convertirlo en paujil, es muy peleador.”"
Irotaki ipyaantakariri tsamiri.,Por eso lo transformaron en paujil.
"Iroñaaka tsimeritanaki, aranaki, tekatsi yantantaje.","Ahora es un ave, se fue volando para que nunca más pelea."
Así es ahora como se habla del paujil.,Ari okantari iroñaaka iñaaventa tsamirika.
PITSIKENKETZI,EL COBARDE
"Irika ipaita Pitsikenketzi, te iyote ivayeritya, ikityonkatantari ivoroka, ipotsotatyaro potsotzi.","Este se llama Pitsikenkitzi, no sabe pelear, rojo es su cara, se pinta con achiote."
"Ipoñaaka aka yampinaikakyari ivañuelote, ikantaki iroñaaka: “Ikintaitakina irotakima nokatsitatzi.”","Está envuelto en un pañuelo, dice ahora: “Me han flechado, es por eso que me duele.”"
"Osheki itsarovanitzi, te iyonite imanatya.","Tiene mucho miedo, no sabe luchar."
"Arika ijate ivayeritya, iñaapakeri irirori ivanakeri pashini atziri, imantsiyatakerika, aake ichekopite, inkentakeri irirori.","Cuando va a luchar y ve a una persona muerta por otras o una persona enferma [herida], agarra su flecha y lo flechea."
"Inkantake: “Iritaki novakiri naaka, nojatzi novayeritya.”",Dice: “Eso es lo que he matado yo cuando estaba en la guerra.”
"Pero itsaiya, osheki itsarovanitzi, te inkante imanatya.","Pero es una mentira, es muy miedoso, no puede luchar."
"Osheki imana, ikante: “Mantsiyatakina.”","Mucho esconde, dice: “Estoy enfermo.”"
Ari okaratzi irashi iñaani irirori.,Así se habla del guerrero Pitsikenkitzi.
POTSOTZI,EL ACHIOTE
"Aajatzita iritaki yamitakotziri ikantavetakari Inka, iritaki yamitakotziri yokaja, arika ijate ivayeritya.","[Este guerrero] es también lo que ayuda que decimos Inka, este cuando va a la guerra."
"Tekatsi iñeeri pyaanaka inchatoshi, ontyaakivetanaki kameetsa.","Para que no lo vean, se convierte en arbusto y florea."
"Esos son guerreros, las abejas son los soldados que van a atacar.","Iritaki iroñaaka ovayeritatsi, yora yaratopaye, iritaki ivayeritatye, irotaki kintavakeriri."
"Arika impokapake iroñaaka ovayeripaye irika, arika impyaanake inchato, katziyaka, irooyeri atziripaye.","Cuando vienen estos guerreros [enemigos], cuando se transforma [el Achiote] en arbusto, se paran [las abejas] en fila esperando a los enemigos."
"Arika yareetapakya, yoimintsarovavakeri, shiyajetanaka ovayeripaye.","Cuando llegan [los enemigos], los hace asustar y se escapan los guerreros [enemigos]."
"Eero iñaavakeri, ikatziyaventakari okaakini.","No lo podemos ver, aunque estén parados cerca."
Así ataca a los guerreros este Achiote.,Ari ikanta ivayerita irirori yoka Potsotzi.
TZIIVITO,EL ESCARABAJO
"Iri nonkinkitsatakeri naaka Tziivito, yoka tsika ikantaitzika castellanoki?","De esto voy a hablar yo, del Tziivito."
"Escarabajo, nopyaakotatziri, ja-ja.","¿Cómo se dice en castellano? Escarabajo, me olvidé."
"Nonkinkitsatakoteri Tziivito, ikantzi yatzirivetani Tziivito pairani.","Voy a hablar del Tziivito cuando era una persona, el escarabajo antiguamente."
"Ikantzija irora ijatakairi iraniri itsipatanakiri, ijatakaiyeri iraniri Pirontzi.","Dijo éste que va a ir con su cuñado, van a ir con su cuñado Luciernaga."
"“Te añeeri iroñaaka iraniri Pirontzi,” ijatakaiyeri.","“No lo encontramos a su cuñado Pirontzi”, se van [a pescar]."
"“Tsame ajate ashimatyatya,” jaitejetzi ishimatya, jirika Pirontzi iritaki iraniniri.","“Vamos a pescar,” se fueron a pescar- acá está su cuñado Luciernaga."
"Yoka, irika ipaita Pirontzi, ootatyaranki morereee.",Se llama esto lo que alumbra.
"Ikantanakeri: “Tsame ajate,” ishinkijetatyaranki, tema, ari?‟","Le dice: “Vámonos ya,” están emborrachados, ¿no?"
"Ijatzi ishimatya, ikanta ishimajetakani, ikamotaki, irora itarompyaatakiro.","Se fueron a pescar, primero pescaron, cercaron el río y le pircaron piedras."
"Ikanta tampatsika iviryaakakiro, ikantakiro ikonajetakiro, oh, tsitenityaki iviraka.","Después de mediodia, se secó el agua, empezaron a echar barbasco, oh, casí está por anochecer."
"Ikantavetari iraniri: “Tsame aataje, ani, aatajeta, atsitenitakotzikari.”","Le dice a su cuñado: “Vámonos, cuñado, nos vamos a oscurecer.”"
"Ikantzi: “Eero, apaatatsita, aperotavaketa shima.”","Dice [el Escarabajo]: “No, espérate, vamos a sacar más pescado.”"
"Yaaki ishimate, ikantzi: “Ikemakanentari iraniri Pirontzi.”","Sacan pescado, dice el Escarabajo que le hizo escuchar a su cuñado Luciernaga."
"Ikantziri: “Pirontzitachai, aniitanake ootajya, jatajai, areetajya.”","Le dice: “Como soy Luciernaga, vamos a caminar alumbrando, nos vamos, llegamos.”"
"Aikiro ijatatzi, yapiivetajari: “Ani, ajatajeta, shetyaki.”","Siguen pescando, otra vez le dice: “Cuñado, vámonos, ya es tarde.”"
"Te ikimisanteri, aikiro ipiyatsatatyaari.","No le escuchó, sigue desobediciendo."
"“Aitaki pirontzitachai,” ikantzi, “arityami,” ikantatzira, “Pirontzitachai‟.","Bueno, como dijo que es Luciernaga, así será, como dijo que es Luciernaga."
"Okantzimanentakari irirori, ikemakari, ikemakatyaari ipaita pirontzira inatzi, yootanajya.","Estaba resentido a su cuñado, como le hacía escuchar como se llama Luciernaga, y se va a alumbrar."
“Eero nootanajiri iroñaaka.”,“Ya no le voy a alumbrar ahora.”
"Saikanaki, iroñaaka ikoyanaki, ikoyaki, ikoyaki, tsitenityaki.","Se quedó, está escojendo más pescado, ya estaba oscureciendo."
"Ikantavetajari iroñaaka: “Tsame aataje, ani.”","Le decía nuevamente ahora: “Vámonos, cuñado.”"
"Ikantzi: “Apaatatsita, pirontzitachai,” saikatzi, iroñaaka ikantakota tsitenitanaki.","Dice: “Espérate, como somos luciernagas,” seguía estando hasta que oscureció."
Iroñaaka ikantanakiri: “Tsame aataje.”,Nuevamente le decía: “Vámonos ya.”
"Aniijetanaji avotsiki, ijataki, ijataki, yaniitzi avotsiki, intainataima isaikajetzinta, isaikayetzi tonkariki.","Se fueron caminando por el camino, caminando por el camino, están muy lejos de donde viven - viven en las alturas."
Ipokajetzi ishimatya otapiki.,Vienen a pescar abajo.
"Yatsipetanajyaaro intonkanaje, intonkanaje, intonkanaje.","Con tanto sacrificio suben, suben, suben."
Ishonkanajaro otzishi yareetantajyari isaikajetzinta.,Se da la vuelta en el cerro para llegar donde viven.
Ikantakota itonkanaki irirori.,"Seguían yendo, subiendo las alturas."
"Ipirontzitatzira yootanakero avotsi, jaitetzi, ikenapitsatakeri, yookaitanakiri irirori Tziivito mokotziriri.","Como él luciernaga, se fue alumbrando el camino, se fueron rápido, se fueron lo más rápido, le dejaron al Tziivito jorobado."
"Anta iposapainta pok, yovavetaja, ari iposapainta pok, yovanaja, ari iposapainta pok, itsonka iposaro inchatopaye.","Se fue chancándose, seguía caminando, otra vez se golpeaba pok, otra vez caminaba, se golpeaba pok, en todos partes se golpeó con los árboles."
"Iropaite irareetya, paryaaparyaatatzi irirori.","No llegaba, cayéndose, cayéndose."
"Iraniri areetaja, yooyakovetapajiri, yooyakovetari yareetajya.","Su cuñado llegó, estaba esperando que llegue."
Okitaitzimataji yareetaja Tziivito irirori.,Llegó en la madrugada el Tziivito.
Yamenavetamanari okitaityanaki: “Tsika ani? Areetajataima.”,En la mañana lo buscó: “¿Dónde está mi cuñado? Ya habrá llegado.”
Ikantatzi inkaranki: “Pirontzitachai.”,Dijo de antes: “Como soy luciernaga.”
"Saikajetzi, itzinanaka, yakipayetapaki.","Estaban sentados, levantados chipando."
"Inkaranki ishimatepaye akiparyaakotaki, ovajetakani.","Después sus pescados sacaron para comer, están comiendo."
"Ikaimavetari:Ani, ani, pimpokanake, tsame aya.”","Estaban llamando: “Cuñado, cuñado, ¡ven! Vamos a comer.”"
"Ikaimavetari: “Te añeeri iraniri, te irakeri.”","Estaban llamando: “No está su cuñado, no contestó.”"
“Tsika opaita antakeriri ani? Paitakya imairitantari?”,“¿Qué le pasó? ¿Por qué está calmo?”
"Ijatashitanakiri, iñaapatziri isavoinataka iitsari.","Se fueron a verlo, lo encontraron metido en la cushma."
"Isavoinamokotzitaka, ipashiryaakotakiri, ikantaka aka yoiyotaka, ikantakotziri aka, iñaatziri kisaamokotzi.","Estaba en forma de una bola, le sacaron su capa, estaba agachado, lo encontraron por todo su cuerpo el color negro, moratiado."
"Itsonka iponaataki, ikanta iposaposatanaka inchatokipaye, ijatzi iposapainta, posapainta, itsonka iponaataki.","Su cuerpo está moratiado de tanto golpearse en los árboles, se fue golpeando, se fue golpeando, todo está moratiado."
"Ikantziri: “Ani, ñaakiro pitsainkiranki, nokantavetami: “Tsame ataje, ivirakaranki ooryaatsiri, ajatajeta iroñaaka.”","Le dijo: “Cuñado, me estabas desafiando, te dije: “Vámonos,” cuando era más sol, “Vámonos.”"
"Pitsonka piponaataki, piposaposataka.","Estás muy moratiado, te golpeaste."
"Pikantajatzi: “Pirontzitachai,” paita piposantakari?","Decías: “Yo soy luciernaga,” ¿por qué te golpeaste?"
"Iroñaaka kisaamokoinatakimi irojatzita iroñaaka, ivashiventataitakimi, apaatsiro ikisaamokoinatzi.”","Estás muy negro ahora, te han hecho avergonzar, estás negro.”"
Iroñaaka ikantaitziri Tziivito ikisaamokoinatantari.,Llaman el escarabajo „lo que es negro.‟
"Te iyote tekatsi iroki irootantyaari, iroma Pirontzija tzimatsi irootantari, areetaja kameetsa.","No sabía que no tiene ojos de luz, en cambio Luciernaga sí, tiene luz, llegó bien."
"Te imposamokoinate, tzimatsi irootamento yootantarori avotsi.",No se golpea porque tiene su luz para alumbrarse en el camino.
"Yookaitanakiri irirori ipiyatsata, eero ipiyatsatami, eero yookaitzirimi.","Lo dejaron por desobediencia, si no hubiera desobedeciado, no lo hubieran dejado."
"Yareetajyaami kameetsa irojatzi inkantyami iratzirite, eero ivashiventaitzirimi iroñaaka Tziivito.","Juntos llegarían bien, hasta hoy la gente no le hacen avergonzar ahora al Escarabajo."
"Ari okaratzi nokinkitsari, ainirovetachama, te nonkinkishiryaapajero.","Así termina el cuento, no sé si habrá más [no me acuerdo]."
KASANTO,LA GUERRERA ORQUÍDEA
"Pairani atziriveta Kasanto, inchatyaaki onatzi.",Antes Orquídea era una persona; es una flor.
"Oshaninka iroka novankiripaye saikatsiri, oshoki inchatoki, antaro inchato.","Es igual a mis flores que hay en mi casa, viven en el árbol, el árbol grande."
Ari otsirikayetara.,Allí están pegado.
"Arika intovaitakero inchaponkitziki, ari otsirikari kasantotatsiri.","Cuando lo cortan, el tronco del árbol, allí crece la flor Orquídea."
Otyaakitzi kameetsa okanta okimitaka iroñaaka.,Florea bonito como ahora.
"Tzimatsi moradito, okantanentanaka, tzimatsi kityonkari, tzimatsi kiteriri, opashinitayetzi.","Hay el color moradito, más or menos otros colores, hay el color rojo, el color amarillo, diferentes colores."
"Tzimatsi kitamarori, aajatzi tzimatsi kasankatatsiri kitamaroporoki.","Hay el color blanco, también grupos perfumados de color blanco."
"Iro ikantaitziri Kasanto, Kasantotatsiri.","Eso es lo que se llama Kasanto, Orquídea."
"Aajatzi oshi, kametsatatsi irora ikantaitzira ashi onkatsite aito.","También es una hoja, es buena para, cómo se dice, para el dolor de nuestra cabeza."
"Kasankarini, ikantaitziro manintoshi, maisantaroshi.","Es muy perfumada, lo llaman „la hoja para olvidarse.‟"
"Arika yantashitai, arika avakyaaro oshira, anaatakero, piche, piche, ankamarankanakero, mokoro, mokoro.","Cuando nos echan la pusanga, la comemos esta hoja, la masticamos bien piche, piche, la vomitamos, mokoro, mokoro."
Ampyaakotajyaari ninkarika antashitairi.,Nos olvidamos de quién nos curó.
"Inchashitatsiri iroñaaka inchatyaakitatsiri, opoña pairani atziriveta iroori.","Esta hierba que es ahora la flor, antes era una persona."
"Inchashitatsiri oyotzi omanata, aajatzita ovayeri, ovayerita.","Esta hierba sabía tirar flecha, también era una guerrera."
"Pairani intakantanakarori aka saikatsiri pareniki ivayerita, ivayeritziri yora noshikayetzirori irora kooyapaye.","Antes los que habitaban aquí, que vivían en este valle Perené eran guerreros, combatían con las personas que robaban a las mujeres."
"Ikantzi arika yoijanatavakanakya, yoijanatavakanakya, impiyatavakanakya ivayeritya oshiyanakerika Kasantora onatzi.","Decían que cuando se perseguían ambos en la guerra, se escapa la Orquídea."
"Oñaapakero antaro inchato, ari osaikapake, omanapakya, yavisavetacha oijantzirori.","Encuentra el tronco del árbol grande, allí se esconde aunque se pasan los guerreros, los que la perseguían."
"Yamenero tsikarika osaiki iroo, tsirikapaincha inchatoki, mairitaki, amenamintsatziro.","La buscan donde está - está pegado en el tronco, está callado y observando."
"Irotaki otzimantayetari ochakopite, iroñaaka chakopipaye omanatantari.","Es por eso que ella tiene flechas agarradas en su mano, ahora las flechas son las con que ella combatía."
Ikantaitziro guerrera Kasanto pero inchatyaaki onatzi.,"La llaman la guerrera Orquídea, pero la flor es."
Irotaki intakantayetarori pairani ikantavetari atzirivetani.,"Ellos son antepasados que vivían antiguamente, los guerreros."
"Irotaki ipoñaashita itzimaki aparoni pyaantatsiri, iroñaaka ikantaitziri Naviriri, icharine Erori [Poiyotzi].","Había una persona que convertía, se llama Naviriri, con su nieto Erori [Poiyotzi]."
"Iri pyaantatziri osheki, yovantzi, yovantzi.","Él convertía mucho y mataba, mataba."
"Ikantzi: “Tsame ampyero,” yamenakiro, iñaakiro otsirikapakara inchatyaakira.","Dijo: “Vamos a convertirla,” la miró doide estaba pegada la flor."
"Ompyaaperotyata Kasanto osaiketa ontsirikyaata inchatoki, tekatsi ovantajatzini.","“Se desaparecerá la flor, estará pegada en el tronco del árbol, para que no asesine a las personas.”"
"Ipyaakiro iroñaaka inchatyaaki, inchatyaakitantari.","La convirtió en flor, por eso es una flor."
"Osaikanaji otsirikantari iroñaaka aparoni atziritsi, aparoni oparitsatsi, aparoni akotsi, aparoni oparitsatsi aka airikantari.","Vive pegada en el tronco, una parte como la persona, la otra parte es de raiz, una parte tiene brazos, la otra parte tiene raíces aquí que ella agarran."
Okantavaita irora oparitsairikipaye.,Tiene sus raíces.
"Ari okantari ikinkitsatakoitziri yoka Kasantotatsiri, inchatyaakitatsiri, Kasanto opaita.","Así cuentan esa historia de la flor Orquídea, así está la flor, se llama Orquídea."
"Ari overapakari noyenkitsari kapicheeni, nopyaakotakaro, te noyotero pairani.","Hasta allí es mi cuento corto, ya me olvidé, no me recuerdo mucho desde muchos años."
INOSHIKAITZIRO INA,LA HAN RAPTADO A MI MAMÁ
"Iroñaaka kitaiterika nokinkitsatakotero ina, tsika okanta opokantakari Marankiaroki ina.","En este día voy a contar sobre mi mamá, cómo llegó en Bajo Marankiari mi mamá."
"Osaikiri onampi Shintsivaki ikantaitziro Chinchivani, irotaki oijatzirori nijaatatsiri Purukayari.","Vivía en un pueblo Shintsivaki que se llama Chinchivani, lo que sigue el río Apurucayali."
Ari opoñaari ina.,De allí viene mi mamá.
Aparoni kitatiteri osaikinta Shintsivaki.,Un día estaba en Shintsivaki.
"Irini ijatzi ishimateta, ijatzi pareniki, yameni shima ayaari.","Sus padres se habían ido a pescar, buscar pescado para comer."
"Ikanta ipokajetaki shiramparipaye, ovayeri inajetatzi.","Después vinieron hombres, eran guerreros."
"Pairani tzimatsi osheki ovayeri, inoshikiro kooya, yaanakiro anta isaikinta virakochamashiki, ipimantziro.","Antes habían bastante guerreros que raptaban a las mujeres, las llevaron donde habitaban los mestizos y las vendían."
"Yantaro kitsaarentsi, yantarori tonkamentotsi, yantaro kovitzi, paitari ikovayetziri, vaaraki itonkantyari imanirote.","Cambiaron con ropa, escopetas, ollas, otras cosas más que querían, cartuchos para cazar venado."
"Opoñaaka osaikanaki apaniroini ina pankotsiki, ikanta ivayeri ipokapaki iroñaaka, inoshikapakiro.","Sola estaba mi mamá en la casa, cuando los guerreros vinieron y la raptaron."
Yaanakiro.,La llevaron.
"Te okovavetya, ishintsiventakiro, yaanakiro.","No quería ir mi mamá, la llevaron por la fuerza, la llevaron."
"Ipoñaakakaro Shintsivaki, ikenakanakiro antamimashiki.","La trajeron de Chinchivani, la hicieron andar por el monte."
"Te inkenantyaro avotsi, ikenashita antamiki.","No andaban por el camino, [solamente] por el monte."
"Iyotziro tsika inkenakanakero, ikyaanake aparoni antamiki, ishitovaji pashiniki nampitsi.","Ellos conocían por donde andar, entraron por el bosque, salieron por otro pueblo."
"Te inkenantyaro avotsi, iyoperotatziro ovayeri.","No andaban por el camino, eran muy inteligentes."
"Pairani yovayeritantakari iririka ashaninkapaye, yovayeritziro matsitatsiri.",Antes peleaban mis paisanos por la brujería [mataban a los brujos].
Aajatzita shitsanentsi.,También mataban a personas con enfermedades venéreas.
Irotaki yovayeriventziri.,Por eso habían luchas.
"Pairani te inkovaiteri matsi, aajatzita ishitsanivaitatziri atziri.","Antes no querían a brujos, tampoco a las personas con enfermedades venéreas."
"Iroñaaka yamakiro ina, ishitovakakiro Meritarika Asopisoki, yamakiro Meriteriani.","Trajeron a mi mamá, salieron del pueblo Meritariki Azupizu, la trajeron a Meriteriani."
"Tzimatsi aparoni avochaniki, ari ikenakapakiro.","Había un camino pequeño, por allí la hicieron andar."
Pipyaakotakavakinaro.,Discúlpeme así no era.
"Ishitovajetapaki Koviriaki, kyaapaki Miritariki paitachari Meriteriani.","Salieron de Koviriaki, entraron en Miritariki, llamado Meriteriani."
Hay un camino que se llama Villa Pichis por donde pasaron con caballo.,"Tzimatsi avotsi paitachari Villa Pichis, ikenayepaji con caballo [kavayoki]."
"Yamajiro, iroñaaka ivantaitakiro aparoni piratsi, mula o caballo.","La trajeron, ahora le hicieron subir un animal llamado mula o caballo."
"Ikenakapakiro Metararoki, Metraro iroñaaka o Mariscal Cáceres.","La hicieron andar a Metararo, ahora es Metraro o Mariscal Cáceres."
"Iroñaaka avotsiki irojatzi Pampa Vueliki, tzimatsi virakochapaye.","Ahora por el camino hasta Pampa Hueli [Whaley], habían allí mestizos."
"Ipimantapakiro, ipaitakiri tonkamentotsi, ipaitakiri kitsarentsi, kitsapi, paita ikovayetziri, amenarontsi, vaaraki.","La vendieron, les dieron escopetas, ropa, aguja, las cosas que querían, espejo, cartucho."
"Yaanakiro virakocha, irika ovayeri piyanaka yamene pashini tsika ontzime inoshikayeteri saikayetatsiri.","La llevaron los mestizos, los guerreros se regresaron para buscar a otros, a quien raptar, los que vivían."
"Kooyapaye yayi ovayeri, shirampari te, kapicheeni.","Llevan los guerreros a las mujeres, hombres no, muy poco."
"Yaaitanakiro, yaanakiro virakocha, itetanakiro ishiyakomentoki, ikenakiro Paucartambo, Puente Perene, Tsiirishiki ikantaitziro iroñaaka La Merced.","La llevaron los mestizos en el carro, la llevaron por Paucartambo, Puente Perene, Tsiirishiki, se llama ahora La Merced."
"Ivavisanakiro Tarma [Taroma], yaanakiro irojatzi Lima [Irimashiki].","Pasaron por Tarma, la llevaron hasta Lima."
Ari osaikaitzi inani Lima [Irimashiki].,Allí vivía mi mamá difunta en Lima.
"Osaikaitzi Lima [Irimashiki], te ayotero tsika okaratzi osaikaitzitaki.","Vivía en Lima, no sabemos cuantos años había vivido."
"Te oyotero pairani kashiri, te oyotero osarentsi.","No conocía antes meses, no conocía años."
Osaikavaishita iroñaaka nampitsiki Lima [Irimashiki].,Vivía por vivir en el pueblo Lima.
"Pairani tekatsi, te onampitsiperote Lima [Irimashiki], tekatsi pankotsi, tekatsi kaye, intaani aparopaye pankotsi.","Antes, Lima no era la cuidad grande, no habían [muchas] casas, no habían calles, solamente pocas casas."
"Tzimatsi ovantsi, osheki ivankiri virakocha, ishinkini, imachakite, paitarikapaye pashinipaye.",Poñaashitaka ankantashitavakya avisanaki osheki osarentsi osaikantakiri Lima [Irimashiki].
Poñaashitaka ankantashitavakya avisanaki osheki osarentsi osaikantakiri Lima [Irimashiki].,"Después, vamos a decir que pasaron muchos años en que ella se quedó en Lima."
"Osheki antavaitzi, osaitakotziro pankirentsi irojatzi okitaitzimataki.","Mucho trabajaba, regando las plantas hasta la madrugada."
"Onkantakotya, te ayotero onkitaitzimatake, te ayotero hora, apite, mava okitaitzimataki.","Seguía regando, no sabemos hasta que hora de las madrugadas, dos, tres."
"Okantapintzi: “Kapichee amachokapainte, pokaki ivakiryaaitai.”","Decía: “Poco serramos el ojo, viene el patron y nos levanta.”"
"Tekatsi pashini nonkantavaje, amitakotakena tsika okanta akinkishiryaakotziro inani, tsika okanta opokantakari aka parenikinta osaikaperotantapakari.","No tengo otra cosa que decir, me ayudó como estamos recordamos a mi mamá, cómo llegó y vivió aquí para siempre."
"Oyotatyerikami inani osaikinta opoñaanakanta, aritakitaima ojatajemi.","Si hubiera sabido ella que era su lugar de procedencia, seguramente habría ido a su pueblo."
"Te oyotajero tsika ikenaitakapakiro eentsitzini, te oyotero tsika okenapaki.",No sabía por donde la trajeron cuando era niña.
"Irotaki yaapakiro apa, osaikaperotantapakari Marankiaroki.","Se casó con mi papá, por eso vivió para siempre en Marankiari."
"Apa aajatzita te yashityaaro inampi Marankiaroki, ipoñaatya aajatzita anta Shimpitsinani, machiyenka inatzi.","Mi papá no es de Bajo Marankiari tampoco, viene de allá, del pueblo llamada Shimpitsinani, machigenga es."
Irotaki ishipatonatantari.,Por eso tiene bigotes.
"Ashaninkaperori tekatsi ishipatona, intaani apa ishipatonatatzi.","Mis paisanos legítimos no tienen bigotes, solamente mi papá tiene."
"Iro ikantantanari virakochapaye: “Te pishaninkate, pishipatonatantari, avirokataima virakocha, te pishaninkataje.”","Por eso me dicen los mestizos: “Tú no eres ashaninka porque tienes bigotes, tú serás mestizo, tú no eres ashaninka."
Ari ovirapakari.,Así lo termina.
"Inani te añaaje, kamaki, akinkishiryaakotashitaro.","Mi mamá difunta no está viva, murió, estamos recordando de ella."
OYENKITSARI KOOYAPAYE,CUENTOS DE LAS MUJERES
AÑAAVENTZIRO OKANTA AAVAKANTARI,VAMOS A HABLAR SOBRE CÓMO SE CASÓ LA SRA BERTHA
"Naaka nonkinkitsatakotya naantakariri noimentakari irintanakari nishinto, notomi.","Voy a contar cómo me casé con él que fue mi esposo, que fue el padre de mi hija y mi hijo."
"Te noñeeri, nonintavakeri, ikimita pashinipaye onintavakaka, oñaakari shirampari, okinkitsavaitakakiri, onintakiri.","No había visto, no me había enamorado de él, como otras se enamoran, tienen sexo, conversan, quieren al hombre."
"Naakamaja, nonintantakiriri, yaantakanari, te noñeeri, nonintavakeri.","En cambio, yo para que lo quise y para que se case conmigo, no había visto, no me había enamorado de él."
"Tzimatsi nonirotsori, tekatsira naaka ina, naaka mirito nonatzi.","Tenía mi tía, como no tenía mi mamá, yo era huérfana."
"Otzimapaki quince nosarentsite, tekatsira ina, nonirotsori irotaki amenenari nirentopaye.","Tenía quince años, como no tenía mamá, mi tía estaba cuidando a mi y a mis primos."
"Okantakina, aanakina iroñaaka amenakinari aparoni shirampari, opakinari.","Me dijo, me llevó, me buscó un hombre, me entregó a él."
Okanta irintanakari nishintopaye iroñaaka.,Así era como me casé con él que fue el padre de mis hijos.
Ari okantari noñaantakariri shiramparika.,Ari okantari noñaantakariri shiramparika.
"Te nonintavetyari, aanakinara, ashitakotapakina ivankoki, oyavitakotanakina, ari nosaiki intsompoi niraavaita.","No lo quería, cuando me llevó, me encerró en su casa, me encerró con la llave, allí me quedé adentro, yo lloraba."
"Tera noñaapinteri shiramparika, iraakana.","Como nunca había conocido al hombre, estaba llorando."
"Ookanakina, ashitakotanakina, jaitetaji oshiyapitsatajana, jaitetaji ovankoki.","Me dejó, me encerró, se fue corriendo, se fue a su casa."
Saikakina apaniroini.,Me quedó sola.
"Tzimatsi imaamento, ari nokitapitaki otapinaki, ari nonaryaakari nomaakiri otapinaki irojatzi okitaitzimataki.","Tenía su cama, allí me metí debajo de la cama, allí me tiré, dormí debajo hasta casí para amanecer."
"Noshitovaki, notzinaka, namenakiri, maaki.","Salí de la cama, me levanté, lo miré, está dormido."
"Nashitaryaakiro, shitovanakina, shiyanajina, jatajana ivankoki niri.","Abrí la puerta, salí corriendo, me fui a la casa de mi papá."
"Niri te irisaiki, ijatzi yantavaitzi kirinka, intaani yookanakina nosaikimotziro nonirotsori.","Mi papá no estaba, se fue a trabajar lejos, solamente me dejó con mi tía."
"Jatajana, tekatsira saikatsini ivankoki niri.","Me fui, no había nadie en la casa de mi papá."
"Nataitapaji ivanko jenoki, tzimatsi ishitamenkota jenoki.","Subí en la casa arriba, tenía su tarima arriba."
Ari nomaapakiri noshiyaka tsiteni.,Allí me dormí cuando me escapé en la noche.
"Niraavaita tera shiramparira noninteri, te noñeeri, noninteri, inkinkitsatakavaitena, inkante: “Nonintakimi.”","Estaba llorando porque yo no quería al hombre, no lo había visto, no quería a él, nunca había conversado conmigo, nunca me había dicho: “Te quiero.”"
"Aajatzita naari, iroma ipashitakanari, ari okantari ovakera naantakari noime naari.","Yo tampoco, solamente me lo dieron, así fue."
"Niraavaita, okanta irirori te iñaashirinkamintsatena, iñaanara niraavaita.","Lloraba, [por eso] él no me fastidiaba, porque me veía llorando."
"Yamenamintsatashitana kapicheeni, paita yamayetzi kapicheeni, isaiki nirentoki, yami paitarika novari.","Poco me miraba, traía unas cosas, vivía en la casa de mi hermana, traía cualquier cosa para comer."
"Ari okanta, okanta nametanakari shirampari.","Así fue, así fue, ya me acostumbré a este hombre."
"Iroñaaka ipokapaji niri, ikantakiri: “Nonintakiro pishinto, kantzimaitacha opakenaro inirotsori, opakenaro irento, irotaki amakenarori novankoki.”","Ahora cuando vino mi papá, le dijo [el joven]: “Quiero a tu hija, me la entregó su tía y hermana, ella me la trajo en mi casa.”"
"Niri ikantzirori: “Pinintakerorika, payerotaima.”","Mi papá le dijo: “Si la quieres, cásate.”"
"Ari okanta nantakari noimentakari, otzimantanakari nishinto, notomi.","Así fue como me casé con él que fue mi esposo, por eso tuve mi hijas y hijos."
"Notsipatakari osamanitanaki, tzimaki neentsite iro ipaitakinari, notzimantapakari quince nosarentsite.","Yo vivía con él mucho tiempo, tuve mis hijos, pero ellos me lo dieron, cuando tenía quince años."
Aajatzita irirori itzimapaki dieciséis yosarentsite ipaitantakanari shiramparira.,Él también tenía dieciséis años cuando me lo dieron este hombre.
"Notsipataki irojatzita veinte nueve yosarentsite, ari ikamaki noime, yookanakina apaniroini irojatzita noñaantaja pashini noime.","Vivía con él hasta tuvo veinte nueve años, se murió mi esposo, me dejó sola hasta que encontré otro esposo."
ITZIMANTARI NEENTSITE,PARA QUE NAZCA MI HIJO
Nonkinkitsakotya ikanta itzimi neentsite.,Voy a hablar sobre cómo nació mi hijo.
"Nosaikira naaka, naakira noime, apaniroini nosaiki.","Como viviá solita, como me casé con mi esposo, viviá solita."
"Tekatsira naaka ina, naaka mirito nonatzi, tekatsi amenenani.","Como no tenía mamá, yo soy huérfana, no hay nadie que me atienda."
Te niyote itzimatsi neentsite notsomonteki irojatzita itzimantakya.,No sabía que tenía mi hijo en mi vientre hasta que nació.
"Noime te isaike, ijatzi yantavaitzi, itotatzi shiringa.","Mi esposo no estaba, se fue a trabajar, estaba cortando shiringa."
Apaniroini nosaiki novankoki.,Solita estaba en mi casa.
Te niyoteri tsika okaratzi kashiri intzimantyaari neentsite.,No sabía cuántos meses tenía para que nazca mi hijo.
"Omapokashitakana, nosaiki nopishitziro novanko.","Lo me sorprendió, estaba en mi casa barrendo."
Shetyanaki nokotsivaitzi arroz novanajyaari.,"Ya era tarde, estaba cocinando mi arroz para la cena."
"Nokimiro okatsitana, opitsoryaana notsomonte: “Paita antakinari?”",Sentía que me dolía y me daba cólicos en mi barriga: “¿Qué me está pasando?”
"Okatsitatzi notsomonte, notaashitaki mapi, notsiyaro notsomonteki, notsiyaro, opyaanentavetapaintana.","Me dolía la barriga, calenté una piedra, calenté con ésta mi estómago, calmaba mi dolor."
"Apiitapajana, omaperotapakana.","El dolor repitió nuevamente, estaba peor."
"Irotaki ontsitenitanake maperotanakina, te namavitapajero oyatsinka.","Ya va a ser de noche, estaba peor, ya no soportaba el dolor."
"Nojatetatyami bañoki [atsintapintari], noshitovavetanaka, noshitovanaki, naniitanaki, iro noviravetanaki niyanki.","Me fui en el baño, salía, salía, caminaba, avancé por el medio."
"Iro nareetyaro nojatapintzinta, osaikapintzi irora pintsintapinta.","Ya iba a llegar donde voy siempre, donde está el baño."
Ari itzimapaki neentsite.,Allí nació mi hijo.
"Te noñaashityaro osamani, te iñaashitakayanari.","No sufré mucho tiempo, no me hizo sufrir mucho."
Nokantzi naakakya: “Aritakitaima.”,Dije yo: “Así será.”
"Tekatsi ina, tekatsi amenenani, apaniroini itzimaki neentsite.","No tenía mamá, no tenía nadie que me cuidó, solita di a luz a mi hijo."
"Tzimatsi nayiro, osaiki okimita iro pashini pankotsi, osaiki okanta.","Tenía mi tía, vivía allá en otra casa, estaba allí."
"Okimakiri iraaka, oshiyashitapakana.","Escuchó el llanto de mi hijo, vino corriendo."
"Oñaapakina, okantzi: “Oh, tzimaki peentsite pashi, ari pinkantatyeya iroñaaka.","Me encontró, dijo: “Oh, ya nació tu hijo, siempre serás así."
"Payeri apaniroini peentsite, tekatsi amenemini, pikimita iroñaaka ajatzi pitzimakeri.”","Vas a tener tus hijos solita, no hay nadie que te cuide, como ahora has nacido también.”"
"Aanakinari: “Kaari pisaikanta intsompoi, kaari pikamantzitantana?”",Me lo llevó: “¿Por qué no estás adentro? ¿Por qué no me avisaste?”
"Aanakiri intsompointa, onaryaapakiri.","Lo llevó adentro, lo echó."
Naryaapaintana: “Tsame aatai intsompoiki.”,Me llevó: “Vámonos ya adentro.”
"Ari nosaikapakiri, ototakiri su ombligo, aanakiri, aponatakiri, onaryaapakiri.","Allí estaba, le cortó su cordón umblical, lo llevó, lo envolvió, lo echó."
Ookapaintana: “Avirori pikaataka?”,Me dejó: “Tú te bañaste?”
"Tekatsi amenenani, paita kaatenani?","Nadie me cuide, ¿quién me va a bañar?"
Nosaikira apaniroini.,Estoy sola.
"Ari opokapaji, okantzi: “Pisaike aka.”","Ella vino, dijo: “Tome asiento.”"
Nosaiki okitaitamanaki.,Estaba allí por la mañana.
"Yaaitakina nijaa, ipiyotakina nijaa: “Jeroka, pinkivantajyaarori piipatsipayetakerira.”","Me trajeron agua, me lo amontonaron: “Aquí está para que laves lo que has ensuciado.”"
Ontzimatye nonkivero.,Tenía que lavar pues.
"Tekatsi amenenani, apaniroini itzimi neentsite, ari nokantari intzimerika pashini.","Nadie que me cuide, solito nacío mi bebé, así hago cuando nace otro hijo."
"Ari nokantari aajatzita nokantzi: “Naaka irotakitaima, tekatsi amenenani, tekatsi noniro, nosaikavaitzi apaniroini.”","Así hago, también yo digo: “Es por eso, no hay quien me cuide, no hay mamá, vivo sola.”"
"Te nojate osipitarirki, antamiki asaiki, te ayotero tsika osaiki osipitatsiri.","No fui al hospital, vivía en el monte, no conocíamos donde había un hospital."
“Paita pirakeri? Inchashitatsiri?”,“¿Qué tomaste? ¿Hierbas?”
"Tekatsi, imoyetakina ampeshi, opakina ampeshi: “Jero pirero.”","“Nada, me hirvieron hoja de algodón, me dio la tía hervida: “Acá está, tómate.”"
"Irotaki niriri, katsitanakera notsomonteki, irotaki notsiyari oshira.","Esa es lo que tomé, cuando me dolía mi barriga, esa es lo que me calientó, hoja de algodón."
"Irotaki ampeshi niraki, irotaki niriri, ipaitakinari, tekatsite pashini.","Esa tomé, su hoja, eso es lo que tomé, lo que me dieron, no tenía otro [remedio]."
"Tzimanaki aparonitanaki kitaiteri, viernestapaki pokaji noime.","Pasó una semana, llegó un día viernes mi esposo."
"Iñaapajana nosaiki, inaryaaka neentsite.","Me encontró, estaba en mi cama, estaba echado mi bebé."
"Intaani yaaitakina kaniri, ipiyotakinaro kaniri, yamaitakina parentzi, nijaa.","Solamente me trajeron yuca, me amontonaron yuca, me trajeron plátano, agua."
Onkitaitamanari naakataki namenavaitamanaje nankishite noyari.,En las mañanas yo mismo me cocinaba yuca asada para comer.
"Tekatsi amenenani, penani noyari: “Jiroka poyarika,” tekatsite.","No hay que me atienda, que me traiga comida, que me diga: “Acá está, coma!”- no hay."
"Noñaashiperotatyaaro notzimaniyetzira apaniroini, tekatsira ina amenenani.","He sufrido mucho cada vez cuando tenía mi hijo sola, como no tengo mamá que me cuide."
"Nayiro aisatzi aitaki osaikiri anta yantajetzinta nokonkiri itotzi, shiringa itotziri.","Mi tía también se fue a vivir donde cortan el caucho, shiringa."
"Apaniroini nosaiki, ari nokantari, iroma pashinipaye otzimaniyetzi iro otzimayetzi iniro, ameniro iniro ontzimanitakerika.","Estoy solita, así soy, en cambio, otras cuando dan a luz, tienen su mamá que atiende cuando da a luz."
"Avakeniri, onkaatakeniri, onaryaakeri eentsite, onkivarontajero, ompero, onkotsiteniro oyaari.","Lo recibe, al bebé, lo baña, lo echa en la cama, lo lava todo lo que se ha ensuciado, le da de comer."
Naakamaja tekatsi amenenani.,"En cambio, no hay nadie que me cuida."
"Noñaashitakaro antaro, irotaki nokantantari neentsitepaye: “Te inkinkishiryaajaitajena ina, jeroka, noipiymotajemi aviroka.”","He sufrido mucho, por eso les digo a mis hijos: “No se acuerdan de mi - acá está, te devuelvo a usted."
Ovakerani notzimantakami noñaashitakaro pikimotatantyaari iroñaaka.”,"Cuando nacieron, he padecido para que crezcan ustedes ahora.”"
ITZIMANTARI NEENTSITE,PARA QUE NAZCA MI HIJO
"Naakaja itzimantakari te noñeero hospital, aitaki notzimiriri pankotsiki apaniroini.","Yo para que nazca mi hijo, no me fui al hospital, nació en la casa sola."
Notzimakiri naaka neentsite okaratapaki nosarentsite trece.,Nació mi bebé cuando yo tenía trece años.
"Iroñaaka itzimantakari neentsite, nashi naaka neentsite, te noyotero naaka tsika ikanta intzimantyaari neentsite.","Ahora cuando nació mi bebé, no sabía cómo nacen los niños."
"Noñaashitakaro noveratsatetzitaka, noñaashita novatsatatzi, nantzi ejercicio, nokantzi: “Ompyaajyaata notsomonte, noveratsatetzitaka.”","Vi que estaba barrigona, yo pensaba que estaba gorda, hacía ejercicios, decía: “Desaparecerá mi barriga, estoy tan pansona.”"
"Te noyotero intzimatye neentsite, namenavetakaro notsomonte: “Tsika inkineka iroñaaka ontankantanajyari?”","No sabía que iba a tener mi niño, miraba mi barriga,[decía:] “¿Por dónde ahora se va a abrirme el estomago?”"
Ikantaitakina: “Intzimatye peentsite.”,Me decían: “Vas a tener un hijo.”
"Namenakiro notsomonte, noñaakiro iroñaaka osankinataki notsapataka.","Miré mi barriga, en ella vi escrito una raya."
"Noveratsatetzitaka, nokantzi: “Ari ontankanakero oka nosheto, ari ishitovapakeri neentsite.”","Estoy pansona, dije: “Aquí se va a partirme mis tripas, va a salir mi bebé."
"Noshiyanakya nijaakinta, nonkivavakerota nosheto, nookavakerita noshitsani, inkitetanajeta, noshitsikakomaitajyaaro.","Me voy corriendo al río, lavo mis tripas, boto mis parásitos para ser limpio, y luego voy a coserlo.”"
"Ari nokinkishiryaakotzirori naaka, ari inkantyaari intzime neentsite.","Así pensaba yo, así pensaba que iba a nacer mi hijo."
Te nonkinkishiryakoteri ishitovapajatye janta novaginateki.,No pensaba que iba a salir por la vagina.
"Ipoñaaka iroñaaka iro yareetzimatya intzime, nokemakiro okatsikitakina notsomonte.","Después ahora cuando estaba por nacer, me sentí dolor en el estomago."
Paita okatsitantanari?,“¿Por qué tengo dolor?”
"Notzinaja iroñaaka niyankite, nantajatzi ejercicios, irotaki notzimaventziri.","Me levanté en la madrugada, hacía mis ejercicios, tratando de hacerlos en vano."
"Nantzi naaka ejercicios, katsikitakinave!","Hacía más ejercicios, ¡me dolía mucho!"
"Aajatzi naakara amenatziri notomitsori, irairataka, nopreparatajiniri, novetsikajiniri inijaate ireri.","Como yo estaba cuidando a mi sobri(e)nito que lloraba mucho, preparé su agua para que tome su bi(e)berón."
Nokantziri: “Eero pira!”,Le digo: “No llores.”
"Nokatsitatzi notsomonte, te, irojatzi ira, nokekenatakairi tsiteni.","Tenía dolor en el estómago, no, seguía llorando, yo estaba andando con él en la noche."
"Imaajerika, nonaryaajiri maamentotsiki.","Cuando se quedó dormido, lo puso en la cama."
Nokemakiro naari okatsikitakina notsomonte.,Seguía sintiendo dolor en mi barriga.
"Maajetatzi iroori nirento, tzimatsi pashini pokatsiri okivantana, te onkemena okatsitantakari notsomonteki.","Todos dormían, mi hermana, habían otras que habían venido a visitarnos, no sentían que tenía dolor en mi estómago."
"Nokanta, nokanta nantzira ejercicio, maakotakina.","Seguía haciendo ejercicios, ya me cansé."
"Notsinikitaki antaro, nojavetya notsinte, kapicheeni notsinte, pite, pite, avisanakina.","Tenía mucha necesidad de orinar, me iba a orinar, poquito orinaba, en gotas, me pasaba el dolor."
"Ipoña napiivetajya ipoña nantatzira osheki ejercicio, pyaanaka oyatsinka.","Después repetía nuevamente, hacía muchos ejercicios, me pasaba el dolor."
"Aritaima nopipityarankatakara, jaitetakina.","Así será, me había dado muchas volteadas, me fui rápidamente."
"Iroñaaka nokemapajirora notsinitaki, nokañaapakitya.","Ahora cuando sentí necesidad de orinar, yo pujé."
"Nokovi notsintemi kapicheeni, nokañaaperotaja, nokemavaitziro oshitovanaki.","Quería orinar un poco, seguía pujando, sentí que me salió algo."
E! Shitovanaki nosheto!,¡Eh! Salió mi tripa!
Noñaavaitziro oshitovapaki kitamaropompoinataki.,Vi salir una bola blanca.
"Nokaimanaki iroñaaka, nokaimanakiro nirento: “Pimpoke, pamenena, paita shitovaintsiri jaka?","Empecé a gritar ahora, llamé a mi hermana: “Ven, mírame,¿qué es lo qué me ha salido acá?"
Tzimatsi noshitsani antari.”,Tengo mi gusano grande.”
"Tera iraya; opokapaki, okantzi: “Apaatatsira, naavaketa ivenki nonpemiri, tekatsi pinkemiri oyatsinka.”","Como no lloraba, vino mi hermana, me dijo: “Espérate, voy a sacar piri-piri para darte de tomar para que no sienta dolor.”"
"Nokantzi: “Te, tzimatsi aka, te nonkemiri onkatsite.”","Le digo: “No, hay acá algo, no me siento dolor.”"
Iro noipinairimi neentsite.,Ya iba a saltar mi bebé.
Shitovapaki notsoitakara otamokoshiki.,[El bebé] salió donde estaba sentado en la bajada.
"Ameni, okantzi nirento: “Irotaki peentsite, pamakerita aka.”","Miró y dijo mi hermana: “Eso es tu hijo, tráigalo acá.”"
"Tyaankina, iroñaaka nokamanatanaki.","Me cayí, me desmayé."
Te noñeerota tsika okanta yaantaitanajanari maamentotsiki.,No vi como me llevaron en la cama.
"Ipoñaja nopishinkiryaaja, noñaatziro nonaryaaka.","Después me recuperé mi consciencia, me vi echada."
Aitaki itotaitakiri isheto neentsite.,Ya le cortaron el obligo del niño.
"Ari okanta, notzimakiri naari.",Así fue como nació mi niño.
"Te noñeero hospital, aajatzi okimita pashini, iroñaaka pashini neentsitera saikaintsirira aajatzi notzimiro pankotsiki.","No fui al hospital, igualmente nació mi otra hija que está sentado acá, también la tuve en la casa."
Iro amenakina ina intanakarori neentsite.,Pero mi mamá me atendió en la parte.
"Tekatsi amenenani, apaniroini notzimakiro.","No hay nadie que me cuida, sola tuve a mi bebé."
"Te añeero ina, ojatatzi oshimata, irotaki kaari oñaantana notzimantakarori.","No estaba mamá, se fue a pescar, es por eso que no me ha visto cuando nació mi hija."
Ari okaratzi.,Es todo.
NOÑAAVENTZIRO NONATOTO,HABLANDO SOBRE MI CUÑADO
"Iroñaaka kapichikitaiteri nonatoto osheki ovashiritatya, okamanatatzi, noñiiro naaka teka, teka, teka.","Hoy en este mañana mi cuñada mucho se pone triste, se desmayó, yo la estaba observando cómo se sacudía sus gestos."
"Okamanatatzi nonatoto, te onkante naaka namenero, te noyote naaka paita okantatya anta.","Se desmayó mi cuñada, no puedo cuidarla, no sé que cosa es."
"Ovashiritatya okantaka Tata, iraaka Tata.","Siempre está triste Tata, estaba llorando Tata."
"Noñiiro, naaka te onimotena.","La veo, yo no me siento bien."
"Nonatoto oshe iraanita, shenkantotaki.","Mi cuñada mucho llora, muy llorona es."
Quiero que se vaya en su casa.,Nokovi naaka ojate ovankoki.
Tekatsi oireekite ojatantyari onampiki.,No tiene dinero para que se vaya en su pueblo.
"Arimatya, arika ontzimake naaka noireekite, nonkantero: “Pihataje pivankoki katonko.","Cuando ya tenga mi dinero, le voy a decir: “Vaya a su casa que está el rió arriba."
"Pijataje, piñeero piniro, piñeero peentsite, piñeeri pirentzi, piñeeri apa, piñeeri piimi.”","Vaya, vas a ver a tu mamá, a tu hijo, a tu hermano, a tu papá, a tu esposo.”"
"Arimatyaari ari okimoshirite anta, arika ojatanake onampiki, oñeero iniro.","Quizas allí estará muy feliz cuando se vaya en su pueblo, se encontrará a su mamá."
AAVAKANTAKIRI INIISHI,CUANDO SE CASÓ LA SRA INES
"Naaka pairani naantakari noimi, tera noninteri, okimita iroñaaka avankaropaye otsipatari, anta amigotetakari, onoviotakari.","Yo, antes para casar con mi esposo, yo no lo quería como ahora las señoritas se juntan, son amigos, son novios."
"Naaka te, ishintsivintavaitakina.","Yo no, me obligaron."
Ikaratzi mava niritsori ishintsivintakina.,Eran tres tíos que me obligaron.
Ikantakina: “Payeri iyoka evankarika.”,Me dijeron: “Cásate con ese hombre.”
"Naaka: “Te noninte, te noninteri avankarika nayeri.","Yo [decía]: “Yo no quero, yo no lo quiero a este joven casarme."
"Nojapitsaterita intaina, te noninteri.","Me voy a ir lejos, yo no lo quiero."
"Ari yantakena, arika intzimanake neentsite, ari irora paita airo yamitakotana, inkantena inkivaronteri peentsite.","Me va a pegar, cuando tengo hijos, éste, como se llama, no me va a ayudar, me va a decir: “Lava la ropa de tu hijo.”"
"Naakataki anteroni apaniroini pankotsiki, te noninte.”","Yo voy a hacerlo todo sola en la casa, yo no quiero.”"
Ari okantzimaintakari.,Así pasó.
"Iroñaaka aikiro ojatanaitzi kitaiteri, kitaiteri, naakakeri shirampari.","Ahora seguían pasando días, días, yo me casé con ese hombre."
“Aritaima naakemi.”,"“Muy bien, yo me casaré contigo.”"
"Noyaariri inintaki yaakainari otsitzi: “Payeri otsitzi terika pininte piimi, payeri otsitzira,” ikantakina noyaariri.","Mi hermano me quiso hacer casar con un perro: “Cásate con el perro, si no quieres a tu esposo, cásate con este perro,” me dijo mi hermano."
Iro kantzimaintacha naarija okantakina nanaini.,Pero había una tía que me dijo.
"Okantana: “Paye piimi, ari namitakotakemi, ari nantakemi asaikantyari kameetsa.","Me dijo: “Cásate con un hombre, así yo te voy a ayudar, así voy a hacerte para estar bien."
"Ikantaitzi: “Arika aye aimi, ari yantakai”; kaari, piritsori te yantena, ari pinkantanakyari avirori.”","Dicen: “Cuando tenemos esposos, no van a pegar, no, tu tío no me pega, igualito vas a hacer tú.”"
Ari nokantzimaintaka naarikya.,Así fue conmigo.
Te yantena noimi irojatzi iroñaaka.,No me pega mi esposo hasta ahora.
"Aikiro nojatanakitzi, tzimayetanaki neentsipaye.","Segía yendo, teniendo mis hijos."
Saikanakina novankoki.,Ya estoy sentada en mi casa.
"Okantakina ina: “Iroñaaka te nonintaje pariitajya novankoki, te pininte paye piimi, pijate.”","Me dijo mi mamá: “Ya no quiero que llegues a mi casa, no quieres a tu esposo, véte.”"
Ipasavaitakina noyaariri.,Me castigó mi hermano.
„Tera nonintatyeri shiramparira.‟,[Decía yo:]“No quiero a ese hombre.”
"Poña nokantakiri: “Aritaima, naakemi.”","Después le dije al hombre: “No importa, casaré contigo."
"Te nonintaje impasavaitena noyaariri, aritaki aavakakya.‟","Ya no quiero que me castigue mi hermano, vamos a casarnos.”"
"Iroñaaka nosaikaki kameetsa, notsipatari noimi.","Ahora estoy bien, juntos con mi esposo."
"Te noñiiri inkishina, te noñiiri yantena.","No he visto que me moleste, no he visto que me pegue."
"Iroñaaka naari antarokonatapakina, nosaikakairi noimi, isaikakana novankoki kameetsa.","Ahora yo soy madura, estoy con mi esposo, el me hace vivir en mi casa bien."
"Tekatsitanaki neentsite, itsonka iyovapitsatanakina, intaani nosaryaanikipatsaini.","Ya no tengo hijos pequeños, salieron de mi poder, solamente mis nietos."
"Iritaki naari kimoshiritakanari, iyoka irijanikinika, irita koshitakanari novankoki.","Ellos son lo que me hace alegrar, este pequeñito es lo que me hace robar en mi casa."
"Saikanaki irintzipatsaini, irima neentsite katsini naari.","Se quedan sus hermanos, mis hijos verdaderos."
"Tekatsitanaki, intaani aparoni, iroñaaka ñaanatatziri Saantanaki.","No hay [mis hijos], solamente uno, ahora está estudiando en Santa Ana."
Iritaki saikatsi aparoni.,Él es el unico que está.
Iroñaaka piñaaiyetakirika nosarinaitatzi.,Ahora todo lo que has visto son mis nietos.
"Irotaki nokantavakimiri, Elena, okaratzika.","Eso es lo que te digo, Elena, aquí termina."
"Oh, naaka te noninteri shiramparika, teve!","Yo no lo quería a ese hombre, ¡no!"
Antaro nokisanintziri.,Mucho lo odiaba.
"Ikimita iririntzipaye iri noñaanatziri, noñaajantzima naari.","Por ejemplo, de sus hermanos hablo."
"Ari ikantaitari, te, ari inkantavetya.","Así era [se debe hacer], no, así no era."
"Añaanateri ninkarikapaye, piñaanateri ninkarika kisanintzimiri, pero noñaanatziri.","Debemos hablar de alguíen, debes hablar de alguien a quien odias, pero yo hablo de él."
"Iroñaaka nosaikaki, itasonkavintakina ashitairi, saikachana novankoki.","Ahora estoy tranquila, me bendició el Salvador, estoy en mi casa."
"Iroñaaka opokakovita kovenkaripaye ikisakotakana, tasorintsi iro nokantavakiri.","Aunque vienen cosas feas, me defiende Dios."
Paasonki.,Gracias.
APA KASANTO,PAPÁ KASANTO
Apa naari ipoña ikantaitziro Totziraki kirinkaini.,Mi papá es de Toterani Bajo.
Ari isaikayetziri iriri irirori.,Allí vive también su papá.
Ari ipoñaakari pairani.,De allí viene él.
"Ipokaki aka ikimiyeta pashinipaye ipokayetzi antavaitaitatziri, ishiritari pairani pavaini Peedroni.","Así como otros que vienen a trabajar, él vino pensando en mi tío Pedro."
Iritaki ishiritakari: “Nojateta noñiiri.”,En él pensaba: “Voy a visitarlo.”
"Irinitsori opaita Pirinto, irotaki irinitsori.",Su tía se llamaba Pirinto (especie de rana).
"Ikantzi, tzimatsi notomitsori ipaita Mapitzi.",Decía que tenía un sobrino llamado Mapitzi (especie de pájaro hornero).
"Mapitzi ikantaitziri añaaniki, ikantaitziri aani Peedroni.",Así lo llamaban el abuelo Pedro.
Iroñaaka ikantzi: “Nojateta noñaakiterota nanaini.”,Dijo: “Ahora voy a visitar a mi tía.”
Ari ipoñaajetanaka.,De allí vienen ellos.
Ikantzi iroñaaka: “Pijatantyaari pishitove.”,Decían: “Si vas a salir de la comunidad..”
Pairani ari ikanta pashinipaye ashaninka intakantayetarori ishinkitanakya.,"Así era, otros mis paisanos antiguas iban a emborracharlo."
"Poñaaka imishitovaitakeri, ijate tsikarika inintakaro.",Después podían salir o ir donde querían.
Ikantarika iroñaaka apara: “Tzimatsi aparoni kasanto.”,Mi papá dijo: “Hay un papagayo.”
"Isaiki iroñaaka, otzime irintsipate.",Había un papagayo posado en una rama del pacay.
"Iñaakerira, ikantziro iriniro: “Ari novakeri.”",Lo vio y dijo: “Lo voy a matar.”
Yoijayoijatakeri.,Lo perseguía por mucho tiempo.
"Ikintakeri iroñaaka, ikintzitantakiri.","Lo picó con la flecha, lo picó el loro."
Ikantziri: “Ikintakinari noyasantote.”,Le dijo [el dueño]: “Lo ha picado mi papagayo.”
"Iroñaakakya pairani asheninkapaye paitarika antakiri, ari ampaitakotajyaari.","Antes, mis paisanos, si cometían una falta, de allí surgía su sobrenombre."
Ikantzi iroñaaka: “Ari nompaitajemiri Kasanto.”,Dijo el dueño: “Ahora te llamaré Kasanto.”
Irotaki ipaitantaitakariri apa Kasanto.,Por eso mi papá lleva ese sobrenombre [apodo].
"Ipokaki iroñaaka, ari itsipatari isaiki Kaastroni ikantziri „ani‟.",Vino con el Sr. Castro a quien lo trataba como cuñado.
"Ikanta, ikanta irojatzi iñaantakaro inaini.",Después de poco tiempo se conocieron con mi mamá difunta.
"Yaakiro iroñaaka, itsipatakaro, yamakiro Marankiarokika.","Se casaró con ella, era su compañero, la trajo a Marankiari."
Ari osaikiri nanaini paitachari Shenkave.,Allí vive mi tía que se llamaba Shenkave.
"Opaitantari Shenkave, pairani shenkanto onatzi.","La llaman Shenkave, [porque] antes era una llorona."
"Kapicheeni ikantaitero, iraashitanajya.","De poquita cosa que le hacían, empezaba a llorar."
Ikantzi: “Apaitatyero Shenkave.”,Dijeron: “ Vamos a llamarla Shenkave (la llorona).”
Iroma iroñaaka ina kantaitacha aka Otsovakota.,"En cambio, mi mamá se llama Tsovako."
“Piñaamatzitero tsovakora!”,[Dijeron:] “ ¡Mírala a la chupa de dedos!”
"Ari opoñaanaka ikantaitziro Tsovako, otsovakotara.","De allí viene el apodo Tsovako, “ella que chupa”."
Apaatziro ikantaitziro Tsovako.,Así la llaman Tsovako.
"Aririka iñaanaitero, ikantaitziro Tsovako.","Cuando la veían, la llamaban Tsovako."
KINKITSARENTSI IRASHI EENTSI,CUENTOS PARA LOS NIÑOS
MANITZI,EL CUENTO DEL TIGRE
Iroñaaka nonkinkitsatakoteri manitzi ipyaa aajatzita asheninka pairani.,"Ahora voy a narrar sobre el tigre, se convierte también en ashaninka antiguamente."
"Isaikavaitzi apaniroini ivankoki, intaina isaiki.","Vivía solo en su casa [un ashaninka], lejos vivía."
Yamenantyaari ivarite irora shima.,Para que busque su comida pescado.
"Ijataki, yookanakiro iina, ijatzi yameni shima pareniki.","[El hombre] se fue y dejó a su esposa, se fue para buscar pescado en el río."
"Ijataki, yookanakiro iinara.","Se fue, dejó a su esposa."
"Oyotaji tsika onkantya yareetantajyari oime, aye oyaniri, antake omasatote (pyaarentsi).","Sabía cuando iba a volver su esposo, sacó su yuca, hizo su masato."
"Opoñaaka sheeteni okemavakiri yora tsisoni [aroni] ikaimaki „atatao,‟ „atatao.‟","Luego en la tarde escuchó el pajarito malagüero gritando, „atatao,‟ „atatao.‟"
"Okantziro ishinto, tzimatsi ishinto, okaratzi apite: “Kooya, koraketaki api.”","Le dijo su hija, tenía hijas, eran dos: “Mujer, viene el abuelo.”"
"Te onkanteri manitzi, pairani ikantaitzi: “Airo akantzi manitzi, aritaki yatsikakai.”","No dijo manitzi, antiguamente dijeron: “No debemos decir „tigre‟, si no, nos va a comer.”"
“Koraketaki api.”,“Ya viene el abuelo.”
“Pimairete.”,“Cállate.”
"Avisanaki osamaninintanaki, aitaki oshetyanaki.","Pasó tanto rato, ya era tarde."
"Oñaatziri ikenapaki, atziri inatzi.","Vio el tigre entrando, en la forma de una persona."
Oñaavakiri atziri.,Lo vio.
"Ipoñaaka apiteroite evankaro oshiroventajetari: “Api, api.”","Después dos señoritas se reían del tigre: “Abuelo, abuelo.”"
Okantavetaro ina: “Airo piñaashirinkiritsi.,La madre les dijo: “No le molesten a su abuelo.
"Paiteniri, pitsikateniri ora ñoño, pimpavakeri.”","Tráiganle su masato, ciernanlo, dénselo a él.”"
"Okimisantavakiro,otsikatakiniri, opakotakiri pajoki.","Obedecieron, cernieron el masato, le dieron el masato en un tazón."
"Yaavakiro iroñaaka manitzira ashaninka, yaavakiro, irakiro, ivakiro ivanteki, yatsikanakiro pajora.","Lo agarró mi paisano tigre, lo recibió, lo tomó, lo puso en su boca, lo mordió el tazón."
"Yatsikanakiro, ivakaro.","Lo mordió, y lo comió."
Oshirontaventajetari apitero kooya.,Se reíran las dos mujeres.
"Okantziri: “Api, api, paita patsikantarori pajo?”","Le dijeron: “Abuelo, abuelo, ¿por qué mordiste el tazón?”"
Okantavetaro iniro: “Airo pishirontaventaritzi api.‟,Les dijo su mama: “No se rían del abuelo.”
Te okimisante apiteroitera evankaro.,No le escucharon las dos jovencitas.
Shetyaperotanaki ikantanaki: “Jatajana.”,"En la tarde, él dijo: “Me voy.”"
Jataji ashaninkara manitzi.,Se fue mi paisano tigre.
Piyanajara iro otsitenitanaki okematziri ikaimapaki manitzi.,Regresó: en la noche escuchó [la madre] que gritó el tigre.
Aitaki omaanaki apitero evankaro.,Estaban durmiendo las dos jovencitas.
"Otzitzinavetanakaro iniro, okitsoravaitziro iniro, te okemanake apitero kooya.","Las trataba de despertar su mamá, las pellizcó su mamá, no lo sentían dos mujeres."
"Iroñaaka iniro ataitanaki jenoki, imenkotziro oime jenoki.","Después su mamá subió arriba, en su tarima que hizo su esposo arriba."
"Osaikajetzira okovenkatzi, osheki manitzi.","Donde vivían, era muy peligroso, muchos tigres."
"Arika yookero apaniroini oime, imenkotakiro jenoki tsika omaye apaniroini.","Cuando la dejaba sola su esposo, hizo la tarima arriba donde ella debería dormir sola."
"Arika yookaitero tsika ijate oime, ataitanake.","Cuando la dejaba, cuando su esposo se iba [a pescar], ella subía [en el segundo piso]."
"Ookanakiro oshinto osaviki, osavikira onaryaaka.","Dejó a sus hijas abajo, estaban echado [en el suelo]."
Oñaatziri iroñaaka antaroite manitzi ikenapaki onaryaakara.,Vio un tremendo tigre que entró por donde ellas estaban echadas.
"Yaapakiro, ivapakaro, yatsikapakiro apiteroite evankaro.","Las agarró, las comió, mordió a las dos jovencitas."
"Iroñaaka manitzira imorenkashitakaro osavikira, aitaki yovakarora apitero evankaro.","Después el tigre se quedó en el suelo abajo, comío a las dos jovencitas."
Ari inaryaaka ovankokira.,Allí estaba echado en su casa.
Okitaitanaji areetapaji oimera.,"Amaneció, llegó su esposo."
"Inirora kaari ivaita, saikaki jenoki, omairetzi, otsarovaki, otsarovakakari iyaro manitzira.","No comió a su mamá porque estaba en el segundo piso, estaba en el silencio, con mucho miedo que él vaya a comerla."
"Ipokajira oime, iñaapajatziri, itonkakiri, ivakiri manitzi.","Vino su esposo, encontró al tigre, disparó al tigre, lo mató."
Ari otsonkapakiri cuento (noyenkitsari).,Así termina el cuento.
MAMARO IKOSHITZI EENTSI,EL BÚHO ROBÓ A UNA NIÑA
Ikantaitzi pairani tzimatsi aparoni kooya kinankaro osaikakairo oshintopaye niyankimashiki.,Se dice que antes había una viuda que vivía con sus hijas en el medio del monte.
"Aparoni tsiteneri okasavaitanaji oyaniri, iro kantzimaitacha iraaka osheki oshinto, okantakantziro otashi.","Una noche cuando cocinaba su yuca, su hija lloraba de hambre."
Okantavitaro ishinto: “Airo pira.”,"Aunque le decía su mamá que no llorara,"
"Te onkimisante, aikiro okaimaperotatzi.","su hija no le hacía caso, seguía llorando a gritás."
"Okisakakaro iniro irojatzi okaimakotantakari mamaro, okantzi: “Mamaro, pimpoke paapaintero, noshintoka irairatantari!”","Molestó tanto su madre hasta que llamó al búho diciéndolo: “Búho, ven, llévate a mi hija.”"
Ookapaintziro otsitenitzinta.,La dejó en la oscuridad.
"Ari omairitanaki, te iraanajya eentsika.","Quedó en silencio, no lloró más."
"Otsonkakero okasavaitanaji kooyaka, jatavetaja aajatyeromi ishinto, oñaajantzi maaki.","Cuando esta mujer cocinó su yuca, se fue a recogerla pensando que estaba dormida."
"Ari ovashirivaita, okantzi: “Naaka kantakashitakaro.”",Tristemente se dijo para sí: “Fui la culpable.”
Iroñaaka shiramparika yaanakiro eentsi irojatzi opashitziki shina.,Este hombre llevó a esta niña en la copa de la lupuna.
"Ari yovakero antaroiteki imavoshi, ikantziro ivanko.","Allí estaba un tremendo nido, dice que es su casa."
"Maaroni kitaiterikipaye, te yookero inampiri, ari ikantatya imaye irojatzi otsitenitantajya.","Todos los días no abandonaba a la niña, él se ponía a dormir durante el día hasta al anochecer."
"Irokya tsitenirikipaye ikantziro iina: “Pisaikera, namenaiteta poshiniri.”","En las noches le decía a su mujer: “Quédate, voy a cazar.”"
"Ipokajerika kapichikitaite, intaani yamaje matori, onkiro, aisatzi pashinipaye.","Volvía al amanecer, solamente traía mariposa nocturna, ratas y otras más."
"Ikantapajiro iroñaaka eentsi: “Jirika, pinkotsite poshiniri avavakyata.”","Ahora decía a esta niña: “Acá está el mitayo, cocínalos para comer.”"
"Ovakotakari maaroni yamayetziri, temakya tekatsi pashini oyari.",Comía todo lo que traía pues no tenía otra cosa que comer.
"Okovaveta oshiyapitsatyaarimi, kantzimaitacha te okantero osoronkyaro shina, temakya antarotsomonte ovaato.",Quería escaparse sin embargo ella no podia bajarse del árbol lupuna porque el tallo era muy grueso.
"Itzimakakiro aparoni eentsi, okovi iroñaaka ojate ovankoki oñaakajero osari iniro.",Tuvieron un hijo y ahora quería ir a visitar a su mamá para hacerle ver a su nieto.
"Okantakiri iroñaaka oime: “Aritapaki pimaaki, tsame ajataite inaki añaakakitarita pitomi.”","Le dijo a su esposo: “Ya no duermes, vamos a visitar a mi mamá para que vea a tu hijo.”"
"Ari yakanaki, ikantzi: “Tsametyami.”",Le contestó diciendo: “Vamos pues.”
"Yariijetakara ovankoki kooyara, antaro okimoshiritanaki oniro.","Cuando llegaron a su casa, grande fue la alegría de su madre."
"Okantzirokya: “Pavisajetapaje, pisaikapaje, nonkotsitavaketa kaniri!”","Dijo: “Pasen, tomen asiento, voy a cocinar yuca.”"
"Irimakya shiramparika, te iñaavaite, intaani yoiyotaka.","Pero el hombre no hablaba, estaba agachado."
"Okantziro ishinto: “Kooya, pokanakiri nosari kivotsikira, papaintena nijaa.”","Le dijo a su hija: “Mujer, déja a mi nieto en el hamaca y ve a traer agua.”"
"Okantanaka ishinto: “Ari ina, airokya pipashiryaakotzinari notomi, imaavaketa.”","Dijo su hija: “Ya, mamá, pues no destapes a mi hijo que duerma.”"
"Ojatanakira ishinto, aminakiri osari, oñaatziri antaro irokipaye.","Cuando se fue su hija, miró a su nieto, vio que tenía ojos grandes."
"Okantanajiro ishinto: “Kooya, tsika pikantakerika nosari, antaropaye iroki kimivaitaka mamaro!”","Cuando volvió su hija, le dijo a su hija: “Mujer, ¿qué le has hecho a mi nieto? Tiene ojos grandes como del búho.”"
"Iro otsonkavetaka oñaavaitzi araiyanakeni mavaroite antamishiki, pyaanaka mamaro, kaimapaki jo, jo, jo, jo.","Ni bien terminaba de hablar, se transformaron en búhos y se fueron volando hacia el monte, allí gritaban jo, jo, jo, jo."
"Ari intanaka ikoñaatzi mamaro, irotaki ishikitantakari irojatzi iroñaaka.",Allí se inició la aparición del búho desde ahí nacimiento de los búhos hasta ahora.
"Ari ikantakotari mamaro, ikoshitzi aparoni kooyaniki irojatzi yatzirivetani.",Así fue la historia del búho que se robó a una niñita cuando era una persona.
"Pairani te onkameetsate akantavaishitya, maaroni inchatoshi, piratsi, maaroni saikatsiri kipatsiki okemayetzi akantayetziri.","Antes no era bueno hacer bromas, todos los árboles, animales, todo lo que hay en esta tierra tenían la capacidad de escuchar."
OOVERO,EL GAVILÁN MALAGÜERO
Nintavakyaarita oovero.,Voy a iniciar con el oovero.
Institya oovero.,Vamos con el oovero.
Paita ikantaitziri „oovero‟?,¿Qué quiere decir oovero?
"Pakitsa, iroki ovaripaye, ivayetziri.","Gavilán, ojo de los muertos."
Iritaki iroñaaka nokinkitsatakotavakeri.,De eso voy a contar.
"Pairani iroñaaka ishekitantakari oovero, kama ivayetziri ashaninkapaye iitamatsitavakaiyeta, amitayetari.","Para que aumente el oovero, fue la matanza a los brujos por los paisanos, eso era una costumbre."
Iroñaaka maatsi oime kooyara ivaitakiniro.,Tenía su esposo que fue asesinado.
"Iroñaakaja oshinkyatetatya shinki, otononkatzi oshinkini.","Estaba preparando su chicha de maíz, estaba moliendo maíz."
Tzimatsi otomi okaratzi mava.,Tenía tres hijos.
"Iroñaaka okimaki oshintaniki iraaka, otashataitatzima.","Su hija estaba llorando, seguramente de hambre."
"Iraaka, okantziro: “Piraakapoo, ari pikantaitatyani pirapiraata, nokanterita iroñaaka oovero, yaapaintemita.”","Estaba llorando, le dijo: “Estás llorando mucho, voy a decir al oovero que venga para que te lleve.”"
"Iroñaaka osaiki oshinkyateta, antatziro oshinkyate, antatziro, antatziro.","Estaba moviendo su chicha de maíz, trabajando."
Oñaatziri atziri yoirinkapaka potsitari iitsari.,Vio llegar un hombre extraño vestido con una cushma negra.
"Ikantapakirokya: “Kitaiteri, ashaninka.”","Le dijo así: “Buenos días, paisana.”"
“Kitaiteri.”,“Buenos días.”
“Paita piñaavaitantari?,“¿De que estabas hablando?
"Nokemakemi novirapaka tyonkarikini, nokemakemi piñaavaitzi.”",Te escuché hablar cuando estaba acercándote.”
"Okantzirikya: “Te, nokantashitaro neentsite irairaata, nokantashitari oovero: “Papaintero irairatantari.”","Le respondió: “Nada, como estaba llorando mi hija, le dije que iba a llamar al oovero para llevarla.”"
"“Ah, iroñaaka nokantemi, pisaiki aka.”",Extendió su cushma negra.
Ikantziro: “Pimachokerakya.”,Le dijo: “Cierra tus ojos.”
Omachokakakero eentsitepaye.,Les hizo cerrar los ojos de todos sus niños.
"Irotaki ikantziro, pokeri, yaanakero anta isaikenta oime ivaitzirinta.","[Cuando les dijo que ya podían abrir sus ojos,] se encontraban en la ciudad de los muertos donde estaba su esposo."
"Poñashitaka iroñaakaja isaiki, isaiki eentsitepaye ikantzirokya: “Ina, nomiritatzi, nomiritatzi iroñaaka.”","Después de largos ratos con su padre, los niños le dijo: “Mamá, tenemos sed.”"
Ikantzikya: “Tsika paitakakya?”,Luego le dijo a su esposa: “¿Por qué te has venido aquí?”
Ikantavakiro: “Paita pipokantakari?”,Dijo: “¿Por qué te has venido aquí?”
"Iroñaaka atzirika, te omashontote atzirira, aaki inchakii, osatekayetakiro aikiki.","Como ella era muy inteligente, sacó un palito y se hincó las encias."
"Omantsaryayetakiro ovachanikipaye, shitovanaki iraani.","Como había dañado sus encías con el palito, empezó a sangrar."
Ikantzirokya: “Te pipokatzikya añaatziroinka.”,Le dijo: “¿Has venido viva?”
Okantziri iroori: “Te nompoke.”,Le contestó: “No he venido.”
“Intsitya pichontya.”,"“Entonces, escupe.”"
Ochontakakiro akoki.,La hizo escupir en su mano.
"Ikantzi: “Ah, kameetsataki.”","Dijo: “Sí, qué bien.”"
Eentsitepaye ichontakayetakaro.,A los niños los hizo escupir.
Ikantziro: “Pijate paminaite iitonchariniki.”,Le dijo: “Ve a ver el agua de las cabezas.”
"Ojatavetaki, oñaapatziro osheki iito, amaamenkotziyetaki iito.","Al llegar en esa quebrada, vio muchas cabezas que flotaban en sus aguas."
"Nijaateni ipaitayetziro shempacharini, poricharini.","Todas las quebradas llevaban el nombre de brazos, de piernas."
“Paminaite katsarikentsicharini.”,“Ve a la quebrada de los testículos.”
Oñaapatziro amaatsintakini iyatsarikitsopaye iroka ishiramparitantari irirori.,"Al llegar allí vio muchos testículos que flotaban, también los penes."
Okantzi: “Teve.”,Dijo: “¡Qué desgracia!‟
“Mirikincharini pijate.”,“Vete a la quebrada de costillas.”
Ojavetaka irojatzi oñaapaji.,También fue y vio puras costillas.
Iraancharini ojavetaka.,En la quebrada de sangre tampoco no era bueno.
“Arima irakero iraantsi onatzi.”,“¿Acaso se puede tomar sangre?”
"Poñaaka iroñaaka ikantziro: “Pijate pamenaite, maatsi pashini nijaa, iroka chavicharini.”","Entonces le dijo: “Vete, a ver, hay otra quebrada, la quebrada de vagina.”"
"Ojataki, oñaatziro iroñaaka sharo.","Cuando se iba por el camino, se encontró la cutpe en persona."
"Sharo iroñaaka oshoinkakero, irotaki oyotantayetarori oshoinke.","La cutpe en persona silbó a esa mujer, la cutpe le enseñó a silbar."
"Oshoinkakiro, okantziro: “Paita pipokantarika?","Después de silbar, le dijo: “¿Por qué has venido por aquí?"
Pipokaki patzirintakari ovari?”,"¿Has venido, ya te relacionaste con el fantasma [persona asesinada]?”"
"Iroñaaka okantziro: “Iroñaaka nopokashita aka, imiritatzi neentsite.”",La mujer contestó: “Estoy por aquí porque mis hijos sienten mucha sed.”
Tzimatsi ovachakanikite sharora.,La mujer cutpe tenía una calabaza pequeña.
Añaapintayetziro ovaantsite karinachanchaki irotaki ovachakate sharo.,(En la chacra la vemos esta especie de calabaza con rayos.)
Iroñaaka okantzirokya: “Pire iroñaaka nijaaka.,Le dijo: “Toma de este agua.”
"Iroñaaka, paanakero iroka nijaaka pikivaishitapainteri, piime ari inkamaje.",Le dijo: “Llévate este agua y con ello lávate la cabeza de tu marido y nuevamente volverá a morir.
Iroñaaka pookanakeri peentsite.”,Deja ahora a tu hijo.”
Ookanakiri eentsite.,Lo dejó.
Ojataji.,Se fue.
Iroñaaka ikantavakiro: “Pokajemi?Pirapaintzi?”,Le dijo [su marido]: “¿Volviste? ¿Tomaste agua?”
"“Je, nirapaintzi.”","“Sí, ya tomé agua.”"
“Peentsitepaye?”,“Tus hijos?”
"“Ijatatzi ikinavaitzi anta, ikatziyavaita yamine tsika okantavaita.”","“Están paseando, mirando todo lo que está a su vista.”"
"“Je, arikyaro, ikatziyavaita.","“Muy bien, que paseen."
Paminaishitapajena noitoki kaininkamaishitaki none.”,"Revisa mi cabeza, tengo mucho piojo que me está dando comezón.”"
Iroñaaka aminaishitakiri oimera.,Empezó a revisar la cabeza de su esposo.
"Itankainaitakirira, ivainaitakirira.","En su cabeza partida, donde le golpearon."
"Aakiri iroñaaka atsikashitaro oshetaki, takik, takik.",Hacía el ademán de sacar muchos piojos y hacía sonar sus uñas como si estuviera mascando a los piojos.
Ikantzi: “Inampe none?”,Le preguntó: “Tengo mucho piojo?”
"“Je, inampitaka.”","“Sí, hay muchos.”"
"Okarataki aminaishitakiri, poñaashitaka osaitanakiri inijaatera sharo.","Después de revisar su cabeza, le echó agua en la cabeza de su esposo, con el agua de la mujer cutpe."
"Shiyanaka iroñaaka, sharo pokaki iroori, oijatziro otaapiki.","Se fue corriendo, mientras la mujer cutpe venía por su atras para defenderla."
Ikaimanaki: “Te kaari nashive! Te kaari nashive!,"Empezó a gritar: “¡No es mió, no es mió!"
"Pivatavitavajero, irotaki opokantari ovamapananteri oime!”","Mátenla, por eso vino para matarle a su esposo.”"
Jaitetaki iroñaaka oshiyanaka omanavakero sharo.,Se fue corriendo la mujer hasta pasar donde estaba oculta la mujer cutpe.
Iroori sharo manaka okimotavakiri osanini iroori sharora.,"La cutpe también se escondió, aventó su avispa."
"Ikaimanaki: “Sakayave, sakayave, kaari nashive, sakayave, sakayave!”","Él [el hombre] gritó: “Ay, ay, éste no es mío, ay, ay.”"
Eentsitepayera omanakiniro.,Los niños de ella los ocultó.
"Iroñaaka piyaja ashaninka, okantzirokya: “Tsame amine, tsame ajate novankoki.”","Cuando regresó la mujer que huía, le dijo: “Vámonos a buscar, vamos a irnos a mi casa.”"
"Aanakiro iroñaaka, oñiirora avomanchakini, oñaakiro carretera onatzi, oñaakiro ashaninkara antarosante avotsi.","El camino angosto que vio antes, ahora vio un camino ancho como una carretera."
"Ojatzi aye koritzi, ojatzi aye kemi.",Ella traía camote y zapallo.
"Iroñaaka pintsataka otomirakya, ikantziro: “Ameeni, aajatzi naari.”",Los hijos de la mujer también querían seguir a la señora cutpe.
"Okantziro: “Je, tsame, aakite noyaniri.”","Les dijo: “Sí, vamos a traer mi yuca.”"
Te oyotzimaitya irotaki ovaani okoshitakatziro oyaniri.,No sabía que esas yucas eran de la chacra de ellos.
Poñaaka kisaka otomira iroñaaka.,El niño estaba molestado.
"Ikantzi: “Ina, kimitaka avaaniranki.”","Dijo: “Mamá, parece que esta chacra es nuestra.”"
Kantanaki iroñaaka: “Tsika ikantzika nosari?”; intyaatzini osaikaveta.,La mujer cutpe dijo: “¿Qué dice mi nieto?”- escuchó aunque ella estaba alejada.
Ikantatzi: “Okantarika opankivaitzi isha.”,“Está diciendo: “Como habrá sembrado la abuela.”
“Arikyaro nosari.”,"“Así pues, mi nieto.”"
"Ikantzi: “Ina, irotakityami avaani, paminero ipankitziroka ivotsote, apa itsamirovotsoteka.”","[El niño] dijo: “Mamá, es nuestra porque aquí está la pusanga [achiote] de mi papá para cazar paujil.”"
“Tsika ikantzika nosari?”,“¿Qué dice mi nieto?”
“Okantarika opankitziro ovotsote.”,“Como habrá sembrado su achiote.”
“Arikyaro nosari.”,"“Sí pues, mi nieto!”"
Poñaaka ikantzikya: “Irotakityami pamine iminkataro apa irora inchamenta itovantarori.”,"Seguía insistiendo el niño: “Es nuestra, mira, la tarima que ha hecho mi papá para tumbar este árbol grande.”"
"“Arikyaro nosari, nominkatakaro notovantarori.”","“Sí pues, mi nieto, es mi tarima para tumbar este grande árbol.”"
"Kisaka eentsi iroñaaka ikantzirokya: “Arima nokantziri iroñaaka nokantatzi iroka ivaani apa, iminkataro okanta itovantarori inchamenta.”","El niño se molestó y dijo: “Acaso así estoy diciendo que esta chacra es de mi papá, es la tarima que ha hecho mi papá para tumbar este árbol grande.”"
"Shiyanaka iroñaaka sharora, jihai, jihai, jihai, pyaanaka sharo.","La mujer saltó hacia el monte transformándose en un verdadero cutpe, gritando, jijai, jijai, jijai."
MAINI IKOSHITZI KOOYA,EL OSO QUE RAPTÓ A UNA MUJER
Iroñaaka nokinkitsakotavakiro aparoni kooya ovakera antarotatzi.,Voy a contarles acerca de una mujer que por primera vez menstruaba.
"Ojataki iroñaaka, okantziro onatoto: “Tsame ajataite amenaite tzivana.”","Se fue, le dijo a su cuñada: “Vamos a coger piñas.”"
"Oniro okantavitakaro: “Airo pijatzi, yayemikari maini.”","Su mamá le dijo: “No te vayas, el oso podía raptarte.”"
Te onkimisante.,Pero ella no hizo caso.
"Jaitetaki iroñaaka, okitoryapaki tzivana, okitoryapaki, okitoryapaki.","Se fue a coger piñas, tantas piñas."
"Okantziro onatoto: “Tsame aatai, korakitaintsi maini, ari inkyanakemi.”","Su cuñada le dijo: “Vámonos, podría ir el oso, y nos puede llevar.”"
"Te onkimisantero, aikiro okitoryatzi.","No hizo caso más bien, seguía cosechando más piñas."
Irotaki otapitanaka oñaatziri maini ipokaki.,Por detrás vino el oso.
"Yaanakiro iroñaaka, yataitakakiro inchato, ari ivakerori.","Llevó a la jovenita y la hizo trepar en un árbol grande, allí la escondió."
"Aririka yaanakero, yashaatakanakyaro inkaariki.","Cuando la llevó, el oso estaba caminando dentro una cocha."
"Okanta, okanta iroñaaka kooyara vitzitaki, vitzitaki iroñaaka, otsonka ovitzitaki oneeki.",Después de mucho tiempo la mujer empezó a crecer pelo en su pecho.
"Ovarite iroñaaka intaani yayeniro tzina, irotaki ovari aparoni.",Su comida era solamente cogollo de palmiche.
"Okanta, okanta amatavitakeri maini, kamaki.",Un día engañó al oso [en pensar que] estaba muerta.
"Ikyanakero, yaanajero iroñaaka, yaniitakajero.","Cargándola en sus hombros, la llevó en el panal de la izula."
"Ikyakotapakeri manii, inaryavitakaro.","Escarbó el panal, la echó allí."
"Te oshevataki, okamakitzi.","No se movió, fingió estar muerta."
Ikanta iroñaaka maini yaanakero iroñaaka iporonkavitakaro poronkitoki.,"Luego la llevó, la golpeó con la planta que causa allergia en todo su cuerpo."
Te oshevate.,No se movió.
"Poñaaka iroñaaka isamakaro, ikantzi: “Nokiyakoterita iroñaaka manii, ikinterota, ari oshevatanake.”","Luego se aburrió, dijo: “Voy a escarbar izula para que la pique si va a moverse.‟"
"Okantaima amavetakiro aniinka, te aniinkate.","Como evitó su respiración, no respiró."
"Poñaaka mainira yamatavitakiro, ijataki, imanaka anta.",Ahora el oso tocó engañar a la jóven por esconderse allá.
"Aminakiri, okiryaki kapicheeni, aminakiri, tsikarika iviraka.","Ella abrió un poco los ojos, lo miró hacia donde estaba yendo."
"Ikanta, ikanta, ijatzi, iraacha iroñaaka maini, iraakotaro kooyara.",Mientras él caminaba llorando por esta jóven.
"Ikanta ikantzi iroñaaka: “Nokaimaiterita ani, iyaarota, inkaimireri manitzira, iritaki iraniri ivatziri.”","Luego el oso dijo: “Voy a llamar a mi cuñado tigre para que se la coma, a esta jóven.”"
"Ikanta ijatzi, ijatzi, okiryaji, oñaatziri maini jaitetaki, manaka.","Cuando esta jóven volvió a mirarlo, percató que el oso seguía caminando y se escondió."
"Iroñaaka kooyara tzinanaka, shiyanaka irojatzi ariitantya oniroki.","La jóven se levantó, se fue corriendo hasta su mamá."
"Oñaavairo oniro, okantavajiro: “Nokantavitakami, airo pijatzi, ari yaakemi maini, te pikimisantena.”","Cuando la madre vio a su hija, le dijo: “Te he dicho que no vayas a coger [piña], el oso te podía raptar, no me escuchaste.”"
Su mamá calentó agua y con ello depiló todo el pelo que había crecido en su pecho y en sus manos.,"Iroñaaka onirora osaavatashitajiro nijaa, opitziryantajarori ovitzitayetakira akoki, ovitzi oneeki, maaroni opitziryayetajiro."
"Iro nokantavakiri kapicheeni, ari ovirapakari.","Esto es lo poco que puedo decir, aquí el cuento termina."
SHARO,EL CUTPE
"Aparojatzini kooya kamaivintaki, tekatsi ontsipatyaari, oimentajyaari.","Cierta vez una mujer viuda no tenía compañía, ni esposo."
"Ojatake okenake, oñaatziro aparoni ashaninka, atziritatsira sharo.","Se fue andando y vio a una paisana, era una persona [llamada] Cutpe."
"Pairani akimakoventziro atziritsi sharo, ari onkantya.",Antes escuchamos que el cutpe era gente.
Aajatzi mapi atziriyetatsi.,"También, piedras eran gente."
Aanakero onampiki ovankoki.,"La llevó en su pueblo, en su casa la viuda."
Ari omaakeri.,Allí durmieron.
"Tekatsitakera oime, ikamaketzira.",No tenía esposo porque se murió.
"Opoña ashaninka okitaitake omaake, tekatsitaki oyaniri.","Después, al día siguente la paisana seguía quedándose, no tenía yuca."
"Opoña sharora okantziro: “Tsame novaaniki, ari ajateri antsoki noyaniri.”",La cutpe le dice: “Vamos a mi chacra para sacar mi yuca.”
"Okeni, okekenatapake.","Andaban, llegaron."
"Ayotziro sharo ojatapaite anta, okiyapaite anta.",El cutpe escarbaba la yuca en lugares diferentes.
"Ojatapaitzi, okiyapaitzi.",Sabemos que el cutpe come la yuca malogra.
"Opoña opiyakanajaro pashini kitaiteri, opiyakanajaro.",Otro día se fueron nuevamente sacar yuca.
Aajatzita amakeri otomi ashaninka kamaivintzinkaro.,Llevó al hijo de la viuda.
"Ikantzi: “Ina, pamenerotya, okikiyataki sharo.”","Dijo su hijo: “ Mamá, mira, el cutpe estaba escarbando acá, mira.”"
Kimavetaka kapichiini: “Tsika ikantzika?”,Escuchó un poco el cutpe [y dice]: “¿Qué dijo?”
"“Tekatsi, inkante ikantashita: “Pamenero osheki ovatsa ayanirika pairani.””","“No dijo nada. Sólo dijo: “Mira, grande es la producción de nuestra yuca.”"
"Ipoña ikenaki eentsira, ikaimakotziro ina: “Piñeero, sharo ovatyaro kaniri aka, piñeero, ookantakiro.”","Se fue el niño más, gritó a su mamá: “Mira, este cutpe comió la yuca, mira, la dejó.”"
"Okimakiro sharo, pyaana jen.","Escuchó el cutpe, se transformó [en un cutpe verdadero], gritó jen."
Okimpoyanakero oyotsiro petyokite otziyamorokika.,Lo guardó su cuchillo pequeñito en su ano.
Ari okaratapaki.,Así termina.
YOMITAANTSIPAYE,ENSEÑANZAS
NANTAVAIRIPAYE,MI ARTESANÍA
Oka nantziri mi artesanía notejevetzirika.,"Esto hago, mi artesanía, cuando lo tejo."
"Iroka kapiro, chakopi, irotaki nantayetziri naari.","Esto es bambú, una flecha, eso es lo que hago."
"Ipoñaaka pajo, tsoiroki nomokayetakiro.","Después, poto, caracol, le hago un hueco."
"Nomokakiro, nosantzimaitaro tyoshiki, noshintsatziro tyoshikipaye, chovankiriki, taanoki, poñaanaka iroka tsoiroki.","Hago un hueco, los ensarto pini-pini, huaruro, zapatitos, después, este caracol."
"Irotaki novetsikiro onkametsatantanakyaari, nopimantayetziri naari.","Éste, lo arreglo para que este bonito, lo que yo vendo."
"Iroka notyaanipaye, iroka noshitzikakero, notsakantaarori.","Esto es mi tejido, coso esto, lo tiño."
Inchataki notsakantayetakarori oshitovantanakari aka.,"Corteza, con eso hago los tejidos para que salgan."
"Iyoka ishivanki savaro novayetakiri aka, iritaki osheki inintziri pokayetatsiri, yamanantziri, inintziri iramatsari.","Esta es pluma de guacamayo, la pongo aquí, esto les gusta mucho, los que vienen y compran, les gusta su corona."
"Iroka chakopi, irotaki novantari naaka, ikentantaitariri tsimerika, ikentantairiri savaro.","Esta es una flecha, con esa yo como, nosotros con esa pican los pajaritos, con esa pican el guacamayo."
"Opoñana nonkirikakero ampee, opoña naaka nontsakakero, iroka kipatsi onatzi, kisaarika pitsitsari.","Después, hilo algodón, después, lo tiño, este barro es de color negro."
"Iroka potsotzi shitovanantziri okamaranentzi, okityonkanentzi, potsotzi onatzi.","Esto es achiote que sale de color crema, medio rojizo, es achiote."
"Yoka tonkitsi, itonki maniro, itonki kitairiki, itonki kemari.","Esto es un hueso, el hueso de venado, el hueso de sajino, el hueso de sachavaca."
"Iritaki notsatziri notsompiro [notsampiro], naaka oka notsompitantari cuando itzimi neentsite, iyaanipaye.","Esto es lo que cuelgo en mi cargador, yo con esto cargo cuando tenía mi hijo, bebés."
"Nontsompitakeri, namake noyaniri notapiki, novarentzite, nonkyaakotero, nontsompitakeri neentsite.","Traigo en mi cargador mi yuca en la espalda, plátano, lo cargo, cargo, cargo con mi hijo lejos."
"Irotaki namantarori; iroka inchato nopishantarori paitarika novarite, nopishantarori arika nante irora mi arroz [narrosote].","Con eso lo traigo, este palo, con eso muevo cualquier alimento, muevo cuando hacemos este, mi arroz."
Arika nonkotsitakerika nopishantarori nanterika novochakate nijaa.,"Cuando cocino, con eso lo muevo, cuando hago mi refresco."
Irotaki nosheronkantakari novantyaari.,Por eso raspo la paleta para comer.
Iroma iroka ashi irora irojatzita tocuyo.,"En cambio, esto es lo mismo tocuyo."
"Noshitzikakero, notsakakero, oshitovantakari okityonkatanakika, nopotsomaitaro oka, nopotsotakiroka.","Lo he tejido, lo he tiñido para que salga el color rojo, lo pinto, lo que he pintado esto."
"Irotaki pitsitsari, kipatsi kisaari, nopotsotyetakerori atetatyarori, osheninka.","Esto es el barro de color negro, la pinté [la bolsita] para llenar, es igualito."
"Piñaavaitantakari aviroka ikantaitziro celular, nokantziro naaka „iñaavaimento‟, inkomunikatantyaari, pashini intainakinta, inkaimantyaariri saikatsiri intainakinta.",Con lo que tu hablas que se llama celular yo lo digo iñaavaimento para comunicarse en otros lugares para que llamen a los que viven lejos.
"Ari notetzirori aka, iroma iroka notsaratepaye, nintayetzirori, ayero ontetantyaari oireekite.","Acá las lleno, en cambio son mis bolsas, las que quieren llevarse (comprarse) para que llenen su dinero."
"Ontetantyaari ovaperitepaye, osankinatantyaari, iroma iroka irotaki oitsaripaye evankaro onintayetziri.","Para que llenen sus documentos, escrituras, en cambio, estas es las ropas de las señoritas que les gusta."
"Tsoiroki inatzi, ovairatakayetziri, irokama nochekakiro inchato, tekira nontsonkatero, novetsikiri.","Esto es caracol, para que bailen, esto lo corté este palo, todavía no lo he terminado, estoy arreglando."
"Iritaki nantziri mamaro, nomamarote, nantayetziri yoka, iroka irotaki notejetziri aajatzita nontyaakero.","Esto es lo que hago, un búho, mi búho, lo hago esto, esto es lo que tejo."
"Notsatzimaita shevatyaki, ikantaitziri yoka shevatyakipaye, iroma oka irora paitaranki nantayetziri mis bolsitas, notsarateriki, iyaaniriki, oitsokipaye irora inchato saikayetatsiri nijaaki imparayaki.","Empecé a colgar sus adornos, este se llama shevatyaki (huesos), en cambio, éste, cómo se llama, confecciono mis bolsitas pequeñitas de semillas, de las pepas de los arboles que crecen en el río por la playa."
"Ari oshaikayetziri incha kitsoiriki, noshintsatantari, iroma iroka chovankeriki, iroka noshintsatakero, notsanatakaro.","Allí bastante semillas para ensartar, en cambio esto es huayruro, los ensarté y me los puse."
"Iroma iroka shamaki, ikantaitziro, osaiki antamiki, amenatyero aantyari, irotaki iroori iyasankarite ashaninka.","En cambio, esto se llama shamaki, lo dicen, esas hay en el monte, hay que buscar para sacar esas pepitas, esto es el perfume de los ashaninkas."
"Irojatzita tocuyo, notsakakero, okityonkatantanakari.","Esto es tocuyo, lo he teñido y tiene el color rojo."
"Nosankinatakiri samani aka, nosankinatakiri kosaniri.","He dibujado samanyo, he dibujado un cocodrilo."
"En cambio iroka pachaka, naantari nijaa ovakerani, te noñeero, tekatsi nooyate, irotaki naantarori iroka, naantari nijaa, novantarori pyaarentsi, irantajetari.","En cambio, esto se llama pachaka (calabaza), con eso sacaba agua antes, no conocía olla, no tenía mi olla, con eso sacaba agua, con eso guardaba mi masato, lo que tomamos."
Ari okaratzi.,Es todo.
ARIKA NANTE KITSAARENTSI,CUANDO HAGO UNA TEJIDA A MANO
Inchatoka arika nante kitsaarentsi ari noshitzikero aka.,"Este palito sirve para tejer cushma, cuando la coso acá."
"Nonkantzimaityaro aka tzimatsi novatsakiro aka nontejetero, nontyaakero.","Lo hago así, tengo una correa aquí para tejer."
"Irotaki tzinayeroni, iroka avantyaarori oshimatari.","Tejo esto, lo levanto, esto [un palito] para guardar la peineta."
"Iroka irotaki nontyaantyaarori, ontzivitantanakyarori okimitantanakyarori.","Esto es con que lo tejo, para que sean bien tus tejidas, para que sean como esto."
Ari okaratzi nantavaitantari naari.,Es todo con que trabajo.
"Jeroka ninchakiri para que nontyaantyaarori nontzinantyarori, avisantyari, nontzinantyarori oshimataro.","Estos son mis palitos para tejer y levantar, para que pase acá los hilos, para levantar las peinetas."
"Novantyaarori aka osaikantyaari, arika osantsatanake nampinaikimaityaaro.","Para ponerlo y enrollarlo, cuando este tejido crece largo, lo enrollo."
"Nonkantakero aka okimitaka aka, aikiro nojatatyero nontyero, osantsatapake ovirapakya aka, nampinaikajero aka, nontzimaityaaro aka.","Así lo hago como esto, sigo tejiendo, crece largo que está acá, lo enrollo, lo pongo de apollo acá."
Irotaki notejetantyaari.,Así tejo con estos.
"Iroka oshimitaro nontzinantyaarori, iroka irotaki parankakairori; nominkimaityaaro inchakii, apite okanta, oka saikatsini aka, saikatsini anta.","Esta peineta con ello lo levanto, esto es lo que lo abre; lo meto este palo, son dos [palitos para tejer], esto que vaya a estar acá, esto que vaya a estar allá."
Ari okaratzi.,Es todo.
AVAMETAIRO ANTAVAIRIPAYE,LA EXPLICACIÓN DE ARTESANÍA
Pikovi piyotero okanta nantziro tyoshiki.,Quieres saber cómo confeccionar estas pepitas silvestres.
"Nantziro novolsatepaye antetantyaari paitarikapaye pinteteri: pireekite, pivotsoropaye.","Hago mis bolsas para llenar cualquier cosa que pueda ser: plata, cosméticos."
"Nantakero aka, amokakero, osheki okisokitzi kityonkakitatsiri.","Los hice acá, los huecos, [las pepitas] son muy duros de color rojo."
"Natsipetaro, tekatsite amokantyaarori, te ayotero amokantyaarori, nashitaro kiravo nomokantarori.","No hay para hacer los huecos, no sabemos como hacer huecos, agarré un clavo, con eso hice los huecos."
"Irokama ampitantaro onkameetsatantyaari, tekatsi ampitsatya.","Eso hay que repetirlo para que sea perfecto, para que no arrugue."
Okantavetakari inkaranki amenapatzirori ashi irori ampitsayetaka.,Como dijo antes de que estaba mirando [las bolsas] de ella que están arrugadas.
"Ampiitatyero ashonkero, ankantero asantatyero, asantakero, ashonkero, ashonkero, aisatzi ompiyaje.","Hay que repetirlo dándole vueltas, así tenemos que hacer ensartandolo, le damos otra vuelta, otra, de nuevo vuelve."
"Iroma tzimatsi, shintsini antsonkero aparoni kitaiteri.","Este hay otro, es más rápido de terminar, un sólo día."
"Nantziro oka, iroma tzimavetacha pashini, aajatzi oshiyavetaro.","Esto lo hago, también hay otro, cási igual."
"Ankantakero asantanakero, shere, shere, avashitaki, areetapaitatya, asantanakero.","Lo hacemos ensartandolo, shere, shere, lo ponemos en otro, llegamos al otro hilo, seguimos ensartandolo."
"Avashitero, areetapaintya anto, asantanake aparoni, aparoni.","Ponemos otro hilo, llegamos para arriba, ensartamos en uno, en uno."
"Antsonkavetakyaaro, osheki antzimosoikita.","Lo terminamos, mucho se arruga."
"Te oshiyaro okimita, oka okametsayetzi.","No es igual como esto, es bien bonito."
"Ari nokantzi oka kitamarorika, te ontenate, aryaajaini okimita oka osheki otenatzi.","Así digo, esto de color blanco no pesa, en cambio, esto sí, pesa mucho."
"Aajatzi okimita oka osheki otenatzi, oka kantavaitayetachari.","También esto mucho pesa, esto lo que es así de colores."
"Iroka kitamarorika inaveta oshe okametsayetzi, piyonkakiri, tzimatsi kimarakiri irora, te ontenate.","Esto de color blanco que ves es muy bueno y liviano, hay marrones que no pesan."
"Irokama oshe otenatzi iro nokokovavetari oka, osheki te ontenate.","En cambio, esto pesa mucho, yo prefiero esto que no pesa mucho."
"Iroka kitamarorika inaveta oshe okametsayetzi, piyonkakiri, tzimatsi kimarakiri irora, te ontenate.","Esto de color blanco que ves es muy bueno y liviano, hay marrones que no pesan."
"Irokama oshe otenatzi iro nokokovavetari oka, osheki te ontenate.","En cambio, esto pesa mucho, yo prefiero esto que no pesa mucho."
"Irokama oshe otenatzi, irokama te ontenate, kameetsa ankyero, eero pikemiro ontenate, intetapakya pireekite.","En cambio, esto mucho pesa, y esto no pesa, es bonito para llevar en los brazos, no sientes el peso y llenas tu dinero."
Tenakitanaki irokama ikantaitziroka ampashikantyaarori mesa [avantyaarori].,"Pesa esto, como se llama, para tapar en la mesa [el mantel]."
"Iroka notsapatantyaarori, nintakaro ikitamarori, iroka onatzi irashi virakocha, irirori ivetsikiri.","Esto con las que hago las rayas, empecé con el color blanco, esto [hilo] es de la gente blanco [mestizo] que ellos confeccionan."
"Ñaakero, opoña nashitakero patsitaroki irora nopotsotantakarori.","Lo vi, después saqué corteza para teñir."
"Nintakaro nokotsitakiro, nomoyakiro, notetzimaitaro.","Empecé a cocinarlo, hervirlo, [luego] lo llené [en la olla]."
"Noipitsokiro, noipitsokiro oshitovantyaari kameetsa aka iroma, arika okaapaintero kapicheeni, ari oshitovanaki kipatsiporoki.","Sigo batiendo para que salga bien bonito esta tela, cuando la dejas un poco, sale manchado."
"Eero okameetsatzi, ontzimatye asaikaventero ankarate apite, tsika ankanterori arori.","No es bonita, tenemos que estar entre dos [teñiendo], como decimos nosotros."
"Pikantajetziro avirori ikantaitziri hora osamani, nokantziri naaka intaani noyotziri, naaka nonkantakotakya osamani irojatzi tampatsika.","Como ustedes lo dicen „hora‟; yo le digo solamente „la demorra,‟ yo no sé, „la demorra hasta cuando será‟, „hasta que el sol este derecho.‟"
"Notsonkatakero, eero ovejanaja, nonkivakero, kiva, kiva, kameetsatanaki, nashitzimaityaaro iroñaaka pitsitsari ikantaitziri yoka kipatsi, ikantaitziri pitsitsari.","Terminé muy bien, ya no se destiñe, la lavo bien, está bonita, saco otro que es barro, se dice este de arcilla, se llama barro."
"Naajero, nontsipatakero patsitaroki, nomoyashitakero.","Recojo para hacer las rayas, combino con la corteza, la hiervo en agua. Saco una palita [espatula], remuevo chak, chak, esto para arreglarla, empatarla hasta terminarlo."
"Naashitzimaitaro inchapataki, nonkantero tyak, tyak, aka novetsikantayetarori, novashitayetziro aka irojatzi nontsonkantakyaarori.","Después, ahora la pongo, quedó muy bonita la tela, la hiervo en agua mucho, es igual esto, la volteo, la muevo, la acabé."
"Impoñaashitakya iroñaaka novakero, kameetsatanaki, oito nomoyakaimaitaro, moye, moye, aajatzi oshiyaro oka, noipitsokiro, noipitsokiro, notsonkatakero.","La estoy pintando, también sigo sacando la paleta y el barro, los combino para hacerlos hervir."
"Nopotsotzimaitero, aajatzita irojatzi naashitziro inchapataki pitsitsari antsipatakero amoyakakero.","Los combinamos con la hierba para teñir el color negro, así la preparamos."
"Antsipatakero pitontotsa onkisatantanakyari, avetsikayetakero, ari okaratzi.","Esto estoy tejiendo, hilando cuando yo hilo, sigo hilando, hay un cantidad de mi hilo."
"Iroka notyaatziro nokirikakero, ari nonkirikake, nonkirikake, oshekitaki nonampetsate.","Lo tejo, esto es barro en forma de rayas, este barro."
"Nontyaavaityaaro, irijatzi yoka pitsitsari tsapayetachari, pitsitsari inatzi.","Me gusta el barro, no se destiñe, no cambia de color, cuando lo lavemos, no se sale."
"Nonintziri pitsitsari, te imaperotatya inkamaranite arika ankivavetajyaari, te ivejaperonitya.","No es igual a la corteza, mucho se destiñe, también achiote, como este achiote."
"Te oshiyaro patsitaroki, oshe oveja, aajatzi potsotzi, okimita iroka potsotzi.","Lo combino este, como se llama, esto es palillo."
Notsipatavetakaro irora tsika ikantaitzirorankive iroovetaka mayonkona irora.,"Este es achiote, palillo es este, el mismo barro negro."
"Potsotzitatsiri, mayonkona onatzi, irokama irijatzi pitsitsari kisaari.","Verde esto, ustedes lo dicen „matico‟, me olvidé en mi idioma."
"Kenashitatsiri irora, pinkantziro aviroka matico [ivarantzi], nopyaakotatyaaro noñaani.","Este verde, después, este palo [(i)varantzi], me olvidé, esto lo dicen „palillo‟, lo combino con achiote y matico."
"Kenashitatsi opoñaanaka ironto inchatonta [ivarantzi], nopyaakotatyaaro irokamaja, ikantaitziro mayonkona, notsipatayetziro potsotzi, maoyonkona, ipoñaanaka inchakotaki [ivarantzi] aajatzita osaiki antamiki.","Después, trozos de palitos, también hay en el monte."
Tekatsite opoñaatya intaina iroka yamatziro ikantaitziro pajarito.,"No hay, viene de lejos, esto traen, lo dicen „pajarito‟."
Tsimeri.,Tsimeri.
"Irotaki kisaatatsiri, oyoshita cosas naturales, tekatsi antsipaitayerori.","Esto es lo que es negro, son puros, cosas naturales, no hay con que combinarlo."
"Ari okaratzi noñaani kapicheeni, okaratzi nokantakimiri.","Eso es todo mi idioma un poco, todo lo que te digo."
APASAKATE JETARI,VAMOS A BUSCAR CARACHAMA
"Chooki Elena, iroñaaka apoki aka ochivaki parenini ikanta nonintzi noyotakaimi tsika ikanta irorave yaantariri ijetarite ikimitaka pairani ashitarori nampitsi saikatsiri aka noshaninkapaye.","Hermana Elena, vinimos acá en el brazo del río Perené para enseñarte como carachamiaron antes los fundadores de la comunidad, mis paisanos, los que habitaban acá."
Iroñaaka osarentsikika tzimatsi ari oshirinkata parenini.,"En el tiempo de verano, el río Perené baja."
"Ari ipokajetzi ashaninkapaye yamini impita, yamini jetari, ipokatzi ipasatziri ishavorinikini iyaani, aajatzi ivakayariri ijananikite.","Allí venían nuestros paisanos para buscar insectos con muchos pies, buscar carachamas, venían para chancar barboncitos [con piedras], también para dar de comer a sus hijos."
Aajatzita ipoki yamiri ijananikite itsipatakaro maaroni isheninkapaye kimitachari iroñaaka nopoki notsipataro Komave.,También traían a sus hijos con todos sus paisanos igual ahora vengo con mi esposa Victoria.
Ashiritaro pairani ashaninkapaye ari ikanta yamini paitarika yañaantajetyaari.,Recordamos que antes mis paisanos así buscaron algo para vivir.
Iroñaaka arika amishitovakotakero sankinarentsika koramani onkantya iyotantyaarori pisheninkapaye tsika ikanta aantariri carachamas.,"Ahora cuando está publicado el libro en el futuro, tus paisanos van a saber carachamiar."
"Aajatzita irotaki ayotavakiri, airo opyaaja.","También vamos a saberlo, no va a disaparecer [el conocimiento]."
"Aviroka aajatzi naari nonkamake, iro saikaitatsini.","Tú vas a morir, yo también, pero este es lo que va a quedar."
Iroñaaka namini nopasakatzi jetari novyaari novankoki notsipatairo noyaniri.,Ahora estoy buscando carachamas para comer en mi casa con mi yuca.
"Nopasakataki, te naye osheki, naake apite, intaani iitsoki, nomishiyavaishitari osheki.","Busqué las carachamas, no saqué mucho, saqué dos, solamente huevos de las carachamas, me escaparon bastante carachamas."
"Opoña naanajeri, nokotsitapakeri.",Después voy a llevarlos y cocinarlos.
"Iposatakirika, noya notsipatairo noyaniri.","Cuando ya cocinados, voy a comerlos con yuca."
TYOONKAANTSI,LA EVAPORACIÓN
"(Piñaavaitatye shintsini, ñaakiro.)","(Vas a hablar fuerte, habla.)"
"Naavakita inchashi, maatsi namakiri inkaranki aka.",Voy a escoger hojas hay lo que he traído recién.
"(Pinkante iroñaaka tsika pikantziro, piñaavaite.)","(Diga ahora, diga cómo lo dices, habla.)"
Iroñaaka nonintzi nove inchashi jaka.,Ahora quiero poner hojas aquí.
Nove nonkaatantyaariri mantsiyari.,Voy a poner para bañar a un enfermo.
Ñaakero irotaki.,"Has visto, así es."
Iroñaaka novayetziri inchashi nonkaatantyaariri mantsiyari.,Ahora estas hojas que pongo es para bañar a un enfermo.
Nayeri naantari kapichiini kiriiki iroka irotaki notyoonkaantsi.,"Con eso consigo un poco de dinero, con esta evaporación."
"Nontashitakirika mapi, kaatsi naye naari pashini tekatsira novani.","Voy a quemar piedra, no tengo donde sacar otro como no tengo chacra."
"Irotaki novantari naari, oka okaratzira naari iyomitaitakinari, novantaro oka.","Con esto como yo, todo esto que me enseñaron, yo como con esto."
Iro novavisantarori naari kitaiteri kapichiini naantaro novantari.,"Con eso paso los días, poquito para comer."
Oka iroñaaka nosaitatyero nijaa.,"Ahora esto voy a echar, el agua."
"Novakoterota kameetsa omoyanaki, novakotero paamarikinta osaavatanaki.","Voy a colocarlo bonito para que hierva, lo voy a colocar en el fuego para calentarlo."
Irotaki naantari kapichiini oka kiriiki.,Con esto consigo un poco dinero.
"Arika nonkotsite irora nontyoonkante naari, irotaki novavisantarori nañaantari.","Cuando cocino o este cuando evaporo, con este paso mi vida."
Iroñaaka tekatsi antya irora ankamitantatyaari opinayetatyara arosopatsaini.,"Ahora no hay [nada], no se hace nada para comprar, como están bien caritos los arrocitos."
"Irotaki naantari kapichiini iroka novantari, airorika iroñaaka nosaatantavaitzi, tekatsi nayeri noyaari.","Por eso consigo un poquito de alimento; cuando no realizo esta evaporación, no tengo donde conseguir mi alimento."
"Irotaki nontashitaki mapi, irotaki nosaatantari mantsiyaripatsaini pokatsini jaka novankokika.",Por eso ahora voy a asar la piedra para evaporar a los enfermitos que vienen aquí en mi casa.
Irotaki novavisantarori nañaantari.,Así pasó mi vida.
"Shimaanakipaye, kashirikipaye, kitaiterikipaye.","Semanas, meses, días."
Irotaki nontaashitaki nontyoonkantakyaari yora ashininka mantsiyari.,Así es la piedra que calentó para evaporar a estos paisanos enfermos.
Pishininkapaye aisatzi ipoki aka novankokika.,Tus paisanos también vienen aquí en mi casa.
"Irora nosaatzi, noshipokiri, irotaki naari iroñaaka iroka noshipokantari oyoveta imantsiyarintsite.","Este lo evaporo, lo baño, ya ahora este lo que evaporo para que salgue su enfermedad."
"Ari irotaki nojevankashivaitzi, nokachaatzimikari iroñaaka.","Así este estoy soplando, no te vaya a humear con el humo ahora."
Irotaki naari irotaki yamitakotzinari noimi kapichiini.,Así yo ahora; lo que me ayuda es mi esposo un poquito.
Nayetzi naari inchashipatsaini.,Yo también saco un poco de hojas.
"Irotaki nosaatantari, piñaakotakinaro iroñaaka.","Con eso yo baño, ya me has visto ahora [cómo lo hago]."
"Okaratzi novavisantarori nañaantari, te noshiyari pishininkajetepaye.",Todo como pasó mi vida; no soy igual como tus paisanos.
Yayetakiro irora yaavintaropaye; irotaki naavintaro naari.,"Sacan estas medicinas, con esto curo yo tambien."
"Oyomitanari nonironi, nosaroni.","Lo que me enseñó mi fallecida madre, mi fallecida abuela."
"Nosaatantavaitzi naari aka onkantya nonkitsaatantyaari, naantyaari nonkitsatantyaaro nomaatsaki irashi neentsipatsaini.","Baño con hierbas aquí para vestirme, para conseguir [dinero], para conseguir ropa para mis hijitos."
Iroka naantyari naari novantari.,Este para conseguirme alimento.
Iroñaakakya irotaki roka piñaakotakinari okaratzi nantziri naari.,Ahora ya me has visto este todo lo que yo hago.
"Ari nokantzirori novavisantyaarori, okaratzi nañaantari.","Así hago como paso la vida, todo lo que consigo para vivir."
Irotaki nokamantamiri.,Por eso estoy avisando.
"Tzimatsi ninchashitepatsaini nopankitzirira, irotaki naari nosaatantari.","Tengo algunas hierbitas que he sembrado, con eso yo baño."
"Irora paitaranki, arika ompokerika mantsiyarintsi, nompakiri mantsiyari, nosaatakiri, noitakiri pashini irora inchashi, avisakotaji.","Este que me olvidé cuando viene otra enfermedad le doy al enfermo el baño, le hago tomar otra hierba, y sano el enfermo."
"Mantsiyarira impoki pashini, pashini nosaatantyariri.","Cuando viene otro, con otra hierba lo baño."
Tsikarika opaitarika antziriri imantsiyaterika o terika inkatsite iito.,No sé qué es lo que tiene cuando está enfermo o cuando le duele la cabeza.
"Nonkaakitakiri irokiki, avisanakiri iito.","Le he hecho algo en su ojo, ya le pasa el dolor de la cabeza."
Terika nonkaatakiri inchashipatsaini okaratzi piñaayetziri novankiripatsainika.,"Si no, lo baño con algunas hierbas, todo lo que ves mis plantitas aquí."
Irotaki naari irora naavintantari.,Con eso yo también curo.
Ikimita iroñaaka doktoripaye (aavintantzinkari) yayetziro irora pashityapatsaini (aavintarontsi).,"Como los doctores ahora sacan este, pastillas."
Naari te nantero pashityapatsaini inchashi shivitsapatsaini nirayetzi kipishiri.,"Yo no toco pastillas, solamente hierbas, tomo amargos."
"Aririka antai cáncer, úlcera, irotaki naari naavintantari.","Cuando nos da cáncer, úlcera, con eso yo curo."
"Irora inchashipatsaini, oparitsa iyomitaitanari naari.","Esta con raíces de hierbas, lo que me enseñaron a mí."
Ipokaki aka asheninka yomitantatziri poñaachari kirinka.,"Vino aquí un paisano que enseña, que vino desde adentro."
Okanta naari noyotantakari naavintantavaitzi.,Así es como aprendí a curar.
"Naari ikantana: “Pivavisantyarori, tema tekatsi piipatsite.”","A mí me dijo: “¿Para qué pases tu vida, como no tienes tu terreno?”"
"Naari iroñaaka okaratzi nantzirika, naari iroñaaka kameetsatakirika o te onkameetsate.","Es todo lo que yo hago, ahora, ¿está bien o está mal?"
"Ari noshipokakeri ninkarika, ari naminake ninka noshipokeri araja, iroka intekatsiteta.","Ahora voy a evaporar, busco a alguien, este para que él sane."
"Nonkaatantakyaari, piñaakiro, pikemakina, nonkitsatavakya.","Voy a bañarlo, has visto, me has escuchado, [espérame] voy a vestirlo por algo."
"Antoko, pimpokanake nontyoonkemi, Antoko, pimpokanaketa aka.","Antoko, ven de inmediato, te voy a evaporar, Antoko, ven aquí."
Pantsipetyaarita ooryaatsiri piñaakotakinaro.,"Vas a recibir el calor del sol, has visto lo que hago."
"Apaata, naminavakita mapi, apaata, inchakotaki, yapishoinkakoitakinaro ninchakotakiri.","Espera, voy a buscar una piedra, espera, maderita me lo han arrojado mi palito."
"Ya, aka niroka, a, kaari, apaatara notomi.","Ah, aquí está, no es esto, espérate, hijo."
"Antavakirita Antokove, antaavakerita, piñeenara, piñeenara.","Vamos a quemar a Antoko, vamos a quemarlo, vas a verme, vas a verme."
"Nontaavaiteri, te osaavateve!","Voy a quemarlo, no está caliente, oh!"
"(Okantavetyata, ina.)","(No importa, mamá.)"
"Ñaakiro, piñaakotakinaro, ñaakiro.","Has visto, me has visto como lo hago, has visto."
"Pinchakotaero piitzira, ñaakiro, ari nokantzirori naari.","Raja tu pie, así has visto lo que yo hago."
"(Airo piñaavaitzi apanironi, piñaavaite.)","(No vas a hablar solita, habla.)"
"Je, je, irotaki paitaranki piñaakiro okaratzi nantzirika.","Ya, ya, eso es, que cosa es, lo que has visto, todo lo que estoy haciendo."
Ari okanta naari nosaatziri mantsiyaripatsaini.,"Así como los baño, a unos enfermitos."
"Te nonkimityaari pishininkapaye, isatakina jaka, isatakina.","No soy como tus paisanos, me pone ampolleta aquí [en la nalga], me pincha."
"Te, ari okantyaari naari.","No, no hago eso."
"Ompoña nontsiyakiri iitzikipatsaini, kameetsa inkantanajya, intekatsitanaje.","Después lo quemo en sus piecitos, va a estar bien [el enfermo], va a sanar."
"Ñaakiro, piñaakotakinaro nantzirika naari.","Has visto, me has visto lo que hago."
"Nampitavaishitavakyaari, ñaakiro Antoko, nontaavakirota.","Voy a dramatizarlo con hojas, has visto Antoko, voy a quemarlo."
Pisaarikontate piitzi.,Tus pies son similares a los de zorrillo.
"(Ja, ja, okantavityata ina.)","(Sí, sí, no importa, mamá.)"
"Irotaki piñaakina, ari nokantziro naari, kameetsataki nokantakiroka, piñaakotakinaro.","Eso es, me has visto, así yo lo hago, está bien lo que he quemado, tú ya me has visto."
"Airorika nantziro, iri anteroni noimiporokira, jiri isaikaporokitzira, iro yamatantajari.","Si yo no lo hago, mi esposo-montonadito, él va a hacer, ahí está montonadito, con esto él se ha mejorado."
"Osheki osarentsi imantsiyataki, siete osarentsi.","Muchos años él se enferma, siete años."
Irotaki ovavisakotakiriri inchashipatsaini.,"Este es lo que le hizo sanar, estas hierbitas."
"Irotaki nokaatziriri noimi iroñaaka ikantavaitakara imantsiyantzi, osamani yookitaka, te ikante yaniitaje.","Esto es lo que baño a mi esposo, se enfermó mucho tiempo, estuvo en cama, no podía caminar."
"Iroñaaka yamataja noimi, tekatsitaji, notyoonkakeri.","Ahora que ya mejoró mi esposo, está sano porque lo evaporo."
"Nokimitzirika iyoka avankarika, notyoonkakeri.","Así como lo hago con este joven, lo evaporo."
Piñaakina iroñaaka okaratzi nantziri naari.,Has visto ahora todo lo que yo hago.
"Irotaki naari novavisantarori nañaantari, irora paitaranki ishapeta, akantziro, nokantziro Parivana.","Con esto pasó mi vida, este, que cosa es, abuelita, la llamamos, la llaman Parivana [planta mágica]."
"Parivana opaita, oyomitanaro ishani, pinkantero ishapita.","Se llama Parivana, me enseñó mi abuela, dígalo ishapeta."
"Okantziro ovairo iroori parivana, je, je.","Así le dice élla es su nombre, Parivana, así es."
Aritaki nokantzirori naari.,"Sí, la llamo yo también."
(Aka piñaavaite.),(Aquí vas a hablar.)
Parivana onatzi.,Parivana es.
"Irotaki noshipokantari, parivana onatzi.","Con eso evaporo, parivana es."
Aisatzi antyoonkantyaari kamarampi.,También se puede evaporar con ayahuasca [hoja alucinogena].
"Intekatsitanajeta iyora mantsiyarira, ñaakiro.","Para que sane este enfermo, has visto."
"Ari ovirapakari, notomi, notsonkakiro.","Hasta aquí termina, hijo, ya lo terminé."
TSIKA IKANTZIRO YAIRIKIRO CHAKOPI,CÓMO UTILIZAR LAS FLECHAS
"Iroka, pyameni ikantaitziro oka.",Esto se llama „pyameni‟(arco).
"Iroma iroka nochakopite kirikii, ashintsakitayetakero.",En cambio esta flecha es „kirikii‟ (tiene varias ganchitas).
"Aka arika ankintantyaari maniro, samani.",Esto es para matar venado y samanyo.
"Tekatsi yookanakero, ishitovanake arika ayentapakya.","No deja cuando sale, cuando se engancha."
"Irotaki imanatantavakari, irotaki novantari naari.",Con eso se flechan y con eso yo como.
"Ovakerani te añeero tonkamentotsi, intaani iro avanajeta chakopi.","Antes no habían escopetas, solamente comimos con las flechas."
"Iro ikentatajetari maniro, samani, ikentantariri shiramparipaye avantyaari tsimeri.","Con eso cazamos venado y samanyo, con eso cazaron aves los hombres para comer."
Iroma iroka ponchakirontzi ikantaitziro ikyaashivaimento.,"En cambio ésta es la flecha que tiene tres puntas, se llama „una cosa para chociar‟."
"Arika yantake ivankoshi, imorontayetakiro ivankoshira.","Cuando hacen una choza, hacen huecos en la choza."
"Impokake tsimerija, iroñaaka yamenakero omorora,omorontara iñaakerika kontsaro.","Vienen los aves, los miran a través un hueco, donde está un hueco, mira la perdiz pequeña."
"Iroka ivyamenika iñaakerira kontsaro, yamenakeri omorokira, inkentakeri.","El arco ve la perdiz, la mira a través el hueco, la pica."
"Inkentakerika kontsaroraja, kamaki, jaitetzi, ishitovanaki, yaapainteri.","Cuando pica esta perdiz, se muere, se va el cazador, se sale de la choza y la recoge."
"Iroma oka iro ikentataitariri kemari, antari inatzi.","En cambio con esto pican sachavaca, kemari, grandes son."
"Antarira inatzi, irotaki ivamantariri maniro, kemari, kitairiki.","Como son grandes, con esto mataron venado, sachavaca, y sajino."
"Kapiromeni, ayapiromenite, irotaki avantari ovakerani aroka tekirata añaanakirota tonkamentsotsipaye.","[Se llama „kapiromeni‟; tiene la punta filuda en forma de triangulo; es de bambú.] La flecha, con eso comíamos antes nosotros cuando todavía no conocíamos escopetas."
Inkentakiri intsipatakero ivyameneka.,Los pican juntos con el arco.
"Arika iñaapakeri inarye, imanatakeri, inkentakeri, ivamakeri.","Cuando lo ve echado [un animal], lo pican y lo matan."
"Tzimatsi irashi intakantarori itziritantayetarori aka potsotzi, inkamantyaari, inkentakeri aparoni.","Habían los fundadores [antepasados], con achiote lo pintan aquí para que se muera cuando lo pica uno."
Kamaki shintsini kemari.,Se muere rápidamente la sachavaca.
Iroma iroka ashi nijaa imanatantyaariri shima.,En cambio esta flecha es del río para disparar los pescados.
"Avantari shima, ashiroki ikantaitziro iroka.","Con ésta comemos pescado, „ferro‟ dicen."
"Arika ijate nijaki, yamenate anta, inkatziyate yamene shima.","Cuando van en el agua, miran allá, están parado en el agua mirando pescado."
"Arika iñaakeri, inkentakeri.","Cuando ven pescado, lo pican."
"Tzimatsi amajeri avapajyaari avankoki, kotsivaitapajai.","Ya hay para traer y comer en nuestra casa, cocinamos."
Irotaki irashi shima.,Ésta es para pescado.
Iroka ashirokitatsiri avantari pairani tekirata añaanakerota irora avantayetari.,"Este ferro, con esto comimos antes cuando no sabíamos matar con escopetas."
Irotaki iroñaaka avantajetari.,Con eso comemos.
Irotaki kapontso ikantaiziro.,Este es „kapontso‟ (sin punta).
"Iroñaaka kapontso iñaatsatavakantari pairani irirori, intakantarori ashaninka.","Con eso jugaban ellos antes, los fundadores, nuestros paisanos."
"Arika iñaatsajetya, irotaki iyapontso imanatavakaya.","Cuando juegan, con esta flecha sin punta luchan entre ellos."
"Ontzimatye inkomenkakero, ivavisakero.",Tienen que inclinarse para que se pase la flecha.
"Impitsokanake, avisanaki.","Se voltean, se pasa."
"Tekatsi inkenteri, avisanaki, eero areetaritzi.","No pica, se pasa y no llega en el cuerpo."
Arika inkantaitatyeyani.,Así todo el tiempo hacían.
"Arika apaata, arika inintanake ivayeritya, aanake iroñaaka iroka.","Luego cuando ellos quieren ir a la guerra, llevan estas flechas."
"Irotaki iñaantantarori iroka, arika inkomenkakiro, iroñaaka oka eero areetaritzi.","Por eso practican, cuando se inclinan, no llega la flecha."
"Inkomenkanake, intyaapanante, impiyanake, eero areetaritzi.","Se inclinan, se agachan, nuevamente se inclinan [bajan por abajo], para que no le llegue la flecha."
"Iroñaaka iroka iroperori ashaninkapaye inkomenkanake, ipipitsokatakanakero ichekopiteve akotanake pashini aka.","Son paisanos verdaderos que saben inclinarse, se voltean con sus flechas a la mano, los otros."
Ari ikantari ashaninkapaye pairani.,Así eran antes nuestros paisanos.
"Imanatavakya, arika imanatavakya arika inkantanakya así, acá, allá, impipitsokatanakya yairikiro chakopi.","Cuando se flechaban, cuando están flechándose, se hacen así, acá, allá."
Kooyapaye oyovetaro oka.,Se dan vueltas las flechas.
"Iroo koyeroni chakopi anta, airikatzi, airikatzi, ompapanantero.",Las mujeres sabían cuando se disparan entre ellos.
Aisatzi aikiro yookatzi imanatavakara.,"Ellas escojen las flechas, las agarran y las entregan a los hombres."
"Kooyapaye irotaki impoitatziri, ayetziro chekopi, opapananteri ookakerori chekopi.","Van de atras de los hombres, recojen las flechas, las entregan cada una que tiraron los hombres."
Ari okaratapaki.,Es todo.
YAMETAJETARI PAIRANI ASHANINKAPAYE,LAS COSTUMBRES DE NUESTROS PAISANOS
ARIKA YAAVAKAYA,CUANDO SE CASARON
"Pairani arika yaavakaya, yaavakairi ajevari, jevatatsiri iritaki aavakairiri.","Antiguamente cuando se casaron, los casaron los jefes, ellos eran responsables de casarlos."
Inkaimakeri apiteroite evankari.,Llama a los dos jóvenes.
"Imisaikakeri, inkanteri: “Iroñaaka paavakaya, pisaike kameetsa.”","Los hace sentar [en su oficina], les dice: “Ahora se van a casarse, tienen que vivir bien.”"
"Ikaminairi irotaki, ikantziri aka iroñaaka ñaaventachari:","Les da sus consejos, él es que habla acá en este comentario."
"“Nintakotami evankari Maritzi, evankaro Impookiro.",“Estimado joven Martín y señorita Estrella.
"Okantaitakina nokimoshiritzi, okanta iroñaaka kitaiterika kameetsataki avirokaite pikovaki pintsipatya pañaantariki.","Me siento muy feliz porque en este día tan especial, ustedes han decidido unir sus vidas."
"Okanta ashitaro akantapintajeta, ikanta ashipaye acharinitepaye.",Tenemos nuestras costumbres [porque] así eran nuestros antepasados.
"Akimpoyiro akantapintajeta, piripaye avirokaite ikovaki tema avirokaite pikantya pintsipatavakaya, pisaiki pinkimoshirite.","Mantenemos esas costumbres, y los padres de ustedes han deseado que ustedes sean alguna vez pareja, y que vivan muy felices."
Irotaki naaka nokantavakeri (nojevatzika) ashitaroka anampitsite nokantavake: “Ari onkantyari.”,"Por eso yo, como el jefe de nuestra comunidad les digo: “Así será.”"
"Nokantavake piime ipoña piina, nokovi pinkantya avirokaite aka anampitsiteki onkantya pimonkaratantyaarori pantavairi pantayetziri, onkantya kameetsa anampitsite, pinkimoshirijete.”","Les declaré marido y mujer y quiero que sean acá en nuestra comunidad para cumplir sus trabajos como comuneros, y que sean muy felices.”"
AIRO APIRATANTA,PARA NO SER OCIOSO
Okanta pairani ovakira neentsitapaki noniro osheki oikamarankina shavetashi.,"Más antes cuando era niño, mi mamá mucho me hacía vomitar con hojas de mariposa „shavetashi.‟"
Okantzi: “Airo pipiratanta.”,Dijo: “No sea ocioso.”
Ari okantapintatya arika avishi aparoni terika apite kashiri.,Siempre lo realiza cuando pasan uno o dos meses.
"Arika ontyaankai ayi kaniri terika arika ontyaankai ayi saimpiki, arika nonkantari: “Te noninte.”","Cuando nos envía a traer leña, o sacar yuca, y cuando digo: “No quiero ir.”"
"Irotaki kapichikitaiteni otzinaitakya, aye oishi ashi shavetashi, onkavirinkatakero ompoñaashitaka, ontsikatakero otasoniki.","Se levanta temprano, saca la hoja de mariposa, lo exprime, después lo cierne en el tazón."
"Ari ompakotairi jaikini, ontzimatye antsonkero.",Nos da lleno y debemos terminar de tomar.
"Airorika atsonkiro, aritaki ompasatakai.","Si no lo terminamos, nos va a castigar."
"Atsonkakirorika, ompamantana nijaa saavarininka, aisatzi ontzimatye antsonkiro.","Cuando lo terminamos, me da un tazón de agua tibia, también debo terminarlo."
Ayomarotakiro osamanitake.,Calculamos el tiempo que demora [unos cuantos minutes].
Ankimatyero ompaimatanaki amotya.,Sentimos un revuelco en el estómago.
Añaashitakyaro ompokimotapakai ayamaranka.,Sentimos que viene el vomito.
"Ankamarankake, mokoriri, mokoriri.","Vomitamos, mokoriri, mokoriri."
Irojatzita ompiyantapajya maaroni irakirinta inkaranki.,Hasta que vuelva todo lo que ha tomado al inicio.
Ari okantari noñaakiri pairani ovakira neentsitapakini.,Así es como lo he visto antes cuando era niño.
Ari ovira.,Aquí termina.
ARIKA ANTAROTE KOOYA,LA PRIMERA MENSTRUACIÓN DE LA MUJER
Iroñaaka naaka irora nonkinkitsatavakiro okaratzi amitaro pairani.,Ahora yo voy a narrar sobre algunas costumbres muy antiguas.
Irojatzi okantari iroñaaka aparopaye yantajetziro.,Hasta ahora practicaban nuestra costumbre cado uno.
"Arika aparoni kooya oñaavakya oshitovatziro iraani osherotekika, airorika okamantzitaro iniro ovakera eentsitapakini.","Cuando una mujer ve fluir sangre por su vagina, no ha sido comunicada por su madre cuando era niña."
"Osheki otsarovi arika oñaavakero iraani, iraanaka oñaajatzimaja otsintakotatziro iraani.","Tenía mucho miedo cuando ve su sangre, lloraba pensando que está orinando sangre."
"Te okantashitya, ari okanta kooyapaye.","No es así, así son las mujeres."
"Iroñaaka arika oshitovatake iraani oñaakiro iniro, onkantakero iniro irora oshitovatatziro iraani.","Ahora cuando fluye su sangre, ve la madre o le dice está bajando sangre por su vagina."
"Ina inironta airikanakero ishinto, aanakero okimpoyakero intsompoi ovanko.",Ahora la mamá la toma de la mano y la lleva para guardarla dentro de su casa.
Ari antashitziro irora ovankoshitzirori intsompoikira.,Hace una choza dentro la casa para ella.
Airo oshitovitatzi irojatzi mavapakoroni kitaiteri.,Ya no podía salir un promedio de quince días.
Aisatzi maatsi avisakotatsiri.,También hay lo que pasan más días de descanso.
"Iroñaaka osaikinta intsompaikinta, ivankoshitakironta, kooyaraja airo ovavaita katyori, airo ova poshinirintsi, airo iri pochari.","Ahora que ella está adentro que le hicieron su choza, esta mujer no va a comer cosas saladas, ni algo rico, tampoco va a tomar algo dulce."
Airo aminavaitzitzi arika oshitovi ontsinte.,No va a mirar a ningun lado cuando sale al servicio (orinar).
"Ompashikavorotatyeya, tekatsi iroñaaka, tekatsi ante, intaani impaitakiro kirikantontsi.","Tiene que estar bien tapada la cara, nada puede hacer, nada, solamente le dan un hilador."
Kirikantontsi ompoñaashitaka irora ampee.,El hilador y también el algodón.
"Ari onkirikavaiteri intsompaikinta, osheki impaitero, onkantero, onkantero, irojatzita oshitovantajya.","Allí tiene que hilar dentro de la choza, bastante le dan, tiene que hilar, hilar hasta que ella salga afuera."
Ontsonkatyero.,Tiene que terminarlo.
"Airo irora añiiro, onkinkitsavaitakairi iri, onkinkitsavaitakairi oyaariri.","No vamos a verlo, este, no va a conversar con su papá, no va a conversar con su hermano."
"Airo aisatzita arika oshitovi ontsinte, ompashikavorotateya.",También cuando sale orinar tiene que está bien tapada la cara.
"Oshiyari pairani saikatsiri Irimashiki, irora kooyapaye airo aminantzitsi anta.","Como las limeñas antiguas, las mujeres no miraban a nadie."
"Ari oshiyariri, ompashikakya ovoroki, kapichiini amine, oiyotake.","Así eran iguales, tenían que están bien tapadas las caras, un poco para mirar, tenian que estar agachados."
"Iroñaaka arika, tsika paitaranki, oyotake iniro, iro oshitovantajyaari.","Ahora cuando este, cómo se llama, ya sabe su mamá, ya va a salir de su reposo."
"Ontsinkake kaniri tsinka, tsinka, tsinka.","Chanca yuca, chanca, chanca, chanca."
"Ompiyotakero, antake irora, tsika paitaranki, ovyaari.","La amontona, prepara este, como se llama, su masato."
Iri iñaavakero irotaintsi oshitovantajyaari mava kitaiteri oshitovantajyaari.,Su papá ve que ya va a salir faltan tres días para salir.
Jataki antamiki amine piratsi ivakotyaarori oshitovajirika apaata.,Se va al monte a buscar animales para comer cuando ella sale.
Poña yaminaki aparoni oyompatsirityaari.,Después busca a una persona que será su compadre.
"Kompatsirintaja iritaki potsoteroni iroñaaka ovoroki, inkantero impotsotero.","El compadre es una persona que la va a pintar ahora, en su cara, éste, la pinta."
"Tekira oshitovajita kooyara tekira ompotsotyata, iro oshitovajirika ari ipotsoitzirori iroñaaka ovoroki.","Cuando todavía no sale esta mujer, todavía no está pintada, cuando ya sale, sí, allí la pintan ahora en su rostro."
Ninka potsotzirori?,¿Quién la pinta?
Oyompatsiritera.,Su compadre pues.
Iroñaaka ariitapaja kitaiteri onkantya oshitovantajyaari kooyaraja.,Ahora ya llegó el día para que la mujer salga.
Iniro okaimakiro.,Su mamá la llamó.
"Katsira oyotzirote pairani, intaani osataki poteri, onkantzimaityaro shiri, shiri.","Como no tenían un cuchillo antes, solamente raja una botella, después la raspa."
"Ompitziriro oshiyaro iroñaaka soraro, ikanta ipitziryaranki irirori.","La raspa calvo similar está al soldado, como está pelado él también."
"Ovashitatyaro ovañote, airo okoñaatzitsi.","Como está colocado en pañuelo en su cabello, no aparece de lo que está calvo."
Kantzimaintacha tekatsite oishi.,Pero ya no tiene cabello.
"Okantzi oshitovanajita pashini kameetsa ovakerari oishi, airo okinkivarotzitantaja, okitamarotzitantaja shintsini.","Dice para que crezca otro nuevo bueno cabello, para que no vuelva tan rápido vieja, para que no vuelva rápido blanco."
"Iroñaaka kooyara ovakera oshitovi, arika oshitovanaji, oikamarankatyero iniro, onkaatatyero ponkaro, oikamarankiro ookiro maaroni, ikantaitzi overanka.","Cuando ya sale de su reposo, su mamá la va a hacer vomitar, la va a bañar con bejucos, la hace vomitar para que bote toda su ociosidad, según ellos."
"Osheki opiratave, yoikamarankaitakiro.","Mucha ociosidad tiene, oh, la hacen vomitar."
Poña yoitaitakiro ponkaro ovatsatantanakyaari.,Después le hacen tomar el bejuco para que engorde.
"Poñaashitaka ishinkitakiro, arika oshinkitakya kompatsirinta iroñaaka iritaki potsoteroni ovoroki, potso, potso, potso.","Luego la hacen embriagar, cuando ya está emborrachada, el compadre ahora es la persona encargada de pintar la cara, pinta, pinta, pinta."
"Ari okanta, iroñaaka, paita imisaikantaitarori intsompoi?","Así era, ahora ¿por qué la tenían reposado dentro de la casa?"
Okantzi inayeni iroori kinkivaropatsaini okanta.,"Decían las difuntas madres antes, ancianitas porque."
"Airo okinkivarotantanaka shintsini, airo okisantavaitanta, airo otsonkantzitanaka aiki.","No sean muy rápidas ancianas, para que no renege, no se acabe las dientes."
"Irotaki kaari ivakantaitaro pocharipaye, kachoripaye irotaki airo aminiri antarikona, opashikantari ovoroki.","Por eso es que no le hacían comer, este, dulces, salados, por todo eso, no va a mirar a las personas mayores, por eso se tapa la cara que no lo vea el rostro."
"Oñiirikari ivoro ampitsatanakakari shintsini, oshiyaro irora aparoni kinkivaro.","Para que no se arruge de inmediato, similar como una anciana."
"Intaani oñii eentsi, eentsivorotanaki, iroñaaka iroori.","Solamente puede ver el rostro de un niño para que su cara sea como de un niño, ahora de ella."
Irotaki iroñaaka iminkyaantaitarori intsompoi kooyara.,Por eso lo guardan en reposo adentro de la casa a esa mujer.
"Onkirike oh antarove, arika oshitovajirika, onkirikatye antaro, oshiki maatsarontsi ante.","Va a hilar oh mucho, cuando ya sale, va a hilar mucho, cushmas grandes hace."
"Ontsinkatye tsinki, tsinki, tsinki irojatzi ontsonkantakyaro, antzi tsaratopatsaini, osheki antzi iroñaaka.","Tiene que golpear algodón pac, pac, pac hasta que lo acabe, y hace bolsitas pequeñitas, hace bastante."
"Iri ikimoshirivintzirora irishinto, shinkijetaka, shinkijetaka.",El padre como está alegre por su hija ya está bebiendo con otras personas.
"Ari okimita pairani aisatzi naari, chooki ovakera oshitovapaji, irotaki noyotantarori.","Así fue el mismo lo que pasó conmigo antes, con mi hermana cuando recién le vino su primera menstruacíon, por eso yo sé."
Nokimakoventziro pashinikipaye maatsi osheki kitaiteri yookotaitziri.,Yo he escuchado que en otros sitios nombran por varios días más.
Iroñaakamaja aisatzi arori irotaki amaisantajiro.,Ahora en estos días nosotros estamos olvidando.
"Nokantavakeri naaka nokarajetaiyinira ashaninkatsi: “Airo amaisantziro okaratzi amitari pairani, okaratzi yookanakairi aanini o acharinitepaye.”","Voy a decirles ahora, yo y todos mis compañeros asheninka, no, nos olvidemos todo lo que acostumbrábamos hacer antes, todo lo que nos dejo nuestros abuelos."
"Maaroiteni ontzimatye ampototajya, ankantero iroñaaka avajiro, ayotakantero tsika akantavaita pairani arori.","Debemos reunirnos para poder poner, hacer saber como eramos nosotros antes."
"Iroñaakamaja ipokapakira aparoni pashitoripaye [kimisantzinkari kitamarantzipaye], ikantapakai: “Airo pamitajaro irokave, pookajiro irokave, pookajero iroka, maatsi pava.”","Cuando llegaron unos pastores, nos dijeron: “Olvídate tu costumbre, bótalo este, oldvídate de esto, hay Dios.”"
"Tzimavitacha pava, ontzimatye antavaite maaroiteni.",Claro que hay Dios pero debemos trabajar todos.
Ari okaratzi nokinkitsatziri.,Hasta que termina mi narración.
ARIKA INKAME APARONI ATZIRI,CUANDO MUERE UNA PERSONA
"Iroñaaka nonkinkitsatavake okaratzi yamitari pairani ashaninkapaye arika irora inkame aparoni atziri, ashaninka yamitarija.","Ahora voy a contarles sobre todas las costumbres antiguas de los paisanos cuando muere una persona, las costumbres de nuestros paisanos."
"Iñaavakiri irotaki imachokani, kamaki, yamponatakiri maatsirika ivashikaro, ivashikaroporoki.","Cuando ven que ya está cerrando las ojos, está muerto, lo envuelven, si tienen un frazado, en algunas frazaditas."
"Yoisotakiri shivitsaki, poñaashitaka yaaki shitashintsi aisatzi yamponatakiri.","Lo amarran con achahuasca, después cogen un petate con eso, también lo envuelven."
Arika yamponaitakeri ashaninka ivakeri apaniroini.,"Cuando lo envuelven, lo colocan solito."
Jaitetzi iroñaaka irora inkaimaiteri maaroni ikarajetaiyini.,Se van a llamar a todos sus compañeros.
"Yampotoijetakya yamitakoterita inkiyakoteri, te inkitavaitaiteri intaina.","Se reunen para ayudarlos a escarbar la tierra para el entierro, no lo entierran lejos."
"Okimita iroñaaka ivaamatantaitzi, intaani inkiyakero niyanki ivanko, inkiyakero, iñaakero oviraka omorontakya anta kameetsa intetakeri.","Como ahora prenden el fuego, escarban el hueco al centro de su casa, y lo ven que ya está bueno para enterrarlo."
"Intetakiri omorokira, arika intetakeri omorokira, intyaakomaintyaari, intyaakotakeri, intyaakotakeri irojatzita ovirapaka irora ikiyakiro inkaranki.","Lo llenan el hueco, allí lo ponen, lo llenan de tierra, alli lo entierran hasta alcanzar su nivel como inició al escarbarlo."
"Saikanaki iroñaaka añaanaitsirira, jatzi vitsikarantanaka, “Shintsini aateta,” ijate.","Solito se quedaron los que están vivos, se fueron, arreglaron sus cosas: “Rápido vámonos,” se van."
Ari yookanakiri apaniroini.,Allí lo dejan solito.
"Intaakero, arika intaakiro maaroni yookanakiri kaminkaraiyeni ichenkoporoki, imaantsakipatsaini, intsonki intaairo.","Cuando lo queman, queman todos las pertenencias del muerto, sus pantalones, sus cushmas, lo terminan de quemar."
"Ikantzi yavajirota ishiri, inkitsatajyaari ari ijatake, yariitakya pashiniki, iñaapake tsika isaikaji.",Dicen para que coja su alma y para que se vista cuando va y llega a otro lugar.
"Yantapaki ivanko, poñaashitaka ari intaapaji, aisatzi yaaki oishi tsikana intsipatairo koritzi, ikantzija.","Construyen su casa, después allí las quema, cogen las hojas de ají con hojas de camote, dicen."
"Aritaki yoyaatakai kaminkaraiyeninta, yantamintsataikari ishiri.","Cuando nos sigue el difunto, cuidado con el alma que puede molestar a los vivos."
"Iroñaaka isaikajetaiyenira, itaakirorika oishi irora tsikana, airo ikimajiri, ikimairitzi.","Ahora donde están viviendo, han quemado hojas de ají, ya no van a escuchar [ruidos y otras cosas]."
"Impokavetakya shiritsinta (shiretsinta), iñaapakiro antamitaki irora antamitaki, aka piyanaka.","Así venga el espíritu, llega a la casa, solamente ve que la casa está bien creido de hierbas, bien monte, vuelve acá."
"Iro ikantziri pairani ashaninkapaye, maatsi shiritsipatsaini aniivaitatziri irijatzita jatatziri yantamintsatziri ninkarika.","Lo que dicen antiguamente los paisanos, hay espíritus que viajan y molestan a personas."
Yookanakiri ikisanintavitari pairani.,Lo dejaron que lo odiaban cuando estaban vivos [antes].
"Aisatzita arika inkami antarikona, antarikonapiro ikantajetzi arika inkimavakiro onteryanaki (ontziryanaki) teeeereee!","También cuando fallece una persona mayor, de edad mayor, dicen cuando escuchaban el sonido de un trueno, trom, trom, trom."
Ikantzi ikaimapakitzi intatzikeronta: “Jeeeh! Pimontyena!”,Dicen que ha llamado desde el otro bando: “Eeehhh! Hazme bandear!”
"Poñaashitaka saikatsiri pairani anta kamitaincharinta, pokanaki irirori irora ityaankanakiro irora ishintsipaari, imontyantyaari.","Después, él que está anteriormente, él que murió más antes, viene él ahora, empuja su balsa para cruzar el río."
"Irotaki akimantarori iroñaaka onteree (ontziree), arika inkame antarikona o ninkarika kamatsini eentsipatsaini ari ankimavakiro onteree (ontziree) teereee.","Es por eso escuchamos ahora trueno cuando muere una persona mayor o cualquiera que muere, niños, allí escuchamos el trueno, trom, trom."
"Omparinkatapainte irotaki ikantziri iroñaaka ipaitavajiri kameetsa: “Pimpokapaje jaka, asaikajetapaji,” ikantajetzi irirori ashaninkaitepaye.","Comienza a lloviznar, eso es lo que dice ahora le dieron la bienvenida: “Ven acá, vamos a estar juntos,” eso es lo que dicen paisanos nativos."
"Kaminkaraiyeni saikatsiri anta jenoki, añaatsi irirori.","Ahora los muertos que están allá arriba, están vivos."
Aroka iroñaaka pashini okantashita.,Nosotros somos diferentes.
"Ari okanta iroñaaka, akimakoventziri kaminkaraiyeni.","Así es ahora, hemos escuchado el comentario sobre los muertos antiguamente."
Iroñaaka nonkinkitsatavake tsika akanta iroñaaka.,Ahora voy a contarle como somos ahora.
"Arika añeeri kaminkari, arika inkami aparoni atzirija, yamitajari asheninkaja, iñaavakeri irotaki inkamake, impashikakeri pashikarontsiki, yootakotzimaintyaari.","Cuando ahora vemos a un muerto, cuando muere una persona, la costumbre de nuestros paisanos es que ven que ya murió, lo tapan con frazada, luego prenden velas."
"Maatsi ikantaitziri yamakiri virakocha ivirate, ikantziri yamanakotatziri iroñaaka okaratzi inaryaakanta.","Hay una cosa que dicen que trazó la gente blanca, la vela, dicen que están adorando al muerte, ahora mientras echado en la cama."
Ivakotziri maaroni ishonkakakiri maaroiteni.,Prenden la vela alrededor [donde se encuentran echado].
Iroñaakaja tsitenika pokajetapaji isheninkapaye tsika ipoñaajeta.,"En la noche vienen los parientes de donde vienen, de otros lugares."
"Pashini iroñaaka ovanaki varipa, pashini kotsitanaintsi nijaa intsiyajetyaari tsiteni apaata ninkarika saikanaintsiri.","Otros matan gallina, otros hacen hervir agua caliente para que tomen en la noche otros que se quedan."
"Iroñaakaja okantashitaja, ontzimatye yamine aparoni ishironkavaite taavora, onkantya impaikashitantyaariri.","En estos tiempos ya es diferente, tienen que buscar una madera para cepillar, allí lo van a clavar."
"Te inkitashititajyaari okimita ikitaitziri pairani, yamponatashityajyaari.","Ya no lo entierran como enterraban antes, lo envolvian."
"Te, iroñaakaja yantaki taavora kameetsa, ivitsikakeri iyajonete intetakeri.","No, ahora fabrican una madera buena, fabrican un cajón, allí lo llenan."
"Tekira inteterita, inkaatavajerita kaminkari ijatajeta kameetsa.","Antes ponerlo en el cajón, bañan al difunto para que se vaya bien."
"Ikantzi: “Ikantajetzi iroñaaka ijatajeta kameetsa jenoki, airo ikipatsivaitanaji.”","Dicen, ellos dicen para que vaya bien al cielo, no va a ensuciarse más."
"Inkivaitavajero maaroni irora ivatsa, inkitsataitajeri ovakerakya, iroñaaka yaaitanajeri, impaikakotaitajiri.","Lo lavan todo el cuerpo, le ponen su ropa recién, ahora lo llevan, clavan el cajón."
"Yaaitanakiri tsika ikitantaitzi iroñaaka intaina, pairanimaja ikantashitaro pashinipaye, yookanakiro ivanko, yookapirotatziro.","Lo llevan donde entierran a los muertos, ahora es muy lejos, pero antes era diferente, lo que practicaban los otros, dejaron su casa, la dejaron completamente."
"Irotaki ayomparipaye iñaantarori pankotsipaye, añiiro antamiki, yookatziro pairani, kaminkaripaye ari isaiki, aparoni kaminkari.","Por eso los amigos ven casas en el monte, las dejaron [las casas] antes, los muertos están allí o está un muerto."
"Arika añiiro aparoni pankotsi antamiki, irotaki airipashitaji inchatopaye, kaminkari iroka ikitanakitziri ara.","Cuando vemos una casa en el monte, ya están creciendo árboles, hay un muerto abandonado allí."
Iroñaakamaja ikitaitziri tsika ikitaitzi maaroni atziripaye kamatsiri.,Lo entierran donde entierran a todas las personas que mueren.
Ikantziri iriro virakocha irirorija akantziri „panteon‟.,"Lo que dicen la gente blanca, lo llaman „panteon‟."
Tekirata yookerota yametajetari itaairo iitsariporoki kaminakari pairani.,"No la dejan esta costumbre, ya queman las cushmitas del muerto."
"Iroñaakaja aijatzita yantakotziri impichakoteri kameetsa, onkantya isaikita, ikantaitzirori „cemento‟.","También lo preparan [el nicho con cemento], lo [el nicho] parchan para que sea bonito, lo que dicen „cemento‟."
"Airota ipatsanta, tema kipatsi onatzi, kipatsi ampiyanaji.","Para que no se pudra, pero nosostros somos de tierra y la tierra volvemos."
"Maaroni yookanajiri ashaninkapaye irojatzita okanta oijatziro aparopatsaini, te ampyaakotajanterota.","Todo lo que dejaron mis paisanos se siguen conservando algunos de nosotros, no nos hemos olvidado de completo."
Ari okaratzi.,Hasta aquí termina.
KAMINKARI ITAAYETZI IPOÑA IVINKIRI NIJAAKI TEKIRATA IYOTANAKERITA INKITATERI,QUEMARON A LOS MUERTOS Y LOS BOTARON EN EL RÍO CUANDO NO SABÍAN ENTERRARLOS
"Ankinkitsatakoteri ashaninkapaye, ikanta ikamayetzi pairani te iyote inkitatavakaya.","Vamos a contar sobre nuestros paisanos cómo morían antes, no sabían enterrar [a los muertos]."
"Arika inkamanake, ishaninka yaanakeri, inoshikanakeri, yaanakeri nijaaki, intaayeri.","Cuando muere [una persona], sus paisanos la llevan jalando hasta el río y la queman."
"Arika imantsiyatake osamani, iñaakerika inkante: “Antaakeri, ari imintsarovapajai ishiri, iñaakeri kamaari.”","Cuando se enferme después de mucho tiempo, lo ven y dicen: “Vamos a quemarlo, si no su alma nos va a asustar, [porque] vio al diablo.”"
"Yaanakeri, itaakeri, opiyota aamarite, amayetziri parenini, ivanketakeri jenokini.","Lo llevan, lo queman, juntan leña, lo trae al río, lo ponen encima de la leña."
"Yoisashitzimaitari, intaanakeri, oshekitatzira aamarite, intsonkanakya.","Prenden el fuego, se quema [porque] hay bastante leña, rápidamente se quema."
"Amenajeri, airo añaajiri ivatsa, intaani samampotanaji.","Lo miramos, ya no se ve el cuerpo, solo vemos ceniza."
Ari ikantavakari irirori kamayetatsiri itaatziri.,"Así eran, quemaban a los muertos."
Aajatzita noñaakoventajeri pashini.,También vi el otro.
"Ikamake, ikitavetajari.","Murió, lo enterraron."
"Ipoñaashitaka osamanitanaji imantsiyataji ireentsitepatsaini,","Después de mucho tiempo, se enfermó su hijo."
"yamenakeri pashini sheripyari. Ikantzi: “Iritaki ikisatziri kaminkari, ikisajatziri.”","Lo miró otro curandero, le dijo: “ Él es que hizo daño, el muerto, le molestó.”"
"Ikantzi: “Tsame ankiyakotajeri, antaajerita.”",Dijo: “ Vamos a desenterrar para quemarlo.”
"Ikiyakotakiri, ikiyakotajiri, yareetajiri, ikitatakerinta intsompointa.","Lo desenterró, hasta llegar al cuerpo en el fondo."
"Inoshikajetajiri, itaajiri.","Lo sacaron, lo quemaron."
Ari ikantavakari irirori intanakari ashaninkapaye.,"Así hacian los fundadores, nuestros paisanos [antes]."
"Arika imantsiyatanake, ikantzi: “Iritaki kisajiri yonta, tsame ankitavaryaajeri, antaajeri.”","Cuando se enferman, dicen: “ Él es que hizo daño [el muerto], vamos a desenterrarlo para quemar.”"
Aajatzita arika inkamake: “Tsame avamaatakoteri nijaaki.”,"También cuando muere, [dicen]: “Vamos a hacerlo flotar [en una balsa] en el río.”"
"Ivetsikashiyakeri shintsipaa, impaikashitakeri, yoisotakotakeri, imponatakeri imaantsakiporokini, yoisotakeri, ivamaatakotakeri tsikarika antarotzi omoitonkani.","Arreglan una balsa, lo clavan, lo amarran, envuelven con su ropa, lo hacen flotar en el río hasta donde está un remolino grande."
"Ari impitamonkakotapakya, piinkake tsika yayentajya.","Allí se voltea la balsa, se hunde, por allí se atraca."
Ari ivajyaari tzisoni.,Allí lo comen los gallinazos.
"Ari ikantavakari pairani intakantarori ashaninka, ivinkiri nijaaki, intaayeri.",Así lo hacían antes mis paisanos antiguas: lo botan en el río o lo queman.
"Tekatsi ikantavetakari, tekatsi impokaje ishiri irareetajyaari ivankoki imantsiyajeri ishaninkapaye, ireentsitepatsaini.","Para que no se enferme, para que su alma no venga en su casa ni enferme a sus paisanos, a sus hijos."
Irotaki ivinkantariri nijaaki ijateta kirinka.,"Por eso lo botan en el agua, se vaya más adentro."
"Ivinkakeri, intaakerika pashini.",Lo botan en el agua o lo queman.
Ari okaratapaki.,Es todo lo que vi cuando nosotros venimos a este lado del río.
YAMANANTAITATARIRI MAPI OPOÑA PAAMARI,LA ADORACIÓN DE UNA PIEDRA Y EL FUEGO
"Ipokayetzi irorave, ashaninkapaye poñaachari ikantziro kishiiki, kishiisatzi, maaroni ipokayetzi, ari imakoryaapakiri ara, ikantziro „paatziri‟.","Venían, este, muchos paisanos del Gran Pajonal, pajonalinos, todos venían allí, descansaban al pie de la piedra Padre."
"Imakoryaapakirika paatzirikira, je, impoñaakya, arika yamonkoyetzirika.","Cuando ellos descansaban, sí, ellos masticaban su coca."
"Yamonkotaki, impoñaaki iyokani, impiri ivantekira, iparankatzitya.","Masticaban, sacaban su coca, le daban en su boca [de la piedra], [parece que] está abierta la boca."
"Impirikya, ishenakiri.","Le introducían la coca, está tachoniado."
"Ari yamanirikya, yamaniri paatziri.",Allí lo adoraban al Padre.
(Ityerovajitatyaari?,(¿Va a arrodillarse?
O tsika ikantzirika?),¿O cómo lo hacían?)
Intaani ikatziyakara antave.,Solamente estaban parado.
Yamaniri ikantziri anta: “Aviroka paatziri pinatzi.,"Así oraban, decían: “Usted es el cura."
Pimpina anta tsika paita nokoviri.”,Dáme lo que yo te voy a pedir.”
"Iroña orave paatzirira iñaatziri, ikantziri: “Ari, nompakimi tsika paita pikoviri.”","Ahora este cura le contestaba y le decía: “Sí, yo te voy a dar lo que tú quieres.”"
"Iroñaaka ikovakotakirira, iroñaaka ikantzi, yaaki iirikite, iyora, ikantaitziri oro, iyora ashaninkara yaaki kiriiki, ipakiri, ikantziri anta ikovintsakiri ipaakiri.","Porque le pidió, sacó su dinero, el oro, este paisano ya consiguió el dinero que le dio el cura, lo que dijo consiguió su suerte."
"Ipakiri iroñaaka itsiparyaakayetakari ikaraiyenira isheninkara, itsiparyaayetakiri.","Como le dio, entre ellos se repartieron, entre paisanos."
"Ikantzi: “Arive, kameetsataki ipakairi iyora paatziri iiriikite.","Dicen: “Muy bien, está muy bien, lo que nos dio el cura su dinero."
Iroñaaka ontzimatye amaniri.”,Ahora debemos adorarlo.”
"Ari impoki, intyerovapaki, yamaniri.","Cuando vienen, se arrodillan y lo oran."
"Je, ikantziri anta iñaapinkatsatziri paatzirira, iñaatzi iñaapinkatsatziri.","Sí, lo que dicen esto es, una reverencia al cura."
"Arika yamanakirika, onkaratapakirika, inkantzimaintatyaari: “Tsika paita pikovakotanari aviroka iroñaaka?”","Cuando oran y terminan [de orar], le preguntan: “ Qué es lo que tú quieres?”"
"Yankamaintyaari inkanteri: “Nokovi pimpina piyokani, chamairo, ishiko.”","El cura les contesta, les dice: “ Yo quiero que me des tu coca, chamairo, cal.”"
"Yaanakiro ichamairote, ivanakiro irishikote, ivanakiro iyokani.","Lleva su chamairo, lo pone sobre la boca de la piedra, la coca y el cal."
"Ari imisaikanakiro, impiyoyanakiro okantatapita mapi, ari okantaka, ari impiyotanakiro irishikote, chamairo, iyokani.","Ahí lo sienta y lo amontona debajo de la piedra, está así [como una caída], allí amontona su cal, chamairo y su coca."
"Avisaki iroñaaka jaka, irayi itzivini janta, yaapintaitzinta Tzivyoriki (Paucartambo).","Ellos pasan acá para sacar la sal, allá donde sacan la sal en el río Paucartambo."
Ari okaratzi pikimakovintziri?,(¿Hasta aquí es todo lo que has escuchado?)
"Arika impiyaji, impiyajirika aajatzi ari maaroni inkinanaji avotsi pairani aritaki ikinayetzi maaroni intayetarori kinkivaripaye ashaninka.","Cuando vuelven, vuelven por allí, por este camino donde andaban todos los fundadores, paisanos antiguas."
"Aririka iroñaaka impiyajirika, iñaapinkatsatairira, yamanapairi.","Cuando vuelven, respetan al dios, se arodillan ante él y rezan."
"Inkanterikya iroñaaka: “Aritaki okantaka, pipakinaro okaratzi nokovakatakimiri, pipakinaro.","En su oración le dicen así: “Así fue, me diste todo lo que te pedí."
"Iroñaaka piyajana, irotaki nojatai.”","Ya he vuelto, ya me voy a ir.”"
Impasonkitanaririkya iyorakya paatzirira.,Le agradece al cura.
"Ishiyari atziri, mapi onamaintatya.","Es igual a una persona, pero es una piedra."
(Oshiyari ivante atziri?),(Su boca es similar a una persona?)
"Je, ari oshiyaro ivante atziri iroka isomperirote maaroni.","Sí, es igual a la boca de una persona, su sombrero, todo."
"Iporokakitziri, iyora, tsikataima ipaita porokakiriri, iporokaitakitziri, je, iporokaitakitziri.","Lo han destrozado, no sé quien lo ha destrozado."
"Iporokaitakirira, te añaajiri intaani kapicheeni iroma ovakeraini.","Como lo han destrozado, ya no lo vemos, solamente quedó un poquito."
"Oh, padre, iritaki paatziri.","Aquí muchos están a su lado, otro aquí, otro acá, otro, otro le pusieron en el medio."
Ikantziri: “Paatziri inatzi.”,"(Papá, ¿está, lo que dices, dónde está Jose?)"
"Osheki aka, itsipanampitari pashini aka, pashini, pashini isatekaitziri niyanki.",De Jose más allá para llegar a San Jeronimo de Yurinaki.
"(Irokama, apa, pikantzirika Josekika?)","Ah, muy bien, él es padre (cura), lo dicen cura."
"Jose janto, ariitantyaarori San Jeronimoki.","Así lo llaman, cura, sí, sí, lo llaman padre."
"Es padre, ikantaitziro paatziri, ari ikantaitziro padre, paatziri.","Más antes por allí pasaba el camino, camino antiguo."
"Ari okini pairani avotsi kinkivaro, avotsi, paitakamakya.",Por eso los paisanos cuando venían allí descansaban.
"Ashaninkapaye arika impoki, ari imakoryaapakirika, aitaki intyerovashiteri, yamaniri.","Cuando descansaban allí, se arrodillaban y oraban."
Inkantekya: “Pimpina anto iroka nokoviri.”,Le decían: “Dáme todo lo que necesito.”
"Ikantzityakya ovakeraini ipakiri kiriiki, oro.","[Otros] dicen que más primero, sí, le dio dinero, el oro."
"Irotaki yamitantanakariri, irotaki yamitantanakariri.","Por eso se acostumbraron, por eso se acostumbraron otros paisanos."
Pashinipaye ashaninkara ikantzi: “Kameetsarini.”,El paisano dice: “Muy bien.”
"Aka pairani isaiki aani ikantaitziro Tsonkitsiroshiki, isaikayetzi pairani Shariva.","Aquí antes vivía mi difunto abuelo, llamado Hoja de Plátano Biscocho, aquí vivía la familia Shariva."
"Ari pairani otzimi antaroite pankotsi ivitsikaitziro, ikantziro „paragua‟.","Allí había una casa grande, la construyeron, se llamaba „paragua‟."
Iritaki ipiyoyetari maaroni ashaninkapaye.,Allí se reunieron muchos paisanos.
"Irokya intatzikiroinikya tzimatsi pankotsi, tekatsi ariitatya, tekatsi ariitatyaani.","Pero al frente hay otra casa, nadie llega [a esta casa]."
"Iyotashita yareeta, kaari anteroni ochaa.","Llegan los puros, los que no cometen fornicación."
"Ikantzi kaari mayempitatsiri, ochaa, iyotashitakari.","Dicen que los que no cometen fornicación, se agrupan solos."
"Antaro pankotsi, aitaki isaikiri iyorave ikantaitzirika jevatakantzirorira, te noyoteri tsikarika ipaita, aritaki isaikirikya.","Una inmensa casa, allí está él que lo dirige, no sé como se llama, allí está el jefe."
"Ari isaikaiyeni okimitanaka intyatzikiroini, ari otzimiri antaro pankotsi.","Allí están ellos en este lado, [en] una casa grande."
Aritaki yoisaitatzi paamari.,Allí prendían fuego.
"Ikantzi irorave yamanirirakya iyora maaroni ashaninkapayera, je.","Dicen, este, oraban al Dios todos los paisanos, sí."
"Kaatsite aparoni jatatsini, akantakiri ayirorira ochaa, akantziro arori.","Ninguna persona no podía ir que cometía fornicación, decimos nosotros „fornicadores‟."
"Kaari mayempitatsini, iyotashita ijate, kaari mayempitatsini.","Iban aquellos que no cometían fornicación, los puros, no cometían fornicación."
"Inkimavanteteri irora ivavanika, tsikarika ikantzi, iñaavaitzi.","Ellos escuchaban al Dios, lo que dice, lo que habla."
"Ishiyakavintziro iroñaaka okanta maatziripaye, oshiyaro maatziripaye, ari ikantaitziro ochaa, ari okantari pairani.","Eran similares a las hermanas religiosas (madres), como las monjas, a ellas dicen que no son fornicadoras, así era [antes]."
"Te añaajiro, te ankimakovintairo.","Ahora ya no lo vemos, tampoco escuchamos de eso."
"Noñaashirivitakaro pairani naarikya anta isaikakantanari aaniyeni, inayeni ikantaitziroka Tsonkitsiroshiki, ari noñaakirori.","Yo había visto antes un poco cuando mi difunto abuelo nos hacía vivir allá, lo llaman Hoja de Plátano Biscocho, allí lo vi."
"Maatsikya pankotsi nokantakiri ikantziri „paragua‟, iyoshiyetziro imisaikaitziro.","Había una casa lo que he dicho llamada „paragua‟, allí los puros [virgenes] reunían."
Kaatsi jatatsini ikantzirirakya antzirori ochaa.,No podían ir a la casa los que cometían fornicación.
"Kaatsi jatatsini, eero ijatzi.","No iban allí, no iban."
Ikantziro mayempiro kooya airo ojatzi anta.,"Le dicen, „mujer adultera‟ no va a ir allí."
Ari yoisaitzirori ivaamarite.,Ahí prendían fuego.
Aritaki ara yamaniririkya ivavanira.,Adoraban a su Dios.
"Ikantziro iroñaaka jevatzirorira: “Te noninte ompoke aka antziro ochaa, akantziri anta piyatsatachari.","Decía el jefe: “Yo no quiero que venga una mujer que comete fornicación, les decimos los que son desobedicientes."
"Iyotatyeya anta, kaari anteroninta, iritaki jatatsini inkimavanteteri ivavanira paamari.”","Aquellos que no cometen fornicacíon, los puros, sí, pueden ir para escuchar al Dios el fuego.”"
Yoishiro paamari.,Allí prendían el fuego.
KAMENAANTSI IRASHI EENTSIPAYE,CONSEJOS PARA LOS NIÑOS
PINTZINAJETE KAPICHIKITAITE,LEVÁNTENSE EN LAS MADRUGADAS
"Pairani acharinite ikamenajetzi ari okitaitamanaite, ikantajetai.","Antes nuestros abuelos nos aconsejaban en las madrugadas, nos dicen."
"“Pintzinajete, yanankoremikari kayetsi, okisanintemikari apaata piina.","“Levántense, te va a pasar por encima el afáz, sino, te va a odiar a tu esposa."
Aririka pitzimakakero eentsi aisatzi ontzimatye pintzinae kapichikitaite.,"Cuando le hagas tener hijos, también debes levantarte muy temprano para que no te pase encima la muerte."
"Anankorimikari kamanetantsi, pikamekari intsipaiteni, pikinkivaritekari intsipaiteni.”","Sino, vas a morir a una edad temprana, vas a envejecerte a una edad temprana.”"
Irotaki ikantziri pairani acharinite.,Eso eran los consejos de nuestros abuelos.
"Irotaki ikamantajetziri ireentsitepaye irojatzita iroñaaka, okantai ina aisatzi apa.","Eso eran sus consejos para sus hijos hasta nuestros días, nos lo dice mamá, también papá."
"Kantzimaitacha maatsi evankaripaye, kaari kimisantajirori.",Sin embargo hay jóvenes que no hacen caso los consejos.
"Irotaki añaantari iroñaaka akinkivaitzi, apaitanaki eentsitatyai, tekirata aapitanaketa.","Por eso actualmente nos envejecemos prematuramente, nos llenan las canas antes de la ancianidad."
Ari okaratzi intanakarori kamenaantsi.,Así es el primer consejo.
OKISOTANTYAARI AIKI,PARA FORTALECER NUESTROS DIENTES
"Okantzi kamenaantsi, ovakera tsopachani aiki ovakera eentsitapaki, airo okavaishitaro.","Dice el consejo, el primer diente que sale cuando somos pequeños, no vamos a botarlo en cualquier sitio."
"Aanakiro pareniki, amenake kisoperotatsiri mapi, ari apicheerori.","Nosotros lo llevamos al río, elegimos la piedra que es más dura, allí lo chancamos."
"Irotaki okantairi ina, irotaki ikantairi apa, oshiyanakyaarota mapi aikipaye, okisoperoteta.","Es lo que nos dice mamá, es lo que nos dice papá, para que se asemejen nuestros dientes a la piedra, sean duras."
Irotaki kamenaantsi ikantairi ashitairi.,Es el consejo que nos da nuestros padres.
IROPEROTANTYARI AKOMINTSATE,PARA SER UN BUEN CAZADOR
"Ikantzi pairani apa, aririka pikintake aparoni tsimeri, aparoni poshiniri, airo pivari, ikantai apa.","Nos dice antes papá, cuando cases el primer pajarito, un animal, no debes comerlo, nos dice papá."
Paitanikya?,¿Por qué?
Itasonkanakaikari.,"Sino, te va a soplar [algo sobrenatural]."
Ontzimatye antsetavake avantyaariri.,Debemos cumplir una dieta para comerlo.
Ontzimatye charine intsikanatai.,Nuestro abuelo nos debe curar con el ajé.
"Okantyakya okatsitantyaari achakopite, aririka akintaje pashini tsimeri.",Para que nuestra flecha sea dolorosa cuando piquemos otro pajarito.
"Irotaki kaari ivakantairi charine, aririka intanakyaaro akintavaite.",Por eso nuestro abuelo no nos hacía comer al inicio de nuestra cacería.
Ari okaratzi.,Eso es todo.
AAJATZITA APOKATANTYAARI (IKANTZIRI PASHINI AKOMINTSATANTYAARI),"TAMBIÉN PARA SER CAZADOR, OTROS LO DICEN PARA TENER PUNTERÍA"
"Okantzi kamenaantsi, aririka pijate pankoshintsiki, pikintakirika aparoni tsimeri, shintsipayeni paanakeri, pamine ovato kanai.","Dice el consejo, cuando vayas a tu choza y hayas picado un pajarito, inmediamente llevarlo en la planta del palo hormiguero."
"Pantakotapakeri, aririka ishitovanaki kanaiki, ari pivanakeri oponkitziki inchatoka.","Golpea el árbol, cuando salen las hormigas, lo dejas al pie del tronco de este árbol."
"Pimpiyapitsatajeri, iyaarita kanaiki, itasonkanakemita, ikimitara ivari pitsimerite.","Vuélvete inmediamente para que lo coma el kanaiki y te sople, como ellos comen a tu pajarito."
"Ari pikantyaari, apaata pivajyaari, osheki tsimeri pikintajeri.","Serás como ellos, más tarde vas a comer cuando mates otro pajarito."
Omaperotatya kamenaantsi.,Es verdad estos consejos.
"Ari ikantakakinarori pairani apa, irotaki nokomintsatantari.","Así hizo conmigo mi papá, por eso soy cazador."
OSHEKITANTYARI OVATSA KANIRI,PARA QUE TENGA LA BUENA PRODUCCIÓN LA YUCA
"Okantzi kamenaantsi, aririka pantake pivani, piviryaakerika kaniyatzi, pookanakero ovaantsiki, pimpiyotanakero, itsinterota impookero.","Dice el consejo, cuando hagas su chacra, si cortas en pedazos las ramas de la planta de yuca, déjalas en la chacra, amontonándolas para que orinen las estrellas."
"Okantyakya okimitara itsine impookero, oshekiteta ovatsa piyaniri.","Para que se asemejen la abandancía de la orina de las estrellas, así sea también la producción de la fruta de tu yuca."
"Pivintamanairorika, airo pikaintziro pitavaato okisotonkitanakikari, apaata kaniri okimitara otonki pitavaato, okimitara pitonki.","Cuando siembras al día siguiente, no debes rascar tu canilla para que después las yucas no sean duras como el hueso de tu canilla, como tu hueso."
"Aririka amonkaratakero maaroni kamenaantsika, aririka omonkaratapakya atsokantyaarori.","Si cumplimos estos consejos, al cumplirse la época de cosecha de la yuca."
Ari añaakero osheki ovatsa kaniri.,Veremos la abundancía de la yuca.
Ari okaratzi.,Eso es todo.
ASHI SHIMPIRINTSI,LA PESCA CON LA NASA
"Okantzi kamenaantsi, aririka pitsonkakero pante pishimperi, paanakero nijaaki.","Dice el consejo, cuando termines de elaborar tu nasa, la llevarás al río."
"Tsikarika osoronkata, ari patsinakakotakerori.","En una caída del río, allí la vas a aplastar."
"Iroñaaka itetakyaarika jetari, shiva, kepavori, mereto, aririka paajero, airo paminero ovantekira.","Cuando se hayan llenado la carachama, anchoveta, raton, mereto, si los coges, no los mires en la boca de esta nasa."
"Tzimatsirika tetainchari, intaani paakero iroñaaka, paanakero oparaiki.","Si están los que se hayan llenado, solamente los coges, los llevas en la playa."
Ari pisokerori maaroni tetainchari.,Allí vas a vaciar todos los que cayeron adentro.
"Aririka paminakero opante pishimperi, ari opashiventanakya, airo itetaja maaroni saikatsiri nijaaki.","El día que mires la boca de tu nasa, se avergonzará, ya no se llenarán más lo que viven en el agua."
"Aririka amonkaratakero maaroni kamenaantsika, airo apiyashita aririka ajate nijaaki aanakero ashimperi.","Si cumples estos consejos, nunca volverás con la mano vacía, si vas al río llevando nuestra nasa."
Ari okaratzi.,Eso es todo.
ARIRIKA AJATE AKIVANTERI ASHANINKA,CUANDO VAMOS A VISITAR A NUESTRO PAISANO
"Okantzi kamenaantsi, aririka pijate pikivanteri ashaninka, aririka pishitovake tsiteni pitsinte, airo pitsinta okaakini.","Dice el consejo, cuando vas a visitar a un paisano, si sales de noches a orinar, no te orines cerca."
Pijate intyatzini pitsintakoterikari ashitarori ivanko.,Debes irte lejos para que no orines donde se orinó el dueño de la casa.
"Ipavyemirokari imantsiyari, payinirikari ishitsani.","Para que no te contagues de su enfermedad, para que no obtengas sus bichos."
"Okatsitekari pitsinte, irotaki ikantairi acharinete.","Para que no te duela al momento de orinar, eso nos dice nuestros abuelos."
"Ontzimatye amonkaratero, maaroni ikamenairi acharinetepaye, añaantyaarori okameetsate añaantari.",Debemos de cumplir todos los consejos de nuestros abuelos para obtener buena vida.
Ari okaratzi.,Eso es todo.
AIRO AMASHITSAVAITZI,NO DEBEMOS SER MEZQUINOS
"Okantzi kamenaantsi, airo amenashitari ninkarika pokatsini ikivantai avankoki.",Nunca debemos quedarnos mirando a la persona que nos visita en nuestra casa.
"Shintsipayeni antzinanake, akanteri yavisheta pankotsiki, isaikapajeta.",Inmediatamento debemos levantarnos y decirle que pasen en la casa y tomen asiento.
Shintsipayeni ajatanake aapainte kaniri posari katsirinkari ampavakeriri.,Inmediatamente vamos a traer yuca cocinada caliente para darle.
Maatsirika poshiniri aajatzita.,"Si hubiera carne, también."
"Tzimatsirika pyaarentsi, aajatzita ampakotavakeri.","Si hubiera masato, también debemos darle."
Tema te ayote añaashita iritaki sheripyari irotaki atsarovakotantyaari.,"Porque no sabemos de repente es un tabaquero, por eso debemos ser muy atentos."
"Arika apavakiri iritakirika sheripyari, kovatsiri iyotai akameetsatziririka atziri, ari itasonkakai.","Si le damos algo y si fuera un tabaquero que quiere conocernos, si somos generosos con la gente, él nos bendice."
"Airorika, ari impiyanaje, impyaanakya manitzi, impokaje iroñaaka irojatzi ivantakai.","Porque sino, volverá y se convertirá en tigre, vendrá para comernos."
Ari ikantairi pairani acharinetepaye.,Así eran nuestros abuelos.
KOMPITARENTSI,ADIVINANZAS
"Antaro noyempita,","Grande es mi oreja,"
"novaro kataroshi,","como pasto,"
"ari nokyaakemi,","te puedo cargar,"
tsika paitaka? (Aashino.),¿quién soy? (El asno.)
"Kisaari nomaatsara,","Negro es mi ropa,"
"te noyote nantero ovaantsi,","no sé hacer chacra,"
"irotaki nokoshitantari kaniri,",por eso robo yuca.
tsika paitaka? (Sharo.),¿Quién soy? (El cutpe.)
"Nosaiki antamiki,","Vivo en el monte,"
"te nokaatyaari javó,","no me baño con jabón,"
"irotaki oshitzitantari noketsi,","por eso apesta mi trasero,"
¡piyotena! (Saari.),¡adivina quién soy! (La carachupa/el zorillo. )
"Ari noshiyaro pivori,","Soy como tu pierna,"
"nomana kipatsiki,","me escondo en la tierra,"
"aririka pimishaakena,","si me pelas,"
kitamaro novatsa.,blanco es mi carne.
"Piyotena, tsika paitaka? (Kaniri.)",Adivina ¿quién soy? (La yuca.)
"Notsipatari sanii nosaiki,","Vivo con las avispas,"
"kameetsa novaniinkata,","soy de lindos colores,"
osheki naakotziri tsimeripaye.,"imito mucho a los pajaritos,"
Piyotakena? (Tsirotzi.),adivina ¿quién soy? (La oropéndola.)
"Naniri manitzi,","Mi cuñado es el tigre,"
"kisorini nomaatsara,","duro es mi ropa,"
"nokiyiro kipatsi,",escarbo la tierra
"namene noyari,","buscando algo para comer,"
"piyotakena, tsika nopaita? (Ashoshi.)",¿sabes cómo me llamo? (El armadillo.)
"Kityonkari novitzi,","Rojo es mi pelo,"
"kanta shintenaitaka notzinko,","pomposo es mi cola,"
novaro tsiyaroki.,"mi comida es el coco,"
Piyotakena? (Meeri.),¿quién soy? (La ardilla.)
"Noitzityonki nokanta,","Delgaditas son mis patas,"
"nopoki otsonkimataje osarentsi,","vengo al finalizar el verano,"
"namapintero tampyaa antaro,",siempre traigo grandes ventarrones.
tsika paitaka? (Mapitzi.),¿Cómo se llama? (El pajarito hornero.)
"Nariitapinta intanajyaaro osarentsi,","Siempre vengo al inició del verano,"
"te osamanite nañaamento,","no vivo mucho tiempo,"
"osheki nokamanitzi,",soy mortal.
tsika nopaitaka? (Kentori.),¿Cómo me llamo? (La cigarra.)
"Pimpoke paminena,","Ven a verme,"
"airorika piñeena nijaaki,","sino me ves en el agua,"
"ari nosaikeri kipatsiki,",estoy en la tierra
nova shikiri.,comiendo mosca.
Tsika nopaitaka? (Mashero.),¿Cómo me llamo? (El sapo.)
"Pamenina,","Tú me miras,"
"amenimi,","yo te miro,"
nantsotakemirika,"cuando lo chupo,"
"nominkyaakemiro,","te lo introduzco,"
tsika opaitari? (Kitsapi.),¿qué es? (La aguja.)
"Kimoshirikitaki oshitovanaki omavoshiki,","Está feliz que salió del nido,"
"okamantzimi tzimakemira,","te avisó que había nacido,"
tsika opaitari? (Santsitzi.),¿qué es? (El pedo.)
"Parya notzimantari,","Como una mujer nací en el signo de Virgo,"
"noshintsiventziro,","lo perforo,"
"napiitziro noshintsiventziro,","vuelvo a perforarlo,"
"morontanaka,","ahora quedo con un hueco,"
tsika opaitaka? (Notsatziri noyempitaki.),¿qué es? (El arete.)
"Antakiroki kenashiri,","Por afuera soy verde,"
"nonatzi intsompoiki nokitamarotatzi,","por dentro soy blanco,"
tsika nopaitari? (Intsipa.),¿qué soy? (El pacai.)
"Santsari vitzinto,","Largo y peludo,"
"avanitero kameetsa ashi atziyamoro (asaikamento),","bajamos bonito para nuestra nalga,"
tsika opaitaka? (Kyaakomentotsi.),¿qué es? (La montura.)
"Maatsari nonatzi,","Soy flaco,"
"mantsiyarintsi name,","enfermedad traigo,"
"arika nonkintakemi,","cuando te pico,"
ari pinkatsinkayetanake.,vas a tener escalorfrío.
Tsika nopaitaka? (Mañoo.),¿Cómo me llamo? (El zancudo.)
"Nosaiki pariniki,","Vivo en el río,"
"poshini nokanta,","bien sabroso soy,"
"arika payena,","cuando me sacas,"
"notsotziro mapi,","chupo las piedras,"
irotaki novari.,eso es lo que como.
Tsika nopaitaka? (Shima.),¿Quién soy? (La chupadora.)
"Osaiki inkiteki,","Está en el cielo,"
"antari inatzi,","es grande,"
"antari paamari,","un gran fuego,"
"airoka itzimi,","cuando no existe,"
tekatsi añaantsi.,no hay vida.
"Inchatyaakini nonatzi,","Soy un palito delgado,"
"arika pimpankitena,","cuando me siembras,"
osheki novatsa tzimatsi.,mucha carne tengo.
Tsika nopaitaka? (Kaniri.),¿Quién soy? (La yuca.)
"Noshiya nopoña katonko,","Corro desde la parte alta,"
"nariita irojatzi inkaariki,","llego hasta el mar,"
airo piyotana.,no vas a saber quién soy.
Tsika nopaitaka? (Parinini.),¿Cómo me llamo?‟ (El río.)
"Tekatsi apa,","No tengo padre,"
"tekatsi ina,","no tengo madre,"
"naaka intakaro,","yo inicié en la vida antigua,"
"nañaaki pairani,",por eso hemos aumentado.
Tsika nopaitaka? (Aran.),¿Cómo me llamo? (Adam.)
"Nañiirika shirampari nonatzi,","Soy hombre cuando estoy vivo,"
"arika nonkamake,",cuando estoy muerto
"inkotsitakenarira,","y me cocinan,"
kooyatanajina.,me convierto en mujer.
Tsika nopaitari? (Tyaapa.),¿Quién soy? (El gallo.)
"Arika intzimimotemi,","Cuando lo tienes,"
"aviroka ari paminakeri,","tú lo buscas,"
"airorika intzimantami,","cuando no lo tienes,"
"airo paminiri,",no lo buscas
aisatzi airo pinintziri.,ni lo quieres.
Ipaitaka? (Netsi.),¿Qué es?‟ (El piojo.)
"Naaka nosaiki pareniki,","Yo vivo en el río,"
"naaka noyotziro nokitsatzari shima, jetari,","sé sacar chupadora, karachama,"
"osheki novari jetari,","mucho como karachamas,"
nosaiki pareniki.,vivo en el río.
"Maatsi novito, novitojaniki iyaanini,","Tengo mi canoa, la canoita pequeñita,"
"nojatantari notziyata,","para irme surcando,"
nojatzi katonko nokitsatzi.,voy a pescar por arriba.
"Namaatakotaje kirinka,","Nado [en mi canoa] por abajo,"
"nokitsatzi, namaatakotaje novito.","saco pescado, nado en mi canoa."
Piyotakenarika tsika nopaitaka? (Parari).,¿Adivina quién soy? (El lobo marino.)
"Naaka nosaiki pareniki,","Yo vivo en el río,"
"tzimatsi narakomento,","tengo mi avión para volar,"
"narakotapinte, nojatzi katonko parenini,","Voy hacia arriba por el río,"
nojatzi kirinka.,voy hacia abajo.
"Naaka osheki noyotziro nokintatziri shima,","Sé mucho picar [con la flecha] chupadora,"
"nokintzi koviri,","pico corvina,"
"nokintzi mamori,","pico sábalo,"
"nokintzi yotzi,","pico sungaro,"
maaroni nokintzaitziri shima.,pico todo pescado.
Naaka osheki nokomintsatzi shima.,Soy un buen cazador.
"Maatsi narakomento narakotantari,","Tengo mi avión para volar,"
"Nojatzi katonko,","voy hacia arriba,"
"Nojatzi kirinka pareniki,","voy hacia abajo del río,"
Narakotzi kirinka.,"Vuelo hacia abajo,"
Osheki nokintatziri shima novakaitariri neentsipaye.,mucho pico pescado para dar comer a mis hijos.
Noitsari kitamarori.,Mi cushma es blanca.
"Piyotakenarika, tsika nopaitaka? (Tsompari.)",¿Adivina quién soy? (La garza.)
PANTSAANTSIPAYE,CANCIONES
MEANTO,EL PAPAGAYO
Iroñaaka kitaiterika nonintzi nopantsakoteri ivantsani „Meanto‟ notsipatyaaro noshinto opaita Komave.,Ahora en este día quiero cantar una canción “El papagayo” con mi hija llamada Komave.
"Aajatzita naari nopaita Komave, iroori ovairo Komave.","Yo también, me llamo Komave, y su nombre es Komave."
Okantzi oka.,Dice así.
"Katsimari meanto, katsimari meanto,","Bravo es el papagayo, bravo es el papagayo,"
"Meanto, meanto, meanto, meanto.","Papagayo, papagayo, papagayo, papagayo."
Itsipatari erotzi.,Acompaña al loro hablador.
"Ishivashivata meanto, meanto, meanto.","Se mueve, se mueve el papagayo."
"Kameetsa ikanta, kameetsa ikanta,","Bonito es, bonito es, bonito es, bonito es."
"Kameetsa ikanta, kameetsa ikanta.",Paampatzi (un ave del río) está allí.
Paampatzi niro.,Paampatzi (un ave del río) está allí.
PANTSAANTSI,UNA CANCIÓN
"Nosonkatavakero nosonkarika, iroñaaka nosonkatero noñaani.","Voy a tocar mi antara, voy a tocar en mi idioma."
"Ari ikantaitziro isonkaitziro, pikimavakinaranki paitaranki, Elena.","Así se toca mi antara, escúchame, Elena."
"Nosonkataki sonkari, iroñaaka nopatsairo noñaaniki.","Toqué mi antara, ahora voy a cantar en mi idioma."
Okantzi irora.,Dice.
"Aritakitya, aritakitya kooya,","Así sera, así sera la mujer"
paminaminatataiterira.,tú buscas.
"Pinintanira kameetsarira,","Tu querida bonita,"
kameetsa pikantya.,bonito estarás.
"Airo pamini pashini, kooya.","No vas a buscar a otro, mujer."
"Paminapirotera shiramparira,","No vas a buscar un hombre,"
paminaperoteri.,no vas a buscar.
"Aparoni ikantya, aparoni ikantya,","Será una sola persona, será una sola persona,"
airoma paminapitsatziri.,no vas a buscar
Pashini shiramparira ari intaani.,a otro hombre lejos.
Aparoni paminiri shirampari.,Vas a buscar a uno solo hombre.
Aviroka tzimaki pinintani avirori.,Tú tienes tu querido.
"Irirori aitaki yaminanakimitya,",Él va a buscar a ti.
"Kameetsa pikantya, irirori shirampa.","Tú estás bien, el hombre también."
Ari ovirapaka.,Así termina.
KAMORI,VÍA LÁCTEA
"Tampatsika isaiki kamori, kamoririri.",Derecho está Vía Láctea.
Ikavayote kavayo ikavayote iviyoka.,Sus caballos están en groupos.
"Ikavayote iviyoka, ikavayote iviyoka, ikavayote iviyoka.","Sus caballos están en grupos, sus caballos están en grupos, sus caballos están en grupos."
"Tampatsika isaiki kamori, kamoririri.",Derecho está Vía Láctea.
KOVACHERI,LA UNCHALA
Noñaanoñaanatakiri noyovancheritera.,He visto a mi unchala.
Ishiyashiyatanaka isavoroshiteki.,Se va corriendo en el caresal.
Noñaanoñaanatakiri noyovancheritera.,He visto a mi unchala.
Ishiyashiyatanakara isavoroshiteki.,Se va corriendo en el caresal.
"Kameetsa ikanta,","Bonito es,"
"yaminaminatzira ishaninkaperori, ishaninkaperori.",está buscando a su verdadero paisano.
Aritakitya noyovancheritera.,Así sera mi unchala.
Yaminaminatzi ishaninkaperori.,"Busca, busca a su paisano verdadero."
"Aritaitakima,","Así será,"
iñaaiñaatakiri ishaninkaperori.,"busca, busca a su paisano verdadero."
Irirori ikanta.,Él es.
Aritaki ishaninka yaminaminatzira,"Así es su paisano que él busca, busca,"
"ishaninkaperori, noyovancheritera.","a su paisano verdadero, mi unchala."
PANTSAANTSI IRASHI EENTSI,CANCIÓN DE CUNA
Ampatsakoteri oimaantyaariri eentsi.,Vamos a cantar una canción para hacer dormir a mi bebé.
"A-a-a-a, pitoni, pitoni,","Mono diurno, mono diurno,"
"pamakeniri ivochokini joventzi imayeta, koraketaki manitzi.","tráiga su sueño al bebito que duerma, ya viene el león."
"Pitoni, pitoni,","Mono diurno, mono diurno,"
"pamakeniri ivochokini joventzi imayeta, koraketaki manitzi.","tráiga su sueño al bebito que duerma, ya viene el león."
"Pimaye, pimaye joventzi, korake manitzi.","Duérmate, duérmate el bebito, el león viene."
IVESHIRYA,CANCIÓN PARA DANZAR
Nompantsavake kapicheeni okaratzi nokemayetziri impantsani pairani intanakarori.,Quiero cantar un poco lo que escuché de las canciones de los fundadores.
Okantavetyata.,No importa.
"Marerya kompero, marerya kompero, marerya kompero.","Brillante el ave de siete colores, brillante el ave de siete colores, brillante el ave de siete colores."
Aritakitya nonkantaitya nompantsayero,"Así ahorita todo el tiempo voy a cantar esta canción,"
"marerya kompero, mamerya kompero.","brillante el ave de siete colores, brillante el ave de siete colores."
Aritakitya nonkantaitya nompantsayero kitaiteriki,"Así ahorita todo el día voy a cantar esta canción,"
"marerya kompero, marerya kompero.","brillante el ave de siete colores, brillante el ave de siete colores."
"Aritakitya nonkantaitya nompantsayero,","Así ahorita todo el tiempo voy a cantar esta canción,"
"marerya kompero, marerya kompero.","brillante el ave de siete colores, brillante el ave de siete colores."
Ari okaratzi.,Es todo.
AMPAKOTENI ITOMI KOKO,LE VAMOS A DAR DE BEBER AL HIJO DE NUESTRO TÍO
"Pashini pantsaantsi ashi tsinane, opantsakotziri oimitsori ontsipatyaro irento.","Otra canción de una mujer que canta para su cuñado (primo), con su hermana."
Okantzi oka.,Dice así.
"Okantakantatana eentyove,",Me insiste mi hermana:
„Tsame ampakoteriri itomera kokove.‟,“Vamos a darle de beber al hijo de nuestro tío.”
"Pitsopitso, nopitsopitsotakanakarive itomira kokove.","Gira, gira, lo hago girar varias veces al hijo de mi tío."
"Pitsopitso, opitsopitsotakanakarive otsatairikinive.","Gira, gira, los hace girar varias veces sus adornos colgados en su cushma."
Irotaki opantsakotziriri kooya oimitsori okantya inintantarori.,Este canta la mujer a su cuñado (primo) para que se enamore de ella.
"Te noninte aviroka, kooya,","No te quiero, mujer,"
"te noninte aviroka, kooya,","no te quiero, mujer,"
"te noninteve,","no te quiero,"
"te noninteve aviroka, kooya.","no te quiero a ti, mujer."
"Kooya poronakiro,","Mujer con la cara redondita,"
"te noninteve,","no te quiero,"
"jatakimi intaina, jatakimi intaina,","fuiste lejos,"
te noninteve.,no te quiero.
IVANTSANI OVAYERI INOSHIKANAKERIKA KOOYA,LA CANCIÓN DE LOS GUERREROS ROBANDO A UNA MUJER
Yampatsakotziro ovayeri inoshikantzi.,"Vamos a cantar sobre cuando ellos están en la guerra secuestran a una mujer, una jovencita."
"Ampantsakoteri arika ivayeritakya ovayeri inoshikanakerika kooya, kooyanikipatsaini.",La llevaron cantando.
Yaanakero yampatsakotzimaitanakyaaro.,Estamos raptando a una jovencita.
"Nonoshikimate chanaini, noshika chanaini, noshika chanaini, noshika chanaini.","Estoy jalando a una jovencita, estoy jalando a una jovencita, estoy jalando a una jovencita, estoy jalando a una jovencita."
"Chanaina, chanaina, chanaina, chanaina.","Jovencita, jovencita, jovencita, jovencita."
"Nosatekimatero chanaini, nosatekimateri chanaini.","La pongo en el centro, la jovencita,"
"Chanaina, chanaina, chanaina, chanaina.","jovencita, jovencita, jovencita, jovencita."
"Nonoshikimate chanaini, nonoshikimate chanaini, nonoshikimate chanaini.","Estoy jalando a una jovencita, estoy jalando a una jovencita, estoy jalando a una jovencita."
"Chanaina, chanaina, chanaina, chanaina.","jovencita, jovencita, jovencita, jovencita."
IVESHIRYA IVANTSANI KATARI,"LA CANCIÓN PARA DANZAR, LA CANCIÓN DEL PATO SILVESTRE"
"Nompantsavakita kapichiini okaratzi noyotziri, ivantsani katari.","Voy a cantar un poquito todo lo que sé, la canción del pato silvestre."
Ari ikantzi.,Así dice:
"Katarya, katarya, katarya, katarya, katarya","Pato silvestre, pato silvestre, pato silvestre, pato silvestre"
Ipipiyatanaka noyataritera iyatonkotekira.,"está regresando mi pato silvestre a la altura,"
"Ipipiyatakari iirinkatekira, iirinkatekira.","está regresando hacia adentro, hacia adentro."
Yookimotanairi iyatonkotekira,La ha dejado en su altura
"tsomparya, tsomparya.","a la garza, a la garza."
Vashirini ikanta itsomparyanitekira,Muy triste está mi garcita
Vashirini ikanta itsomparyanitekira,Muy triste está mi garcita
"Itsipatsipatanakari ivarinetekira, ivarinetekira.","Lo acompañó en su río, en su río,"
"Ivashipariñatekira, ivashipariñatekira.",en el nido de su palomar.
"Iyanarovatera, ivaromatekira,","Muy triste en su agua, muy triste en su agua."
"Ivashinonkakiri pariña, pariña itsomparitenira,","La hizo sufrir en el agua de su río, de su río de su garcita."
"Ikakatziyatanaka iirinkatanakeri tsomparya, tsomparya.","Se paró, se paró en la parte de adentro, la garcita, la garcita."
"Yamayamatanairo iirinkatekira tsomparya, tsomparya.","La trajo, la trajo de su adentro la garcita, la garcita."
"Yookantanairi, itsomparitenira, yookantanairi itsomparitenira.","Ha dejado a su garcita, ha dejado a su garcita,"
"Tsomparya, tsomparya, je, jeeeeee.","la garcita, la garcita, jejejejejeje."
SHIRO,LA PALOMA
Nompantsavaki kapichiini ikanta shiro ivashirita irirori.,Voy a cantar un poquito como la paloma se entristece él también.
"Noshironi shironi, noshironi shironi, noshironi shironi","Palomita, paloma, palomita, paloma, palomita, paloma,"
"ivashirishiritakara noshironiteranki, ivashirishiritakara noshironiteranki.","Entristece, muy triste está mi palomita que solía ser el mío."
"Ivashiritakotarora inintani iriro,","Él está triste por su querida,"
"noshironi shironi, noshironi shironi.","mi palomita paloma, palomita paloma."
Vashirini ikanta noshironiteranki.,Muy triste está mi palomita.
"Ikokovakovita naari, naakatya naari, nankayeri naaka naari,","Él buscaba a mí también; depende de mí, si voy a contestarle."
Nonintapirotziri noshironiteranki.,"Yo lo quiero mucho, a mi palomita."
"Iritatya iriro, ikantakashitakarora.","Depende de él, por que tiene la culpa."
"Yaminaki irirori inintani pashini, inintani pashini.","Él buscó a otra querida, otra querida."
Iritaki kantakashitaro yaminima pashini.,Él tiene la culpa por buscar a otra.
"Aritaki iriro vashirini ikantya irironi iriro,","Es verdad que él va a estar triste, él también."
"Aritaki iriro, noshironi shironi.","Es verdad, mi palomita paloma."
"Yamatavitanakiro, okantzirira inintani, inintani, initani iriro.","Engañó a ella, la que le dijo a su querida, la querida de él."
"Aritaki iroori amiminatanaki, pashinira iroori,","Es verdad que ella también ya buscó a otro querido,"
"onintani iroori, onintani iroori.","el querido de ella, el querido de ella."
"Pitso-pitso onkantya tsikarika onkini, tsikarika onkini.","Muy coqueta debe estar donde vaya, donde vaya."
"Okamavintanairo onampira iroori, onampira iroori.","Cuidadosa ella está de su pueblo, de su pueblo."
"Oijatanakiri, irirotya iriro onintani pashini, onintani pashini.","Lo siguió ella, depende de él, su otro querido, su otro querido,"
Iraavaityata inampiki iriro.,Que se vaya a llorar al pueblo de él.
"Kimoshiri okanta inintani iriro, kimoshiri okanta inintani iriro.","Muy alegre está ella, la querida de él, muy alegre está ella, la querida de él."
"Oijatanakiri onintani pashini, pashinira iroori.","Lo siguió ella a su otro querido, su otro querido."
"Irooritya iroori, oshirontaventari, irooritya iroori, omanintamaninta.","Depende de ella, se reía de él, depende de ella, su aborrecido, aborrecido."
"Imanintavetaro, oshirontaventari oviri.","Despreciaba a ella, pero ella se reía de él."
"Oñaa oñaatzirira vashirini ikanta, vashirini ikanta.","Veía, lo veía estar muy triste, estar muy triste."
Irotaki iroori ompiyaji iroori.,Es por eso que ella va a volver.
"Tsikarika onkini, tsikarika onkini","Donde vaya, donde vaya"
Irooritya iroori! Jojooooooo!,"Depende de ella, jejeeeeeeeeeeee."
SHIMAPAKO,EL PESCADOR
"Jatai, jatai pitotsi.","Se va, sa va la lancha."
"Jatai, jatai shimapako.","Se va, se va el pescador."
Pitotsinta montyatyaari.,Esa lancha que cruza allá.
Jatai shimapako.,"Se va, se va el pescador."
NOVARIPAANIKITE,MI GALLINITA
Novaripaanikite oitsokaki.,Mi gallinita ha puesto un huevo.
Tsikarika omanakiri?,¿En que lugar habrá escondido?
Tsame aminaiteri,“Vamos a ver
Neetsikiroini (neetsini).,Lentamente.”
MAMARO,EL BÚHO
Intaina antamikinta,En el bosque lejos
"Ipantsai mamaro,","cantaba el búho,"
Imanaro inchashi.,Ocultó en el follaje.
Mamaro yakanaki:,El búho contestó:
"“Ku, ku, pimpoke jaka, ku, ku, pimpoke jaka.”","“Ku, ku, Ku, ku, ven aquí, ku, ku, ven aquí.”"
KIMPIRO,LA SHUSHUPE
Aparoni kitaiteri,Un día
"Nojataki intamishiki,","fui al campo,"
"Noñaaki aparoni kimpiro,","me encontré con una shushupe,"
antaro iraikicheki.,Grandes colmillos tenía.
"Notsarovanaki naaka,",Yo tenía miedo.
"Opyakovintakina inchapanki,","Me defendí con un palo,"
Iitoki noposakiri.,destrocé su cabeza.
ÑAAVAIRINTSI SHINTSINI,TRABALENGUAS
ASHIRONTANTYAARI,VAMOS A REÍRNOS (CHISTES)
Aroshi ishiro kiroshi irashi iroishi.,Aroshi echa kerosin de Louis.
"Pamineri naniri, yaminiri keniri.","Mirale a mi cuñado, le está mirando al keniri."
"Nova mava onava panava, mava panava ova onava.","Como tres lunares de perdiz, tres perdizes comen su lunar."
"Irotaki otaki kitaki, jataki jenoki.","Es la cáscara de nogal, se fue arriba."
"Irishinto Aroshi osheki okivakivatzi, okivanatziri Aroshi.","La hija de Aroshi muchas veces lava y lava, lava la ropa de Aroshi."
"Ineshi osheki aaki shaaki, aaki osheki shaaki Ineshi.","Ines mucho recolectó unguragüe, recolectó mucho unguragüe Ines."
"Oteriterinkataki kirinka, terika oterinki kirinka, oterinkatye katonko.","Está tronando, truena y truena río abajo, si no truena río abajo, tronará río arriba."
"Aparoni eentsi iva shavori yakachaatakiri iriri, okotsitakirira iriniro.","Un niño estaba comiendo su pescado barbón (bagre) que sacó su papa con cuerdo, lo cocinó su mamá."
"Iratakiri, iratakiri, inintzi yairikirimi shavorira.","Tomaba su caldo, quiso agarrar para comer el bagre."
"Ikarentsatatzira, yapankaraitziri.","Como era resbaloso, lo saltó."
"Ikaimanaki, ikantzi: “Ina, shavorika añaatsi.”","Gritó diciendo: “Mamá, este barbón está vivo.”"
"Oshirovantari ina: “Iji, iji, iji, iji.”","Su mamá se puso a reírse de él: “Ja-ja, ja-ja.”"
"Tsitenirikika nonkinkitsate, nonkinkitsatakotero akantavaishita (ashirontantyaari).","Esta noche voy a contar, voy a contarle sobre cualquier cosa."
"Sankatzi ikantzi: “Pamanante tanta, pamanante tanta, pamanante tanta.”","Pucacunga dice: “Compra pan, compra pan, compra pan.”"
"Maratzi yakiri: “Paita namanantantyaari, paita namanantantyaari?”","Manajaraco le responde: “¿Con qué lo compraré, con que lo compraré?”"
"Ikantziri pashini maratzi, yakiri: “Pitziyamoro kaariperori, pitziyamoro kaariperori.”","El otro manajaraco responde: “Con tu cúlo carajo, con tu cúlo carajo.”"
IKANTAKOTA ITSIMANTAKARI NAVIRIRI,HISTORIA NACIMIENTO DEL HOMBRE TRANSFORMADOR
"Iroñaaka itsimantakari iyora naviriri, tsimatsi aparoni shirampari pairani.","Ahora, para que acontezca el nacimiento del transformador o convertidor de personas, había un hombre paisano antes."
"Ikaratsi apite irishinto apite itomi, iroñaaka maatsi irishinto jevatatsiri, kimotataki,","Tenía dos hijas y dos hijos, ahora tenia una hija que era la mayor ya era grandecita"
"Tsimayetaki otsomi, akantsiri añaaniki nivintaka, otsipàtari oyariri isaikashitakairo","Ya tenia senos, lo que decimos en nuestro idioma, ya está lista para ser madre, acompañado de su hermano"
"ikiashitakairo ikintakayetsiro tsimiri, ari okantatya, irojatsi oyanitapaakini, irojatsita antarotantaka","Entraban en la choza, le hacía picar pajaritos, así era, desde que era niña hasta que fue señorita o grande."
"Ari ijatsi inkiashitakairo, ari okantatya otsipatyari oyariri, apite shirampari aparoni kooya.","Así era cuando él lo llevaba se metían a la choza, así iba acompañado de su hermano dos hombres y una mujer."
"Iroñaaka kooyara nivintaka, oyariri apiteroiteni irori apaniroini ari okantatya","Ahora la mujer estaba lista para ser madre, su hermano los dos ella solita así era"
"iroñaaka nivintaka kooyara iritsirora, ojataki antamiki ipankoshitakaiyaro.","Ahora como esta lista para ser madre esa mujer la hermana, se fue al monte a preparar su choza."
"Iñaapakiro impiritaki inchatyaaki okantakota otsataka, okantsiri oyariri, yayaa payinaro inchatyakira kameetsakiitaki","Vio en una roca una flor que estaba colgada, le dijo a su hermano, hermano cójamelo a esa flor que está bien hermosa."
"Ikantsiro te okantyaata, okantsiri te nonintakiro payiiro.","Le dijo no así nomas lo, ella le dijo no yo lo quiero cójalo"
"Iroñaaka yaminakiro itsinkavitaro ikantsiro, poñaa yaminaki inchaki","Ahora lo miro, lo había hincado lo intentaba, después busco un palo"
"Itsikotakiro, ikarakotakiro, poñaa ikarakiro okaratsira inchatyaki","Lo cogió con gancho, lo rompió, después lo rompió hasta donde estaba la flor"
"ipakiro ikantsiro niiroka chooki, iroñaka ari nanakiro, maatsi ochanpiro aanakiro","Le dio a la hermana diciéndole aquí esta hermana, ahora voy ha llevarlo, dijo la hermana. Tenía una banda"
"Osatetakaro jaka inchatyakira, okaratsi apite inchatyaaki","Lo lleno aquí debajo las axilas esa flor, eran dos flores"
"Otetanakiro jaka ochampiroki oneekika, jaitetsi iroñaka","Lo lleno aquí cerca a las axilas en su banda, en su pecho, se fue ahora"
"Iñaapakiro pooriki ikantsiro, ari ampankoshityari jaka chooki","Vio un árbol de jaboncillo le dijo, aquí vamos hacer nuestra choza Hermana."
"Ichekapaaki kompiroshi, ichekavaitsi, cheki, cheki, ipankoshitaka itsonkakiro","Corto hojas de humiro, cortaba, cortaba (cheki, sonido del corte) hizo su choza y lo termino"
ipankoshitaka kiaki iroñaaka ivankoshikira.Poñaa okantsiri yayaa,"Hizo su choza ingresó en su choza,luego le dijo su Hermana ,hermano."
"novariatairo inchatyakiranki te añaajiro,- ikantsi arima kari pikinpoyantaro","Yo lo hice caer esa flor, ya no hay – le dijo es cierto como no lo conservaste"
"Tetya ari nosantakiro nochanpirokika,tetya nonkimiro tsika okanta opariantanakari","No, se aquí yo lo había metido en mi banda, pero no he sentido como habrá caído"
"Poñaa ikantsiro okantakata, ari aminanajiro, arika ajatanaji.",Después le dijo así nomas déjalo vamos a buscarlo cuando ya nos vamos
"Ari isaiki iñaatsiri ikinapaaki shirintsi, kintsori, ikentayetavakiri, poña yaminakiri ooriatsiri","Ahí estaba sentado, luego vio venir una perdiz, una pava todito lo pico con su flecha. Luego miro al sol"
"sheetyaki, ikantsiro tsame jatai chooki, aminanajirota tsika pivariakiro inchatyaakiranki","Ya era tarde, le dijo a su hermana, vámonos ya hermana, para buscar la flor donde lo hiciste caer."
"Jataji iroñaaka mavaroiteni, yaminavitanaro te añajiro inchatyaakiranki, ikantsiro iritsiro","Se fueron los tres ahora, lo buscaron y no lo encontró la flor, le dijo a su hermana"
"tetya kaari añiiro iroñaakakia, aritaja iniroki, iriki, okantsiri apaa, nonkotsitavakiita tsimiri","Como no lo vemos ahora, llegaron donde su mamá y papá, ella le dijo a su papá voy a cocinar pajarito"
okotsitapaajiri tsimiripaye okaratsi ikintakakirori oyariri.,Cocino los pajaritos que le hizo picar su hermano
Ari okanta okitaitamani pashiniki kitaiteri ijatakairo oyariri.,Así paso amaneció otro día le llevaba su hermano
"Aparonitaki kashiri, iroñaaka kooyara motyaataki, okanta, okanta, poñaa okantsiri oyariri","Ya pasaron un mes, ahora la chica estaba gestando, así pasaba, así pasaba, le dijo a su hermano"
"Yaya paitaratya antakinarika nomotyaakika, ikantsiro tsika pikantakakia, akanakiri tan.","Hermano que es lo que me habrá pasado en mi estomago, le dijo que es lo que te paso pues ella le contesto no se"
iroñaaka okamantakiro iniro okantsiro inaa paitaratya antakinarika nomotyaakika.,"-Ahora ella lo aviso a su mamá, le dijo mamá, no se que es lo que tendré en mi estomago."
"okantsiro iniro pimotyaatatsi iroñaaka, yantavintsavaitatsimi piyariri","Le dijo su madre estarás gestando ahora, te ha fastidiado tu hermano"
"okamantakiri irii iroñaaka inirora, poñaa ikisanaka irira ipasatakiri itomi","Le aviso ahora al padre la mamá, después el padre se enojo castigo a sus hijos"
"ipasatakiro irori, poñaa okantsiri irii apaa, tetya noñiri yantaventsavaitena yaaya, pashininta aisatsi pashininta te noñiiri yantaventsavaitena.","Le castigó a ella también, luego le dijo papá, nunca lo he visto a mi hermano fastidiarme así como el, ni el otro nunca me han fastidiado."
"ikantsiro, ninka iroñaaka ashitakakamiri itsimantakari peentsite, okantsiri te noyoteri.","Le dijo, quien es ahora, el padre para que tengas tu bebe, ella dijo no lo conozco."
"pipasavaishitakari noyariri, te, te noñiri yantaventsavaitena.","En vano castigaste a mi hermano, nunca lo he visto que me fastidie."
"notsipantari kameetsa notsipantari, te noñiri yantaventsavaitena tsikarika janta inkantavaitena.","Me acompaño, bien me acompaño, nunca me ha fastidiado en ningún lugar o me hace cualquier cosa."
"okanta okanta, opoñaa okantsiri iroñaaka oimi, aritaki aritaki pipasatakiro ashinto,","Así paso, así paso, luego le dijo a su esposo"
"tema okantsi iroñaaka te yantavintsatero oyariri, aisatsi pashininta, pashininta",No ves dice que no le ha fastidiado su hermano él otro y el otro
"Ikantsi iroñaaka iriro, aritaima, iroñaaka te nonkovaji osaikaji ashinto jaka, ojateta tsika onintakaro Ojate","Ahora dijo el papá, así será .Ahora yo no quiero que nuestra hija esté mas aquí, que se vaya donde quiera ir ella."
"Poñaa, okinkishiriaka, kooyara okantsi iroñaakataima nojatatye katonko.","Después, la chica pensó, dijo ahora mejor me voy hacia la altura o hacia afuera."
"opokaki iroñaaka, motyataki irotaki intsimi, te ayotero tsika ikarataki oyashirite, apavakoronerika te ayote.","Vino ahora, pero estaba gestando ya esta próximo a nacer, no sabemos cuantos meses tendría cinco no se sabe."
"Irotaki intsimi eentsitera, opokaki, opoki, opoki, omanaki niyanki avotsi, irojatsi opoki, opoki","Ya va a nacer su bebe, vino hacia aquí, vino, vino, durmió en medio camino, seguía viniendo venia."
"Apanirionira iroñaaka opoki, oyarirepayeranki, imishiyakiri irira ipasavaitakirinaki.","Como solita venia, sus hermanos, los hizo huir, cuando su padre al castigarles."
"Te isaikanaji ivankoki irirorite, iroñaaka opokakira, opoki, opoki, aritakaro ovanko aparoni ishaa ashoshi.","Ya no estaban en su casa ellos también, ahora como ella vino hacia aquí venia, venia, llego a la casa de una abuela, armadillo."
"Ashoshi onatsi ishara, tsika oviraka aka akantsiro totsirani, aritaima, totsirani kirinkaininta, ari osaikiri ovanko ashoshira.","La abuela era armadillo, donde habrá estado aquí lo que decimos Toterani, tal vez la casa de la abuela se encuentra un poco abajito de Toterani."
"Aritaka iroñaaka sheeteni, okantapaakiro – Naaka ishaa,- aviró noshayo,- tsika pipoñaaka iroñaaka Noshayo,- nopoña kirinka,- Tsika pijateka iroñaaka,- nojatatye katonko","Ahora llego en la tarde, le dijo a la abuela – yo soy abuela,- ella le contesto eres tu mi nieta.- de dónde vienes ahora nieta,- yo vengo de adentro,- donde vas a ir ahora ,- voy a irme hacia la altura o afuera"
"Okantsiro ,airo okantsi pavishiro iroñaaka ,ari katyonkoininta ,Totsirakira ,ari isaikiri jainaite,ari ivavakiami , airo pañaaji ,airo pijatsi noshayo,ari pisaiki jaka, oimavakiro iroñaaka.","Ella le dijo, ahora no vas a poder pasar ,alla arribita, en Toterani ,ahí vive un hombre que come carne humana,te va a comer ,ya no vas a vivir nieta,no vas a ir aquí vas a quedarte ,ahora ella lo hizo dormir."
"Poñaa okantsiro pisaiki noshayo,nojatapainteta naminapainte kaniri.","Después le dijo quédate nieta, voy a buscar yuca."
"jaitetsi irotaki osamanitaki piyaja aminapintsi apaintsi kaniri, amapaakiro, okotsitapaakiro.","Se fue, se demoro un poco luego regreso, busco y saco yuca, lo trajo y lo cocino."
"Okantsiro piyaa noshayo ,ovaaka kooyara .Poñaa okantsiro,airo okantsi pishiritaro parityaro katonko,","Le dijo come nieta, comió la chica. Despues la abuela le dijo ,no vayas ha pensar llegar a la altura"
"Airo pavishi, ari katyonkoinira, ari isaiki jainaite, ari intsonkavakimi iyaami, poñaa ari osaikavaitsi,","No vas a pasar, ahí arribita, ahí vive el hombre que come carne humana,te va acabar de comer ,después ahí se había quedado."
"Osaiki, osaiki, poñaa okantsi .Te airo okantsi nosaiki ishaa aritaki nokantaki navhsi ,nopintsata nojate katonko parinini.","Ahí, Estaba, ahí estaba, Después dijo .No yo no me voy a quedarme aquí abuela yo voy ha poder pasar yo pienso ir hacia la cabecera del rio."
"Poñaa pashiniki kitaiteri, te añiiro tsika okinanaki ashoshira. Te oshinitero ashoshi avishi kooyara","Después otro día, no estaba donde se habrá ido la armadillo. No le dejaba la armadillo para a la chica."
okantsi tsikaratya okinanakika ishaaranki ojateta.pianaka iroñaaka.,"Dijo la chica, dónde se habrá ido la abuela, que se vaya, desapareció ahora"
"Okatsiyanaka irori, jatsi.. Okanta, okanta oñapatsiro iroñaaka iriniro jainaite, irojatsi ishaa.","Ella se levanto, se fue, se fue, se fue y luego vio a la mamá del hombre que come carne humana, ella también era abuela"
"Oñaapatsiro iroñaaka okantapaakiro,- Naaka ishaa,- aviró noshayo - tsika pipoñaaka – nopoñaa kirinka – tsika pijateka-nojate katonko parinini.","Lo vio ahora y le dijo,- Yo soy abuela – eres tú nieta – de dónde vienes – vengo de adentro – donde vas a ir- voy hacia la cabecera del rio."
"ari okaakitapaakiini irotaintsi parityaro ,okatonkotsi parinini.","Ya es cerca ya vas a llegar, la cabecera del rio o donde nace el rio."
"Poñaa iroñaaka okantsi,ishara.",Después ahora dijo la abuela
"Maatsi oyovitsite antaroite, ari omoyakotsi onijate. Okantsiro iroñaaka noshayo paakitenaro ironta, noshinkini jenokira","Tenía una olla bien grande, ahí hacia hervir su agua. Le dijo ahora nieta anda tráigamelo mi maíz que esta allá arriba"
"onintsi arika atetanaki kooyara ontsiriakotero atetamentokira, onkantakotero tsirik.","Quería que cuando sube la chica hacerlo caer por la escalera, moviéndolo track."
Ompariamaintapakia kooyara omoyakira nijaa onintsi ovinkiro,La chica caia donde esta herviendo el agua quería hacerlo hundir.
"poñaa omavita, te okante atetiro kooyara omavita te .Poñaa okantsi, tsikama okantatyarika.","Luego intentaba, no podía subir la chica intentaba nada, luego dijo como es esto."
"iroñaakaja ,ari okatsiyaitani,okantsiro , ishaa apaniro pisaikavaitsikia ,akanakiro ,te apaniro nosaikavaite notsipayetari notomipatsaini,korakitatsitaima iroñaaka.","Ahora pues, ahí estaba parada, luego le dijo, abuela solita vives aquí, ella le contesto, no yo no vivo solita estoy acompañado de mis hijitos, ya van a llegar ahora."
"opoñaa okimajatsiri ikaimayapaajini,tonkarikinta,okantsiro korakitaji iroñaaka notyomi ,ari pisaiki jaka noshayo","Luego escucho que gritaban allá arriba, le dijo ya van a venir ahora a mí, aquí vas a sentarte."
"Poñaa ipokajetapaajira otomipayera, ikantapaajiro inaa te vee, tekatsi noñii.","Después llegaron sus hijos, le dijo a su mamá no hay nada, no he visto nada"
"tekatsi yoyaa, tekatsite, tekatsi kamintsainani iroñaaka iyora ayovintsani ayaari.","No hay nada que comer,no hay nada,no he encontrado nada ahora ,este nuestra presa para comer."
"okantsiri iroñaaka, notyomi aka noñaaki aparoni, yakanakiro Ikantsi tsika iroñaakakia,okantsiri nironta.","Ella le dijo ahora, hijito aquí yo he visto uno, y él le contesto, donde está ahora, ella le dijo allá esta."
"Yaminakaki iñaatsiro, yaanakiro iroñaaka, ikantsiro tsame ankaate,ari ivakiro iroñaaka kooyara.","Miro y lo vio, se lo llevo ahora, le dijo vamos bañarnos, ahí lo mato ahora a la chica."
Ivakiro iroñaaka iposainatakiro teee. Otsomontetatsira Ivakiro iroñaaka otsapiaki parinini.,"Lo mato ahora, lo golpeo en su cabeza teee, como ella estaba gestando lo mato lo llevo y lo puso cerca a la orilla del rio."
"Ari ivakirori, ari itsimavintsirori itoyetsiro ovatsara ari okantatapita,aritaima ikantakaarori ariajaini ,atziri ashitakiarini eentsira.","Ahí lo puso, ahí se estaba demorando cortando la carne de la chica era una laja inclinada así habrá sido el destino acaso el dueño del bebe es una persona."
"Okantapaaka iroñaaka oshinki, aanakiro parinini kooyara ivaitakirira iroñaaka, aanakiro","Vino ahora una olada, se lo llevo el rio a esa mujer lo que han matado, ahora se lo llevo."
"Amatanaki, amatakotanaki kooyara motyaanto aisatsi entsitera, amatakotanaki iroñaaka.","Se fue flotando (el cuerpo) de la mujer gestante, también de su bebe, se fue flotando ahora."
"yaminaki iroñaaka yora, jainaitera, tera iyotero yamaate ishiyashitanaka otsapiaki oparaiki parinini.","Miro ahora el hombre que comía carne humana, como no sabía nadar, solamente se fue corriendo por la playa del rio."
"Ishiyavitaka, pashini yamaki inchaki, inintsi intsikotavairomi, itsikovitaka, tsikoo, tsikoo, iroo, intsikotantavaijiarorimi, te onkante.","Corrió otro trayendo un palo quería engancharlo, intentaba engancharlo tsiko, tsiko, ya estaba para engancharlo no pudo enganchar."
"ijatashita ishiritata, ijatsi, ijatsi irojatsi otsonkatapakanta oparai, te yavajiro jaitetsi.","Solamente caminaba por la rivera del rio iba, iba, hasta donde termina la playa no lo cogió."
"Amatanaki iroñaaka, amaatsi, amaatsi ari tsikarika anta, kirinkanta,ari aavakiri omotonkani","Se fue flotando por el rio ahora flotaba, y flotaba hasta allá, no se sabe donde por adentro, ahí lo cogió un remolino."
"Poñaa aminakiri, okantakotakiri oñaatsiri apite okanta, aparoni shirampari, aparoni kooya.",Después el remolino lo reviso y encontró que eran dos seres un hombre y una mujer.
"Naviriritatsirira iroñaaka, paitatyari naviriri, aakiri iroñaaka aitaki isaikinta icharini ikaatapintanta. Aritaki aavajiri irisaroo.","El quién sería el transformador ahora, el que se llama naviriri lo cogió ahora, ahí donde vive su abuelo, donde siempre se baña."
"Iroñaaka, iinara irisarora naviriri inirora kooya, ari ovashirivaitaka irori, ovashitakotaro oshinto, otomipaye imishiyaakiri oimira ipasavaijetakiroranki.",Ahora la esposa (del abuelo) la abuela del transformador la mama de la chica estaba muy apenado y recordaba a su hija y de sus hijos lo que hizo huir su esposo castigándoles en vano.
"Okantsi tsikaratya okinataiki nishintoranki, okinkishiriavaita irori.","Decía por donde se habrá mi hija, estaba pensando ella."
"Poñaa ijataki iroñaaka oimira pariniki,iñaatsiri apite eentsi iñaatsavaitaiyani impanikiki.",Después ahora el esposo se fue al rio ahí vio a dos niños que estaban jugando en la arena.
"Ari iñaatsavaitaiyani apiteroite, Ikantsi ikinkishiriaka, tsikaratya ipaitaka, ninkaratya ashitariri eentsira saikatsirira ,iñatsavaitaiyani.","Ahí estaban jugando los dos, pensando dijo -que será, o de quien será el dueño de esos dos niños quienes están jugando ahí."
"Tsame airikiri, ijataki iroñaaka isaikinta impanikiki, iñatsavaitaiyaninta apiteroite itsipatavaka.","Vamos agarrarle, se fue ahora donde estaban jugando en la arena donde estaban jugando los dos."
"Yaminaki entsipayera iñatsiri atziri,shintsini ishiyajeetanaka ,tok, tok ,pinkapaaki nijaakira.","Miraron ahora los niños y vieron una persona, los dos corrieron toc, toc se hundieron en el agua."
"Ijataki pashiniki kitaiteri, yaminapaji, iñaapatsiri, iñavajiri atziri shiyajeetanaja,pinkapaji nijaaki.","Se fue al otro día, nuevamente miro, ahí los vio que estaban jugando nuevamente se fueron corriendo otra vez se hundieron en el agua."
"Ikantsi icharini, tsika ankanterika airikantyariri antyariri eentsipayera.",Dijo el abuelo – como lo hacemos – para agarrarles a esos niños.
"Poñaa ikantavitaka pashini, irojatsi yatzirivitani sankatsi, Ikantsi ari naajeri Naaka.","Luego había dicho otra persona, cuando todavía era un ser humano la pucacunga-dijo yo lo voy a cogerlo yo"
"Ikantsi pashini, te airo okantsi airikiri, Ikantsi iroñaaka pamatavitatyeri, pintsateniri inchatyaaki, vitsikatyariranki.","Otra persona dijo – no no vamos a poder agarrarlo (otro) dijo ahora tienes que engañarle, cuélgale una flor fabricada."
"Yamashitakiniri iroñaaka inchatyaaki vitsikatyariranki, itsatakiro shivitsaki antaro manpitsa.","Trajeron ahora una flor que es fabricado, lo colgaron con una pita grande era el ovillo"
"poña iroñaaka imonkaratakiro, Ikaratsi ikatsiya eentsira,itsatakiro ovira aka.","Después ahora lo midió el tamaño de estatura de estar parado el niño, lo colgó de este tamaño"
"Ipokaiyapaajeni eentsipayera iñaapatsiro otsatakota inchatyaaki, ikantsiro iritsiro ¡eh! Chooki Paminitya inchatyakira,tsame ayiro.",Cuando vinieron los niños vieron colgado una flor –le dijo a su hermana eh hermana mira pues a esa flor vamos sacarlo.
"Eentsira iroñaaka inintsi yayiromi inchatyakira, ivarankakiro irako irotaki yairikantyarorimi","Esos niños ahora, quería sacarlo a esa flor, estiro su mano ya estaba para cogerlo"
"Itsinpatapitsaitsiri anta, ari okanta itsinpatapitsaitsiri, poñaa, yapitajiro irotaintsimi yairikiromi ¡eh!",Como lo estaban jalando ahí así siempre lo jalaba. Después nuevamente volvió jalaroya estaba para cogerlo ¡eh!.
"Ishiyapaaka maniro tema yantaritatsira,iro yairikantavakiarimi,shintsi ishiyanaka pinkapaji nijakira","Corrió el venado como era grande, casi lo agarra, rápido corrió se hundió en el agua."
"Te yayiri katsi saikantyarini, Ikantsi iroñaaka sankatsi Naaka aritaki nairikakiri.","No lo cogió no había nada en su interior, ahora dijo la pucacunga yo si lo puedo coger."
"Ijajeetaki pashiniki kitaiteri, Ikantsi arika piñavajiri inintsi yairikiro pishirinkapitsateri shivitsara, shiri, shiri","Se fueron ahora se fueron ahora al otro día- dijo cuando lo ven intentando agarrarlo arrímalo la pita shiri, shiri"
"Iñaatsiri, irotaintsimi yairikiromi ishirinkapitsatsiri,shiririri. poñaa ikantsiro iritsiro,chooki pantaitena jaka, pairikirota iroñaaka aviroka inchatyakira.","Lo ha visto que casi lo agarra, como lo estaba arrimando shiriri, después le dijo: a su hermana, hermana agame subir aquí, para que tú lo agarras a esa flor"
"ari pairikitakiaro aviroka, ivantaitakiro iroñaka, iritsirora , iro airikiromi inchatyakira tema oshirinkirotyara inchatyakira.","Tu vas agarrarlo, lo hizo subir ahora a su hermana, ya iba agárralo a la flor, pero Como lo estaban arrimando la pita.."
"tema oshirinkatyara inchatyakira, iroo airikantyaromi, shiyapaaka shintsini sankatsi.","Como se esta moviendo esa flor, ya estaba para agarrarlo corrió rápidamente la pucacunga"
"irootaki anitantanakiarimi, iritsirora, yairikapaakiro iroñaaka, yairikaitakiri irirori.","Cuando ya iba a bajar su hermana lo agarraron ahora, lo agarraron a el también."
"yaanakiri, poña ikantakiri- tsika pipoñaaka- tsika paita pantavaitsiri impanikikira","Se lo llevo, luego le dijo – de donde eres – que cosa haces en la arena."
"iroñaaka eentsira iyotakiri icharini, icharinira inatsi ikantsiri .Naaka picharini nonatsi","Ahora ese niño lo reconoció a su abuelo, como era su abuelo le dijo – yo soy tu nieto."
"pipasavaishitakaro pairani inaa, kokipaye pipasavaishitakari Ikantsi arima.",En vano has castigado antes a mi mama y a mis tíos en vano –dijo así.
"iroñaaka aanakina inaa katonko, ivaitakaro inaa ivakaro jainaite Ikantsi arima.","Ahora me llevo mama a la altura, ahí lo comieron a mama’ lo comió el hombre que come carne humana. Le respondió así."
"yamajiri iroñaaka ikantsiri avirokama, poña yamajirira iinaki ikantapaajiro, acharini inatsira iyoka.","Le trajo ahora diciéndole a ya eres tú, después que lo ha traído: le dijo a su esposa aquel es nuestro nieto ¡eh!"
"ari opoña ikisavakaka iroñaaka – okantsiri iina naakiro, pipasavaishitakaro ashinto tema okantsi",Ahí se inicio la riña entre ellos ahora – le dijo la esposa ya vez en vano has castigado a nuestra hija si ella decía.
"te oñiri yantavintsatero oyariri, ikanta, poña ikantsiri, aritaki nosaikimotakimi pivankoki.","No lo ha visto fastidiar su hermano, después dijo el nieto si me voy a quedarme en tu casa"
"paajana iroñaaka aritaki nosaikimotakimi, ari isaiki iroñaaka .pona icharini iroñaaka jaitetsi isaikashivaitsi.","Tú me has acogido ahora, si voy a quedarme a vivir contigo: ahora ahí se quedo a vivir, después el abuelo ahora se fuea poner trampas a los animales."
"ikintsi sharoo, samani, ikintsi kintsori, sankatsi, tsamiri maaroni ikaratsi pairani tsimiriyetatsiri.","Picaba (con flechas)cutpes, samano, picaba pucacunga,paujil y todo los animales que existían antes."
"irootaki ivakariri icharini, poñaaka arika onparianaji inkani osheki inintsi ijate yookatero nija .","Eso lo hacía comer a su nieto, después el nieto cuando llovía mucho le gustaba ir a votar el agua de la lluvia."
icharini tsimatsi ivintani iyanirimashi: Ikantsi ari ashirivatakiaro kaniri nijaa. irotaki yookatakotsi.,"Su abuelo tenia sembrado su yucal; dijo se va ahogar la yuca con el agua, por eso lo que bota el agua."
"yookatsiro, yookatsiro, poña ikanta, ikanta kimotataki iroñaaka viranaka jaka te ishinte eentsirakia.","Botaba el agua, botaba Después de un tiempo ya había crecido ahora ya era de este tamaño no duro en crecer ese niño."
"kimotatakira, iroñaaka ikantakiro iritsiro tsame iroñaaka ampiyavintajiaro inaa.","Como ya era grandecito, ahora le dijo a su hermana, vamos ahora a vengarnos de nuestra madre"
"ikantsiri icharini aani iroñaaka nojatatye katonko, tsika ivaitakaro inaa. Ontsimatye Nompiyavintajiaro.","Le dijo a su abuelo, abuelo ahora voy a irme hacia la altura, donde se lo comieron a mi mama. Tengo que vengarme de ella."
"ikantsiri icharini airo pijatsi aani ari ivavakiami jainaite, osheki ivanta – Ikantsi airo Ivana.","Su abuelo le dijo no vas a ir nieto, te va a comer, el hombre que come carne humana, le gusta comer –él le respondió no me va a comer."
"irotaki nojatantyari iroñaaka, nompiyakovintajiaro inaa.","Por eso voy a ir ahora, voy vengarme de mi mama"
"iroñaaka jataki itsipatanakaro iritsiro, ikinapaaki yariitajaro ovanko ashoshi.","Ahora sí, se fue acompañada de su hermana, vino por aquí, llego a la casa de la armadillo."
"okantsiri – ari pipoki noshari, Yakanakiro Ikantsi jee ari nopoki – okantsiri tsika pijatika. – ikantsiro nojatye iroñaaka katonko.","Ella le dijo – has venido nieto – le contesto diciendo sí, yo he venido – ella le dijo dónde vas a ir – le contesto yo voy a ir ahora hacia la altura."
"okantsiri airo pijatsi noshari, airo pariita, ari katyonkoinira ari isaiki jainaite, ari ivavakiami.","Ella le dijo no vas a ir nieto, no vas a llegar, ahí arribita ahí vive un hombre que come cerne humana, te va a comer."
"ah, irotaki nojatantyari, nonintsi nompiyavintajiaro inaa. Tsika pinkini pimpiyakovintero inaa, oshekiteni ikanta ari intsonkatavakimi.","Si, por eso voy a ir, quiero vengarme de mi madre. Como quieres vengarte de tu madre, si ellos son bastante te va acabar."
Yakanakiro ikantsiro airo. Noyotakiro iroñaaka tsika nonkantiri.,Él le respondió diciendo. Ya se ahora como hacerlo. (La venganza)
"Ari imaapaki, okitaitamanaki jatsi iroñaaka, iñapakiro ivanko jainaite.","Ahí se quedo a dormir esa noche, al día siguiente se fue ahora, ahí vio la casa del hombre que camia la carne humana."
"Te osaiki, ojatatsi otsamaivaitsi oyanirimashiki; pona Ikantsi tsame ankaimakotero iroñaaka.","Ella no estaba, se fue a lampear su yucal; después dijo vamos a llamarlo ahora."
"Ikaimaki iroñaaka, ishaa naakave, ishaa naakave - ikimatsiro akaki – joo…….aviro tsika pitsimika.","Ahora le llamó, abuelaaaa… yo sooooy, abuelaaaa, yo sooooy – luego escucharon contestar – joooo – eres tú, quien eres."
"Naaka, opokapaki iroñaaka irisarora, irinirora jainaiti oñapakiri okantsiri ¡Oh! Ari pipoki pisaikavaitapajityami.","Yo soy, ahora vino su abuela, la mamá del hombre que come carne humana, ella le vio y le dijo ¡oh! Has venido tome asiento."
Okantakiri iroñaaka okimitakiro iriniro pairani okantsiri paakotaitenaro ninkini.,"Ahora le dijo como le dijo a su mamá antes, le dijo tráigamelo mi maní."
tsimatsi oyantsiri antaro jaikiini inkini okantsi noshari pakotaitenaro ninkini osaiki jenokinta.,Tenía una canasta bien grande estaba bien lleno de su maní. Nieto tráigamelo mi maní que esta arriba.
Poña imavita yantaitemi te inkante yantaite.,Después intentaba subir no podía subir.
kaantsimaintatya moyatsi nija oyovitsiteki antaroite akantsiri pairani ayovitsite.,"Sin embargo estaba hirviendo su agua con una olla grande, lo que decimos nosotros antes nuestra olla."
Moyatsi nijaa onkantya arika intsirianaki eentsira pinkapaki nijaakira.,Hervía el agua para que cuando se caiga ese niño se meta directamente donde está el agua.
Imavita yantaite te inkante yantaite tema naviririra inatsi iroñaaka tsikarika okantsimotakaro iroñaaka ishara ataitanake iroñaaka.,Intentaba subir no podía subir como era transformador ahora que le habrá pasado a la abuela ahora ella se subió.
Okantsi nakatya ataitatsini naavakita inki pivapaakiari.,- Dijo mejor yo voy a subir se subió voy a sacar maní para que comas.
Okantya okovi ompavakiri inkinira ivapakiata iyenkatanakityiri anintaiyari oyari.,Ella quería darle de comer su mani para que se engorde y tenga grasa y así comerlo más sabroso.
"Iroñaaka ataitanaki ishara iroo oviravitanaka jeñokini itsinkakotsimaintaro antaimintokira tsinik okantanaka piinkapaki omoyakira nijaa ishara, pinkapaki iroñaaka.",Ahora cuando subió la abuela ya estaba a media altura lo empujó de su escalera tsinik se ladeo y se cayó donde estaba hirviendo el agua la abuela se hundió ahora.
"Poña ipiayetakiro oporianikipatsaini, akopatsaini iyanipatsaini moyakotaki iroñaaka.","Después le convirtió en muslitos, manitos pequeños hirvió ahora (el cuerpo de la abuela)."
ikantsiro iroñaaka iritsiro amatakiro iriniro korakitaintsi otomipaye.,Le dijo ahora a su hermana ya lo hemos conseguido con su mamá ahora vienen sus hijos.
"Poña ikantsiro iritsiro paanakiniro omatsaraka anta inchaponkitsikinta, iroñaaka osatekapaintsiro oyanirimashikinta ari osatekapaintsiro.",Después le dijo a su hermana llévatelo su cushma allá en ese tronco lo llevó y lo colocó donde estaba el tronco en su yucal ahí lo colgó.
"yaminaki poña Ikantsi ¡oh! Osheki oyanirimashi Iroñaaka tsame ankaimakotero, ikaimakotakiro ¡ishaa ikimatsiro akanaki ¡joo! Poña Ikantsi arive kameetsataki","Miró y luego dijo oh! Tiene bastante yucal. Ahora vamos a llamarlo, lo llamo ¡abueeelaa! Luego escucho contestarle, ¡joo! Después dijo muy bien esta bueno."
kameetsataki iroñaaka aritaki yakakakiro inchapontsora: poña ikantsi tsame amaña iroñaaka.,"Está bien ahora, ya lo hizo hablar al tronco; después dijo vamos escondernos ahora"
"ataitanaki iroñaaka shiramparira shero, shero ivankopashikira irojatsi otavantokinta ari isantapaakari, poña ikantsiro iritsiro","Se subió ahora el hombre shero, shero, en las hojas de su casa hasta la cumbrera ahí se metió; después le dijo a su hermana."
"intya paminina iroñaaka, arika piñaakina, iritsirora ataitanaki aminiri, okantakovitari sherori, sherori, sherori, okimashitari iñaavaitsi anta.",Haber ahora búscame haber si me vas a encontrar la hermana se subió para buscarle buscaba y buscaba por todo lado solamente escuchaba lo que hablaba.
"okantakovitari, sherori, sherori, te oñiri, shitovashitanaja iroñaaka okante te, te añiri.",Levantaba otras cosas no le veía se salió se canso de buscarle ahora le dijo no le he visto.
"poña ikantsiro intsitya avirori, iroñaaka ataitanaki irori iritsirora; aijatsi irori ijavitaka yaminiro te iñiro, poña ikantsi kameetsataki iroñaaka aritaki amatakiri jainaite.","Después le dijo haber tu ahora, subió la hermana igualito también ella aunque ha ido a buscarla no le vio luego dijo ahora si está bien, ahora vamos terminarle al hombre que come carne humana."
"Osamani ikimaiyaatsiri iroñaaka ikaimaiyapaajini, ¡ooooo!, ¡aauuu!, ¡oooouuu!, ¡eeeee! Ikaimapaajiro iriniro.","Después de largo rato escucharon ahora que gritaban sus hijos llamaron ¡ooooo1, ¡aauuuuu!, ¡oooouuu!, ¡eeeee! Llamaron a su mamá."
"¡inaaaa!, ikimatsiro akanaki ¡joooo!, aritajeetapaaja, yaminapaji ikantsiri iririntsi, iyee paminitya.","¡Mamá!, escucharon contestarle ¡joooo!, ya llegaron, miró le dijo a su hermano, hermano mira pues."
"Paita okotsitsiri inaa, yaminaki iririntsi ikantsi, shoo paita kamintsakiro, ityarinkakiro, iñaatsi, oitsipatsaini, oporianikipatsaini, ovirayetaka aka.","Qué cosa esta cocinando mamá, su hermano miró y dijo que rico que cosa que sorpresa nos dio mamá lo movió la olla ahí vio piecitos, muslitos que eran pequeños."
"ishiyakavintakiri intsipatsaini, oporianikipatsaini,arive ikantsi; intsitya tsame ankaimiro inaa.","Lo asimiló como unos niños, muslitos muy bien dijo haber vamos llamarlo a mamá."
Ikaimakotakiro! Inaaaa! Ikimatsiro akanaki okantsi ¡ooooo! Otsamaitatsiro oyanirimashi.,Llamó ¡mamá! Escucharon contestar dijo ¡oooo! Esta lampeando su yucal.
Ikantsiri iririntsi pinkaimakotero avavakiata ikaimakovetaro te anki ikimatsiro okantsi piya jara irotaki nontsanpishiriro notsamairika.,Le dijo a su hermano llámalo para comer lo llamaba y no contestaba luego escucharon que dijo coman ahí ya voy terminarlo mi lampeo.
"poña ikantsi otsonkatanakityero otsamairi, iroñaaka ikantsi tsametya ayete avavakiata.","Después dijo dice va terminarlo su lampeo, ahora dijo vamos servir para comer."
"Iyeetaki opori, opori, ishempa. Ikimashitaka jenokinta sherik, sherik, ivakaro irinironta, yaminakovitakari manajeetaka eentsipayenta jenokinta.","Sirvieron su muslo, muslo, brazo. De repente escucharon arriba que rascaban, ya lo comió a su mamá por más que miraba estaban bien escondidos esos niños encima del techo."
"poña yapitajiro ikantsi shire, shire ,shire ivajaro irinironta, ari ishirontajeetaiyani otomipaye, poña ikimavaki pashini, ikantsi –paita – tsika ikantsika yoka ari imairiatsi.","Luego repitió nuevamente dijo ya comieron a su mamá, ahí comenzaron a reírse los hijos de la señora, después otro escucho diciendo, que cosa – que dice esta persona se quedaron en silencio."
"¿Paita ipiakari?- ipiaakari pitsiro, poña ikantsi shiri, shiri, shiri, ivajaro irinironta.ikantsi pinkimitya Ikantsika ivajaro iriniro.","¿En que se convirtió? – se convirtió en grillo, después dijo se comió a su mamá, dijo escuchen pues dice este que comió a su mamá."
"ikantsiri iririntsi intsitya iyee pintyarinkirotya, yaaki inchaki ityarinkakiro, iñaatsiro oito menkotsi iriniro.",Le dijo a su hermano haber hermano remueve la olla cogió un palo y lo removió ahí vieron la cabezota de su madre.
"ikantanaki ñaamitsa iyee ivakajairo inaa iroñaaka. Tsikaratya ipaitaka iroñaaka, shintsitanaki yaminiri iroñaaka.",Ahí dijeron que barbaridad hermano nos ha hecho comer a nuestra madre ahora. Quien será este ahora rápidamente comenzaron a buscar ahora.
"ikantakovitari, shikiri, shikiri, te, te iñiri yapitakovitari shikiri, shikiri, shikiri, manapirotaka eentsipayera.","Buscaron removían todas las cosas, no; no le han visto por más que volvieron a buscarlo nada, estaban bien escondidos esos niños."
"Poña ikantanaki tsame antaakoteri, yaaki paamari itsirikakiro itakotakiri morikanaki, teek teek.","Después dijo vamos quemarlo saco fuego, prendió la casa se quemó, ardió la candela."
"iñaatsiri yaranaki iroñaaka pitsirorakia, irotaki impasaikitavakirimi, irotaki impasatavakirimi, montyaanaka intatsikironta.","Luego vieron volar grillo ya iban golpearlo, iban golpearlo, logro bandearse al otro lado."
"iñaatsiro pashini iroñaaka iritsiro, irotaki impasatavakiromi, irotaki impasatavakiromi, aataki irori intatsikironta irori.","Vio a la otra ahora era la hermana, casi lo golpean, casi lo golpean; llego a cruzar a la otra banda del rio ella también."
"okantaranki jaranki totsiraakinta, ari aatakiri intatsikironta. Ari isaikapaaki iroñaaka naviriritatsirira.","Como es por allá en Toterani, allí llego a bandearse al otro lado ahí se quedo ahora el que iba ser el transformador"
Poña ikantsiro iritsiro ñaakiro Chooki amatakiri iroñaaka avakaajari iriniro; iroñaaka apiraateri,"Luego le dijo a su hermana, has visto hermana ya lo vencimos ahora, hicimos comer a su mamá ahora vamos acabarlos con todos"
"Iroñaaka itsokaki ishimpityoki poña ikantaki! Afuu! Iñaatsiro atsatanaka antaro pampiamentotsi, irohatsi intatsikironta.",Ahora jaló su pestaña después dijo así sea luego vio colgado un gran puente hasta el otro lado.
ikantsiro iritsiro ñaakiro Chooki iroñaaka apiraateri ovakarori inaa.,Le dijo a su hermana has visto hermana ahora hemos acabado con los que han comido a mamá.
"iñaakiro iroñaaka otsatakotanaka pampiamentotsi antaro inchato montyajeetaka jainaite, inintsimi iviari.",Han visto ahora colgado algo para caminar que era grande palo (puente) comenzaron a bandearse los hombres que comían carne humana quería comérselo.
iroo iviravitaka niyanki ankante iroo yaatsimatantyari ikantakotsimaintari tarook itsonkakiri ivinkakiri.,Cuando ya estaban por el medio digamos que ya van a llegar a la otra banda volteó al puente tarook acabó de hacerles ahogar a todos.
"Maatsi aparoni kooya motyaanto jainaite irotaki avisakotaatsiri. Aataji oyotsiro amaatsi, pashinipaye tsonkataka ikamaki.","Había una mujer embarazada del hombre que come carne humana, ella es la que se salvó, logró llegar a la orilla nadando. Ella sabía nadar los demás se acabaron de morir."
"Poña ikantsiro iroñaaka iritsiro ñaakiro Chooki amatakiri iroñaaka, atsonkatakiri apiraatakiri.",Luego le dijo ahora a su hermana has visto hermana hemos logrado terminar lo terminamos.
Iroñaaka iritsiro shimashiri irotaki iritsiro okaakini irotaki itsipatakari pairani. Tsimaatsi okaratsi mava iritsiro naviriri iroñaaka.,Ahora su hermana Hoja de pescado es la hermana cercana con quien se acompaño antes. Tenía tres hermanas el hombre transformador.
"Shimashiri, oka misha poña, saboro ari okaratsi mava. Iritsiropiro okakinipiro irotaki shimashiri, okaratsi otsomontetakiri iriniro.","Hoja de pescado, lopuna y la espina eso eran los tres la más cercana era Hoja de pescado con lo que estuvieron en el vientre de su madre."
Poña ikantakiro iroñaaka iritsiro amatakiri iroñaaka. Tsame ajate katonko. Pokaki iroñaaka jaka aritaka jaka antaritanaki antaritaki. Iroñaaka.,Después le dijo a su hermana ahora ya hemos terminado ahora vamos a la parte alta vinieron ahora hasta aquí llegaron aquí ya creció ya es grande ahora.
"Tsimaatsi aparoni ikantsiri icharini ipaita poiyotsi, iritaki itsipaantari. Ari intanakari iroñaaka ipiantayetanaki arika iñaapaki tsika paitarika inkantaki Afuu, inchaponkitsi pinpiya.",Tenía una persona a quien le decía que era su nieto se llamaba cabeza blanca él era su compañero ahí comenzó ahora a transformar a otras personas cuando iba a otros sitios y veía cualquier cosa decía así sea tronco de un árbol conviértete.
"Pianaka inchapontso Arika iñaapakiri aparoni asháninka atsovaitatsini, akantsiri intsiki, pamaaki, yantaitakovaitsiro inkantapaakiri Afuu, koshiri pinii; Pianaka koshiri kaimanaki ju, ju, ju.",Se convertía en tronco de un árbol. Cuando veía una persona paisano que chupaba lo que decimos frutilla y chimicua y se subía decía así sea mono serás se convertía en mono y gritaba ju ju ju.
"Tsika ijate, tsika paita iñaapaki, ari inkantya, ari inkantya, iyoitzi arika impoki ikantsi korakitaintsi naviriri.","Donde iba lo que veía así era, así era, sabían cuando venia decían ya viene el transformador."
"ikantajeetsi pashinipaye, tsika ankanterika: antaitavitanaka jeñokini apaata asatekavitakia añashitakia yaminaki.",Decían otras personas que le hacemos algunos se subían arriba esperaban colgados ahí lo veían mirándoles.
"Tsimaatsi aparoni akantakiri poiyotsi, iritaki aminavaitatsi. Ikiiri itapiiki, yaminayetsi jaka, impitsokaki jaka.",Había uno lo que decimos cabeza blanca él era quien miraba lo cargaba miraba acá volteaba allá.
"ikantaitsiri poiyotsitatsirira, arika aminakiri, aritaki ampaitanaki. Iritaki ñaakiro kitamarori iito iritaki. Aka tsimatsi arika añiri kantsimaintatya te añapiroteri.","Lo que le dicen cabeza blanca cuando lo miramos, nos convertimos en canosos. El es ya ves su cabeza es blanco él es aquí hay cuando le vemos sin embargo no lo vemos constantemente."
"Arika añiri añiri isaiki inchapontsoki, maaroni ipotsitatsi, intani ikitamarotsi iitokika , iyanini inatsi, ishiyari chompiranki.","Cuando lo vemos, lo vemos sentado en un tronco, todo su cuerpo es negro, solamente es blanco en su cabeza, es pequeño como el guindillo."
"Iroo okantapintsiri inaayeni airo paminiri pipaitanakikari, ¡omapiro! aka,aka, kitamarotyonkini.","Eso lo que decía mi difunta madre no le vas a mirar te vas a convertir en canoso ¡es verdad! Aquí, aquí es blanquito."
"Arika yaminaki inkantaki aani paminitya paita saikatsirinta, inkantanaki afuu, ari pimpiaitya pianakami ipiakimi.","Cuando miraba decía abuelo mira pues que es lo que está sentado ahí decía así sea, así conviértete te convertías ya te convirtió."
"Ari ikantatya, irotaki osheki ipiaaki atziri, iroñaaka iritsirora, Misha, Savori okantajeetsi tsika ankanterika iroñaaka yaaya.","Así era, ya era mucho que ha transformado, Ahora su hermana la lopuna y la espina decían que hacemos ahora con nuestro hermano."
"okantakonintavitakari Shimashiro, irotaki oyariri okaakini, kantsimaintatya ipiitakiniro eentsite.","Se había opuesto la hoja de pescado, ella era la hermana legítima sin embargo le transformó a su hijo."
"ookanakiniri eentsite okantanakiri, paminavakiri yaaya pitsiniri naakiteta kaniri, jatetaki iroñaaka.",Le dejó a su hijo diciéndole cuídamelo hermano a tu sobrino voy a ir a traer yuca se fue ahora.
"Imavitatya ipirintanaka ikanta iraataita guaii, guaii, guaii iposhenkavitari, te inkimi isamakari, ikantsi. Afuu, mapi pimpiataitya, Pianaka mapi. Opokapaji irinirora okantsiri tsikama pikantatyaka yaaya.","Estaba durmiendo, cuando despertó comenzó a llorar, le hacía callar no le hacía caso se aburrió de él (del bebe) dijo así sea piedra serás y se transformo en piedra. Cuando su hermana vino le dijo como eres así hermano."
"Pipiayetantariri neentsite, ari intanakari iroñaaka okisanintanakiri, okantsi tsika ankanterika iroñaaka.","Le transformaste a mi hijo, ahí comenzó ahora tenerle odio ella dijo que le hacemos ahora."
"iroñaaka jataki ikantatsirinta kishitarikinta mapiniki, ikantatsirinta mapiniki, jataki iroñaaka, ikantajeetsi pashinipaye, tsika ankanterika.","Ahora se fue lo que dicen Mariscal Cáceres en la piedrecita, lo que dicen piedrecita se fue ahora, decían otras personas que le hacemos."
"Maatsi iroñaaka iraniri, iraniri iroñaaka iritaki ikantatsiri kintero iroñaaka ipiatsiri iraniri.","Hay ahora su cuñado, su cunado ahora él es lo que le dicen panteonero ahora él lo transformo."
"jaitetaki kirinka ikiyi ikiyaki chek chek, ikantanakiro iina Arika nompiakia mava kashiri piyaajana, oyotaki iroñaaka iinara iyovantapajiari kashiri, pashini kashiri.","Se fue adentro a escarbar, le dijo a su esposa cuando me demoro tres meses ya he estaré de vuelta, ya sabía ahora su esposa cuando iba a salir la luna, otra luna."
"Antaki iroñaaka piarintsi antajeetaki iroñaaka, shimashiri, savori poña iroñaaka misha, shinkijeetaka iroñaaka, onkantemikia oyavajirita oimi ishitovaji.","Preparo ahora masato prepararon ahora, hoja de pescado, la espina y la lopuna, se embriagaron ahora, hubiese esperado a su esposo que salga."
"Ikanta iroñaaka irirori pokaji, iroñaaka anta oshinkitajeetakiri opako, pakojetakiri, piarentsi, opakotsiri, opakotsiri, iyovitaka iroñaaka.","Ahora el ya estaba de retorno, ahora allá ellas le hicieron embriagar, le daban y le daban masato, le daban el ya sabía o se había percatado ahora."
"Poña, ovishiriakaakari, ovishiriakaakari, aikiro opakotatsiri, pashini opakotsiri, opakotsiri irotaki onkitaitsimate, shinkitaka iroñaaka.","Después lo hizo danzar, lo hizo danzar, le seguía dando otro y más otro le seguía dando ya iba amanecer estaba embriagado ahora."
"Aitari ovishiriakari oyariri oyotaki irotaki kapichini omorontya ikiyakiro oimi otyankakiri omoronakiki, tsirik okantanaka teeereeee kipatsi, jaitetsi iroñaaka intsonpaikinta kianaki.","Luego lo hizo danzar a su hermano, ella sabía que faltaban poco para que se haga hueco donde su esposo escarbó y lo empujó en el hueco se derrumbó la tierra se fue ahora al fondo se sumergió."
"Iroñaaka iranirira pokaji janta, imontsavajari, ikantanakiri Afuu, kintero pinii ipianajiri iraniri.","Ahora su cuñado ya estaba viniendo, se encontraron en medio camino ahí le dijo Afuu panteonero serás le convirtió a su cuñado."
Ari pinkantaitatyeyani pinkiyiro kipatsi. Avirokataki kiyarontakina.,Asi siempre vas a ser escarbando la tierra. Eres tu quien has escarbado para mí.
"Oñashitajari iina ishitovapaaji tsovaki, tsovaki, okantanaki iroñaaka irori kamaaritaki aari ipianajiri iraniri, ari okaratapaki kinkitsarentsi","Luego su esposa lo vi salir con hocico, con hocico .y ella dijo ahora, es un diablo mi hermano en su muerte le convirtió a su cuñado. Así termina este cuento."
NARORI NOMPASONKITANAJE,NUESTROS AGRADECIMIENTOS
"Oka antaberintsika, ishaninkape Shamañeko tyariyoperotake nompasonkitaje; eiro aparoni mantakanajeri irashi oka yobanakeri, yamenanakeri yantakeri ojokantapakari, obakera intantanakaro, yapatiyane ishamininkaje akeri noshiyakantabakeri aparoni noshaninka nonampiki impoiji nontsiparero narori okarati noyoyetiri nañantari, kenkitsarentsi, abarentsi, jero kimoshiretantsimashiki. Irashi iriyori, Iroishi, Merishereshi, Bereshi, Shunita, Tomiki, Jericia, Sharori, Miriani, Marisori, Irishibeti, Iroishi-itomi, jeri Shironi, okameka sankenamentotsika nobetsatanajiari okarati nashi nompashonkitanajeri nonkenkishiriataichariri eirorikame yamitakotakema, oka petanaro eirome nomatiro nantero apaniyoji.","En este trabajo, la familia Samaniego merece un agradecimiento especial; no sólo por haber hecho suya esta propuesta, sino por el habernos hecho sentir, desde el primer momento, amigos de la familia, acogernos como uno más de la comunidad y compartir con nosotros y nosotras su vida cotidiana, sus historias, sus comidas y sus fiestas. Para ellos, Luis, Mercedes, Velit, Shunita, Tommy, Felicia, Sharol, Miriam, Marisol, Lisbeth, Luis hijo y Shironi, a través de estas páginas, queremos expresarles nuestro más profundo agradecimiento y gratitud y la constancia que sin su aporte, este libro no hubiera sido posible."
INCHATO TSOMONTE,EL ARBOL BARRIGÓN
Inchatotsomonte irointi antaro timatsiri ojempeki isaikantari kamintsi.,"El árbol barrigón es un árbol tremendo pues, tiene su ramas, tiene su duende."
"Iro kantaincha te inkisajia kamintsi yanitapininti anta tomirimashiki, irocha eiro akempejitari, arika okompitakiami inchatotsomonte “¿Ari inkonijatitimotakemi maranke?”. Inkarate 10 antarotsa, arika, onkisakia inchatotsomonte ari inkonijatake irijaniki atiri meeka ontimatiye aya eirorika pobatsi ari inkajemakemi kamintsi, inkajemakemi irosati pikishotantanakia eiro panitajitsi ari pisabike irosati yobantakiami.","Los árboles que tenemos aquí tienen su duende pero ya están amansados. Allá en el monte, no te puedes acercar. Te aparece culebras, de 10 metros, que te comienza a rugir. Si estás solo, también se te aparece un ser, chiquitito nomás, un ser humano. Entonces te tienes que replegar porque si no te repliegas te comienza a llamar y te hipnotiza. Entonces te quedas allí nomás, te quedas para siempre y allí te recoge."
